user,in_degree,out_degree,betweenness,pagerank
Fun_With_Forks,1185,5,0.14543555335223454,0.028317712770120126
FliryVorru,449,3,0.09441272491706744,0.019699701754666905
SpiritualWatermelon,6,8,0.0001340695519051776,0.012706651555065746
Chemical-Ocelot-9105,26,29,0.001742978911860199,0.009582299829919339
Chickatey,299,3,0.08174753145191373,0.009386028888483167
thisisntmyday,23,35,0.010223065162192785,0.007299854577299267
JazzlikeTradition436,89,124,0.040603629411495125,0.007226683809997003
LordZZZ12345,252,2,0.048207922187240966,0.006693949662125783
looneylooser24,158,12,0.041323496937795016,0.00627373438304333
summerjoe45,201,6,0.03874150231761254,0.0059369058749842085
Ccmt_336,44,1,0.012464798565793314,0.005876333094100825
MapleHamms,9,3,0.0015249302782533514,0.005754103757519618
RickMaritimo,246,17,0.013553565922496742,0.00562547403177771
NeimaDParis,8,2,0.003094015548190094,0.005252284918824893
Intrepid-Tank-3414,109,19,0.05071000368601434,0.0051344148359078875
Sweaty_Toe7175,70,29,0.027898275138877722,0.004926027925391036
Henna1911,224,22,0.01788732311188722,0.004925228283988518
Nards23,4,3,0.00010882618221269843,0.004887256465867617
IlSace,3,6,0.007875466123104712,0.004869073312338431
ketamour,2,2,0.00014446351681976169,0.004850811290483625
MircoRoss,1,2,0.0,0.004841360069386151
Zestyclose-Passion97,105,77,0.02512199998206708,0.004665462036191064
idwtpaun,96,46,0.024086709348775038,0.004303150470072599
charliemann,143,58,0.011058241354764457,0.004003178967540689
NFLDataAnalysis,48,20,0.02300353826643371,0.003494081608873613
Intelligent-Wear-114,16,12,0.005570584385457516,0.0034144895260353938
Ok-Soil-5133,51,1,0.015267434779906433,0.0032644626538403036
Diamonds_4_life,33,1,0.016610517731432885,0.0032207951093727373
GreenMonkey333,1,1,0.0,0.003217138015868482
JKray5_Reddit,78,11,0.029133231546404594,0.0029877276661897574
WeirdGuyOnTheTrain,2,1,0.00011947431302270011,0.0029096787679414385
Embarrassed_Eye4572,41,20,0.00831987666180562,0.0028801248811158578
mariusdr14,58,12,0.01700475596619886,0.002855350437108713
Keyblader1412,44,10,0.020408086360060074,0.0028013487424991866
mt80,43,7,0.01755737477390333,0.002795765685415374
Upstairs_Travel4128,50,11,0.007964661233258192,0.0026919552466285247
galaxie_catto,1,1,0.0,0.0026843466022875104
Gayfetus,48,13,0.013049067859370315,0.0026397539116860824
Bigocelot1984,61,6,0.015565721177694702,0.0024763008131624196
bennetinoz,28,3,0.004092576004205035,0.0023705403080624115
glatts,4,3,0.0007457987390716663,0.0021779786902445747
mynameisanyname,49,13,0.015092555780196172,0.002140230894133715
northBlu01,2,5,0.00014134142464729187,0.0021073721879829132
ManOfManyWeis,58,13,0.013934191648207448,0.002014483310464196
Savings_Ad_2532,29,54,0.017842863372678257,0.002003014995042355
CaptainDrunkRedhead,6,3,0.0019571124704118393,0.0019678526219708992
Anniechon,32,7,0.002462621407726349,0.0019502107198269298
ContinuumGuy,65,29,0.03524681313494719,0.001923413314214647
sofastsomaybe,35,5,0.005527910664067213,0.0019132554414126959
LaMoncakes,58,14,0.0051490962400533285,0.0019048994152773317
ASmithFS,33,3,0.02014121234292345,0.001873746132705693
E_lenaa,57,6,0.013133922613559147,0.0018576045206251865
Yujin-Ha,44,1,0.017650497740548193,0.0018530292606014922
Weak-Faithlessness48,44,17,0.036123981915191644,0.0018029373243935267
Important-Pie-3238,69,28,0.00278699229533753,0.0017757367642830559
Psychafunkapus,17,1,0.004861648745519713,0.001732299497575513
oncetwice1020,66,3,0.012716199650726416,0.001713933173226203
PyroxCrymson,28,2,0.009136406779230982,0.0017127266217476314
DashLibor,50,34,0.045137726567734696,0.0017115093844632156
Candid_Jello5188,14,4,0.0014687813937136862,0.0016905868506340274
newtrainerblue,27,0,0.006949246148553968,0.0016694745922759332
Sodass,36,3,0.007740227082649928,0.0016474024506503713
Dropkickjon,2,2,6.151674500691148e-05,0.0016472083595886553
NoTransportation5245,1,1,0.0,0.0016399583726959342
4MM0NI4C,23,11,0.00909806174892443,0.0016360641624873398
Mission_Local842,8,7,0.002776423561735518,0.0016313426229590032
washingtonpost,46,27,0.0097518779119857,0.001621946429761566
TaCZennith,2,1,0.00011947431302270011,0.0016070931796279527
ZigCherry027,26,10,0.009097098086776608,0.0015892332268750153
jaysornotandhawks,35,28,0.018848831000064646,0.0015798550724624414
quesoguapo,49,19,0.010418225329323664,0.0015512940768522903
Kind_Eye_9567,11,2,0.005307296987879595,0.0015188031130893118
yuzurujenn,34,1,0.0022920020487625496,0.0015187927384161042
JustFred24,64,0,0.030291938018178807,0.001514515599801639
aah_disgusting_shit,25,12,0.013031573335292767,0.0014962497880644011
Separate-Field-3064,46,1,0.008207929610761684,0.001472348307719998
ft_wanderer,39,20,0.008585496060137874,0.0014599400046993373
Huzaifa_Haroon,41,2,0.004826095452255446,0.0013767375116273501
CausticLicorice,1,1,0.0,0.001360392659698522
Public-Flow-7521,76,147,0.006202382848565071,0.0013587353442706181
lecarolina,27,2,0.004067751131599074,0.0013365516013919426
babvbc,31,5,0.005288647099167397,0.0013288627016473846
Particular_Union1029,1,2,8.30213533946855e-06,0.0013152522709394402
East_Piccolo_1529,29,0,0.007755674040966318,0.0013142590620809826
Shroft,52,0,0.037690912954689654,0.0012863184912508215
Impossible-Guitar957,26,29,0.02594121418212227,0.0012642482211505442
horriblyefficient,11,12,0.0021568354344288043,0.001228044177000875
TJTrapJesus,27,12,0.016770079598228387,0.0012247176781275697
Vast_Law2234,53,0,0.012209189284140578,0.0012153234297471803
Mike71586,36,24,0.008551989780088785,0.0012149293392494055
Ok_Nail_5298,24,2,0.0023376367301153893,0.0011749298185051986
SAJewers,25,0,0.0209560913239589,0.0011408725893358913
discofrislanders,14,23,0.02076521783216544,0.0011157851811174914
malachaiville,4,3,0.0,0.0011075996306970947
brienneofbark,36,29,0.005830154810754927,0.001101473991918422
DSQ,12,13,0.0015515456829320777,0.0010938111570367405
voltairesalias,24,11,0.009720444277912212,0.0010867402655133152
OkAppointment3092,37,10,0.008817008718189056,0.001079673300041388
Past-Feature3968,20,17,0.007256209189418367,0.0010783860736100024
BrainOnBlue,36,40,0.01554531383115545,0.001075268416454792
spiralsequences,28,11,0.006240559420167944,0.0010735102484702576
squirrelslikenuts,7,4,0.0011921402748381652,0.0010657360922006881
krusader42,31,33,0.0026802569014165913,0.001065658490114693
AdCommercial347,15,2,0.0014034922988990083,0.0010521255273527141
zebrainatux,13,11,0.0014906569783888347,0.0010480461277166126
ObjectiveSnake111,17,18,0.003291048693649674,0.0010436598463296613
Luddevig,12,1,0.0016726403823178015,0.001042508992587556
DecentLurker96,32,1,0.008775665821672466,0.0010384286472449463
nhl,40,0,0.011231495808803874,0.0010305448545659354
Outrageous_Pause2108,4,3,0.0002354723359809024,0.0010222405320723684
NeighborhoodPlane794,1,1,0.0,0.0010116244904390369
crowd79,69,119,0.06695097903010806,0.0010008544180252759
traumamel555,2,0,0.0,0.000993045355456984
TemporalPincerMove,7,10,0.0011958564850934376,0.000992902367146513
ZhangtheGreat,7,1,0.0005212752464798951,0.0009848055938863993
geisendorf,21,11,0.0030657261697965535,0.0009847074793336431
ZiaLadybird,4,3,0.0005927092637192835,0.0009756309565425509
PolishMichal,24,2,0.005899962945955912,0.0009517141684912739
777anastasia777,27,8,0.004699473563864264,0.0009447884018367938
kashmerikmusic,11,2,0.006471311916594245,0.0009418475854196118
JPAnalyst,31,11,0.010703874274959637,0.0009417011686296982
PruPlaysGames,12,7,0.0013672117649537188,0.0009385768804788145
Mikadook,20,3,0.007892747068888938,0.0009371627714550846
GreninjaStrike,27,12,0.005450699216204458,0.000933460175943405
amycouldntcareless,26,26,0.007205687625008778,0.0009294089659875506
Rozefly,19,4,0.00644923477775598,0.0009209969928308818
lifetakesvisa,21,7,0.0017051166847194975,0.0009097164227610193
Asterie-E7,71,110,0.006513517111413707,0.0009078612731720844
Red_Sea_Pedestrian,37,5,0.01677913164904347,0.0009071296074783319
Ozwardo32,30,1,0.012311000200465662,0.0009064325146622839
littlebigpigg,14,4,0.006815377878961334,0.000904042723956618
Aggressive-Gold5060,31,8,0.013480799185845825,0.0008925626458521819
Blautanne,29,20,0.0010805782328495207,0.0008880035022309968
yosoo,17,5,0.011103633620474082,0.0008828462276240969
tchaikovskys_nostril,25,29,0.0025487226462491954,0.0008821884749427065
s0xmonstr,19,3,0.0035885214980726286,0.0008658828295293327
EstablishmentAfter40,9,8,0.00047813620071684586,0.0008633597786801236
Chuuucky24,1,2,0.0,0.0008631438562047578
Apprehensive_Disk_16,11,8,0.0038919642986031265,0.0008555540336617597
cilucia,16,19,0.0032890765434534903,0.0008441499017831499
jsmeeker,5,1,0.0005639254946318667,0.0008428378520757432
Lone_Wolf_Winter,38,38,0.0034514527587411956,0.0008361359913615035
Lionclaw21,4,2,0.0003925068208567066,0.0008275128555911093
zilmc,20,3,0.0016699195633008124,0.0008182434633331181
livvvvvvvvvvvvvvvvvv,24,9,0.005123686440106154,0.0008161548766790122
usatoday,23,10,0.009685933024325015,0.0008143482368584888
Soupfullofradio,5,6,0.001156575429173655,0.0008077519688938518
Jumpy-Improvement-97,20,4,0.0017875486761159574,0.0008069340925684506
Anonymous123_59,6,1,0.00024253795272777953,0.0008023411837933194
LiveIndividual,10,7,0.00014364377123952425,0.000801515419653992
Happy-Strength-6335,8,4,0.0013142174432497012,0.0007994105712600649
Okaywhy10,24,1,0.005691945955344958,0.0007898876080692897
AlbatrossSuper2456,4,2,0.00035818399044205496,0.0007898209670842438
combine_harvester_84,20,12,0.004290521463802478,0.0007887664384260507
CCMegane,44,0,0.017186619219598354,0.0007877832685935113
rubyjester,20,10,0.0062780840391262974,0.0007854550809463889
Quady_c95,14,8,0.0028316105782252104,0.0007845628100346017
afg500,5,0,0.0017567020449241555,0.0007714127098859757
nbcnews,36,0,0.013711944634471444,0.0007671347608179813
JohnRamos85,20,0,0.014323416613883136,0.0007622484206322693
PHConfusion5801,17,1,0.0013869400482020495,0.0007617491042622544
llinstitutesynthll,36,3,0.004917936976946425,0.0007615454942495073
decrepit0,14,4,0.004251661506720038,0.0007613991256177346
seaportair,24,0,0.0024554616635415905,0.0007603930634417079
cedricsam,23,0,0.006791149831363541,0.000757903873317424
Mr_SpicyBrain96,1,3,0.0007970927613499328,0.0007550350806047575
vaska00762,27,29,0.015087204393890857,0.0007513135329264243
hornyforbrutalism,28,0,0.00907631533256292,0.0007425049910492848
food_scientist_,22,6,0.006863802316049037,0.0007371006903397772
WhiteOleander1992,2,1,0.0005490432767586526,0.0007368427206936732
SockDem,20,2,0.007562407533466387,0.0007297824595778359
There_is_sarna,16,6,0.003216989186992497,0.0007275327203844964
Wolff_Cola,2,1,0.0,0.0007270253350425825
Vismajor92,23,16,0.0053386437758271045,0.0007248584752973995
sapphicmage,20,23,0.010687668303454452,0.0007210226465200357
Durian-Critical,26,0,0.004479303482651458,0.0007178659492810793
Physical_Aide5509,2,0,0.00044758169641148166,0.0007142214899144423
Cvspartan,1,5,0.0016585030347046248,0.0007135696815628922
duhbyks,30,42,0.0006067360017200548,0.0007128861000553617
beforedinnermints,5,5,5.915095723209945e-05,0.0007087282480160704
roseofjuly,6,10,0.0041593471378251565,0.0007075634876818121
Naso_Coraggioso,17,4,0.005228464330214554,0.0007073733884345077
tm2007,20,2,0.004256982211452323,0.0007060475467660262
Hot_Bad409,1,4,0.00012860987665713704,0.0007053840817953848
Agreeable_Falcon1044,26,56,0.009163842391796299,0.0007053713839394538
emmeline05,1,1,0.0,0.0006947947988595079
elan108,5,3,0.00010624809672786114,0.000693857505620836
jeanpauljh,8,2,0.0011566400622210545,0.0006894557510501866
3gumamela,15,7,0.00426562489956222,0.0006866640457863794
olive_2319,2,1,4.087663806743544e-06,0.0006852565902551651
anarfox_,18,0,0.006356806814522471,0.0006850818008814737
Admirable-Scarcity-8,15,7,0.004419546872940907,0.0006832415981382768
Haven_Writes,21,29,0.011935525406618297,0.0006811528534921551
fakewasalwaysreal,35,20,0.0027235579321091574,0.0006811408940770795
Kris_Third_Account,7,14,0.000714669577562901,0.0006790831305024872
Massive-Reputation86,9,3,0.002009717762015536,0.0006785217734149604
EatonHass_247,7,5,0.008129917202381428,0.0006759834760380128
dbwn87,8,1,0.0007178862738563531,0.0006756265858373359
Own_Result3651,15,16,0.005755770944715875,0.0006708773600040275
MediocreStorm599,13,10,0.009383625462962416,0.0006707090216656302
GenericDesigns,8,3,0.004375319479300014,0.0006703787004703073
fam-squad-lit,18,0,0.0029333929024729657,0.0006685236549270342
OwlEyes00,13,4,0.001929649056939681,0.0006679285425192777
unlikelywin,35,0,0.011986723941565011,0.0006648981392943219
ScaredCurrent3172,8,9,0.0001156545892810207,0.0006646135567538556
mcsangel2,8,7,0.0005732059715072311,0.0006548571169927048
neengenyt,14,7,0.00022896977161280675,0.000654434189977502
Perfect_Peace3829,26,4,0.0015044635465483354,0.0006473565003472044
turkey45,12,2,0.001038868229268427,0.0006469435818388769
parallelbarchart,22,15,0.0018823797033741443,0.0006457359002415113
goddisguisedinacat,14,7,0.003716771225818251,0.0006434393538952279
Kris7531,14,14,0.0027145652886442044,0.0006429842651185025
Ijustwerkhere,2,2,0.00011947431302270011,0.0006389293183549622
feather_moon,1,1,0.0,0.0006361541648734677
UFOsBeforeBros,2,1,0.00013190665096150437,0.0006360820006007899
fruitsnacky,4,1,1.5939363040182156e-05,0.000634905838808813
space_rated,21,19,0.0026720463411101054,0.0006348442635096628
ShipComprehensive769,6,1,0.0,0.0006330998516977136
cjstop,1,1,0.0,0.0006314738250505505
linzerrr24,11,10,0.0012376281649580604,0.0006308829601720609
WatchOutIGotYou,26,89,0.022303720979790918,0.0006287460241519677
YourFriendSin,9,1,0.0008841488981706771,0.0006281977885493909
abradolf_lincler_jr,17,1,0.002572719208328047,0.0006249469645093359
schalliol,14,5,0.0012079301966928333,0.0006230676528798331
ThunderBayOPP,2,3,3.888580234893268e-05,0.0006183339435744064
cookieaddictions,9,4,0.0004915475934188733,0.0006162910589443191
PurpleLilyEsq,15,30,0.02219484338865134,0.0006154732540258629
redzass1,31,76,0.013144539702835793,0.0006128758250536218
mzp3256,28,2,0.00851040993011991,0.0006116331829589414
Popoye_92,34,23,0.0023462548423253625,0.000609412415095672
areyoukind_,2,1,0.0,0.000609258088643386
5moreminutesofsleep,20,2,0.001287855210810082,0.0006064970844052777
PogoBox,11,7,0.0009306405537885238,0.0006036732733484171
Excellent-Medicine29,6,5,0.0003775150325450818,0.0006020951991190961
DozingUnderTheSun,14,6,0.0028222771492875777,0.0006014256550485002
SageAnowon,1,1,0.0,0.0005999323494936507
Iamnggag,6,7,1.2008694260285973e-05,0.0005967403689434132
chespiotta,15,21,0.009675110709019661,0.0005921977188169972
Fun_Reputation5181,32,0,0.011059305227400201,0.0005874979536970695
udonbeatsramen,2,1,5.22599158918331e-06,0.0005868958247664865
DKsan,5,3,0.0002719580573223588,0.0005862630349739294
MinaCiclamina,29,0,0.0029412857835473837,0.0005839909335522278
Own_Archer_9052,3,4,0.00023520728190233855,0.0005807980358968204
Kronzor_,11,9,0.00306161408600007,0.0005799866533282939
AARM2000,2,7,0.0031306816318231,0.0005774393107643961
InspireDespair,2,1,0.0,0.0005753658754918203
TheBookOfTormund,3,4,0.0,0.0005718585018342835
Cass_Cat952,25,0,0.0019797679529920554,0.000568406839716526
gingerale4345,2,1,0.00013611115822606085,0.0005682130017864111
harrlumm_tzz,18,0,0.0015091971507959008,0.0005665912694281576
arnet95,16,23,0.0187835430110899,0.0005663979686809225
MindyS1719,22,0,0.012057570168081,0.0005659981208363143
capercrohnie,13,2,0.002613236222841373,0.0005636798877498676
pele_star,8,9,0.0023840632914165563,0.0005616260654610937
MacaronDazzling3253,26,0,0.002639992466105566,0.0005558962715480961
Hippo_n_Elephant,9,4,0.003208513713815618,0.0005557054227909387
IvyGold,12,41,0.01402583499212585,0.0005555433610392829
Equivalent-Leg-9697,19,0,0.004638089914343402,0.0005547286251105047
PkmnMstr10,25,4,0.018285999993049418,0.0005547167489057971
WhoIsWhatIsWhy,7,1,0.0,0.0005538939318234373
Fem-Picasso,16,24,0.00670101224639377,0.0005532307277039151
DaGuys470,6,3,6.306041991403106e-05,0.0005530404115072503
Zaidswith,7,10,0.006428631784843008,0.0005516363989470654
solidprospect,9,4,0.0023727447173464158,0.0005496795178084739
happyrunner4,11,4,0.00014596648302722792,0.0005485967316657799
BloodyBaronsBFF,2,2,0.0002463825120080951,0.0005478615768876172
Right_Beyond7186,39,68,0.009157786309329303,0.0005466047410915616
Euphoric_Gene_2103,12,6,0.0035100498565031092,0.0005463939600777782
Dependent-Effect6077,17,4,0.0067174548425551605,0.0005454167078122987
WehaveDanBrownatHome,11,4,0.003914201203445911,0.0005449675126459792
Beneficial_Change681,24,19,0.006150974851891675,0.0005445921224058386
alpycom,1,1,0.0,0.0005445882812683194
madscandi,12,12,0.006343802886332731,0.0005434349983614072
oneofakind24,4,2,0.0038911833154522913,0.0005416938462070393
Upbeat-Armadillo1756,17,13,0.0043612456199491985,0.0005397590865000657
Radiant-Program-305,24,8,0.0018473340182821602,0.0005376504039700535
SergenteDan,7,7,0.0004875310963913489,0.0005345458239018201
Radiant_Sherbert7272,7,8,0.0013902242589700954,0.000528688634126483
Spiritual-Board7145,14,7,0.01255193563574085,0.0005265066544215559
MulderXF,6,12,0.0001786791921168109,0.0005246069481887034
cardith_lorda,30,61,0.009982293001426687,0.0005230743482884708
VerryRides,1,2,0.0,0.000518352475886802
jemappellehonhon,1,4,4.508466421118691e-05,0.000518352475886802
Fabulous_Aerie8143,17,11,0.0005662170562610595,0.0005178172390077199
aedionashryver18,23,0,0.005107820832542558,0.0005170112949379631
fremajl,34,69,0.0003970441146808896,0.0005166218625177512
pokesnail,12,13,0.008655175728397715,0.0005149108178781563
center_apathy042,3,1,0.00012452864538886043,0.000510911675120257
Signal-Door-3941,1,1,0.0,0.0005076398575775184
CrunchyKorm,6,2,0.0005958053698812051,0.0005042123972443572
theatlantic,15,9,0.0007789560044896296,0.0005038017704733943
GrimaceThundercock,4,2,0.0,0.0005021243409109347
fearlessAppetite,2,1,0.0,0.0005019092091036846
NewbieQuestions1,2,1,0.0,0.0005019092091036846
takesthebiscuit99,10,1,0.003199278934349078,0.0005004667695741645
Mend1cant,3,2,0.003170545101474507,0.0004997002032496301
Vancouverreader80,8,2,0.003982409543673025,0.0004996153205746569
stressedgeologist22,6,11,0.0036205760446324305,0.0004964634714970123
JaxWhitlock,10,2,0.0014035307471626601,0.0004963601039613088
MiriamLovesSport94,23,0,0.0029488624368058203,0.0004962918847852729
RVAforthewin,3,2,0.0,0.0004945183170852845
random_monkey,9,2,0.0012684853484515404,0.0004937530078662737
stoneman9284,1,1,0.0,0.000488512284928208
TooObsessedWithOtoge,2,4,0.00023141197412659706,0.0004877428716947415
illachrymableness,2,1,0.00011947431302270011,0.00048698087032702744
New-Possible1575,20,21,0.007158668203154574,0.0004868388526775377
JJ-Bittenbinder,4,2,0.00011947431302270011,0.0004863074773637882
Alone_Consideration6,25,29,0.007333064994846242,0.00048625200716340985
Icy-Animator-861,6,9,0.0002673470133443055,0.0004847486777522288
xoxoamazingrace,37,42,0.0024895675655761083,0.0004812555720787653
JohnnyUtah,6,1,0.00035842293906810036,0.0004803093444944983
WintAndKidd,3,3,0.00022891934517984338,0.00047892244990754926
janerikgunnar,3,5,0.0013834965537967607,0.0004784464937124958
DDinoFartOnMyFace,6,7,0.0006174751696818857,0.00047757419843762357
Longjumping_Room1659,14,0,0.0014502775002494094,0.0004773469590963846
miunrhini,27,68,0.0036911469304042187,0.00047709956773383285
Cody667,5,7,0.02795455467062478,0.00047622141135062975
No-Energy-4190,1,1,0.0,0.000475415688149058
Kombiniertanz,12,3,0.00042799122126257225,0.00047505696389966214
DoubleLayout,4,4,7.470405542801826e-05,0.0004747390170135194
nicebrows9,15,18,0.0023779150786879923,0.00047461652543881694
No-Atmosphere-5885,22,0,0.00591412044070999,0.00047338816922492383
krind22,6,2,0.0023574671445639184,0.00047333698422713505
candycane7,22,0,0.0027320195521156653,0.0004727228096830138
OhMyYes82,19,5,0.0014356542604670624,0.0004710159694967764
TaleAccurate2056,19,0,0.003402033951889415,0.00047080252351728376
Quaker_Hat,6,4,0.00019292453909672367,0.0004707841415132671
Shixzoner,34,24,0.0021215548992255073,0.0004689471314779373
Budget_Case3436,2,1,0.0,0.00046870883370575577
2ktx2000,6,1,0.0016784954169247314,0.00046858345685734293
Daisydogdoughnut,1,2,0.0,0.0004680784281320779
bronglebongle,1,1,0.0,0.0004680784281320779
jvvrarts,1,5,4.151232132163786e-06,0.0004680784281320779
Brilliant-Sea-2015,1,1,0.00011161680415882655,0.0004680784281320779
IndividualAnt7176,1,2,0.0,0.0004680784281320779
freshraininspain,1,5,0.00045722274830284294,0.0004680784281320779
H0MES1CKAL1EN,1,1,0.0,0.0004680784281320779
Murky-Tadpole81,2,1,1.862280924717255e-05,0.00046610279722993233
Revolutionary_Ad4950,5,1,0.004623344658253185,0.0004653454623487551
Any_Stage_3072,6,7,0.01365428041474024,0.00046416081668688904
historyspwn,13,4,0.0014966756696311295,0.00046273526456902894
MatthewHudson11998,14,3,0.001449649731294895,0.0004623865875225004
TolBrandir,12,18,0.00863590523924869,0.00046156690883274333
TimeTomorrow,4,5,0.00023894862604540023,0.0004610075785365857
Rhysing,2,5,0.0027657973892866593,0.00046080024248593257
Significant-Flow-412,5,7,0.0,0.0004607504652109816
Kimber80,12,4,0.004341114759265181,0.00045958680744971966
whateverthefuck212,3,2,0.0,0.00045953890429508635
PerformerRich5449,14,17,0.004186662519258093,0.000457925680311089
Eberubensant,3,2,0.00023894862604540023,0.00045371908769388275
msbtvxq,5,6,0.00451613742485109,0.00045370286577865775
xSamuraiDom,11,9,0.0005978000768143928,0.0004532674053715533
Slabbershan,3,0,9.830137341495531e-05,0.0004511270054183502
g46152,15,4,0.007486376758093246,0.00044521513775481634
zi9g,17,8,0.0026148715497709006,0.00044508262817430616
renjunation,9,1,0.0007521054933992828,0.0004449013019039729
oldslowbiathlete,3,4,8.634214170108215e-05,0.0004446394232498432
ExplosivePancake9,7,3,0.0005035278593892872,0.0004440448680286087
FinnInAms,4,2,0.0008352555720565055,0.00044036674855230394
redtantsor,21,3,0.0017779204659368756,0.00044011886755909187
shiftshinee,10,11,0.0004520691792421676,0.0004397627322017603
SolidAd5223,2,1,0.0,0.00043922114374771675
floppwaffled,37,76,0.005475989996106304,0.00043800758359192996
joeymello333,11,19,0.009162748520978379,0.0004372818494422038
ruthimorg,3,5,0.0003134437606733196,0.0004345639544354674
larapu2000,6,5,2.9452006012323318e-05,0.00043453256113629434
No-Procedure5938,9,2,0.0010015857452754717,0.00043192451021998034
Pile_of_Yarn,8,5,0.001739751951450897,0.0004316567646773845
Dumpsterfire_47,4,5,0.0001359044188604649,0.00043114200020053504
TheCanadianWolverine,1,2,0.0,0.00042871143507878693
sumerislemy,4,4,0.0003362468739369522,0.0004248438376791719
Dapper_Lifeguard_414,6,3,0.0023476248864443567,0.0004219275366209579
South_Suit9833,7,2,0.0003542880519485231,0.00042170530027122247
RidingRedHare,6,7,0.00010095352961741956,0.00042109762046948514
Ponytailbot,10,3,0.0013014688526768398,0.00042014862129378255
wedgeant86,4,1,0.0002524973061930702,0.00041996619716660604
sealightflower,15,14,0.011238476293359681,0.00041933169983937574
scoutcjustice,12,5,0.0015967716358269155,0.00041930089133304356
SeaworthinessNew8900,10,14,0.0007276586989683957,0.0004190879247330546
needyspace,7,3,0.0004784149741138988,0.0004187820905117474
catcatlike,16,0,0.00434834061518453,0.00041737298543934975
bkat004,13,0,0.0017250113242573675,0.0004161660126784919
HockeyPowerRanker,15,0,0.0010951051993232863,0.00041510561902481007
Weareall_humanbeings,21,4,0.002689966061741194,0.0004146733974407582
sherapop80,3,5,0.0020103815866393286,0.00041429056559051495
Safe-Construction-me,17,3,0.003467976966579452,0.0004138212281044435
ibexelf,16,5,0.00805511784118088,0.0004096995766861221
iggyfenton,3,3,0.0027832716887032207,0.00040904137302281377
amazona_voladora,16,19,0.007491727117239109,0.0004077838579829322
sinlivenial,19,4,0.0016598908697911328,0.00040778195258221246
RoutineSpiritual8917,6,12,0.0009498212373880902,0.000405762122823871
osvimonello,3,7,0.0004806727406109415,0.0004036629527510956
Rangemon99,4,4,2.3519221225396603e-05,0.00040172911665268374
Roshy76,5,6,9.534097781528164e-05,0.00040103555063241374
Significant-Iron-241,11,6,0.0026729061578637005,0.0004009824363584277
ZebraZestyclose3861,1,1,0.0,0.00039930348375232845
Live-Ad2998,4,4,1.1633189590178838e-06,0.0003992744613124143
Karotyna,5,9,0.00015267238552752735,0.00039924867778618134
Pale_Land_5107,33,49,0.008429539906396452,0.0003975247546804378
TastefullySwollen,7,7,0.003228565158088527,0.00039575067800962256
subredditsummarybot,6,1,0.0025961768219832735,0.0003947032235059261
Wheeljack7799,2,2,0.0015604029029567313,0.000394550087241999
depressedArmeniafan,24,0,0.0024646235179942425,0.0003933414509399199
chunt75,6,9,0.0006924882055830237,0.00039211662677930996
catsgr8rthanspoonies,11,8,0.012158807560531126,0.0003907190735797987
SimilarAd2308,5,16,0.0023631459845244347,0.0003906234379964759
some-mad-shit,6,6,0.0003358347929775834,0.0003884959685027642
waltzthrees,5,7,0.0025098296793635163,0.0003882193852682786
Jackw78,4,3,0.00011947431302270011,0.0003879658871533303
MattTheKing23,19,0,0.007192543786881861,0.0003866329069797238
quadtetra,13,3,0.003070160108398158,0.0003866061525965382
New-Editor-5667,12,15,0.001961735476262124,0.0003852272157167916
poko877,1,1,0.0,0.00038442293473980405
mcclaneberg,1,2,0.0,0.00038442293473980405
0fiuco,1,1,0.0,0.00038442293473980405
MxScarlett,14,8,0.0006627837339347187,0.000383200457440034
primetimey123,6,4,0.00036259807313457945,0.00038305412786469753
nyrB2,2,5,0.0017098896621537563,0.00038268037528581527
Roscoe_King,4,3,0.0,0.0003824422971628509
Marshmallow_Apostasy,18,27,0.007510917072398649,0.0003822603137260031
septimus29,15,15,0.0048305854241338115,0.0003819282147896089
PresidentZeus,4,1,0.00023415468900100396,0.00037954841086425425
ConditionDefiant8653,14,32,0.016845366709123528,0.0003793982077210203
anna_sofia98,10,10,0.0006234932505244751,0.0003792159755779066
JudgeSubstantial9562,3,4,0.004688651084470996,0.0003783682073747727
benjamin_t__,5,5,0.0014331570698537309,0.0003768172149712945
Nopenopenope00000001,2,5,1.93067640415198e-05,0.00037680299904984863
henrywhitfordstears,2,3,0.00010762673467232894,0.00037680299904984863
Spiritual-Brain7547,2,3,0.0003514824238606799,0.00037680299904984863
Prize_Efficiency_869,7,8,0.0006551897143629964,0.0003759743688496837
quirkymilennial420,19,0,0.004547736917347491,0.0003753785993569492
sabelsvans,13,8,0.0015569891895617122,0.0003753635317277071
Boring_Pace5158,2,3,0.0002461319754080087,0.000374948893348067
Current_Case7806,19,33,0.004255903381426016,0.0003739600694824081
sprashoo,7,3,0.0022692796293728845,0.0003720478181991576
sabisabiko,3,4,5.792157638923372e-05,0.000371354278492036
fjevehksn,3,3,8.645357639820071e-06,0.0003698129135680563
snowboarder160,14,0,0.0012723010003561019,0.00036871475080939666
Andrew_Waples,2,2,0.0007132763487794026,0.0003685566608135113
only-mansplains,3,2,0.00021555659741140878,0.0003685046260027934
Puzzled-Category-954,15,0,0.0064299795942024136,0.0003662734332260955
IceExtension6204,21,30,0.002443385410481634,0.0003662290597561191
violaki,7,9,0.0005792753101143271,0.00036596926031728206
amara90,5,2,8.294303681553355e-05,0.00036584258818273446
Tullyswimmer,7,3,0.0018601295565033712,0.0003634799219671131
Fair-Buffalo-9786,14,0,0.003491269353026299,0.0003630484711515712
Joe_Huxley,2,1,1.8654240853363984e-05,0.00036230105811719187
DarkPaul,3,5,0.0,0.0003621529043204797
bdzz,21,3,0.0040454983093759994,0.00036213826288439353
fzztsimmons,10,14,0.0036767089301731268,0.00036202292691668396
youateallthepies,15,1,0.001402703851223929,0.0003619660713164262
redbug_f,1,2,4.737396398916719e-05,0.00036148683235487464
xaybell32,1,1,0.0,0.00036148683235487464
keeleyfan89,18,6,0.002598489618219955,0.0003606378799053922
sirotan88,8,3,0.00047789725209080046,0.00036048280561505136
just_be123,3,4,0.00015297976928668267,0.00035868901682582777
puertomateo,5,7,0.0004944454684729215,0.0003576261771800536
thevelvetdays7,6,5,0.00012818172718238896,0.0003567319857200905
ilikemarblestoo,4,4,0.0002607577188963798,0.0003557707736842747
SummitSloth,1,1,0.0,0.00035525184089213994
MilesDavis_Stan,9,1,0.003925944856898394,0.0003548250193401288
pusheen8888,8,7,0.0017155857206067045,0.000354729843474064
Quargs,3,4,0.0,0.00035465392240900147
Competitive-Log-1706,6,1,0.00042773948282416813,0.00035388202426413483
Rigid-Horse-Bender,20,38,0.004964753610461674,0.0003537526781713197
dai_panfeng,5,5,1.924756554243777e-06,0.0003526981762440764
alysaspromise,11,0,0.00025127188162543223,0.0003526244714517601
Esleem07,25,33,0.003820517287141935,0.0003524055841639442
Hot_Preparation4777,13,0,0.003432379656121737,0.00035199984085166935
sweat84,5,4,0.0004368174267406857,0.00035152267966409925
aginglikemilk02,8,3,0.0006502648926019634,0.00035087076980942886
whidbeysounder,3,2,0.00030060879537995163,0.00035054926592615335
jasperulilshit,7,11,0.0009791424597504165,0.0003501398233014449
Ruhrgebietheld,3,1,0.0017224903640615716,0.00034892995290806457
Sebastian4365,9,3,0.0003406330187653755,0.0003486947142652053
timemagazine,15,0,0.010749423475181812,0.00034854833733317703
Former-Complaint-336,4,1,5.826592456642622e-05,0.0003485097625883971
veenadaiya,1,2,0.0,0.00034800440895278256
amelywin,1,1,0.0,0.00034800440895278256
Orcahhh,12,16,0.002038603079216515,0.00034778642035451844
Flaming_TigerSquid,7,7,0.0010555873353882703,0.00034754251596579234
pink_faerie_kitten,11,15,0.004094564009577831,0.0003475080165927582
MyMartianRomance,20,41,0.009545096369436394,0.0003470546448332538
nakaonthebaka,3,4,5.9353926647229624e-05,0.00034622289952392456
moonlit_reveriee,13,11,0.005594971922814807,0.0003447318550379776
bekkahthecactus18,24,43,0.004696919932607107,0.00034452690262842594
dawgcholla_000,13,18,0.0003253691375261544,0.00034448032987747064
mdlt97,2,2,0.00035842293906810036,0.0003438340920077775
sadcoffee1256,6,3,8.25528816036139e-05,0.0003437389725263658
laura_holt,7,11,0.001700619167791795,0.0003433916836048632
Posan,2,1,8.20166428143989e-05,0.0003424711098223318
ttatm,5,4,0.0003577487718046839,0.00034135687951763045
thecdiary,3,4,7.184139356020291e-07,0.0003408828358761029
JJJBLKRose,6,2,0.00027192156800695245,0.00034080073501419506
marievarsovie,9,1,0.0005007387799340689,0.00034069263096350163
not_firewood_yeti,9,10,0.008874923414352687,0.00034002572616918537
Jokrong,3,4,4.288765827459017e-05,0.00033984612729003456
AutoRot,6,3,5.964939112374665e-06,0.0003387371917389204
Solly6788,8,11,0.006674520343124454,0.00033871019451375703
RoadandHardtail,5,13,0.004221705555864157,0.0003381348450452281
VillageOfMalo,7,6,0.00037135735925266326,0.00033754163611962514
moshercycle,5,4,0.0017749920577485297,0.0003366537629442502
Peachy_Clean_Pirate,13,5,0.0014240975918789628,0.0003363437325745622
Tillysnow1,6,4,0.0025256639527965357,0.0003362301601209648
FlyFishingTherapist,3,1,0.00011947431302270011,0.0003361433718445661
Resident-Coffee3242,2,2,0.00037162549706003874,0.00033588498566016584
fritzl31765,4,8,0.0003597808875305952,0.00033485141788974125
Eastern_Incident7235,19,5,0.001135641503907468,0.00033450494423453264
Natural-Tree-5107,8,2,0.005542995194821912,0.0003328471040224029
teslastockphotos,5,1,0.002234223277181198,0.00033209820236281684
General-Law-7338,18,12,0.002860100217822258,0.0003319207999926846
kukkolai,4,5,0.00018565002915647884,0.00033109408918117084
ChaldenesTitan,4,4,0.0,0.00033096464730666335
jparkarts,11,1,0.001068534227498256,0.0003306681321985654
yuzudo,16,0,0.0025274024766033802,0.00033055702491647956
cazdan255,6,1,0.0002186984974898672,0.00032949387158941293
p-s-chili,1,2,0.0,0.00032699275881796486
Spartan04,8,11,0.002335226434547012,0.00032601901310488787
Key-Tip-7521,6,11,0.005593912560360965,0.00032578250792420226
PaddyMayonaise,8,5,0.0012189628563505379,0.00032493002437300694
theentropydecreaser,8,3,0.005217838843911474,0.0003247538022097578
redirectredirect,5,2,7.617915200831889e-05,0.00032462161168467495
dasheeshblahzen,3,4,0.00283478749493119,0.00032308714511029553
nautilator44,1,1,0.0,0.0003224765001231752
ValosAtredum,2,1,0.0,0.0003219299724175336
Kitchen_Pattern4945,5,1,0.00082306896607059,0.00032103412183471424
Made_at0323,2,2,0.0,0.00032069265239683244
Targaryenation,8,3,0.00031686693747403895,0.0003205866612955456
manifesting2026a,2,1,1.9829895469154952e-05,0.00031819680619414847
Ottawa_points,10,16,0.006580444338073196,0.00031726844797974607
Bunnies23456,10,5,0.00048391993318327585,0.00031688751310629846
TsarinaJissa,7,10,0.0008304101278042843,0.00031668743696899523
appalachian_hatachi,14,5,0.013793649714960436,0.00031573586281690704
catsplantsandbakes,1,2,2.3299489585826055e-05,0.0003155510804370671
ZeffieJ,3,3,2.27102026998273e-07,0.0003153715421270797
OmissionsOmen,11,14,0.003462632179591698,0.000313869148180627
Adifferentkindofmind,2,3,2.986118928665841e-05,0.00031377072276274196
DonnyTrumpets,2,2,0.0,0.00031377072276274196
geewillie,1,1,0.0,0.00031274438153625414
WildAd9127,1,2,1.2575814101405411e-05,0.00031258213627298004
Commercial-Lake5862,4,3,0.0024287503160964445,0.0003124802899647243
Berry-Muncher,6,3,0.0004134494103372334,0.00031234453889933904
elgen_helge,2,1,2.196379221468827e-06,0.0003121092067593975
rhythmiclover,4,6,0.000453671224153971,0.00031004964223894563
QuestGalaxy,11,13,0.004864516055779438,0.0003098522500633786
Silent-Fishing-7937,6,4,0.00033965325855784303,0.00030972839091882606
MoneyBadger14,8,6,0.0022162533257481334,0.00030958297032533476
artstoria99,7,12,0.004183263023734419,0.00030955640018284606
rleeh333,2,1,0.0,0.0003090230426257495
Westbrooks3ptShot,8,5,0.0006885315527406879,0.000308562029069932
collectingviolets,4,8,0.0005822670550717931,0.0003082220694800254
Background_Bed_8677,18,1,0.002498229271060594,0.0003077482162874351
Alarmed-Surround-616,11,8,0.0005973863010344616,0.0003073814426414074
A_1337_Canadian,4,4,0.00035842293906810036,0.0003065726849391653
_Exegy_,17,1,0.003202160464607101,0.00030653172872904767
vlhube71,1,2,0.0,0.0003064584259824456
PayneTrain181999,11,7,0.0065801669893912566,0.00030641967685797147
emotionaI_cabbage,11,10,0.004594743130227002,0.0003062639102309394
CombinationExpert714,3,4,0.00013894114290437378,0.0003061259739808759
Lambily,3,9,0.00045847951218259405,0.0003042957389921368
GarageQueen,6,9,0.005322108896890271,0.0003041398670177686
HidingPants,10,0,0.0011504221281576639,0.00030389351191838064
mulderitsme,6,9,0.0018580352900708494,0.0003037043951243719
gnomeglow_,2,2,6.455998070156369e-06,0.0003034872683094667
Dragoorna,1,2,0.0,0.0003034205369388983
caution0473,1,2,0.0,0.0003028885659545714
HanSoloQue,2,2,2.096416241718881e-05,0.0003028406096332989
Hurley_Cub_2014,3,3,0.0017921146953405016,0.00030238306106325816
RougeRock170,9,4,0.005518492202317209,0.0003013558284490471
Faintning,11,27,0.0069415532789970395,0.00029926411421211913
red_keshik,12,13,0.004538210815725635,0.00029923302795189664
humanconnection101,13,2,0.003941813733194858,0.0002985913206557803
Mormonius,5,5,0.0,0.000298467326235057
petmink,7,5,0.0005255544895488717,0.00029819459257838653
ICthrowaway2019,4,2,0.00012298452337787313,0.0002974660289031515
PsychopathicEmpath,4,3,0.00016725646407182054,0.00029667218750833996
theazn35,5,5,0.0006174788442764747,0.0002964892146151225
btokendown,8,1,0.0003586535571545535,0.00029617362726446075
Fine-Photograph673,11,11,0.0003698587435505129,0.00029562498838991703
MostPossibility4159,13,0,0.004870728695709348,0.00029541385105975073
reemiess,3,3,0.00212026625704045,0.00029497009555450634
beaueod,4,2,0.0011321031641510016,0.0002941942821396288
OutHereToo,3,3,0.0,0.00029345122816134915
PhileasFoggsTrvlAgt,3,1,0.00011947431302270013,0.0002933252054296296
mmavcanuck,10,4,0.0035191019830024734,0.00029221210499734564
musterteppich,18,4,0.002069914238772891,0.00029180620826848994
89Rae,11,10,0.0016683984017569404,0.00029122586135329364
avboden,4,4,0.0003231499744281849,0.00029076384890451204
guestie94,14,19,0.0005561903276290088,0.00029068122744432937
Fantastic_While8918,9,29,0.0053240279338690214,0.0002891808199634031
Randy_Magnum29,6,3,0.0010193287560679664,0.0002884525791032809
BroadwayBean,14,17,0.00493377847363861,0.0002883433746998671
senditloud,2,3,0.0006438478273404757,0.00028674782955540143
Airtempesttrash,7,4,0.0014153737743206078,0.0002865502226349971
Oldest_Dream7,14,5,0.0011233628056057775,0.0002862102336278565
K0bra_Ka1,23,29,0.0015958261331069686,0.0002858974776437633
missgirlipop,6,7,0.0003023891168813142,0.000285552736138883
RainbowBriteGlasses,2,1,0.0,0.0002855449159973489
uberklaus15,3,4,0.0,0.0002853440230058102
RupertLazagne,6,4,0.00599501904473974,0.0002846264818824938
Dismal_Brush5229,11,6,0.0009692172976819063,0.0002845286395356531
shrek_cena,19,34,0.01179745222287865,0.00028448884714342486
Pender16,4,2,0.0,0.0002838502461254596
PjeterPannos,11,0,0.0006650286876432881,0.00028353798263308926
phedrebeth,5,0,3.761884081480992e-05,0.000283085977966722
BombasticReindeer,11,19,0.006244159273899489,0.0002829030820597546
SpringWinter2557,3,2,0.00020378355356793926,0.00028255686724892745
WildGardening,1,1,5.152017854456077e-05,0.00028240619504366326
blabla10020,13,0,0.002200473124766015,0.0002819961563106863
Sportslegend,3,1,6.837154614932393e-06,0.0002808901352320691
Libellule808,3,5,2.3747454040699503e-05,0.0002808388741195995
CeleryDue1741,5,3,7.136105693386208e-05,0.00028047906135040217
lyra-s1lvertongue,2,1,1.8585115321596543e-05,0.00028041651087562546
mediocre-spice,12,30,0.007234175685434241,0.0002801005712729601
Twothounsand-2022,1,1,0.0,0.00027959827440007296
EmbraceFortress,1,1,0.0,0.0002793914055671566
Sh1raz51,7,13,0.0007071757853982259,0.00027894620540356804
penthiseleia,6,1,0.0005703027194547588,0.00027736733634444735
Healthy_Twist_7100,9,0,0.005427956989247311,0.00027716635342353444
fiend42,3,1,0.0003009563733278066,0.00027654417921964454
Awum65,1,2,0.0,0.0002762560489302625
kune13,13,11,0.0001813131060014361,0.000275536651257931
throwawar4,2,2,8.90385789019123e-06,0.0002754677783460398
Allie654321,11,17,0.002751995205659002,0.0002753494657305844
Tenya-Iida0220,3,2,0.00224247778711545,0.0002752448653928083
Enough_Opposite8545,19,27,0.0003909339076215704,0.0002744493397643009
Murky-Contact-6377,2,3,0.0,0.00027442276323468007
pyort,9,5,0.002600182443740528,0.0002742637042713077
ReallySmartHippie,6,4,0.00014354397224426138,0.00027415577608789614
Plumbsmasher,2,1,0.00011947431302270011,0.00027412681388968327
Pasco08,5,7,0.00843770053044261,0.00027379417686311086
lithdoc,9,0,0.0045215026118126745,0.0002736076391504189
Paper_Rain,9,0,0.0013402736404533233,0.00027354844109761945
ImJustDuckinAround,11,0,0.0018516648879794272,0.0002733436464336295
misterflyer,4,5,0.0010529746972713272,0.0002730794289049275
Motor-Ad2347,8,6,0.00024259965133048553,0.00027294503149355307
North-Bug388,10,0,0.003686352447941422,0.0002727648140499559
Xaridis,6,1,0.0005418031364301757,0.00027063227018454074
Caymanmew,8,10,0.011268502414626649,0.0002705598581465925
Last-Funny125,5,3,0.0001515342509162658,0.0002703383196330984
buffbebe,2,1,3.415356843986465e-05,0.00027007815022130435
emmasdad01,5,5,0.0,0.0002700428557005119
blaqrushin,5,5,0.002275726243576731,0.0002698701942514833
Homers_Harp,7,4,0.005063987045156376,0.000269605614096391
lyss216,10,1,0.0012976282228061296,0.0002694361296358281
Solid_Parsley_,2,2,0.0,0.0002692811547835989
carolina_on_my_mind,3,2,0.00023894862604540023,0.0002686478941782571
Illustrious_Lab_1837,16,24,0.003042681013269219,0.0002680734064186429
Sangy101,3,4,0.005177726115565759,0.0002678964267521697
pukurindesu,3,3,0.0006133737662650104,0.0002674629749651707
SassySandwiches,6,1,0.0007249165419918056,0.00026746092319981674
calliopecalliope,6,11,0.0031693725980115953,0.0002656307755471892
Inner-Thought9665,4,2,0.0014441197506865442,0.0002654974871457655
coinfanking,2,0,7.054299075073416e-05,0.00026311280380486807
moonlitpixie_,9,0,0.0009615437609962901,0.00026188819315188874
BlahVans,3,10,0.0008896439244723498,0.00026155824495550895
TheFifthSith,7,5,0.0017458150636717564,0.00026119924165880635
yurerukizashi,11,1,0.0008410555861593464,0.00026069383063529475
flynnsmom,1,1,0.0,0.00026067149649049284
abcnews_au,8,0,0.0014601027236157932,0.00026022259046402544
Creative-Freedom-726,2,2,0.00011947431302270011,0.00025898759660848486
berryme1223,1,1,0.0,0.00025845730684578394
DublinKabyle,11,22,0.008575327925022797,0.0002572784081120395
sk8tergater,11,15,0.004367941172868253,0.0002568754673805508
LarsSven,5,1,0.00014969784241336087,0.0002556354249759161
KawaiiChan68,10,16,0.0028027719431272112,0.00025540744473158655
berryblue69,5,5,0.0,0.0002552795591934991
MajesticCrunch,1,1,0.0,0.00025431739571347723
FrenchPagan,1,2,0.0,0.00025431739571347723
sourpatch1708,1,1,0.0,0.00025431739571347723
RostislavVenediktov,10,1,0.003424669417977237,0.00025388110638535616
AsyanongAmbiguous,3,0,0.00037430617948174335,0.00025372137453092515
skinnamarinky,8,1,0.0006333979057899947,0.0002535065814269782
Beautiful_Coat_9294,9,11,0.004280974803401352,0.0002533820035531049
IrishUpYourCoffee,1,5,0.0026776735155429722,0.00025303795877368535
gonzaloetjo,1,2,0.0,0.00025303795877368535
Tac0w,1,2,0.0005320045315311868,0.00025303795877368535
90342651,1,1,0.0,0.00025303795877368535
Clear_Astronomer_867,1,1,0.0,0.00025303795877368535
NooneUverdoff,1,1,0.0,0.00025303795877368535
planchetflaw,1,1,0.0,0.00025303795877368535
justsyr,1,1,0.0,0.00025303795877368535
Noonecanhearmescream,1,1,0.0,0.00025303795877368535
NintenDooM33,1,3,0.0005181066475244858,0.00025303795877368535
Worried_Exercise_937,1,3,0.005058008948784918,0.0002527060567269315
JockCartier,5,12,0.00749364895509096,0.0002526983723605589
numba1cyberwarrior,5,3,0.0006210400162725279,0.0002523746261683078
ThePhenome,11,11,6.721590995537351e-06,0.0002523560736145985
tennisspeechie,6,4,8.343397442503076e-05,0.0002517752119671109
Marvkid27,9,6,0.0024240368434695894,0.00025174148524002794
Shift642,4,1,0.00035842293906810036,0.0002515146039095637
Clemario,5,2,0.00014232591174350253,0.0002505344524302985
sarka121,14,24,0.0008948692363782609,0.0002504894315866966
redplasticbowl,2,3,0.00011947431302270011,0.0002499543981471015
roarti,2,3,0.0,0.0002494995489001602
NickdoesnthaveReddit,7,5,0.0007168724305225475,0.00024877089382441194
tinweling,1,1,0.0,0.00024847241726456905
ShowAndTell2,2,4,0.0,0.00024838674645804703
Suspicious-Peace9233,7,14,0.002868671593597262,0.00024715138077074613
Ok-Fun3446,7,8,0.003290508789353009,0.00024586852711942206
CreepyPlankton6489,6,3,0.002383414585840313,0.00024547954316571184
evenstarcirce,10,13,0.0063523426408176415,0.0002452702471326175
Rude-Maintenance-169,10,6,0.0022408016198059784,0.0002451187215376782
NearbyConference5242,2,2,0.0003059617722139235,0.0002446794241476981
Vadered,1,1,0.0,0.0002441902979845522
gofundme,5,1,0.003793737237814101,0.00024413755000034497
a-world-of-no,9,3,0.000491748719134731,0.00024393902969145913
iampiolt,2,2,0.0,0.00024384740150535194
RoverMaelstrom,2,2,0.0,0.00024384740150535194
Gnome_de_Plume,3,2,0.00023974021796463457,0.00024376870163319677
acatgentleman,1,1,0.0,0.00024374339963905052
jbm33,7,4,0.001991429481588805,0.00024343154514768514
emopest,3,2,0.0,0.00024291628608600065
ArcboundRavager990,6,12,0.001258984547638233,0.00024265783955114252
ChannelMiserable7363,7,0,0.0031794563412561273,0.00024247884770719233
margothartley,7,2,0.0006859378380357818,0.00024218545173667258
helloiamliana,6,5,0.001170712323344763,0.00024214278399529396
scarlet_red_samurai,9,10,0.003988252895936608,0.0002419040467765934
AlivZ,10,9,0.0015483792822831325,0.00024180750705378085
Chrustykrabpizza,4,1,0.0005918999008030991,0.0002414453260222235
msolelh,5,3,0.0002950026693654576,0.0002409242703812479
Wide-Chemistry-8078,1,2,0.0,0.00024088920560779958
Mobile_Interview_524,5,3,0.0003617511458138169,0.00024036865508349805
antrage,3,3,0.00012426012501515074,0.00024029016570506446
Accomplished_Paint23,1,2,0.0,0.00024028727559570394
kitstiko,7,5,0.0002466221631401432,0.00024009674668949254
SimpleVast9215,7,4,0.0023594398486524695,0.00023977688615049158
met123456789,3,3,0.00012229477856247985,0.00023975805090005911
MortgageRemarkable73,1,1,0.0,0.00023962373856943858
StrengthWise3194,2,15,0.001804756882364439,0.00023888619295802993
Naso_di_gatto,4,1,0.00023894862604540023,0.00023846741442429958
i_MusicMan,5,6,0.00016431787716200246,0.00023694131467752658
thevorminatheria,11,6,0.0007315604258496454,0.00023603193848767477
CBowdidge,8,8,0.014828963518721492,0.00023523703675124144
ClemWoollysocks,5,4,0.0003004383242170375,0.00023502176460485867
JKC_due,5,10,0.0017370386849688592,0.00023444814954127357
No_Discussion3593,5,1,0.0023770874782312115,0.000234434835686467
lymnaea,2,1,0.0021192353643966545,0.00023359954809702718
jayzeats,3,1,0.0003235892338280447,0.00023336001935257128
itsafine_day,7,1,0.0001286083340822453,0.00023332969398238661
darelylgl,8,7,0.000297773144287457,0.0002328708523458799
VeryFewRules,6,1,0.005946897072247424,0.00023183033107027846
virgoaliensuperstar,5,1,0.0001469298963899256,0.00023182476478849078
ancillarycheese,1,1,0.0,0.00023084300978835792
soundecember,1,1,0.0,0.00023084300978835792
Remarkable_Many_1671,1,1,0.0,0.00023084300978835792
pasta-golfclubs,1,1,0.0,0.00023084300978835792
Correct-Bet-1557,1,2,9.925244748999861e-06,0.00023084300978835792
Many_Driver725,1,1,0.0,0.00023084300978835792
ACGateAgent,1,1,0.0,0.00023084300978835792
tinapia,1,3,0.00021800979212863132,0.00023072775172288486
Happypawswaggytails,1,2,4.2949039435817416e-05,0.00023072775172288486
VOvercaffeinated,1,1,8.479806267883215e-06,0.00023072775172288486
Superb-Okra,1,1,0.0,0.00023072775172288486
donaldGuy,2,2,2.802603609055222e-07,0.0002306168359082309
Professional-Belt573,7,4,0.0011710645103755431,0.0002304971244321894
Stiddit,6,5,0.0024769414575866186,0.00023028882036928023
Imbendo,2,2,0.0,0.00022984603003958073
mulled-whine,7,9,0.0003850597344573619,0.0002297482778345732
Acrobatic-Nectarine,8,4,0.0018965657698391532,0.00022947241858901744
-GenghisJohn-,3,4,0.001116125553596249,0.00022902442275431274
andhausen,2,1,3.982477100756679e-05,0.0002289065214187152
eddieras,2,4,0.0,0.0002289065214187152
Escape-artist-43,1,2,0.0,0.00022871720647050822
griffingirl92,7,17,0.0006963326056501136,0.00022830203686148484
Opening_Response_782,4,2,0.00023894862604540023,0.000228228375664999
Iamnotabothonestly,2,2,0.0,0.00022811522764235728
Pinewood74,7,8,0.00024002941678463496,0.0002281128703257333
Ron-Mexic0,5,2,0.000227872418760184,0.00022781948111500087
mixmastamikal,4,2,0.00023894862604540023,0.00022766037881318172
Fredbear_,3,2,0.0003042913634869907,0.00022735359263516798
TWN113,3,2,0.00023894862604540023,0.0002270182605592129
RapsareChamps_Suckit,4,5,0.0030170595490199965,0.00022693067458796508
Weezy366,3,1,1.1198515267532311e-05,0.00022600505099474336
Vast-Papaya-514,6,9,0.003436664326713916,0.00022539957488173641
One-Mall-624,2,2,0.0,0.00022414832699955235
mikethemillion,9,16,0.0008701310325878349,0.0002232276123349598
CommercialPlastic604,1,2,0.0,0.0002231607522412123
Golden_River_361,1,1,0.0,0.0002231607522412123
Weirdflchick,1,1,0.0,0.0002231607522412123
Fun818long,10,19,0.002448319619368368,0.00022227991247910644
thestormpiper,3,5,0.0014996274071645383,0.00022193489805147332
SuitIndependent,6,13,0.000663252955936793,0.00022179443924120521
hunglowbungalow,3,4,0.0,0.00022172089034082967
Temporary_Net_2924,10,3,0.006120734497828075,0.00022134610492442408
himan222,7,5,0.0014402279290379367,0.00022131347484827864
Lost-Copy867,8,5,0.0031470085091187907,0.000220885307877625
__nmd__,14,15,1.2686580279164475e-05,0.00022078706361959422
arr4ws,5,5,0.00043007265985399863,0.0002205305418773628
optionping,2,2,1.6007174172540923e-05,0.0002203624712148565
MayDayBeFourth,2,2,0.00027176353027523866,0.00021997759664982606
Musiclover86,6,5,0.00018523674502842602,0.0002199406149362869
zedemer,3,1,0.000810453536892385,0.00021943005363087638
chrisabulium,6,5,0.0008526618214582196,0.00021867915552579076
gauderyx,5,4,0.003594862604540023,0.00021865079071800854
ClinchingBot,9,0,0.0009479818753815615,0.00021848044246657402
DentateGyros,2,2,0.0003156708250677531,0.00021842112156890035
Miserable_Aardvark_3,2,7,0.0005180049494906772,0.00021842112156890035
TheFaceo,1,1,0.0,0.00021807149536388941
LaPizzo,7,8,0.00014152168239238904,0.00021775461137624958
MangoMonkey22,3,2,1.613749745452912e-05,0.0002170312498726719
drae-,19,19,0.0005973715651135006,0.00021667827033308376
Big-Recognition-6983,10,0,0.0030153197918982052,0.00021666087393226803
wingstophothoney,1,1,0.0,0.00021526942023102514
Aliatris,1,1,0.0,0.00021526942023102514
JasonsPizza,1,1,0.0,0.00021506072984160752
neskire96,1,1,0.0,0.00021506072984160752
Cracovian_metro,9,1,0.0032642455565170423,0.000214994134685519
LQNova,4,5,0.000857666199252429,0.00021441394823823887
Master-Baiter279,1,1,0.0,0.00021428242173634986
notjustsome-all,6,6,0.000937229322630413,0.0002142807231889696
Frankenllips,3,8,0.0007502298876784243,0.00021424522020155237
Prometheus_sword,4,7,0.002578844208806259,0.00021392415644432008
Powerful-Stranger143,8,8,0.0009138941166936948,0.00021352390598765113
jpcomicsny,1,1,0.0006055953570870148,0.0002133511841120555
TheLonelyAlcemist,2,1,0.00011947431302270011,0.000213125758133933
Feisty-Donkey,5,5,0.0014703860430501908,0.00021303219624095544
Iyerlicious,9,6,0.0009495348509327397,0.0002127426850487725
KSzkodaGames,4,4,0.00023894862604540023,0.00021259891565021267
sittingsparrow,1,7,0.00024057741000281022,0.00021216736349360263
Julyssues,1,1,0.0,0.00021216736349360263
Civil-Doughnut-8531,1,1,8.960573476702508e-08,0.00021216736349360263
filetmignonminion,9,6,0.0004825130292068276,0.00021182353705564912
Able-Physics-7153,10,0,0.004201609592343856,0.0002113999059162789
accidentprone2,1,1,0.0,0.00021136106374211057
filibustersufferer,3,2,0.00023894862604540023,0.0002111868595419361
I-Mean-This-Forever,10,3,0.0017949723763822398,0.00021097526051127674
steph-was-here,3,1,0.00023894862604540023,0.00021040052583851725
AlexandraThePotato,4,2,0.0016822339120709823,0.00021014440151857465
BillsMaffia,4,3,0.0031181467618467368,0.0002101385030848952
thumbuplhl,4,3,0.00019076445544644776,0.0002100753224362897
AShighashonor1,8,7,0.0015754481126013787,0.00021001457474113588
ShortTheseNuts,9,9,0.0033440358107570105,0.00020958791893551252
whowhogis,2,3,0.00041577630134699735,0.00020896990047142554
BlueMarkerIsGreat,2,2,0.0,0.00020896353892733437
Youwin737,1,1,0.0,0.00020896353892733437
asgxii,1,1,0.0,0.00020896353892733437
AnyBarber,1,2,0.0,0.0002085038384857532
tylamacky,3,2,0.0,0.00020775029814639804
OdoGrd,2,1,0.0,0.00020775029814639804
MoMoneyMoMilfs,2,1,0.0,0.00020775029814639804
BeepBeepInaJeep,2,2,0.0,0.00020775029814639799
smbpy7,2,2,0.0,0.00020775029814639799
OwnCricket3827,10,8,0.0,0.00020775029814639796
FormerCollegeDJ,4,6,0.0005097796963950226,0.0002077006332143283
mpschettig,8,9,0.0016712163899335695,0.00020543257784424304
chiddie,3,4,0.004507718382600596,0.00020539309614176868
snowfjell,9,10,0.0016970930387774806,0.00020485044983351074
Swedra,5,9,0.0006575966599115179,0.00020482593100971673
Fit-Percentage3406,7,14,0.0024311936938193083,0.00020387748876625936
treple13,2,1,0.00023894862604540023,0.0002037499847777738
Skaterade3,2,3,0.0,0.00020305401844052025
Independent-Mud-54,2,1,0.00023894862604540023,0.00020298129526730182
PsychedelicHaru,3,2,0.0008554369283697046,0.00020274311695861949
eliarbss,4,4,0.001360048666485495,0.0002024365607322956
Low-Conflict9366,13,17,0.0019127299989572136,0.0002022826686022871
Ok-Price-2337,3,2,0.0,0.00020218326573926627
whogivesashirtdotca,5,12,0.008194421147073352,0.00020205084405444833
20070805,17,33,0.0023257402797237643,0.00020156996859209324
Handsome_Bread_Roll,7,2,0.0003656951544462883,0.0002014054379308882
HungryZone1330,3,2,0.00011947431302270011,0.00020117508678243004
HeyPurityItsMeAgain,6,5,0.006340180516328682,0.00020109982496239705
9yr0ld,5,5,0.0,0.00020049097428379283
mindandmotion,1,3,0.0001436226131929037,0.00019951867937395074
kami_kaz_e,1,0,0.0,0.00019951867937395074
klein_four_group,1,3,0.005206483270494312,0.00019951867937395074
LittleBird35,1,0,0.0,0.00019951867937395074
ArcticMooss,8,2,0.0025670625944101797,0.00019923124763427262
starchelles,10,5,0.0017265495037956829,0.00019902548919780837
cnn,8,0,0.0008363201911589008,0.0001987479712167533
Squirtle_from_PT,8,10,0.013764644865796047,0.00019845015533828485
ManagerEvening4867,5,4,0.0006061791948135508,0.00019779442528968742
Pizzashillsmom,6,3,0.0008493032871747612,0.0001975285838591702
altrockforlovesongs,7,8,0.0006176915176457651,0.0001973435565782619
alldasmoke__,6,2,0.0029743249043118858,0.0001968082882328264
thediesel26,9,3,0.006034072345928838,0.00019643667290211605
Table_Coaster,2,2,0.0005014121166920072,0.00019588245167428308
Strange_Shadows-45,2,4,0.00034614855369945115,0.00019587234402418637
MarvelMind,11,14,0.0025595016834033895,0.00019500835078919745
australianquiche,1,2,0.0,0.0001948072773247149
SignificantMap2743,1,1,0.0,0.0001948072773247149
baseball_fanatic0887,7,7,0.00011947431302270011,0.00019466436976834349
Jusfiq,8,2,0.006136227811807255,0.0001944637053213533
Lethbridge-Totty,7,1,0.004686474710340017,0.00019432176489597386
singermelodie1,1,1,0.0,0.0001942233159389834
Sharean,1,1,0.0,0.0001942233159389834
Mysticwaterfall2,1,2,7.536162263238693e-05,0.0001942233159389834
afterwits,1,1,0.0,0.0001942233159389834
TymStark,1,1,0.0,0.0001942233159389834
Wickedsephiroth,1,2,0.0,0.0001942233159389834
PDXDeck26,8,4,0.00038750841823082037,0.00019418383603028296
Fun_Enthusiasm_9254,2,2,0.0,0.00019337349073519295
TopButterscotch4196,5,2,0.00041859643463189593,0.00019265190524702557
Jakovasaurr,3,2,0.00039799880832791073,0.00019247069017068003
LeoisLionlol,3,1,0.00017037025972211156,0.00019215845798748442
Top_Gun_2021,2,7,0.0031844484893427615,0.00019186564953314932
jwc53531,4,4,0.0023813354379006307,0.0001915214056563741
Neat-Bee-7880,8,11,0.0024318810177863864,0.0001912915063945719
ConsistentReaction6,4,3,0.00025971712191288053,0.0001911624617702405
bondcliff,8,6,0.0016995061294261113,0.0001904271711363838
hellokaykay,12,21,0.008328269860392121,0.00018967757111747454
norova,6,4,6.63961813501416e-05,0.00018943985168571654
metroatlien,7,9,0.0035929727649245007,0.00018909952169285227
smokeey,3,1,0.00021583836773174736,0.00018909188806804706
UnderstandingOnly443,10,11,0.0016545229874339344,0.00018904111964814286
ShackedMag,1,1,0.0,0.00018899007842313237
BackwerdsMan,1,1,0.0,0.00018899007842313237
Own-Adhesiveness5723,9,14,0.001459084595761093,0.0001886511787008087
a_panda_named_ewok,1,2,0.0,0.00018827705923551397
komugis,3,5,0.0004130478007763457,0.00018789855310138222
aapolloc,8,0,0.0008293365129624446,0.0001878334068196813
afloatingpoint,5,5,0.0007097615139902752,0.00018780070837358723
Able-Lavishness373,4,3,5.2661781902199626e-05,0.00018770756437849425
sharpnylon,5,4,0.00023920748705694942,0.00018768671759415527
bobatoastie,6,8,0.001705364877733054,0.0001876809979403328
louwhogames,3,2,0.00027076072780084714,0.00018723251811158273
survivorbae3,4,3,0.00011947431302270013,0.00018718754900366887
Nice_Insect3525,4,4,0.0001673726833479922,0.00018703565962524857
curlingtherainbow,11,12,0.0006731063944270145,0.00018699091584990898
sportsbunny33,5,2,0.0029533160631924535,0.00018663831412013394
ABirdOfParadise,4,3,0.000258608906700754,0.00018638274842252547
AffectionateForce760,4,5,0.00035842293906810036,0.00018631393646725283
MundaneRazzmatazz844,5,6,0.0027940031874013503,0.00018542799843825183
Goochtoucher,2,2,5.774591796097172e-07,0.0001853222913356357
SJSragequit,4,4,0.00046130400282671055,0.00018501914788267897
Myschossy,6,3,0.0004591041787509615,0.00018498651157286634
speda523,4,2,4.539086780577057e-05,0.00018478214500956057
Jaydayy,2,3,4.5005230653717285e-06,0.00018467586628898068
prnejjfnsnei,7,1,0.0005994518725204746,0.0001844840366927891
gigimarie90,4,1,0.0003457305543425518,0.00018445602290130086
FrmrPresJamesTaylor,4,4,0.0013916267725159076,0.00018432049988028446
Allegra1120,2,2,0.0001477912994150031,0.00018425865587723837
Massimo25ore,6,4,0.0004524853092828577,0.00018420718252929884
ckychess,9,0,0.0006596999594965168,0.0001833638264516312
Clean_Principle_2368,7,7,0.00011947431302270011,0.0001833420965393557
The-Oricle,6,5,0.0012787744889259222,0.0001832855340699783
SwissForeignPolicy,3,4,0.00025147150932375425,0.0001830457627398994
LopsidedHamster,9,0,0.0005175380999840006,0.00018300148523213387
clabancha,6,1,0.003158731881361684,0.0001828387053958043
MissMarionMac,5,5,0.002127073147668098,0.00018198603123013675
potatocakes898,5,3,0.0005417422432515104,0.000181613132205055
NoSmile5007,2,3,0.0,0.00018143453451126848
Tall_Astronomer_4330,3,2,0.00213176066472176,0.00018132638544666533
Comfortable-Mouse404,8,5,0.00014528442063142346,0.00018129657032192983
Aggressive_Moose3189,5,3,0.0,0.00018125678297890727
gamertyp,3,3,0.00035842293906810036,0.0001811562132165384
MW684QC,7,0,0.0036460076559153335,0.00018088741489766076
AlternativePay9581,6,6,0.00012193767218597037,0.00018071389222543545
CuriousCurator,6,2,0.0026597401661677357,0.00018059702579576362
A-C__,3,2,0.0,0.00018048542668668794
BBQ_Becky,2,1,7.2560806461346056e-06,0.00017943038844191485
Complete_Item9216,7,7,0.0025250187778683205,0.00017941128928739182
IAmQueensBlvd31,7,8,0.00023894862604540023,0.00017920069395072397
Soggy-Fox-9706,1,3,7.231995158639778e-06,0.0001791178704108577
Chance_Winner2029,4,4,1.572283703331614e-05,0.0001790509110973714
Finance_Plastic,14,40,0.0035395239657290637,0.0001788704684405681
ChaletJimmy,3,6,0.004976532253012104,0.0001786674486216954
ocean_888_,7,8,0.0014556127707368086,0.0001782214337199565
fun_mak21,5,7,0.0007642670370917916,0.00017814836958871588
BigInconsideration,19,29,0.0006426122914162362,0.00017810704002889618
Alamo-5447,10,7,0.0006261737930263409,0.00017808956410619823
Tacosrule89,1,2,2.3515692402202743e-05,0.00017792640945368712
ricardovr22,4,2,0.0006095263832166177,0.00017778927297874784
novaonthetop,4,4,2.313655046567384e-05,0.00017776312217166848
bigbobo33,3,2,0.0002965011247053172,0.00017757340131999632
lynchmar6,11,56,0.0010332485610902887,0.00017747511740449264
-----------________-,9,8,0.0006917235458704334,0.0001772600028672509
maritimesNB,4,8,0.005032985705976572,0.00017708331154944903
zakuropan,3,5,0.0007032214760427958,0.00017701116901479676
Zdzisiu,2,3,4.711080768428438e-06,0.00017679066003766877
SquirrelBlind,3,1,0.00011995221027479091,0.00017668222475879084
spill-the-tea_101,9,7,0.0005026049651799351,0.00017656544991090717
intecknicolour,1,0,0.0,0.000176161790885189
starlightequilibrium,2,2,0.00014262136809519015,0.00017593816082814016
eltree,3,3,0.0,0.00017518891471940862
anniebelle330,14,20,8.3613248165785e-05,0.00017480694714094383
personAAA,3,5,0.0,0.00017448647144592948
pumpingbomba,8,2,0.004232966802442732,0.00017420441072443492
Nepalman230,8,9,0.0005466541622669388,0.00017416521830798513
mosasaurmotors,9,1,0.003532926616273612,0.00017365020854209445
Leading_Dentist_5563,8,1,0.004658018174578333,0.00017359031973447202
jogisi,3,5,0.00023905615292712067,0.00017337076515406113
Artistic-Poem6668,4,4,0.00011791512160045811,0.00017331487762042695
benivt,2,3,0.00022159457063968644,0.00017328330190610498
Longjumping-Apple-41,6,15,0.0019029803868589553,0.00017315938512418708
NorthBase710,6,2,0.0025192647278855273,0.00017295977522190662
Firebitez,3,3,0.003695225147552644,0.0001727888019830167
SimpsonN1nja,15,15,0.0,0.00017265601818582555
1CatWoman,7,3,0.0004958524011502295,0.0001726385668222644
Heat-Limp,2,2,0.0002398580674512585,0.00017258165971468636
AllCopsAreBozos,2,2,0.0012736293287823272,0.00017254425675980757
Spiracle,5,3,9.753646567677139e-05,0.0001725315662270434
bellargonia,10,12,0.00036189025391833,0.00017229261671162762
Commercial-Set3527,3,3,0.0002195914049337541,0.00017205864933279735
oosajee,3,9,0.0039900446981086645,0.00017195171513202854
dsswill,4,5,0.003430824372759856,0.00017187581354873656
james3382747,1,1,0.0,0.00017146350604744265
sillaresmes,1,1,0.0,0.00017146350604744265
ExtremePikachu75,1,1,0.0,0.00017146350604744265
Practical-Shape7453,1,1,0.0,0.00017146350604744265
2013wasthedays,1,1,0.0,0.00017146350604744265
rhandy_mas,1,1,0.0,0.00017146350604744265
Powrs1ave,1,1,0.0,0.00017146350604744265
RabidLeroy,1,2,0.0008001814498209324,0.00017146350604744265
Abigail-ii,1,2,0.001592499244024933,0.00017146350604744265
smartdehumidifier,6,12,0.0012949008831833265,0.00017133057822098005
Beautiful-Top-8297,6,6,0.0001516930751713077,0.00017074914743063803
Strikesuit,1,1,0.0,0.00017070405860680003
buzzmemello520,1,2,0.0,0.00017070405860680003
Able-Ad3506,2,1,0.00013162024394541797,0.00017040979644773957
Material_Garden1223,7,18,0.006376333987242525,0.00017013121722050175
brianmmf,2,1,0.00011947431302270011,0.0001700655004437878
funkoramma,3,1,0.00022784584986305513,0.00016998271650548905
AwsiDooger,8,32,0.007547224207019314,0.00016998134871477755
sadflask,3,4,1.8528186616078149e-06,0.00016979870357251663
wawrinkle,6,11,0.0032427307274271798,0.0001697686947360842
Good-Trouble4840,4,1,0.0009561371432687554,0.00016972478283999967
footballfina,2,4,0.0049938783354271975,0.0001694954794097686
Comprehensive-Win247,9,22,0.004964411603645412,0.00016926560936914243
fortune,7,0,0.003375781566666827,0.00016890663222037273
half-agony-half-hope,10,22,0.01660494547166334,0.00016863023430076986
Plato-your-strengths,5,4,0.0026181874584802383,0.00016852085289628218
aseltee,3,3,0.00013128155014147883,0.00016847642302487804
an__ski,3,6,0.0003060459719745901,0.00016846959991931562
stammerton,7,0,0.0008602241221336462,0.00016838151714662647
a1dan3,1,1,0.0,0.0001680025412303974
Single-State-9107,1,1,0.0,0.0001680025412303974
Sandzaun,1,1,0.0,0.0001680025412303974
Unique-Activity8889,1,1,0.0,0.0001680025412303974
wjarrettc,1,1,0.0,0.0001680025412303974
WildPerception5264,1,2,0.0,0.0001680025412303974
Hockey4ever,1,1,0.0,0.0001680025412303974
LameOfficeAccount,1,1,0.0,0.0001680025412303974
stevelakewood,1,1,0.0,0.0001680025412303974
Independent_Fly_3620,1,1,0.0,0.0001680025412303974
Par25,7,7,0.0,0.0001679795291081507
Microflame,1,1,0.0,0.00016795886049220094
thbtm,14,24,0.00022654210274028328,0.00016768972839931187
krvlover,4,1,0.00023790504702709097,0.00016750064765240965
Dizzy-Ad-7643,6,0,0.0006014310038965762,0.00016705815261529438
TailorFalse3848,6,2,0.0009753611920520325,0.0001669672846626211
nai-ba,2,3,0.0002035117845887731,0.0001668769446106399
manuelmay887,2,5,0.00028038024731891854,0.00016683567130031376
tkath17,2,1,6.748086460225172e-05,0.0001655611051516296
tigers101212,9,9,0.0006604266057527386,0.0001653315306243654
styrofoamdreamer,4,1,0.0003621475284661201,0.0001650242367079864
ChocoboDave,1,1,0.0,0.0001648334485841939
sciencep1e,7,1,0.0030030310442602645,0.00016368785734591467
polinnaa,15,25,0.002890034293975446,0.00016336333611977603
5919821077131829,4,4,0.0007363189445026811,0.00016317529114673681
Tattieee,5,3,0.00010910229881296106,0.00016256219880689783
BostonSucksatHockey,6,2,0.0026145705671552825,0.00016256195079159414
mikeysaid,2,1,0.006626496984797278,0.00016236152746634762
Atarissiya,4,2,0.0023590480356137423,0.00016233534379176816
TsarinaOfHearts,3,8,0.0001248195380958023,0.0001616911457889113
pikaiapikaia,6,6,0.0028943949918373707,0.00016163101493905805
Anton-sugar,3,1,0.0022602634425523695,0.00016136445225501148
Eleoste,3,2,0.0004220417319940086,0.00016134762825538242
Just_Map4878,3,3,7.867674306370904e-06,0.00016123706689591676
Available-Error1658,2,4,5.906023507870033e-06,0.00016096667300878275
inreverie187,4,2,0.0002900506748302677,0.00016079383211292585
Subject_Analyst_4658,2,2,0.0,0.00016054831154313658
LionBig1760,8,8,0.00554851925375517,0.00016049968055102445
Coyote_Shepherd,12,18,0.00836534439759947,0.00016049214207183344
gschiltz,7,0,0.0005978972520908004,0.00016013346490283129
bpomber,5,3,0.0022559899416055716,0.0001599741370924149
kennyandkennyandkenn,5,2,0.00030504260224719834,0.00015985175276825647
weird_oh_tho,4,3,0.0011035137849508257,0.00015963364360341425
Suitable-Soup-42,4,2,0.00046442990986115087,0.00015931307647722002
ECrispy,11,17,0.001052225688086237,0.00015909137362012864
BramptonBatallion,5,3,0.0005261502374273439,0.00015874865070460622
corvuscamillus,4,2,0.0004568737398422882,0.00015867091506704348
BCEagle13,7,9,0.0019865667734345733,0.00015838911013953006
elijuicyjones,6,3,0.0002616635058467572,0.0001582279236511798
Low_Stable7628,4,3,2.8947445858739745e-05,0.00015803392579524645
facingmyselfie,1,2,9.214660754982952e-06,0.00015757303221268268
Downtown-Ice-5031,1,0,0.0,0.00015756808589160158
Suggie876,6,9,0.005923472452908016,0.00015746297315695279
Triss-Nguyen-03,4,3,0.00044006280364885733,0.000157260786025957
Piisuli,10,11,0.0004771992557001115,0.00015680410413525904
HamAndSomeCoffee,5,9,0.0022527068763431037,0.00015679265390923077
danglesmcjangles,1,1,0.0,0.00015675731114671835
GazonkFoo,7,8,3.5539268332169334e-06,0.00015656518408237803
defconQ,2,1,0.00011947431302270011,0.00015655510434989562
Bloodraven23,2,1,0.00011947431302270011,0.0001562611664269645
e37d93eeb23335dc,4,5,0.0005912244979609815,0.00015566268820038875
Strwb_Beri,6,1,0.0004872554244794713,0.00015560097233032732
yomts,1,2,4.977422033529354e-05,0.00015525152379929988
postcardpopsicle,4,4,0.00027847268000179287,0.0001551891285598209
mainlywatching,3,2,0.00022188889980727757,0.00015517395780671175
peridotpicacho,8,1,0.002569750625636842,0.00015503773711274176
AdRich4771,6,5,0.00029732231653357245,0.00015486662481681935
TheBlackJett,7,0,0.0,0.00015455145506270006
icoulduseaday,1,4,0.0,0.00015438085971115537
Honest_Contract_1488,1,1,0.0,0.00015438085971115537
jdude_97,1,1,0.0,0.00015438085971115537
tiger_jedi,1,1,0.0,0.00015438085971115537
outfocz,1,1,0.0,0.00015438085971115537
ilovepizzawithcats,1,2,0.0006399541986336326,0.00015438085971115537
Limp_Aerie_6003,3,6,0.0006860508549488054,0.00015424571269423036
wholalaa,7,11,0.0012430116137097528,0.0001541345890865503
Cyanr,4,5,0.0021778195386964612,0.00015412736803143706
Annulus3Lz3Lo,3,3,0.00024435980178068095,0.000153553075234362
No_Hippo_8724,10,12,0.0,0.00015341815318367584
SickandTiredofItAll2,6,2,0.0003392085040473416,0.00015288122076714293
rockhopper75,6,15,0.0008521179454475818,0.0001528388339337935
ourferocity,6,8,0.003034202888023236,0.00015256101008454223
chenchenhuo,3,1,0.00010198206388089934,0.00015193271374356856
jamaicancovfefe,4,4,0.001541424713921775,0.00015193207534747356
double_sal_gal,9,26,0.012770603635746813,0.00015182726330312173
Hawkbats_rule,7,5,0.00023960933796059243,0.00015152133486360028
PlanetaryAssist,4,4,6.224851394837526e-05,0.00015141070686568061
Bmayne,9,8,0.00031265937559570944,0.00015122096681210735
TheEagleWithNoName,4,4,0.0004431879299039276,0.00015083514498692371
StitchAndRollCrits,3,7,0.00013453329728692746,0.00015079125265315022
Siwix,3,4,0.0,0.0001506230029472079
Able-Leek1505,1,1,0.0,0.00015030153447266557
skefmeister,8,9,0.0001711196329428405,0.00015019896081226215
wreck0,5,2,0.0004725148136056731,0.00015006929389558874
TransitionUsed4092,4,4,6.956050472710686e-05,0.00015006819457855027
Comfortable-Net-6916,3,3,0.00011947431302270011,0.0001495898775654002
indeedy71,4,4,0.00012622895583245305,0.0001495141641700374
windyyuna,4,5,0.001285328398485056,0.00014933499090252775
TheMoonIsFake32,3,6,0.0024662662895522307,0.000149331239096894
knight_380394780,4,4,0.0003369444152931206,0.0001492306118538012
zkqy,5,3,0.00023894862604540023,0.00014909978027048194
tadoid0,3,1,6.958809058537846e-05,0.00014896791554063222
Sometimesiski,1,1,0.0,0.00014832856146636646
TwentyFourKG,1,2,0.0,0.00014832856146636646
Clubhouse9,1,1,0.0,0.00014832856146636646
Seawolf1121,1,1,0.0,0.00014832856146636646
Pretend-Activity-533,1,1,0.0,0.00014832856146636646
Ok_Maybe1830,1,1,0.0,0.00014832856146636646
-kosto-,3,6,0.0005152202816878313,0.00014794626062141004
randomname_99223,3,1,8.212855836055413e-06,0.00014788061584091028
Max_FI,3,3,0.0005237888872411489,0.00014776746542688162
Tight-Might68,4,0,0.0006572587935678274,0.00014770574632590395
Agitated-Airline6760,4,5,0.000781329529686022,0.00014770070852630814
Low-Age1487,10,9,3.5374484720108266e-05,0.00014714464472090032
ImperialxWarlord,6,8,0.00030246736228772044,0.00014713601415638705
aromaticchicken,4,6,0.0019087394260766414,0.00014695240559937836
Knook7,10,4,0.002545328523854137,0.00014673646832740335
Z0idberg_MD,5,4,0.00224023287234089,0.00014656845945542281
HongkongKings,11,1,0.005711993321029218,0.00014642396185272888
headacheinasuitcase,2,1,0.0,0.00014631606559059512
DasGoon,1,2,0.0,0.00014631606559059512
NastyKniesy,2,2,0.0,0.00014631606559059512
runninginthe-90s,2,2,0.0,0.00014631606559059512
kaufsky,2,2,0.0,0.00014631606559059512
veryhungrybiker,1,1,0.0,0.00014631606559059512
HydroidZero,2,2,0.0,0.00014631606559059512
raptorz25,1,1,0.0,0.00014631606559059512
UnchangeableName64,1,1,0.0,0.00014631606559059512
Leather_Brush_5499,1,1,0.0,0.00014631606559059512
dudemandad99,1,1,0.0,0.00014631606559059512
taoson218,1,1,0.0,0.00014631606559059512
Classic-Soup-1078,6,6,0.0,0.00014631606559059512
TronVin,6,6,0.0,0.00014631606559059512
2Beer_Sillies,2,1,0.0,0.00014631606559059512
DeltaSierra97,1,1,0.0,0.00014631606559059512
spinorama29part2,1,1,0.0,0.00014631606559059512
NorweegianWood,1,2,0.0,0.00014631606559059512
benjaminbrixton,1,1,0.0,0.00014631606559059512
Sekshual_Tyranosauce,1,1,0.0,0.00014631606559059512
gatorchomp28,1,1,0.0,0.00014631606559059512
Mechakoopa,1,1,0.0,0.00014631606559059512
Ill-Cry5810,2,1,0.0,0.00014631606559059512
Wide_Mess193,1,1,0.0,0.00014631606559059512
SlashKeyz,2,3,0.0,0.00014631606559059512
iowaisflat,2,2,0.0,0.00014631606559059512
ShoddySmell46,2,1,0.0,0.00014631606559059512
holyhibachi,1,2,0.0,0.00014631606559059512
Didymus4,2,1,0.0,0.00014631606559059512
TimeKillington,2,3,0.0,0.00014631606559059512
Non-Conventionnel-77,1,1,0.0,0.00014631606559059512
SawWhetOwl,1,1,0.0,0.00014631606559059512
DoterPotato,3,2,0.0,0.00014631606559059512
JokeBright7055,3,3,0.0,0.00014631606559059512
Egget82,2,3,0.0,0.00014631606559059512
Titty_inspector_69,3,3,0.0,0.00014631606559059512
MumblingBlatherskite,1,2,0.0,0.00014631606559059512
just-a-random-accnt,1,2,0.0,0.00014631606559059512
Actual_Night_2023,3,2,0.0,0.00014631606559059512
arbai13,3,2,0.0,0.00014631606559059512
FunnyID,2,2,0.0,0.00014631606559059512
Visible-Economist-48,2,2,0.0,0.00014631606559059512
LazarusRising22,2,2,0.0,0.00014631606559059512
ididntwantsalmon19,1,1,0.0,0.00014631606559059512
fanime34,2,3,0.0,0.00014631606559059512
OldPhotojournalist82,1,1,0.0,0.00014631606559059512
Cronin1011,1,1,0.0,0.00014631606559059512
fluff-elegant,1,1,0.0,0.00014631606559059512
justsamo,1,1,0.0,0.00014631606559059512
NameIdeas,3,2,0.0,0.00014631606559059512
ginnistonik,1,1,0.0,0.00014631606559059512
MrDrMissTerry,1,1,0.0,0.00014631606559059512
mantaray346,1,1,0.0,0.00014631606559059512
fedeita80,1,1,0.0,0.00014631606559059512
Fluuf_tail,10,10,0.00036018572268882584,0.0001461132811631952
TheHabChronicle,5,3,0.001693398876189154,0.00014599538737911183
yoknows,6,3,0.00012488759798958714,0.00014572918917120858
Reply-Plus,2,1,2.389486260454002e-07,0.00014568807061844728
bluems22,2,3,0.00011947431302270011,0.00014557463269055334
Dry-Exchange2030,2,6,4.182138754938523e-05,0.00014554593105048187
Sinocized,8,8,0.00015673609890045929,0.00014534961028935328
Brilliant_Style6105,2,1,0.0,0.00014501466799782817
Pilige,2,2,0.002958577002025847,0.0001448699727860662
Aggravating-Rush9029,2,2,0.00047789725209080046,0.00014484072824009247
InternalBest1194,4,1,0.00021918219024512353,0.00014464996729916303
Neat-Primary9836,3,1,0.00011722647592781425,0.0001446004209951108
halszkap,2,1,0.00011947431302270013,0.00014444018115864504
pureshred,1,1,0.0,0.0001443724948717375
delaysank,1,1,0.0,0.0001443724948717375
FunnyLine313,1,2,0.0,0.0001443724948717375
horbu,1,1,0.0,0.0001443724948717375
killyoursocialmedia,1,2,0.0,0.0001443724948717375
jack_the_beast,1,1,0.0,0.0001443724948717375
thebrian1,1,1,0.0,0.0001443724948717375
redshift83,1,2,0.0,0.0001443724948717375
Odriiig,13,17,0.00049518252112455,0.00014434537631447
Existing-Astronaut80,2,2,0.0001283779604739942,0.000144207168803557
fibonaccisequence135,2,2,0.00048655391120485953,0.0001440838590159828
ReadSmedleyButler,7,4,0.002373930302892228,0.0001437511829415841
CraftyPositive2700,9,12,0.002237562289098529,0.00014351120634023993
TwoBassoons,2,3,0.00028364186397725416,0.00014341654577118727
sexmath,6,3,0.006119487071336843,0.00014339632652463573
teewertz,5,6,0.0,0.00014326043674413061
ubiquitous_archer,4,2,0.0010817941287290587,0.00014299223080127657
Random0925,3,1,0.000120384237742679,0.00014276239918361664
Alarmed_Bullfrog6241,6,3,0.00041339370612474875,0.00014268412712475058
Top-Scarcity5937,5,6,0.0007250787882416286,0.00014237990866770332
External_Debt_2087,3,5,0.00023894862604540023,0.00014233905256522543
applegoesdown,5,10,0.0006098036379843002,0.0001423375260902643
evanmav,2,2,0.0002931316612452379,0.0001423343277321116
A_New_Day8108,2,1,0.00023894862604540023,0.00014218988669170853
Gravitas_free,2,1,7.121933440425756e-05,0.00014210115870417057
idkcat23,2,1,0.00011947431302270011,0.00014204299456051033
glossedrock,4,5,1.727439474195128e-05,0.00014175976020252643
39MUsTanGs,3,10,0.007789261954875656,0.0001417130241523578
FrozenRose_816,4,17,0.003959919185960405,0.00014118992827130255
shawnglade,2,1,1.0643290986428239e-05,0.00014103834747723274
scruffy_x,1,1,0.0,0.0001410230983665273
FifthEboysMember,2,2,0.0,0.00014100468817131642
Emergency-Range-4455,2,1,0.0,0.00014100468817131642
Numbat-Possum,2,3,0.0,0.00014100468817131642
Miserable-Thing942,2,3,0.0,0.00014100468817131642
Croaker_392,3,3,0.0016220090421233276,0.00014075428448074803
forwardaboveallelse,6,4,0.0005985429019748002,0.00014069818651350866
southofnowhere,7,3,0.0005737328542118022,0.00014058127545257872
Meowmixalotlol,4,5,0.0002587428878776267,0.0001405570834615773
greendino71,2,1,0.008914924431544501,0.00014050321924563442
Brick-Foreign,8,0,0.0006379485839179893,0.000140502217377817
Professional_Put5549,2,3,0.0,0.00014043628125059591
Sarcastic_Backpack,1,1,0.0,0.00013990796681365283
SportsMOAB,3,1,0.00012505875495491767,0.0001398856551078407
litenkyckling,4,5,1.2709854519597322e-06,0.00013971103512087777
mcauthon2,6,5,0.004242455684806724,0.00013948560545216495
lilacdawn,4,5,0.00016845557832876687,0.00013914019057964476
gutentom,2,1,0.0,0.00013911041334819176
kayel090180,1,1,0.0,0.00013909558863847143
Status_Comparison222,1,2,0.0,0.00013909558863847143
Pale-Effective5926,5,8,0.0,0.00013894009671635383
Alex09464367,7,1,0.0009090525696317791,0.00013875750212004196
PlanktonForward7198,3,2,0.00018136817177600906,0.00013858879948935995
mrfroid,6,2,0.0006621274783226031,0.00013854521931512182
IDontWannaBeHere-WW,1,1,0.0,0.00013842069772707687
LegoSaber,4,3,0.002649651956369894,0.00013838652881880187
number1sht,1,2,0.0,0.00013831983477530064
amexredit,3,1,7.147098030301588e-05,0.00013828884764605768
BobaTeaFetish,7,6,0.0002775693358867893,0.00013794386557055112
RSF24,1,1,0.0,0.00013775306173787881
Invorvial,2,1,1.9892629965005608e-05,0.0001377157156143614
OffTheBar2017,2,1,0.0,0.00013768832437283484
MarginOfPerfect,6,9,0.00042149513782304836,0.00013766960088719172
fallen-swagger,1,1,0.0,0.00013757895333903325
Gavin1453,5,5,0.0,0.00013733351641280242
Overtons_Window,3,3,0.00012674124760146267,0.00013732961157459354
jquailJ36,3,6,0.0003297958346395859,0.00013719690494138292
RTPGiants,9,12,0.0004866838939116701,0.00013708242401114403
TUSUYp,10,10,0.00037576822550742974,0.00013624695187574923
DannyQ3913,1,1,0.0,0.00013616225103644283
moosemachete,1,2,0.0,0.00013616225103644283
mweszty,1,1,0.0,0.00013616225103644283
Slambodog,1,2,9.725116715651242e-05,0.00013616225103644283
East_Feature7219,1,1,0.0,0.00013616225103644283
oldmaninatincan,4,4,0.0004186859765196928,0.00013608411637399108
milliv4nilli,3,4,0.00021596834782753785,0.00013603580484518728
Working_Bowl_7749,2,1,0.0005168962796151593,0.00013600754778682857
Gisselle441,3,2,8.473699322823922e-05,0.00013597168466164487
bobbimorses,6,3,0.003813340966757023,0.00013564901286775046
SorayaAmythest,2,9,0.0007190848489331407,0.00013555001950229937
JohnyZoom,3,2,0.0,0.00013541663581470372
CooroSnowFox,10,16,0.0010367753094035446,0.00013536615002698635
JsXtm,8,4,0.00044692721646066494,0.0001353549566177499
LadyMargareth,7,14,0.0002557583289055478,0.0001353328506318999
CoffeeBlocks,1,1,0.0,0.00013531055307804994
Adexiii,4,4,0.0,0.0001352823838436514
JerseyDvl,5,6,0.0005070257703969945,0.00013525112992545911
AlohomoraFS,2,2,0.00039201360827147017,0.00013521643635435723
Goose312,3,1,0.00014113046445101047,0.00013499790621935486
jbworth,5,8,0.00020305835661341034,0.00013490156423656753
DayUp3,3,1,6.050159027046764e-05,0.00013482238399362286
EuphoricZombie3276,9,13,0.0012381321580610298,0.00013467255399400487
Odd_Artichoke_3700,5,9,0.000619354693426598,0.00013443658749900966
AuthorAltruistic3402,8,15,0.0009034903388264743,0.0001343922059887047
Oukaria,3,5,0.0002488515208763488,0.00013430301908021116
Accomplished-Cow9105,2,1,7.407407407407406e-07,0.0001340629344387375
Bad_Idea_Hat,2,1,0.00011589372995653005,0.00013391584995904978
qwertyuijhbvgfrde45,1,2,0.0,0.0001330408806017024
smartydoglady,1,1,0.0,0.0001330408806017024
SnackAston-Reese,1,1,0.0,0.0001330408806017024
tequilasweatshirt,2,1,0.0001567341819139084,0.00013300799960355378
Swarles_Barkley79,1,1,0.0,0.00013273866559423373
ShoeSh1neVCU,1,1,0.0,0.00013273866559423373
Internal-Weekend-910,8,9,0.00016808810278821516,0.00013272241759131796
EvidenceClue,1,1,0.0,0.0001326380690134731
LocalTownGhoul,1,1,0.0,0.0001326380690134731
CreamingSleeve,1,1,0.0,0.0001326380690134731
TheFredrckConnection,8,3,0.002129420116939541,0.0001324004505849705
iwantedCheerios,1,1,0.0,0.0001323975409521149
thotswhathesaid,1,1,0.0,0.0001323975409521149
ahuramazdobbs19,1,1,5.285858572614415e-05,0.00013233687692246372
Prudent_Mail_993,6,6,0.00020998087930320037,0.00013225878987469257
Snackatttack,2,3,0.0002512711663146984,0.0001321302581881446
miller94,4,10,0.0034915462509612586,0.00013200233984126902
SunTzu-,5,0,0.0014996123452852923,0.00013195091411861266
Regular-Switch454,2,3,0.0,0.00013193958446733743
Ragnarotico,2,2,0.0,0.00013193958446733743
Son_of_Atreus,2,2,0.0,0.00013193958446733743
Oohhthehumanity,4,4,0.002606174597040721,0.00013185756201607984
funduckedup,10,10,0.00012699824511943123,0.00013157016876239183
groovystreet40,3,2,0.0002654650462298971,0.00013154848016215165
TeeTheSame,10,19,0.0006930215765529277,0.0001315319802542347
GsGenesis,2,4,0.0022424777871154497,0.00013132934908321835
snug97,3,2,0.00024160991895400506,0.00013089683606472928
Bruichladdie,7,8,0.0020157910288226013,0.00013088178596858805
aflyingsquanch,7,5,0.0016888963714639484,0.0001308259020343021
Drink-my-koolaid,2,3,5.325333177091281e-06,0.00013063408956140993
EPMD_,14,9,0.005622590020910107,0.00013053217502248128
AmusingAmbush,3,3,0.0004831559060926173,0.00013038892054305622
LastWalker,3,2,0.0025862289555109853,0.0001302579951753588
ClapTwiceForUpvote,4,4,0.001994944261497108,0.00013021684344388936
Uno-Flip,3,3,0.0010425404341904486,0.00013012780193126915
prisongovernor,4,0,0.0,0.00012999675216176094
Legitimate_Buddy4806,6,4,0.0005062327664180938,0.00012999019759651136
Celestetc,10,27,0.013148033165616404,0.00012996381966701918
Amphibious_Fire,1,4,0.0025649794334756193,0.0001297009873332946
BigFish610,2,1,0.0,0.0001293625799646218
Usual_Court_8859,1,1,3.41304367023097e-05,0.00012927523163203317
BadAspie,2,2,0.00048122474274562893,0.00012927030689280366
ResidentSpirit4220,3,3,0.0,0.00012918832844949682
BuzerantSpettacolare,10,11,0.0006140467174696644,0.00012913499156148883
Novel_Surprise_7318,8,12,0.0010426265187342422,0.00012900685288885397
ChristmasClimber2009,4,6,0.0007632467529734526,0.00012894112347198956
jma9454,1,1,9.27392028061049e-05,0.0001288786959520381
apaintedhome,2,1,0.0001704304639741821,0.00012884965542492066
yourebreakingmyballs,9,9,0.0006257635612092196,0.00012878863353689912
BillsBowlBoundBaby,6,8,0.0002147049859233827,0.0001287713198774364
Due_Log_634,2,1,5.303252633267406e-05,0.00012862174521597388
CriticalSecurity8742,3,1,0.00013073942588673015,0.00012851734640422833
Inconceivable76,4,2,0.0007011783865600882,0.00012836709670078526
TIFUbyResponding,3,2,0.00023355692360534224,0.00012793349230210153
FigureSkatingisCool,2,3,0.0,0.00012791170504972566
Intelligent-Luck-954,2,1,0.0,0.00012791170504972566
Critical_Gas_2590,2,2,7.859094637461728e-05,0.00012791170504972566
melodramaticmoon,2,3,0.0,0.00012791170504972566
StephLSmith,4,4,0.0007258887518636776,0.0001278870051887689
Moist_Bison9401,6,5,0.0002367017367275378,0.0001278744991189694
DannyDOH,3,5,0.0038813583790585473,0.00012776912602519065
Bigcheese1211,4,7,3.8428730108093e-05,0.00012775969642946422
Ch1mpy,2,2,0.0,0.00012766039527126928
NZafe,2,3,0.00018677912680927186,0.00012757256506987764
Esper8nzA,3,3,0.001558508788574571,0.00012741313488439824
vrphotosguy55,5,8,6.865677850608364e-05,0.00012739841618561074
icerooo,1,1,0.0,0.00012727501698468437
flematic,5,0,0.00024792164957039505,0.00012697498576661373
Dry-Comparison9138,8,14,0.00019652334522516954,0.0001269306390551145
PhilTickles0n,1,1,7.902443326285616e-05,0.00012689606692642869
nuleaph,1,1,1.592990840302668e-07,0.00012689606692642869
higherbrow,5,9,0.0003808588900920474,0.00012679518278696945
Rosebunse,3,6,0.0009075521679304254,0.0001267872303930222
Widdox,5,5,0.00012102763965646215,0.00012663478477942328
essiefraquora,4,5,0.0005422143148684132,0.00012648901546711508
DragonFireHeart1507,4,7,0.0001225171529667682,0.000126472002101698
Muflonlesni,6,9,1.1495855630734363e-05,0.00012643012649259975
WBaumnuss300,4,6,0.0019910375846370772,0.00012628688817746246
pumpkinspruce,10,11,0.001818129554182364,0.00012616310245790825
Spaghettivreter96,4,1,2.3998636562231498e-05,0.00012598946562505264
dirtcollins11,7,0,0.000492708541990311,0.00012593973987014542
onefeatherplume,5,6,0.00012049571409607253,0.00012583173066532232
spobmep,4,5,1.884863978765074e-06,0.0001258196815158104
multiequations,3,3,0.0012259840871251598,0.00012579357983230624
Serononin,2,6,0.0006515665513474887,0.00012572654606101953
ssagle,2,2,0.00017598499213677333,0.00012567202571554345
churro66651,4,18,0.0027238329077743286,0.00012558118604149397
wildlyintangible,2,1,0.00011947431302270011,0.00012554668512188008
stefanointelisano,6,0,0.004603405480917999,0.000125432079331538
shipperondeck,2,2,0.00011947431302270011,0.00012539590097465246
anton_d66,1,1,1.0270952743131425e-05,0.000125278704645288
ShovelKing3,1,1,0.0005548941688877613,0.000125278704645288
th3s1rslurm,3,3,0.0007968097552966602,0.00012523751743182503
United_Seaweed3742,7,7,0.0010308807663320756,0.00012510378021911506
Malkinx,1,1,0.0,0.0001250732676752967
RocksteadyNBeebop,1,1,0.0,0.0001250732676752967
SirTropheus,1,1,0.0,0.0001250732676752967
JJD14,1,1,0.0010831051418027469,0.00012495893812620909
Robcobes,2,3,0.0,0.0001249375712889645
shonami,6,6,0.0003683449016699621,0.0001247042887904366
snowstealth,3,3,9.268217999143599e-05,0.00012447619600049168
UsefulPoem5030,4,3,0.0003276213527071989,0.00012432661960740774
MissKorea1997,6,4,0.0029545282966976253,0.00012415633733250955
Anistappi,2,1,0.00011947431302270011,0.00012410672824125524
RustySheriffsBadge1,2,3,0.000372659551765926,0.00012410672824125524
Due-Understanding339,2,2,0.00023894862604540026,0.00012377225921509348
spicolispizza,3,2,0.00035842293906810036,0.0001237211373134065
StewardFlavius,3,4,0.00047389120803831145,0.0001237211373134065
Emergency-Bit-8829,1,1,0.0,0.00012363796329378454
Urpervyneighbor,1,1,0.0,0.00012363796329378454
Blubberinoo,2,1,0.0,0.00012358084492460872
megggers,3,4,0.00035360211804071116,0.00012357337861602146
LostMyEmailAccount,4,6,0.0007252955022839714,0.00012350368861850801
Strict_Pangolin_8339,7,5,0.0002936884517181483,0.0001234606792752509
epeilan,4,11,0.011956737685240073,0.00012327974961282863
TropicalPunch,9,12,0.0007292467561185646,0.0001232258271060493
CoffeeAndCurls76,4,13,0.0016311174500525584,0.00012314158307242463
CanIEditThisLater,3,3,0.00011947431302270011,0.0001230729312718623
whoateallthesnacks,2,1,0.00011947431302270011,0.0001229175259532469
Extension_Brief_7971,3,1,0.00011947431302270011,0.0001226268409850508
FloralAlyssa,3,3,0.00012098765432098764,0.0001225562959657803
DtheS,7,5,0.0019143545611162089,0.00012248331962794382
Awkward-Bit-77,2,2,9.974188658681905e-05,0.00012215045798723553
mjmassey,4,3,0.006500177367049328,0.00012202190608025839
Adventurous_Ant5428,3,0,0.0001260783186926324,0.00012179249010477274
figureskater_,3,2,8.931838242841236e-06,0.0001217372190521574
sports-ports-orts,2,1,0.0,0.00012164779877009309
slayer828,3,1,0.00023894862604540023,0.0001216005058232563
Howtothnkofusername,3,3,8.369119020064698e-05,0.00012156311244941006
PossibleAcademic523,3,2,1.238103554401546e-06,0.00012150842178451908
Due-Impression8466,2,4,0.0,0.00012145048317723546
WhatLineOfWorkRYouIn,4,4,0.00012090634766340842,0.0001213866328571485
lunalooneymoon,4,4,2.7011383602609502e-05,0.00012121307700069233
kmw22799,5,3,0.0013195546135013807,0.00012117029069835817
Good-noodles82,3,2,4.9013240481004704e-05,0.00012103099833263783
MichaelJL77,3,1,0.0006765516004000179,0.00012102562902213644
Fine-Independent1848,2,7,0.00017564106052774813,0.00012102082356848122
bhandsome08,3,2,0.0,0.0001209678714312842
epic1107,2,1,6.732291420847969e-05,0.00012085466143114621
cmiller4642,4,3,0.0012155468130464837,0.00012084207098088269
Additional_Tip6675,5,7,0.0006674197162366112,0.00012077726720855609
treenleafy,1,1,0.00029058538150572306,0.00012072126786559112
ImpossibleGeometri,1,1,0.0,0.00012072126786559112
kjong3546,3,2,5.3490511754524836e-05,0.00012070901051945026
Ange1ofD4rkness,6,21,0.007357808261508993,0.00012051330338644305
PlasticDry2697,4,4,0.00021284248994147216,0.00012043834117236586
NightmareValentineee,7,10,0.0007240955005254937,0.00012038736832408274
master-shredder6969,1,1,0.0,0.00012035892233912134
SoooperSnoop,2,4,0.0,0.0001202116259166581
Key_Account_6591,5,6,0.000269690677005117,0.00012016742917329998
Most-Artichoke6184,1,1,0.0,0.00012004750411143793
mlippay,1,2,0.00011947431302270011,0.00012004750411143793
BigSky456,6,8,8.980610148945154e-05,0.0001197835646510201
themapleleaf6ix,3,4,0.00046762864611537023,0.00011969122707401084
mbrick206,1,1,0.0,0.00011965567363232164
Ok_Ingenuity_3501,2,2,0.0,0.00011947987433310608
NotoriouslyBeefy,2,2,0.00035842293906810036,0.00011947987433310606
ScoobyDone,2,2,0.00035842293906810036,0.00011947987433310606
RHunter892,6,6,0.0002901929430820314,0.00011925221691630228
DaGiants,1,1,0.00011649849762704692,0.00011922798746932716
cssc201,2,7,0.005399503964398056,0.00011906087609281635
twbk,3,4,0.0,0.00011904003716807206
Ds9niners,2,8,0.00037969534842633665,0.00011898485835622984
jordanp2019,7,5,0.0004438086055059654,0.00011880943660053741
Spiritual_Ear7787,5,5,0.00014956161039656162,0.00011851068620660818
wombocombo27,3,2,0.00011947431302270011,0.00011793926361466755
MirkwoodWanderer1,2,2,0.00028314509268893585,0.00011783749437487394
misfittroy,3,1,0.00011947431302270011,0.0001177257242743589
Fear-the-North,2,3,0.0007240801072225452,0.0001176893666126039
abigailrose16,3,3,0.000444540098643186,0.00011748927918856802
54580,2,3,0.002196576835465326,0.00011739354017092914
lockedintheattic74,1,1,0.0,0.00011722760956072246
rexsk1234,1,1,0.0,0.00011710510559187897
emjay4189,5,0,0.0,0.00011674657067280087
skidmarkcollege,5,9,0.0015272075246403596,0.00011669541162298233
Fit_Feed_1307,4,5,8.711598365039854e-05,0.00011652584049081239
Basic-Foundation9237,4,9,0.004144902348727197,0.0001165205459739311
DelaraPorter,2,1,5.103302242866221e-05,0.00011647561361069234
Sportyj,3,1,0.00013000083375985208,0.00011640355853654567
megaapfel,2,1,0.0,0.00011624592150362973
coldestclock,5,10,3.4869266801016455e-06,0.00011620737946465411
battlestarvalk,2,5,0.00017164584410583707,0.00011614647221553348
King-Harvest,3,3,0.00023894862604540023,0.00011613155450484492
ahuman1321,2,2,0.0004531617579918681,0.00011610202772737117
Sherifftruman,6,9,0.00016377503348895974,0.0001159133163862534
DebatableJ,2,1,1.8678579735294387e-05,0.00011566150381977564
actionparkranger,3,3,0.00011959402676320383,0.00011566075111979008
IlTacci,3,3,0.00040797994298490516,0.00011565945981433115
Precursor2552,1,1,0.0,0.00011559894931269363
smartazjb0y,1,1,0.0,0.00011559894931269363
aaarry,1,1,0.0,0.00011559894931269363
Rarecandy31,1,1,0.0,0.00011559894931269363
Lolxgdrei787,3,2,9.4693899116055e-05,0.00011559001218751006
I_NEED_YOUR_MONEY,2,0,8.181504988150882e-05,0.0001154144496130164
Niffelar,5,7,0.0003247093500835709,0.00011534647015766298
Crazy_Logician,3,3,5.5860766398360814e-05,0.00011518183549920942
Nickis1021,2,4,0.0004101880848988246,0.00011499908759815008
FANGO,6,7,0.0006779733353605196,0.00011448489097579375
LauraKl10,1,2,3.788584225327433e-05,0.00011410555740860418
LeisurelyLoner,1,1,0.0,0.00011410555740860418
donutcapriccio,4,5,0.0015142556446322945,0.00011404706139966498
DebuggedRobot,2,2,0.0,0.00011364649072763964
Draw-9663,7,5,0.002476941457586619,0.00011359616364030926
ImteamfishYt,6,0,0.0006290411992377146,0.00011351158750314438
PhilU52,1,1,0.0,0.00011346022584389483
marronmae,1,1,1.437042535270411e-06,0.0001133903944991007
darthkardashian,1,1,0.0,0.0001133903944991007
Peter_PaImer,1,1,0.0,0.00011337606578770041
atomant32,1,1,0.0,0.00011337606578770041
dickthericher,1,1,9.837720089971526e-05,0.00011337606578770041
sportsyyc,2,2,0.0008327047053566701,0.00011334654221088273
GirlCoveredInBlood,2,2,0.0003847418311980508,0.0001133089433548066
aaronman4772,6,11,0.0009458793307567565,0.00011315273708929103
Corran105,6,4,0.00030138611939462,0.00011297436681084917
BeniCG,3,3,0.0002299929922772423,0.00011296839908819864
EllenTyrell,4,6,0.0016626049218621155,0.00011294969921575191
fartenandmagellan,3,3,0.0,0.00011291299613908015
Maximum_Overdrive,8,8,0.00011947431302270011,0.00011274230854291597
SweetDuckling,1,1,0.0,0.00011264418906928655
logophile98,1,1,0.0,0.00011264418906928655
Poogly_Butterscotch,2,1,0.00023705063255869029,0.00011262708310047154
daisyviolet,1,2,0.0,0.00011258943515681484
ThrowFar_Far_Away,2,2,0.00017227448149799687,0.00011246864521863062
Superb_Anxiety_1464,1,2,1.6900558178933329e-06,0.00011237086016492362
bautista19,2,1,0.00023894862604540023,0.0001122225399471838
CynfullyDelicious,2,2,0.00017800953985738004,0.00011219472320194202
L1onhear7,4,5,7.430164419411731e-07,0.00011216586150860555
ribulas1,2,1,3.7765755115366197e-06,0.00011209926411902129
emrys333,5,6,0.0010924365152234843,0.00011203299274074767
Chrristoaivalis,7,1,0.00031411415203157146,0.00011197388330768239
blchpmnk,4,1,0.0002430523724424301,0.00011191965738473077
AdSevere1274,5,3,2.8716168190715655e-05,0.00011191751164208965
No-Good-6538,3,6,0.0012778603343172215,0.000111846038505295
grateful_john,2,4,0.0,0.00011166737304455437
Raebelle1981,4,7,0.00013197056944631345,0.00011161548157064489
Icy-You3075,9,7,0.00026332980054871025,0.00011158875858210038
20wall,4,5,0.0032955174380363155,0.00011144161312775512
EmpireStateBuilding,3,0,0.00016819269386071206,0.0001109911454878216
AcadiaJaded724,5,9,0.00042216412367427855,0.00011093103128974515
Valmoer,7,9,0.0003487359118104197,0.00011081745511432458
TheFlightlessPenguin,4,3,4.5860783747950794e-05,0.00011062212235314006
First-Butterfly-7338,2,3,2.150537634408602e-07,0.00011049008909998911
Bagheera526,2,1,0.00040717962295506744,0.00011040474393912249
Tasty-Day-581,6,4,0.0001629737765087187,0.00011039921866135292
Top_Tension_1904,4,1,0.00043686618930518015,0.00011024980131227274
Naive_Proposal7422,1,1,0.0,0.00010993758080063864
Eetah,6,1,0.00031890221288163054,0.00010990136235931739
magicienne451,2,1,0.0,0.00010965441967565124
e_Z_752,3,0,0.00023894862604540023,0.00010964730582754337
mimi10010305,3,4,0.00015553560214452025,0.00010959522785000587
Ashamed_Ad_8365,2,1,3.0703390790565036e-05,0.00010958229492384532
commonslogic,4,2,0.0031449487160566877,0.00010951689662540222
sparklypavements,2,1,0.00011947431302270011,0.00010893420093802482
thetimsterr,4,5,0.00045381931663835654,0.00010892007886976308
Frequent-Returns757,4,0,0.0006313306981642547,0.00010889717846505014
genesis912,2,3,5.676241426491337e-05,0.00010887026903770647
Forsaken-Swim-3055,2,2,0.0,0.00010850391862416326
scotems,2,2,0.0,0.00010850391862416326
ekkidee,2,4,6.430189988446926e-05,0.00010850391862416326
IAM-French,7,10,4.110259324389836e-05,0.00010843668244333318
CurlingCookie,4,4,0.0002404534215406567,0.00010839723470921906
Any_Special5721,1,2,4.976007900160493e-06,0.0001083453815046563
Dian7777,1,1,7.738841719449656e-05,0.0001083453815046563
drppr_,2,2,2.8183649587260632e-06,0.00010825814808576122
Even-Sink-880,2,7,0.00012357585434839458,0.00010813254584158124
DateofImperviousZeal,8,13,9.378120198172478e-05,0.00010806610944672762
Edman8,1,1,4.0896291174377926e-07,0.00010796452280925002
tfhermobwoayway,3,6,0.0016388789808725332,0.00010793688932486502
AngrySnwMnky,2,2,0.00035842293906810036,0.00010792655390897363
Advanced-Clock8971,1,1,0.0,0.00010785817945418255
Concerned_ctzn_AB,5,5,0.00015443644090867376,0.00010781674456426612
GB_Alph4,1,1,0.0,0.0001078039252166229
tjamen,1,1,0.0005510172957247247,0.0001078039252166229
Unusual-Coast6252,3,1,0.00043300090644841715,0.00010775503914757108
xPhsyko,6,4,0.0,0.00010771941445878571
life-finds-a-way-93,1,1,0.0,0.00010770462019483929
arie_rosenstien,4,7,0.0001615482354217612,0.00010759665018332063
gstringstrangler,2,2,0.0,0.00010748100783888305
daIIiance,9,4,0.009560167824396722,0.0001074316456609385
MyyWifeRocks,3,4,0.002867549751289493,0.00010740666458749591
defib_the_dead,1,3,8.255827659317277e-05,0.00010731572343708934
bjorkabjork,2,5,0.0031486302005397865,0.00010724457559626002
SpacetimeGlitter,1,3,5.2368888842186214e-06,0.00010712582844371207
Mustatan,3,2,0.0004908324621491669,0.00010708398059118296
iM-xx,4,6,0.0021090511253816567,0.00010691764807956467
zurper,2,1,0.000339559444733662,0.00010690021353823173
OreoSpeedwaggon,6,6,0.001562509304235008,0.00010670567506266358
AdventurousRecord224,1,1,0.0,0.00010664424292693046
aspennfairy,2,1,1.0127017746759425e-05,0.00010659408446424147
T1mberVVolf,7,8,0.0,0.00010655251693353097
ShawnSimoes,10,10,0.0,0.00010619606906562722
Melodic_Ad_783,2,2,2.247808920537262e-05,0.00010616863432020081
PowerSniffer,2,1,0.00011947431302270011,0.00010616637904079529
Temporary_Plant_1123,1,2,0.0016258105103927518,0.00010602826699232439
-RayBloodyPurchase-,1,1,0.0,0.00010602826699232439
gu3sticles,1,1,0.0,0.00010602826699232439
Cool-matt1,3,1,0.0004888776508241717,0.00010592650533754792
RichardRichOSU,2,1,0.0005973715651135006,0.00010586171217393894
ProblematicTrumpCard,7,5,0.0003793252402588857,0.00010582431433830523
Asleep-Programmer-53,1,2,0.0,0.00010559227479934311
stumbleupondingo,1,1,0.0,0.00010546544946009251
mc_bee,3,2,0.0004250300532896973,0.00010544731233579023
FinnSkk93,5,5,0.0006762957326974211,0.00010541467097063717
Loving_bird24,5,3,0.0004000927681726735,0.0001054095839880516
strawberrymidnights,5,2,0.00015533314642849356,0.00010527731910054998
DizzyBreath5625,1,1,0.0,0.00010523836700926994
ApprehensiveDuck8898,1,1,0.0,0.00010523836700926994
StasisApparel,1,2,0.0,0.00010523836700926994
KML_Style,4,0,0.0001253489450833004,0.00010519677596520405
Former-Counter-9588,4,5,0.00023429061187324408,0.00010487402255759147
RhymesWithOrange_,3,5,1.5171125071060041e-05,0.00010480966488286257
fruliojoman,2,2,0.0,0.00010478971883518944
nationalpost,6,0,0.0005419151819621105,0.00010478872268042002
Ok_Buy_9703,2,3,0.00023894862604540023,0.00010467881588946267
buerglermeister,4,9,0.0015423125752286866,0.00010465528694218898
Professor_Pajamas,3,1,0.0009605502228999209,0.00010458192650723228
Hot-Hospital4112,3,3,0.00020511236012419335,0.00010449712149026442
ticianlicious,4,1,0.0014975047554509212,0.00010449204547955384
Pristine_Character_6,3,2,4.727484913448905e-05,0.0001043914174822826
jonnydogma,3,6,0.00025635290146687516,0.00010438637042457811
manneukko,5,1,0.0020064143130733647,0.00010427001312796078
JohnmcFox,2,2,0.00011723070454940566,0.00010414006577689068
123LetsGoBay,2,2,0.0,0.00010412867726565853
alexandradperreault,2,2,5.562948846858059e-06,0.00010412867726565853
Aerim,3,2,0.0016327822831452468,0.00010407860588088899
brbnow,3,3,0.003113282374446101,0.00010403139798917027
zealen,4,1,0.0006765780645389469,0.00010393278294109284
aleksandrnevskii,4,4,3.261694002280868e-05,0.0001038792783413646
lolexecs,4,1,0.00027666905898883785,0.00010368401537791466
aah1310,4,4,0.00011947431302270011,0.00010366093082613216
Busy_Construction764,3,1,8.718326578689082e-05,0.00010365827044540846
vmlee,2,3,0.00012327422966933158,0.00010358243190063526
Althonse,4,4,0.001340709371656098,0.0001035663798201223
po8crg,3,4,0.0001443816259967636,0.00010351302906134485
KneeReaper420,2,0,0.00024464769269408543,0.00010343416883703649
neeah98,3,2,0.00024306203976761563,0.00010329319241854949
slabby,2,2,6.0418442959123635e-05,0.00010312375326037527
randomentity1,6,9,0.00021456304055137224,0.00010310573561587928
hihelloneighboroonie,3,2,0.0002238918651225742,0.00010298815179958345
Just_Highlight_5615,3,4,0.0,0.00010296933622475962
quinteleven,2,1,2.2231704310557353e-06,0.00010288153095841571
l339,4,9,0.0021389694810729208,0.00010270423835185408
luisbg,2,1,0.0004843701711802069,0.00010261318820724554
Appropriate-Bird-354,15,21,0.0009816113890908015,0.00010245260224992352
te-mc,1,2,0.0,0.00010237321626307944
Lyverbird1,1,1,0.0,0.00010237321626307944
clariwench,2,4,0.00022061973280965215,0.00010219631588301394
MassiveDefinition274,3,1,0.0007716978850851127,0.00010218397615054612
Emotional-Mine-1495,2,2,0.0,0.00010218177414076151
_SkellyBeans,4,2,0.00038049019211910473,0.00010215235256334723
Icekommander,3,3,0.0004162816297491064,0.00010207977308146099
onyxrose81,2,7,0.003878673754671843,0.00010192829953305624
LivingOof,4,9,0.003977379969282281,0.00010192679312500422
MOLightningBro,3,2,0.00013292080544234227,0.00010186576123173174
bangtangry,1,2,0.0,0.00010183444710466067
Available-Tradition8,1,1,0.0,0.00010183444710466067
LuisaAz,1,6,0.00016721497505616374,0.00010183444710466067
pinchyourelbow,1,1,0.0,0.00010183444710466067
EducationalOne2570,1,1,0.0,0.00010183444710466067
annieca2016,1,1,0.0,0.00010183444710466067
jminnie15,1,2,0.00018769843997531603,0.00010183444710466067
alliownisbroken,6,6,0.0009300740111346465,0.00010181452382617017
shartmaister,3,6,1.1130772533545856e-05,0.00010148346063262027
FlatMolasses4755,2,5,0.0003721538172852939,0.0001013407165101963
Your_Marinette,1,4,0.00022368902110769334,0.00010133658199124138
TAS_20119,2,1,0.0012233373158104445,0.00010132250049119694
eektwomice,2,1,1.54526672038731e-05,0.00010128062178229387
Shakethecrimestick,9,8,5.161304175220928e-05,0.00010120694472493761
RevolutionaryKey698,7,9,0.0,0.00010109033902559152
NegotiationFeisty936,1,1,1.685407431786633e-05,0.00010100303136125613
BringBackBoomer,3,2,1.3058621452310306e-06,0.00010085278412415417
Odd_Cauliflower8036,3,1,4.2529491308311836e-05,0.00010074327166145546
useless_info_hoarder,4,5,0.0003283606044699174,0.00010073819832088625
Tobias_05,4,2,0.0007729136563802279,0.00010046511954139682
Dull-Bit-8639,5,2,6.800983227889213e-05,0.00010044928677943784
BigComfyCouch4,4,1,0.00043866080560791,0.00010038800633234288
rohlinxeg,4,1,0.00019662546946446513,0.00010032008816839738
BoltPikachu,3,4,0.0002252928065503014,0.00010002761656413052
BergmanGirl,2,1,0.0,9.976575779457162e-05
Environmental-Let435,9,11,0.0009152430416729955,9.97282684327812e-05
Lopsided_Board_9011,2,1,0.0,9.958518907956848e-05
Key-Banana-8242,4,3,0.00024349534523308936,9.95392419832892e-05
wildrabbit12,1,1,0.0,9.951250986786083e-05
Monterenbas,1,1,0.0,9.951250986786083e-05
Dazzlethetrizzle,1,2,0.0,9.951250986786083e-05
BeffBezos,1,1,0.0,9.951250986786083e-05
Zalveris,2,1,3.830133443756238e-05,9.941144673561951e-05
DadKnightBegins,2,1,0.00029103419795009725,9.929338182410554e-05
Fantastic-Coach-8130,3,3,2.4561019609441706e-05,9.921690099551196e-05
redsox490,5,7,0.00012074196407222269,9.921217219347248e-05
lancernolancing,1,1,0.0,9.912314948886362e-05
NeonPistacchio,1,1,0.0,9.912314948886362e-05
krissirge,1,2,1.86521431509107e-05,9.908693059793544e-05
alshain49,1,1,0.0,9.881265204176844e-05
carrolliii,4,5,0.0005783461510579713,9.876258904207547e-05
Baikken,1,2,1.5271618402971968e-05,9.875369514401685e-05
christmastree47,1,1,0.00011947431302270011,9.875369514401685e-05
iamalittlebear,3,0,0.0001076839809826908,9.862826785107782e-05
Arvi89,7,10,0.0008807117084631769,9.857120328511564e-05
CrazedJeff,1,1,0.0,9.856157017832406e-05
Intelligent-Panda23,1,2,5.902513787818447e-07,9.856157017832406e-05
ZuberiGoldenFeather,1,1,0.0,9.856157017832406e-05
crabbydotca,1,2,0.0,9.856157017832406e-05
pluc61,4,4,4.454691809898397e-05,9.85265332308584e-05
james5007_nt,4,16,0.001784841866160071,9.836029013080293e-05
dinosaurzez,4,8,9.353925960427732e-05,9.833607984679632e-05
Train350,6,15,0.0021959427186314913,9.82916654991803e-05
FIRExNECK,1,1,0.0,9.806989400965388e-05
redjedia1994,1,1,0.0,9.804378313117118e-05
freifraufischer,4,4,9.924097924569662e-05,9.803241389141116e-05
The_Real_Ura,2,0,7.963461545398462e-08,9.796285532193491e-05
muffin_man84,4,2,0.0015959481743256024,9.793863175506116e-05
NegativeMammoth2137,4,0,0.0,9.784412847785126e-05
anilop1223,2,7,0.004566144509821563,9.781165134427339e-05
nalam8493,3,1,0.0003014891915658095,9.775196700527194e-05
thatboiOsaka,9,10,0.0007245343675005584,9.770369902100645e-05
doormouse1,2,2,1.5656009464646898e-05,9.750577791977857e-05
silentsirensongs,1,1,0.0,9.740065633942835e-05
sorebutton,2,2,0.0,9.737721051719935e-05
floodswimming,2,1,0.00011947431302270011,9.735416253272358e-05
MrPete_Channel_Utoob,5,6,0.0035216985243542386,9.722941818137531e-05
Alessio_Marchesi,4,10,0.0010291978684685357,9.721357168782141e-05
NYIsles55,1,1,0.0,9.715191838361497e-05
tinaoe,3,7,0.00021811195181082032,9.709572281166403e-05
Fast-Government-4366,5,6,3.743995770231229e-07,9.69794211357568e-05
snowbunbun,1,3,0.000185445397270146,9.695761278946912e-05
Feisty_Wait_2327,2,3,7.004385387739396e-06,9.678218574266492e-05
Zloggt,4,6,0.0011410822379364775,9.650666688424908e-05
Drummallumin,3,4,0.00047753086419753086,9.63692413664263e-05
yanabanana311,2,2,0.00011947431302270011,9.633468473803468e-05
Captain_Thor27,1,2,6.653712699558143e-07,9.62586837374226e-05
SuspiciousMoney973,1,0,0.0,9.62586837374226e-05
Pasan90,1,1,0.0,9.621771707149893e-05
AnxiousAnonEh,3,2,0.0012147501976613327,9.61974098060241e-05
NixonsTapeRecorder,2,1,0.00011947431302270011,9.614622810522898e-05
loonylovesgood86,3,2,0.000295726906197863,9.606408501568802e-05
tafattsbarn,3,7,0.0014686119457876924,9.593897463467624e-05
TraditionalPen2359,1,1,0.00035652489657968684,9.580524259718809e-05
DangerousLack,2,5,0.00016805992292031095,9.571688419598291e-05
PrinciplesRK,3,1,0.0022384707287933093,9.569056700510007e-05
antdude,5,16,0.002906141950068229,9.565728834536302e-05
jackattack108,4,5,0.0,9.562091990936093e-05
fantasticvinyl,1,1,0.0,9.558210920476815e-05
uselesssociologygirl,3,2,1.7668254568064817e-05,9.55641021365797e-05
RollinOnAgain,2,2,0.0,9.553610500470797e-05
Thunderball85,4,3,8.556080859973224e-05,9.551540921829782e-05
EwokDude,1,1,0.0,9.549817758656122e-05
rangeo,2,2,0.0005377666749584366,9.545396587058856e-05
I_like_it_bright,1,2,0.0,9.532638220797546e-05
Jargif10,1,3,0.00010406351120042843,9.532638220797546e-05
Old_General_6741,5,9,0.006031610295490479,9.522683327804796e-05
Electronic-Ring5520,4,5,0.00011947431302270011,9.510255659416805e-05
StatisticianActual1,1,1,0.0,9.503146823464384e-05
BasilNext2476,2,2,0.0001599190174630825,9.502118614042437e-05
cuntinspring,4,4,0.0007947949095540223,9.495686398908872e-05
NotAurelStein,2,2,0.0,9.491778940407236e-05
penicilliumm,4,8,0.001360673216145311,9.487306608957156e-05
BaconMamboo,2,1,0.00011947431302270011,9.486629489485271e-05
ProbablySlacking,3,2,7.210957262145122e-05,9.484280472691734e-05
IESAirman,4,1,0.00027649620882023323,9.471790244957394e-05
ninesalmon,5,5,4.024586829086573e-06,9.461097675882419e-05
glebe220,4,2,0.00025647353904706253,9.44833589300093e-05
parisinsalem,3,1,0.0002609593242125418,9.444391224578426e-05
Lillemor_hei,4,4,0.00033124275200655917,9.443816976991161e-05
MrGumburcules,3,4,0.0014238480491059876,9.439272305217674e-05
tethysian,1,1,0.0,9.427317769262641e-05
Dianagorgon,4,4,0.00018804784076322504,9.421630643159307e-05
Leaf_blower_chipmunk,1,1,0.00016313673762446642,9.412465134207637e-05
Potato-Alien,2,2,0.00023894862604540023,9.411902042611968e-05
Skylark1963,2,2,0.00023894862604540023,9.411902042611968e-05
TurboViking90,3,4,0.001354284841567969,9.411902042611968e-05
svezia,2,2,0.00023894862604540023,9.411902042611968e-05
hockeyjmac,2,2,0.00023894862604540023,9.411902042611968e-05
Traditional-Maize32,2,2,0.00023894862604540023,9.411902042611968e-05
Darnell2070,3,2,0.00023894862604540023,9.411902042611968e-05
SubElitePerformance,3,2,0.00023894862604540023,9.411902042611968e-05
Interesting_Button60,2,1,1.4317611929685457e-05,9.411813985574445e-05
acergum,3,1,0.0002664446847077823,9.411342044800218e-05
Cosmos1985,2,1,0.0002735592356375094,9.406595689324905e-05
OaksInSnow,6,9,0.0010021272106688183,9.397975932279282e-05
mt_spaceman,1,1,0.0,9.390550975336202e-05
RigidCounter12,1,1,0.0,9.390550975336202e-05
Analogmon,3,3,0.0025551878123894717,9.386796263885875e-05
New-Adhesiveness8606,4,1,0.00023894862604540023,9.384314805903404e-05
stillthinkingsk,5,13,0.0005501790459098359,9.382999193268197e-05
Stelmie,3,1,0.00025178576972714284,9.379608678769213e-05
Parms84,2,1,1.561557837896121e-05,9.377860462255207e-05
Logical-Track1405,3,4,0.00023894862604540023,9.376066692991233e-05
KanyeDeOuest,3,1,0.00048012207220966856,9.37063974277223e-05
Icy-Stock-5838,4,4,0.00012314091215867516,9.369891858241545e-05
krunchwrap2010,3,7,0.0072838111813963895,9.369197031910491e-05
Formal-Departure-311,10,34,0.0005649050725019838,9.361863661046681e-05
Simple_Check_6809,2,1,0.00011947431302270011,9.361066988314016e-05
No-Warthog7841,3,2,0.0003941248782641792,9.358123322252376e-05
PavWrestlinGifs,2,2,0.0,9.353700553234885e-05
cobravictim,3,1,1.2486702300861733e-05,9.340979874551995e-05
Tommy_Wisseau_burner,5,5,0.0,9.339941431320796e-05
Shun_Atal,2,3,0.00023894862604540023,9.33954949180817e-05
tullarisde,2,1,0.00017712460485818,9.339361781927483e-05
ur_too_slooow,4,3,0.0,9.33633296721751e-05
mikrokosmosarehere,1,2,0.0006821316331228044,9.328934157396148e-05
SnazzDizzy,1,1,0.0,9.328934157396148e-05
Ovenbird36,1,1,0.0,9.328934157396148e-05
AdImpressive877,8,10,0.00015491818834145846,9.328710638711826e-05
mchaelproductions,1,1,0.0,9.327806868758578e-05
Annual_Interest3951,1,3,3.164572811457983e-05,9.312628190697438e-05
Exotic_Potential9131,1,1,0.0,9.312628190697438e-05
ottawapeoplechamp,8,8,4.320079368426033e-06,9.307870701075115e-05
Alone-Chard-5836,3,3,1.9522522777024287e-05,9.291170823374316e-05
viewless25,3,0,0.0010045483377514885,9.285291510150894e-05
Crazy-Detective7736,3,6,0.0024396569920953634,9.28418471371728e-05
disturbed94,7,11,0.00040551853126213173,9.2671529465594e-05
PresentationOnly6885,2,0,0.0,9.266914552250922e-05
kenzcunn,1,1,0.0,9.264537158426736e-05
tr0yl,1,1,0.0,9.264537158426736e-05
johnqadamsin28,1,1,0.0,9.264537158426736e-05
the5nowman,1,2,8.05904726356365e-05,9.264537158426736e-05
Nice_Reading2782,1,2,0.00019331722936962643,9.264537158426736e-05
SCGardner10,1,1,0.0,9.264537158426736e-05
Guilty_Treasures,2,4,0.00014153638453258467,9.257670072834512e-05
Pleasant-Football117,1,1,0.0026548630612624503,9.252569265971737e-05
Udont_knowme00,3,1,0.0002600138086829733,9.250239549336643e-05
undercoveroperation,3,3,0.0022546826977447856,9.250112737347647e-05
JJOne101,3,6,0.0017249658003963674,9.24328815168791e-05
yguns031,5,2,0.00011520753247737668,9.24079620351244e-05
MacaronsAreAwesome,1,2,1.2393013021399015e-06,9.237543574844673e-05
Jazzlike_Athlete8796,4,3,0.0040162826866932165,9.230068076675667e-05
StandYourGroundhog,3,5,0.0007501154334468356,9.229265333817656e-05
buckeyevol28,3,2,0.0,9.225780190903343e-05
swole-and-naked,4,4,0.0009293887637944345,9.212146400980848e-05
clamdiggin,1,1,0.0,9.206825457239012e-05
ConcentrateOne7536,1,3,0.002476836318751215,9.206825457239012e-05
covfefenation,2,1,0.00011947431302270011,9.199838893596947e-05
ivarokosbitch,2,1,0.00011947431302270011,9.199838893596947e-05
Admirable-Will-5926,1,1,0.0006036214481004125,9.176980723608906e-05
Hot-Site-1882,1,2,3.7823222397234967e-05,9.174174008742735e-05
littlemoon-03,4,3,0.0029377506951678736,9.171221205669144e-05
Unique_Date4873,2,3,2.2859384618687735e-05,9.170161917290913e-05
CivilGrowth3,1,0,0.0,9.16778012686515e-05
thetrueGOAT,3,3,0.0,9.162293705015577e-05
BrorFinnsDAbi,3,3,0.0,9.162293705015577e-05
YoPoppaCapa,3,3,0.000831283113606041,9.15766760207982e-05
HermioneReynaChase,5,3,0.0002244405126821333,9.147041770710963e-05
tolstoysleftkidney,2,3,2.398186126100411e-06,9.139178505276718e-05
llights34,1,1,0.0,9.139133562059473e-05
skolocicoaster,1,5,1.26451468023515e-05,9.139133562059473e-05
MississaugaEtobicoke,1,3,0.0,9.139133562059473e-05
Ottnor,1,2,0.0,9.139133562059473e-05
claudia_tiedemann,2,1,0.00011947431302270011,9.138825784659672e-05
Breathholding,6,8,0.0001249794437122481,9.131734972850006e-05
throw23me,7,7,0.0024821097864693767,9.13002921532687e-05
cricramf,1,1,0.0,9.118097248189082e-05
Just4nsfwpics,2,7,0.0026655148308819994,9.091927616825298e-05
Charlie_Runkle69,2,4,0.00048805950799283833,9.085824010998615e-05
bassandkitties,4,5,0.0010948069588704078,9.080882669443004e-05
RaiJolt2,1,1,0.0,9.078581754681897e-05
goforth1457,5,7,0.0004993418470385572,9.069602946570397e-05
No-Egg5667,1,1,0.0,9.051326648201567e-05
IcehandGino,5,7,5.383416457888865e-05,9.049131194468003e-05
Fit-Introduction8575,3,2,6.467678341774013e-05,9.049089116274532e-05
Breakker1,4,1,0.002716093475227989,9.007388194293882e-05
photobomber96,1,2,0.00023894862604540023,8.987775744581926e-05
wingsfan95,1,2,0.00023894862604540023,8.987775744581926e-05
moxyfloxacin91,1,2,0.00023894862604540023,8.987775744581926e-05
mdb_la,1,1,0.0,8.9829392300115e-05
jphnyc5678,1,2,0.00020318870026419137,8.981958437095144e-05
Halkatlaa,8,21,0.0007966431914232081,8.975918636373791e-05
BeerBaconBewbs,3,1,1.0558854028329998e-05,8.971597191282118e-05
Hyperion542,3,4,0.0004017671012385293,8.962996756306403e-05
rookie-mistake,3,2,0.0006368798166889852,8.95827603177413e-05
Revolutionary-Bat637,2,3,0.0,8.950386206647681e-05
Doses-mimosas,2,1,0.0,8.94934115568214e-05
Smittysgreasymullet,1,2,0.0,8.945300278478548e-05
Night-Cheese11,4,4,0.00032464949500811494,8.932372834141688e-05
Robten100,3,3,0.00016523892600917692,8.930507970189255e-05
elpis_z,3,1,0.0007434318532095379,8.929322516403823e-05
badenson,6,8,0.00021367572814842502,8.925793357943222e-05
Perryplat199,2,7,0.005623947326262786,8.924980000686885e-05
astropicals,2,3,0.0,8.920816632444612e-05
Level_Ad8089,3,2,0.0005818695497470048,8.919123293151924e-05
nelsosi,5,7,0.0008463262206707993,8.91544435785901e-05
thex11factor,5,14,0.0005374626330731302,8.913767562239989e-05
TetraDax,8,8,3.3149273267892605e-05,8.894163801164945e-05
Fuzzy_HoleyMoley,2,1,0.00011450288855790138,8.884153372131211e-05
StormOk2791,6,3,0.0003073344378113531,8.86943185385917e-05
Aromatic-Eagle-7911,2,1,4.5460404150176773e-05,8.868418819678255e-05
rjhawkbooks,2,2,6.472119903190036e-05,8.864476731873253e-05
chickenKsadilla,2,1,0.00011668003641121921,8.860295425171203e-05
Not_Steve,1,2,5.6350621100012554e-05,8.856393338654501e-05
_SheWhoShallBeNamed_,1,1,0.0,8.856393338654501e-05
Oilrig77,1,1,0.0,8.856393338654501e-05
Few-Actuator9705,1,2,0.0,8.856393338654501e-05
tron_1979,4,2,0.00016511455685888507,8.855986245652611e-05
WillingAffect3693,3,3,0.00023894862604540023,8.854863014590595e-05
_IBelieveInMiracles,8,4,5.451550266266135e-05,8.848978566717167e-05
NoXEEEQwLL,1,1,0.0,8.847161971345835e-05
Haiku-On-My-Tatas,2,2,0.0017935840837264218,8.8430982831224e-05
Ok-Conversation9410,3,4,0.0002884977199807696,8.831884790850844e-05
bopaqod,2,3,0.0001249777285128527,8.83157617008188e-05
Rplix1,1,1,5.973715651135006e-05,8.830312086509e-05
RustyGuns,3,3,7.645225895965188e-05,8.782001856238734e-05
WhoIs_DankeyKang,1,1,0.0,8.766020260092956e-05
FlyTheW1988,1,1,0.0,8.766020260092956e-05
Potential_Twist3640,1,0,0.0,8.729762285103698e-05
Mjones151208,1,1,0.0,8.729762285103698e-05
crazycanucks77,3,1,0.00016247832397112933,8.729597513418164e-05
uh_no_,1,1,4.7379394800360435e-05,8.714289789109263e-05
Lanky_Inevitable9012,1,1,0.0,8.692596766163922e-05
discographyA,1,1,0.0,8.671650451065729e-05
SGT_Mark,1,2,0.0,8.64320133296859e-05
Scorpioking1114,5,16,0.000627319140690866,8.635904414094787e-05
NewDesirePath,5,1,0.0002898400452326565,8.627630103357994e-05
GoodAfternoonFlag,3,4,0.0018510615237148683,8.61642721627227e-05
hatman1986,3,6,0.00012386298053796804,8.604923297305539e-05
LozaMoza82,2,2,0.0002619420994917551,8.604361958294028e-05
vonfantasy,2,2,0.00011947431302270011,8.593683705943644e-05
Stock-War1716,6,12,0.0001849813876856198,8.589080694949893e-05
wumbology44,3,1,4.416092203712259e-06,8.57883917266005e-05
jkmiami89,2,2,4.7999454917269855e-05,8.567410308157817e-05
Pretty_Mulberry_8451,6,8,0.0001479364014810008,8.54299600032882e-05
Human25920,3,2,0.000409685742713309,8.526204572887815e-05
MandatedPineapple,2,1,0.000150208819116018,8.522995620505964e-05
Original-Number-314,2,3,0.00011947431302270013,8.510117544080469e-05
eh_toque,2,0,3.733992345628159e-05,8.492957585107967e-05
AggravatingJudgment4,3,3,0.0001664506784233592,8.484142047899245e-05
SweetBirthdayBabyyyy,2,1,0.00014143409773730126,8.472801449396455e-05
GatorBolt,2,3,0.0008598625921850342,8.456650671739972e-05
ShortAd9621,6,1,0.0005842511764754676,8.448739504208285e-05
pls-dont-banh-mi,2,6,3.361417039226262e-05,8.440535227167368e-05
Sad_Violinist_7966,3,4,0.0008558656396601283,8.440134480375157e-05
OverLordJezus,3,1,0.002286694713674,8.436354330744289e-05
Historical-Kick-9126,3,2,0.00024051171205140314,8.435210045907763e-05
Timeman5,4,5,0.0003988268904502938,8.431831031301281e-05
Vanderwaals_,1,5,0.00022391087018935508,8.428779377590468e-05
feikex,1,2,4.2206244550753876e-05,8.428779377590468e-05
rjchute,2,1,0.00031224110644171655,8.427158135605767e-05
ChompingCucumber4,4,16,0.009052415391043022,8.424812220620491e-05
GagLV,1,1,0.0,8.412095548589897e-05
Choth21,4,3,0.0016380783091198266,8.407978197046382e-05
eleanor939,1,3,0.0,8.404697459077458e-05
will999909,1,1,0.0,8.404697459077458e-05
Suomi964,4,1,0.0006395480238993329,8.401161105438437e-05
MrSouthWest,1,2,0.0007803976547192574,8.400267677291001e-05
OutsideScaresMe,5,1,0.00038908366685059083,8.397183192659189e-05
gigapizza,2,1,0.0003924921350032581,8.393301630938749e-05
Justread-5057,2,2,0.002119235364396655,8.393301630938749e-05
MekyZbirka13,8,8,0.0,8.393223219464368e-05
NoseHillRhino,3,8,0.0005478708628667584,8.38887431209164e-05
cardboardbuddy,2,4,0.0004580518189645235,8.385935908776392e-05
Unwept_Skate_8829,3,1,0.001445045311792222,8.37932831812611e-05
ThatGuyWithCoolHair,5,10,0.001212101564375218,8.377701060166441e-05
livinginanutshell02,3,1,0.00027565471632600975,8.376051664969558e-05
BigVic2006,2,2,0.0005416092635281359,8.374360035846284e-05
Hiddenshadows57,2,1,0.00027170351396632467,8.372677585648286e-05
derelictthot,2,4,3.288439896259545e-06,8.361070758217918e-05
anarchycupcake,2,1,5.724599904222809e-05,8.350949692702106e-05
p-hantasmagoria,2,9,0.0016550981226384194,8.350835404612868e-05
Slight-Yard7265,4,5,0.00276616755396633,8.348114713119106e-05
RichiBucktwo,1,2,0.0,8.346625937235258e-05
icyDinosaur,2,7,0.004431898448829454,8.345707711671285e-05
Senior_Sentence_566,3,6,0.0016783399193634851,8.345067293387272e-05
Emi_Ibarazakiii,5,3,0.0007544729338449165,8.342635015334706e-05
PBS80,2,2,0.00027686477347009574,8.335007705491187e-05
moutonbleu,1,1,3.982477100756679e-05,8.313833988637064e-05
t_avalon85,1,1,0.0,8.301940908118121e-05
Pure_Pay9323,2,1,0.00010494102939490215,8.297947560778772e-05
steelandiron19,2,2,0.001001362325593138,8.290037377055343e-05
heyhelloyuyu,2,1,0.0,8.276704471304909e-05
Various_Knowledge226,2,4,0.0024050865157242375,8.264315004223318e-05
curepure,2,1,2.6199634763088017e-05,8.260438528929631e-05
Powerful_Rain2805,2,2,0.0,8.25904447363817e-05
kryptokitty2003,4,4,0.00039198781000593787,8.249527209191306e-05
wiisportstennis,4,8,0.0001155008123329453,8.244617764150395e-05
shadowmaster132,2,1,0.00013281285292731705,8.242743644601751e-05
Caqtus95,1,1,0.0,8.242654188608288e-05
MonsoonalRat,2,1,0.0029218706012384,8.241448146157075e-05
Extension-Toe-7027,2,1,0.0021253409409976074,8.232359800222683e-05
Zerathulu,2,1,1.0433941894023517e-06,8.229565900889991e-05
SuLiaodai,1,2,9.529809778792349e-05,8.225422469966137e-05
Awesome_Squirrel,5,6,0.0010598685272133585,8.220251351896057e-05
ttaayyllaarr,1,1,0.0,8.206082830761282e-05
Aussieomni,2,7,0.002623467932706373,8.20026313366397e-05
DrLyleEvans,5,7,0.0009350950657661735,8.19657030165221e-05
Zeckzeckzeck,3,2,0.0002441561379016575,8.182562397535025e-05
peanut-britle-latte,1,1,0.0002959091288587207,8.177536792021302e-05
mvBommel1974,5,3,9.753965327399915e-05,8.175166580381719e-05
PolishedMatrix,1,1,0.0,8.161952393468465e-05
DisneyVista,3,9,0.0008737156219017848,8.153677498345917e-05
CantPlayTheBanjo,7,20,0.0008375798403769441,8.144782336339212e-05
PurulentPlacenta,4,2,4.9953648460541926e-06,8.135268034024188e-05
LifeIsAPhotoOp,3,2,0.000314993394094382,8.134870949370346e-05
Excel-Block-Tango,2,3,0.0009382644671153832,8.121633603113772e-05
LottieTalkie,2,1,2.5628092264351974e-05,8.118681336933179e-05
Klaban,2,2,5.994878987587855e-06,8.112009351756054e-05
maxwellbevan,2,4,0.0006836212605526592,8.108229910099696e-05
CurlingFool,3,1,0.00012020239594433141,8.097836419191558e-05
Prudent-Parfai,3,1,0.00024364451088030844,8.095149941637007e-05
Tchaikovskygirl356,2,2,0.0,8.089806398476201e-05
smackthat1776,2,1,0.0,8.086746052168507e-05
NeedleGunMonkey,3,2,0.00038038551906995196,8.081993590799169e-05
Avaiano9,2,1,1.7482272129283605e-05,8.079523786617191e-05
tjeh1,1,2,0.0,8.077476544244468e-05
lingeringneutrophil,3,4,0.002191156038470581,8.076350792981337e-05
vegas_gal,3,1,0.00031679817164431137,8.065072175157776e-05
pznred,4,2,0.0005140736802243938,8.063800173614519e-05
kwattsfo,4,4,0.00024799907268255637,8.047479044762257e-05
bj_good,3,3,0.0003957240842924044,8.042817678419912e-05
KennytheDoggy,4,1,0.00044855668348936826,8.037193524309966e-05
swoodshadow,5,5,0.00036446574807522336,8.022236172986539e-05
iiiinsanityyyy,1,1,0.0012976105137395457,8.012434777795075e-05
Femboy_Harem,6,5,3.624085814727544e-05,8.003695277086369e-05
Obvious-Mix7527,1,1,0.0,8.000240394522715e-05
Lesbians4lesbians,5,4,0.00020596943233431537,7.992081115150838e-05
Alchse,3,3,0.00011947431302270011,7.980289427758869e-05
ChessOnIce,2,3,0.00011947431302270011,7.980289427758869e-05
happyelkboy,1,3,0.00011947431302270011,7.980289427758869e-05
Noncrediblepigeon,5,8,0.00028267291015271706,7.972406184066776e-05
Full_Crab_388,3,3,1.7983728736416903e-06,7.96676210153324e-05
GetawayJ,1,2,0.0,7.965292514186527e-05
Mushroom_5026,1,1,0.0,7.965292514186527e-05
MahliSaia,1,1,0.0,7.965292514186527e-05
Wafflesorbust,4,5,0.0015911230702433605,7.96394755505566e-05
tothepointe,3,6,0.002311105214932692,7.963513825891688e-05
Tex_Was_Here,3,3,1.8981236766182296e-05,7.958464853628684e-05
IWentHam,2,3,2.389486260454002e-07,7.953993873843949e-05
Own-Knowledge8281,8,9,0.0006576118222269947,7.948779455062518e-05
Big_One_Bitey_,3,1,0.00019568387607725066,7.947549962200273e-05
Better-Temporary-146,3,4,0.0004566499770116863,7.942673109076724e-05
EgweneIsLit,2,1,0.00013942073499650058,7.93656160892991e-05
Svenray,1,3,0.00016334225997770868,7.936274880926526e-05
Affectionate-Feed253,3,5,0.00015532326877648074,7.935837041874839e-05
EducationalAnswer312,2,3,0.0004090556700427499,7.931796198247628e-05
a_la_nuit,2,1,0.00011947431302270011,7.931796198247628e-05
davlar4,2,2,0.00011947431302270013,7.931796198247628e-05
swonebros,2,1,0.00011947431302270011,7.931796198247628e-05
Enshakushanna,2,1,0.00011947431302270011,7.931796198247628e-05
TheOtherMacCoy,2,1,0.0,7.926586162767209e-05
mangoserpent,2,3,0.0007960952718583395,7.912195405242612e-05
PreviouslyMannara,2,3,0.00034326682683626265,7.912195405242612e-05
PPBalloons,2,3,0.00023894862604540023,7.912195405242612e-05
GreyandGrumpy,1,1,0.0,7.909210269140512e-05
Kryzl_,1,1,0.0,7.902819269440945e-05
EmbarrassedBag3,1,1,0.0,7.902819269440945e-05
Extra_Influence_343,1,2,0.0,7.902819269440945e-05
Hour-Lab-3087,3,3,0.00023894862604540023,7.9015078077909e-05
LicoriceDusk,3,1,0.0023577060931899638,7.894168628290167e-05
HotandBothered2,3,0,0.0,7.894168628290167e-05
spatchi14,3,0,0.0,7.894168628290167e-05
any_old_usernam,3,1,0.00035842293906810036,7.894168628290167e-05
kelliecs,3,0,0.0,7.894168628290167e-05
LittleOrphanAnavar,3,2,0.002476941457586619,7.894168628290167e-05
zombiejim7471,4,1,0.0002826354050348752,7.894168628290167e-05
daifanshi,3,1,0.00035842293906810036,7.894168628290167e-05
nocturnalis,1,1,4.586517379531288e-05,7.890520269753464e-05
galdavirsma,4,1,3.5336745158419373e-06,7.877953881655986e-05
Lady_Flashheart,1,2,0.010245701699831081,7.875261554136544e-05
clancy688,2,2,9.395137078038195e-07,7.871491771091638e-05
draw_the_line,2,1,0.0004829398586551019,7.870822730257571e-05
carlyj18,2,2,1.2954527365475203e-05,7.86742588405887e-05
Magatsu-Arsene,2,2,0.0007871154858142413,7.866015307374566e-05
croc-roc,2,3,0.00017130986911320173,7.862831076808402e-05
mikeok1,1,1,0.0,7.857290593153748e-05
helloblan123,3,1,9.540199763773886e-05,7.85555222786057e-05
FireVanGorder,2,2,0.00011947431302270011,7.854467799960783e-05
CurbYourThusiasm,3,4,0.0,7.853611191155283e-05
aladnamedbrad,4,3,0.00027691302385685887,7.851369928968018e-05
kinkylodes,2,3,0.00011947431302270011,7.84950430610932e-05
Adariel,3,3,3.142490058435531e-05,7.848721178962746e-05
alchemycoast,4,5,0.003186636980137715,7.846962189242639e-05
jogarz,4,4,0.0004021544434871481,7.840617246170625e-05
Fartin-Sc0rcese,1,1,8.543625056450744e-05,7.834438815966115e-05
ppParadoxx,2,3,0.000491039487164186,7.833212063331246e-05
Hockeylovinghonky,1,1,0.0,7.833018931790218e-05
Urban_Heretic,1,3,4.3089164495015306e-05,7.833018931790218e-05
jwheelerBC,1,3,0.0,7.833018931790218e-05
MartyBro30,1,1,4.4825321919248364e-05,7.828948010613765e-05
Professional-Use-373,3,4,0.00014247329158334222,7.815870946040604e-05
Tvisted,1,2,2.095274635873572e-05,7.810230521174014e-05
Wolf99,4,2,0.0008502176928193278,7.80206008352537e-05
laughingwater77,3,2,0.0004135607043673256,7.792640651956404e-05
crypt_moss,3,7,0.00043103203068656004,7.790918049567523e-05
Fit_Bench7754,2,3,0.00020513631557552998,7.785924368446272e-05
andrwsc,4,1,0.0007895522018648629,7.784449338418544e-05
LyraMusica,4,7,0.0007019559160428986,7.779000037708743e-05
bloodyslash,3,0,0.00016263546067602375,7.778724627714873e-05
HorseBellies,1,2,0.0,7.777380326608188e-05
PLZ_N_THKS,1,1,2.241363241453715e-05,7.765331213149591e-05
Fine_Lingonberry_613,1,1,0.0,7.764832906356712e-05
trankzen,3,15,0.002144082417655709,7.757435842218219e-05
makingburritos,4,5,0.00043567611712220584,7.752034190393677e-05
SirLoremIpsum,2,2,0.0009203553502224849,7.748551869561322e-05
LibraryOk6964,2,0,7.0068910511351895e-06,7.73144385968588e-05
EveRomi,1,4,0.0002691889059339252,7.72583507598537e-05
appledanish,1,3,7.068896853843089e-07,7.724378591027939e-05
Thobud,1,1,0.0,7.724378591027939e-05
Internet-Dick-Joke,2,7,0.00013194234437035552,7.71771980517798e-05
agxc,2,2,0.0007596266043195648,7.716515173059388e-05
Iwillbringher,3,4,0.00012929036628839412,7.716394745080412e-05
GodAtum,4,1,8.95058226534128e-05,7.71167418003957e-05
lobmxxx,2,1,0.00011947431302270011,7.710044111009569e-05
ToronoYYZ,3,1,0.0004480759294950741,7.709838302781156e-05
prosperosniece,1,1,0.0,7.708697208269515e-05
RockyRidge510,1,1,0.0,7.708697208269515e-05
kerryoakie,1,1,0.0,7.708697208269515e-05
deepgloat,1,1,0.0,7.708697208269515e-05
Hot-Initial-1108,1,1,0.0,7.708697208269515e-05
quintastic21,1,2,0.0,7.708697208269515e-05
yesimforeign,1,3,0.0005422138440671545,7.708697208269515e-05
Temporary-Sail-5195,1,1,0.0,7.708697208269515e-05
Bright_Plastic2298,1,1,0.0,7.708697208269515e-05
CodeX57,1,2,0.00011947431302270011,7.708697208269515e-05
BulbasaurXXL,1,1,0.0,7.708697208269515e-05
cat_herder18,1,1,0.0,7.708697208269515e-05
LimJaheyAtYaCervix,1,1,0.0,7.708697208269515e-05
littlemacaron,1,2,0.0,7.708697208269515e-05
gopherdevil,1,1,0.0,7.708697208269515e-05
angrylawnguy,1,1,0.0,7.708697208269515e-05
ragingpoeti,1,1,0.0,7.708697208269515e-05
tryolo,1,1,0.0,7.708697208269515e-05
keatondrees,1,1,0.0,7.708697208269515e-05
Sleep_adict,1,1,0.0,7.708697208269515e-05
idontevensaygrace,1,2,0.0008288298365390525,7.708697208269515e-05
Purple_Seaweed_8210,1,2,0.0,7.708697208269515e-05
sjakkandawe,1,1,0.0,7.708697208269515e-05
hickoryhammf,1,2,0.0,7.708697208269515e-05
Winterteal,1,1,0.0,7.708697208269515e-05
Footloose55,1,1,0.0,7.708697208269515e-05
ughthatsucks,1,2,0.0,7.708697208269515e-05
milkstake,1,1,0.0,7.708697208269515e-05
carne__asada,1,1,0.0,7.708697208269515e-05
ChalkDoxie,1,1,0.0,7.708697208269515e-05
mmasusername,1,1,0.0,7.708697208269515e-05
dan2376,1,2,0.0003320680522597975,7.708697208269515e-05
chhotu007,1,1,0.0,7.708697208269515e-05
OkPlantain6773,1,1,0.0,7.708697208269515e-05
MoosinAround7886,1,1,0.0,7.708697208269515e-05
KolKlink2024,1,1,0.0,7.708697208269515e-05
TheManWith2Poobrains,1,1,0.0,7.708697208269515e-05
RoflsDad49,1,1,0.0,7.708697208269515e-05
readingegg,1,1,0.0,7.708697208269515e-05
ZX52,1,1,0.0,7.708697208269515e-05
Historical-Fun768,1,1,0.0,7.708697208269515e-05
maxthepup,1,1,0.0,7.708697208269515e-05
MartyMcMartell,1,2,0.00025991859368603424,7.708697208269515e-05
elizawatts,1,3,0.0001263490822073904,7.708697208269515e-05
IndigoInsights,1,1,0.0,7.708697208269515e-05
andrealwy,1,1,0.0,7.708697208269515e-05
No-Elephant-9582,1,1,0.0,7.708697208269515e-05
dseanATX,1,1,0.0,7.708697208269515e-05
manic-pixie-attorney,1,1,0.0,7.708697208269515e-05
Ok-Advertising2494,1,1,0.0,7.708697208269515e-05
neemarita,1,3,0.0004807983553960939,7.708697208269515e-05
lol_alex,1,1,0.0,7.708697208269515e-05
siberiansleigh,1,1,0.0,7.708697208269515e-05
CountZero2022,1,1,0.0,7.708697208269515e-05
tmi13,1,1,0.0,7.708697208269515e-05
Broad_Pomegranate_24,1,1,0.0,7.708697208269515e-05
oceanic8675,2,2,0.0014719658767509078,7.706058715494634e-05
Hockeyshot39,6,5,0.0,7.670196971220346e-05
Petite_Montserrat_95,3,1,0.0004022202710180748,7.669522932646183e-05
AppropriateGrand6992,2,2,0.0010302385123242812,7.669121995563591e-05
Last-Classroom-5400,1,2,9.062705482261521e-05,7.658199993276065e-05
eekamuse,3,1,0.000259171055270004,7.641921097058179e-05
dqbtc,1,1,7.903957502842236e-06,7.63847732710987e-05
windwires,3,2,6.948259208600416e-05,7.635544272070674e-05
YeahFella,2,1,0.00024145627298494682,7.633800502490272e-05
Robbieprimo,1,4,0.0001486377640672312,7.631279926025547e-05
Lille_8,3,3,0.00012002990983042862,7.619823213263923e-05
cmdr_gabe_e,3,0,0.0001764818550139268,7.618722198270044e-05
tatianalarina1,1,1,0.0,7.611874394547478e-05
personanangrata,2,1,0.00035842293906810036,7.611555592990691e-05
Fanvsant,2,2,0.00038367788172159094,7.611555592990691e-05
CarRamRob,2,1,0.00035842293906810036,7.611555592990691e-05
dessanct,6,8,0.0,7.608206836183001e-05
Ctake_808,4,7,0.006637297922809876,7.606790939011927e-05
Spangel,2,4,0.0,7.605767738252404e-05
Full-Explanation7271,1,1,0.0,7.603336975334381e-05
cloudylemo,1,2,2.0998765357591497e-05,7.60217458461317e-05
gabbitor,2,1,6.5887563814277605e-06,7.596366288817873e-05
tofucatskates,3,4,0.0016657023851087177,7.591974893244793e-05
type_rex_,8,32,0.0003307556630874488,7.553675599815671e-05
esports_consultant,4,5,0.0011893206150658108,7.548755804798017e-05
HoldingThunder,1,2,0.0009970088964786844,7.54658149253206e-05
misswhateverok,1,2,4.408670945436928e-05,7.54640277157507e-05
FourEightNineOneOne,3,1,0.00025985506826388844,7.541933308815416e-05
RocketCat921,5,6,0.008542634032764576,7.525622011784999e-05
perivascularspaces,5,10,0.0030236757722686466,7.524864231581339e-05
Menzingerr,1,1,0.0,7.524127072161717e-05
Intelligent_Baby_812,1,1,2.6494879187304652e-05,7.524127072161717e-05
erevans444,2,1,0.0,7.519972765060746e-05
TheDyeus,3,6,0.002238549171524082,7.512594667150364e-05
Last-Assistant-2734,4,2,3.27681175853591e-06,7.511527458752554e-05
four-seasonz,1,1,0.0,7.507669900217588e-05
ML-319,2,1,0.0,7.507669900217588e-05
sgr28,1,1,0.0,7.507303237388927e-05
jjumbuck,1,2,0.0,7.507303237388927e-05
Brewingjeans,1,1,0.0,7.507303237388927e-05
watchark,1,1,0.0,7.507303237388927e-05
s_edinfiggle,1,1,0.0,7.507303237388927e-05
SMVan,1,1,0.0,7.507303237388927e-05
Drdonkeyballs,1,1,0.0,7.507303237388927e-05
s00pafly,1,1,0.0,7.507303237388927e-05
lorenoline,2,2,1.3045372827613332e-05,7.501683417720972e-05
DisastrousTax3805,2,3,4.075939519184967e-05,7.497818753715091e-05
thedarkknight16_,3,3,0.0011210305297010325,7.491232220996809e-05
WhichSpirit,2,6,0.002848402177044143,7.473033637758578e-05
Excellent-Delay8784,1,3,0.0025777246869904446,7.470822768819057e-05
Ok_Bluebird4094,2,2,1.9256856152236985e-06,7.458873722059367e-05
Copy_Responsible,3,2,0.00033318220554353094,7.458095582697716e-05
Melodic_Path_3300,4,7,0.0,7.457191422991097e-05
Sara_C_Nya,3,1,0.0002692046142957765,7.451277254740029e-05
HunterBiden_yeah,2,3,0.0,7.450529522436295e-05
laefeator,2,1,0.0,7.439009746613129e-05
Good-Night-3736,3,1,0.00015417083025761455,7.438590572705961e-05
TheEmulat0r,3,2,0.00011947431302270011,7.438427583459514e-05
PandemicPiglet,6,7,0.00038876022971770415,7.428651782987425e-05
Agitated-Minimum-967,1,1,8.472054038963738e-06,7.426079237409922e-05
fliccolo,2,5,0.00017524383337658484,7.420397750300349e-05
FlatOutPDX,2,2,0.0009010104696218165,7.418418806030688e-05
ceebeesy,3,7,0.0018666255368959203,7.410987661685508e-05
Ok-Improvement-9421,1,3,8.532069030689848e-05,7.409988720764091e-05
Necessary-Egg-759,3,2,3.5126024964124095e-06,7.409955559504555e-05
Nice-Trust-1541,1,2,3.160638203570446e-05,7.404622676994847e-05
RoscoPColeTrane922,1,1,0.0,7.398930716217898e-05
SteveTheBluesman,1,3,0.00010482947477453821,7.398930716217898e-05
Abject-Ad7787,4,3,1.348556167963097e-05,7.391644861693097e-05
leavingishard1,2,2,4.273141572133006e-05,7.390319583310749e-05
death2sanity,2,3,2.1903624054161682e-07,7.390319583310749e-05
TrojanThunder,1,4,0.0,7.376670332755962e-05
Icy_Childhood9941,2,1,0.00011947431302270011,7.37370660470476e-05
MasterOfVoice,2,3,0.0006319412727150864,7.37301057829413e-05
elocin__aicilef,2,3,0.0,7.367186430700294e-05
TheoverlyloadTuba,3,1,0.00036001864168425416,7.361525215255401e-05
Trip4Life,3,1,0.000208282485495434,7.360840069085103e-05
k4r6000,1,2,2.125682801737821e-05,7.358596549350869e-05
neoazayii,2,4,0.0008887486463185179,7.358524977586492e-05
Conec,3,4,0.0022898291922570256,7.35161375640212e-05
rose_ofnomansland,5,4,0.00015341679101162366,7.343376765756967e-05
Fancy-Jellyfish2478,2,3,0.0,7.34327576824992e-05
reuters,1,0,0.0,7.337525162337755e-05
Global-Act-5281,5,5,0.002576784431086391,7.331012067700053e-05
Happy-Hurry8126,2,3,9.087777759208902e-05,7.329950237255345e-05
Tall_Pumpkin_4298,3,8,0.0062654416971217155,7.329356048191479e-05
Remote_Revolution_96,1,1,0.00035842293906810036,7.328942557691214e-05
jpn_2000,1,1,0.00035842293906810036,7.328942557691214e-05
Middle_External707,1,1,0.00035842293906810036,7.328942557691214e-05
LonelyTreat3725,3,4,0.00012971037675580578,7.320255716215819e-05
Sufficient-Egg-5577,1,0,0.0,7.314365878832877e-05
Super_Science_Guy,1,1,0.0,7.309594674101988e-05
IShiddedMyPantaloons,3,3,0.00020247881457797682,7.307587012343851e-05
vengeeeee,1,2,0.0,7.279340798581769e-05
Acceptable-Bit-2456,4,4,5.2610202934193646e-05,7.278847272333229e-05
Fouace,4,13,0.00127036941021692,7.278377025895572e-05
Scholastico,3,5,0.0006579738492542857,7.272663744566863e-05
2BitSalute,2,6,0.0009138815055775015,7.269070803717161e-05
IsANameRequired,2,2,0.00012713944978989857,7.267321382906333e-05
concrete_isnt_cement,2,1,0.0006653226077079291,7.26570026564495e-05
Glum-Substance-3507,2,3,0.00031253611245720834,7.263859333851626e-05
Luckynumberlucas,1,3,0.0014958440594415924,7.259186441473515e-05
nydayum,1,1,0.0,7.257580895802209e-05
Western_Ad_445,2,1,0.0,7.255488592700374e-05
scrutator_tenebrarum,1,2,0.00039755369483947326,7.248581565164712e-05
Eomer444,2,2,0.00010541531369247947,7.23779649895029e-05
the_derby,7,5,0.0,7.237242891453058e-05
lastreaderontheleft,2,2,0.00013020115102502182,7.236026282957233e-05
nin90ety,2,1,0.0,7.223944036095953e-05
gensererme,3,3,0.0,7.22328593197028e-05
BearsFan3417,2,1,5.145362873799506e-05,7.220984704925208e-05
eraisin,1,3,0.0003235354840175026,7.198889246940333e-05
Proof_Advice_7777,2,1,0.0,7.197923832198157e-05
Andromache8,2,2,0.0,7.197923832198157e-05
tuerush,2,3,0.00018190419633948497,7.196876194471773e-05
jonny99kaplan,1,2,0.0,7.194107923407299e-05
ThreeMarmots,1,1,0.0,7.194107923407299e-05
juliegnh,1,1,0.0,7.194107923407299e-05
thepenguin12,2,1,0.00010826410719165368,7.19234727143338e-05
e8odie,2,2,0.00023894862604540023,7.191743276065458e-05
direturtle,3,1,0.00040887558916053276,7.190175073799047e-05
Klingh0ffer,2,2,8.451334439358714e-05,7.188534017274243e-05
SexyElephant_,5,2,0.00024238815876808704,7.188014444194207e-05
FoxMiserable2848,1,1,0.0005029504259350327,7.184242143764418e-05
SomethingPFC2020,1,0,0.0,7.184242143764418e-05
LudicrousPlatypus,1,1,0.0,7.184242143764418e-05
errarehumanumeww,1,1,0.0,7.184242143764418e-05
Devourerofworlds_69,1,1,0.0,7.184242143764418e-05
Hungry-Promise-3032,1,1,0.0,7.184242143764418e-05
greenpowerranger,1,1,0.0,7.184242143764418e-05
fragarianapus,1,4,0.0,7.184242143764418e-05
chronicglitter35,1,3,0.0,7.184242143764418e-05
Peanut_Noyurr,1,2,0.0,7.179807035128401e-05
daemon_primarch,2,2,3.560906390377331e-05,7.171361199505908e-05
JDMintz718,1,2,0.00013880438224278275,7.170859659115781e-05
Raumfahrerin,1,1,8.403868552052817e-06,7.162759163326706e-05
Effective-Door-3409,2,5,0.0002653984790102552,7.162101974610503e-05
Asleep-Technology-13,2,2,6.145619412034503e-05,7.152027882408652e-05
Tree_Mage,3,2,0.0010925011919870292,7.147643855411353e-05
pwndnoob,2,2,0.0001888311949643446,7.128550116814139e-05
kirchwitz,1,1,0.0,7.12229928073555e-05
FishermanOk2139,1,2,0.0,7.12229928073555e-05
LanguidLapras131,2,8,0.0067568128897278765,7.120929115636214e-05
missella98,3,3,0.0001718513128575763,7.119526405807654e-05
makayerandfang,1,3,0.0,7.118089688082512e-05
Salekkaan,1,1,3.098072609128675e-05,7.116857870050014e-05
monkeEgg,3,3,0.0,7.109967772568947e-05
AcrobaticWrangler330,2,2,0.0,7.100015062381422e-05
QualityPenguin,2,2,0.00011947431302270011,7.093707306657608e-05
PachaThePenguin,3,3,0.00035107498994801255,7.08830895202203e-05
muaddib322,1,1,0.00035842293906810036,7.088295813703453e-05
niemownikomu,5,11,0.00026435383427360863,7.084827640495023e-05
rpjesus,2,1,0.00011947431302270011,7.081771760381607e-05
AdventurousGrade2303,2,1,1.4198840330147408e-05,7.080369482259665e-05
enilix,2,5,0.00017075827328805814,7.078426918543756e-05
rsgreddit,2,5,0.00035905390766951184,7.078426918543756e-05
No_Condition7374,3,8,0.0013009838137259012,7.071151255637187e-05
scintillatingseaweed,4,2,3.069745564953302e-05,7.069522403666731e-05
Friendly_Meringue809,2,4,0.00012271902500108898,7.066284990040771e-05
buv3x,2,2,0.0001708955719988613,7.063796495151525e-05
ButchUnicorn,3,4,0.0,7.06352383460996e-05
Willing-Bass4352,1,1,5.973715651135006e-05,7.061654125579061e-05
Greenmonstaa,2,3,0.002219682277256157,7.055010525826263e-05
ProposalNearby3113,3,3,0.0021252007481203485,7.054748888317332e-05
citizenkane86,1,2,7.790603590888719e-05,7.050291212176918e-05
Ded279,3,3,0.0001203717518561092,7.045665015894128e-05
Illustrious-Meat-313,3,2,0.00024053651955663403,7.041905248965363e-05
TootyFroots,1,1,0.0,7.038055584770645e-05
MarstonX,1,1,0.00021068995458544993,7.034735781191928e-05
HonestDespot,1,1,0.0,7.034735781191928e-05
North_Moravian,1,1,0.0,7.034735781191928e-05
DeanersLastWeekend,1,1,0.00036144718535231454,7.034735781191928e-05
AggPuck-303,1,1,0.00021355706214801724,7.034735781191928e-05
Avrg_Byfield_Enjoyer,1,4,0.0026789062086605684,7.034735781191928e-05
previouslyonimgur,1,1,0.0,7.034735781191928e-05
SeaSkimmer2,1,1,0.0,7.033076453884842e-05
boredlady819,1,1,0.0001804215542229458,7.033076453884842e-05
BadmanBarista,1,1,0.0,7.033076453884842e-05
canceco,3,1,0.00023942652329749103,7.028576359042283e-05
Airplane_Bottle,3,1,0.00010947070474859352,7.024791148102203e-05
Lazy-Barracuda2886,3,6,0.0010959190502588183,7.024401584085253e-05
MateosCollections,4,2,0.0001332142580232497,7.023272511868787e-05
Cassandrae_Gemini,2,5,0.00032993778435079886,7.019309489863894e-05
wishitweresunday,6,10,9.925425916253507e-05,7.018503300749647e-05
Internet_employee,3,2,0.0003563098727685961,7.016639659014711e-05
hockat,1,2,4.8164166374129786e-05,7.006828175738022e-05
Trubydoor,2,1,0.0,6.995099703837793e-05
Snebgloo,4,1,3.976373976201568e-06,6.994160780571286e-05
churningseaofpoppies,1,4,0.00023894862604540023,6.984923565675888e-05
ghostwalken1776,3,2,0.0003796993171075685,6.982575299221793e-05
uglyface47,4,3,0.00033936986604715224,6.973890219269635e-05
Gireau,5,7,1.9764070389406776e-05,6.972533715573162e-05
Relative_Papaya_6702,2,2,0.00026410794104745445,6.970048055127648e-05
Inari68N,1,2,0.0,6.969772953898634e-05
Suitable-Training661,1,1,0.0,6.969772953898634e-05
G3Saint,3,5,9.162039965329023e-07,6.964384638450674e-05
nizari-spirit,4,4,0.0,6.951726284981919e-05
FZ_Milkshake,3,1,0.00025505739260364756,6.949046518542688e-05
migsahoy,3,2,0.0005054567430401173,6.949046518542688e-05
Whimsical89,3,3,0.000763096409970909,6.949046518542688e-05
jrainiersea,4,1,0.00028266707152731994,6.949046518542688e-05
Lord_Olchu,3,2,0.0005247562823864928,6.944761366782954e-05
Dotcaprachiappa,2,3,0.0006172275397376474,6.941414046535224e-05
Rare_Reception_6166,1,2,0.0002088519498746039,6.939253778845719e-05
Garliq,2,2,3.99428878623532e-05,6.935174847734044e-05
Infamous_Charge2666,2,3,0.002550610886550291,6.934580707094673e-05
Individual_Coyote716,2,2,3.448516661032735e-05,6.932539377392067e-05
Peti_4711,2,3,0.0008268142278415651,6.9290408017157e-05
sandemonium612,2,4,0.0,6.920161832926662e-05
PartyQuiet5065,2,3,0.00012636725807182178,6.91714164522995e-05
Earthling008,2,1,4.42916743471125e-05,6.913904498145777e-05
Ok-Trainer-1647,1,1,0.0,6.904349582840884e-05
sonosempregranzo,2,2,7.342510914714272e-05,6.90311519847771e-05
Strycht,3,3,0.00016185167060002204,6.897381757397534e-05
Sliverpink,2,2,3.1922381348904656e-06,6.890795431304094e-05
mhuster,4,2,3.7332812402421344e-05,6.886001741006982e-05
memymomeddit,2,4,8.304541502107682e-05,6.88433551713278e-05
onlinepresenceofdan,3,8,0.0034431644256155457,6.879186721613469e-05
Gruffleson,3,7,0.0007637086136703012,6.878019705147196e-05
Ok-Impact-7887,2,0,0.00012935719763785408,6.871481065380792e-05
colpy350,5,2,0.00013876883314484258,6.865054034261163e-05
BestUsernameEverOwO,2,1,1.0242596998438928e-05,6.863876766265572e-05
NectarineOk5419,2,1,0.00035842293906810036,6.861828729013908e-05
BlamaeuxPrivateEye,2,1,0.0005454384623869697,6.861223972664739e-05
ptd163,3,2,9.088027050651428e-05,6.85385868000776e-05
LittlePurpose2914,2,2,0.0,6.837092857144646e-05
AbsurdistWordist,4,8,0.002556501708460077,6.832688905449952e-05
Ok-Calm-Narwhal,3,6,0.0037613236297866295,6.83071178647856e-05
whichwitch9,2,6,0.0011932999672940355,6.826832253900407e-05
Ambreigns,2,2,6.447143853428325e-06,6.826639880355794e-05
BlackMambaDown,1,6,2.4714731835297564e-05,6.824322899883043e-05
FunnyGirlFriday,1,1,0.0,6.81831373601504e-05
Few-Spirit4962,3,5,0.0007368870195246956,6.814799803947434e-05
LandslideBaby,2,1,0.0,6.811906549263032e-05
WiffyTheSuss,4,5,0.001667242371069477,6.809104347562349e-05
Shamrock5,2,1,0.002119235364396655,6.808474168723918e-05
Glittering-Grand-513,3,1,0.00037009510876173337,6.80774000089295e-05
SuperPoodie92477,2,1,0.0011788530465949819,6.80774000089295e-05
Honest-Main7650,2,2,0.0,6.806718294370047e-05
freeride907,2,0,0.00011947431302270011,6.805457556029522e-05
Responsible_Oil3859,2,2,5.973715651135006e-05,6.799973417930342e-05
RadoBlamik,1,1,0.0,6.795265067175545e-05
NotARealTiger,2,1,0.0004394448885657538,6.794315290810891e-05
Additional-Salad4323,1,1,0.0,6.794042521284626e-05
YourUncleBuck,3,2,0.0003065398636663718,6.792496177183571e-05
Admirable_Sherbet538,2,8,0.0038209254482983847,6.785987459618741e-05
abfonsy,1,0,0.0,6.783048456103915e-05
ellapolls,2,6,0.0014242852344868815,6.779091508403607e-05
613TheEvil,3,2,0.0007548530390318229,6.774330381474733e-05
Waste_Yak_990,2,1,2.9593861987249244e-05,6.774020715602554e-05
Admirable_Heron1479,2,3,0.0,6.771640134395087e-05
FastCulture160,2,2,0.0002749428480539271,6.769572141241873e-05
VanGroteKlasse,1,2,0.000691172972394569,6.769399087377403e-05
Foothills83,2,3,0.0,6.76933408685033e-05
dadtheimpaler,2,2,0.0,6.76933408685033e-05
NoCoFoCo31,2,1,0.0,6.76933408685033e-05
SpreaditOnnn33,2,3,0.00010073567925934115,6.757383557821493e-05
RichtersNeighbour,2,3,0.0,6.756941154946126e-05
No-Guarantee-2841,2,2,0.0,6.756941154946126e-05
liveforeachmoon,4,4,0.00013218296291144953,6.755698022326496e-05
puckstop101,1,1,0.0,6.744868036183058e-05
Megelsen,3,3,0.00025343776362105714,6.73513543537737e-05
Bohnzo,3,1,0.0021632012406022044,6.727947032394493e-05
teddybreak,2,0,0.00011947431302270011,6.72618299677731e-05
DuncxnDonuts,1,1,0.0,6.722344989821806e-05
shes_breakin_up_capt,1,1,0.0,6.721129881439057e-05
whatacharacter,1,1,0.0001507060379879695,6.717076641591073e-05
LadyOlenna84,2,2,0.0,6.715663297613157e-05
pursuitofmin,2,3,0.0,6.712933613171362e-05
Lawyer-Julie,2,1,1.6975375574363557e-05,6.703277393657393e-05
LilSebastian23,2,2,0.0006414122205017979,6.701562476802408e-05
wanderindreamr,3,2,0.0001398825596108934,6.693265826882663e-05
Three_Froggy_Problem,2,2,0.003237143239383097,6.678251946843291e-05
Cmdr_Nemo,1,1,0.0,6.667924982026799e-05
MyHorseDoesntLikeYou,1,2,0.0,6.667924982026799e-05
Curried_Orca,2,1,0.00026156078752181743,6.666433483243211e-05
ChristofferOslo,2,2,0.0006726054568725214,6.666433483243211e-05
AcatnamedHamilton,3,3,0.0006994446688977485,6.666238905609347e-05
dickery_dockery,2,3,0.00035416698197992787,6.666238905609347e-05
Ok-Safe6890,3,6,0.00043618178438494724,6.663236013758572e-05
throwaway-plzbnice,2,1,0.0001746316044269691,6.647703576098773e-05
ElHoboLoco,2,1,7.300123806607869e-05,6.63869257214338e-05
Penguin_Green,2,3,0.00043549548358177585,6.633547957794374e-05
mimikyuns,2,3,1.194743130227001e-07,6.632822883552833e-05
ProjectHarraseeket,2,2,5.552906328839962e-05,6.625795853321562e-05
klauwaapje,3,7,0.0008579708127062376,6.623199371683641e-05
BlueRFR3100,3,6,0.003170764669043475,6.620922825228962e-05
Silent_Dong,2,1,0.00011102547158549766,6.619622119919386e-05
i_m_sherlocked,2,19,0.0003075816676835912,6.616651700620636e-05
dromtrund,3,3,6.154185129052631e-05,6.610812005315143e-05
AoiTsukino,2,3,2.7280294430540736e-05,6.601515102177749e-05
AWigNamedMoiraRose,2,1,2.827470077031251e-05,6.601252449592647e-05
Busy-Cartoonist9626,3,2,5.9468012646692837e-05,6.596567674471655e-05
miss-chips1991,4,1,0.0005010811429040596,6.595987745027692e-05
aviusonder,1,3,0.00023894862604540023,6.594438968685206e-05
suckmyfuck91,4,4,9.734647614292963e-07,6.590833293302102e-05
Aggravating_Line_537,3,10,0.00015481420812583284,6.589357261257242e-05
Gullible-Order3048,1,3,9.495892732206192e-05,6.588337091740227e-05
Jibjumper,1,1,0.0,6.588337091740227e-05
boomclap15,3,2,0.0,6.580577102078316e-05
a1mbient,4,5,0.0001550565068757136,6.577587262105243e-05
Kevin4938,1,1,0.00020230864199306006,6.567153173043373e-05
_granny64,1,1,0.00020230864199306006,6.567153173043373e-05
RubySoho1980,2,1,1.309819187369629e-05,6.564210613659496e-05
goodbye9horses,3,6,0.00012571627913178155,6.563699900394448e-05
simina-93,3,2,9.640505894701689e-06,6.556259360398282e-05
ArimessAri,1,1,2.78529429811875e-06,6.550593520156145e-05
Imzocrazy,2,1,0.0009932529639716083,6.54611011124933e-05
ReliablyFinicky,1,0,0.0,6.542184292413904e-05
KotomiPapa,4,1,0.00023312008513219138,6.54141430645483e-05
wilksonator,2,2,0.00017533693696286296,6.541175663669483e-05
trey2128,2,1,0.00011947431302270011,6.541175663669483e-05
ruinedbymovies,1,1,0.0,6.536913916110807e-05
SmaugTheMagnificent-,1,1,0.0,6.536853468446698e-05
AdChemical8530,2,1,1.25538741229314e-05,6.53672058361573e-05
exquisitecrab24,1,1,5.939771572563548e-06,6.535196633132605e-05
gkboy777,1,0,0.0,6.525126965593471e-05
chengg,3,3,0.00011947431302270011,6.516988525960865e-05
ClementineMontauk,2,3,0.0004084601382143999,6.507650071185148e-05
GMantis,3,2,0.0,6.503300240708974e-05
damaged_bloodline,1,2,0.0013576228895238371,6.50305741144379e-05
Beautiful_Baseball76,1,0,0.0,6.50305741144379e-05
mjsher2,1,2,0.00013705397637944682,6.50305741144379e-05
nowheresville99,1,2,0.0,6.50305741144379e-05
Barraind,1,1,0.0,6.50305741144379e-05
MooseFlyer,1,2,0.0,6.50305741144379e-05
TrueNorthStrong1898,1,1,5.973715651135006e-05,6.50305741144379e-05
Pale_Crew_4864,1,2,2.871061464556695e-05,6.499565765427384e-05
epok3p0k,1,1,3.170551366477876e-05,6.49633947507439e-05
Roklaren56,3,0,0.00026023174917209213,6.49269929764379e-05
boobookittyfuwk,1,2,6.515056128585801e-05,6.490085285278448e-05
NameCareful9547,2,2,2.373149663352073e-05,6.470803390964132e-05
Jwarrior521,1,1,0.0,6.468202809249261e-05
BibiannaRacuch,2,0,2.1106762608997345e-05,6.462920988841225e-05
Dido_11,2,2,0.00011947431302270011,6.451690353883288e-05
mktcrasher,2,2,0.00011947431302270011,6.451690353883288e-05
kittynarwhal,1,2,0.00011947431302270011,6.451690353883288e-05
PsychologicalPlum961,1,2,0.00011947431302270011,6.451690353883288e-05
ptcptc,2,2,0.00011947431302270011,6.451690353883288e-05
justadjie,1,2,0.00011947431302270011,6.451690353883288e-05
Decent-Pressure4930,2,4,0.00011947431302270011,6.451690353883288e-05
evil-poatotes,2,2,0.00011947431302270013,6.451690353883288e-05
peedypapers,1,2,0.00011947431302270011,6.451690353883288e-05
extrapartytime,1,2,0.002119235364396654,6.451690353883288e-05
supermeatboy10,2,2,0.00011947431302270011,6.451690353883288e-05
wecan22,1,2,0.00011947431302270011,6.451690353883288e-05
ArsPain,1,2,0.00011947431302270011,6.451690353883288e-05
Ambry,2,2,0.00011947431302270011,6.451690353883288e-05
Any-Ingenuity2770,1,2,0.00011947431302270011,6.451690353883288e-05
harrytaisa,1,2,0.00011947431302270011,6.451690353883288e-05
Gbeto,1,2,0.00011947431302270011,6.451690353883288e-05
Swimming-Dealer293,1,2,0.00011947431302270011,6.451690353883288e-05
Bingochips12,1,2,0.00011947431302270013,6.451690353883288e-05
MontanaJoev,1,2,0.00011947431302270011,6.451690353883288e-05
WStoneMountain,2,2,0.0,6.451690353883288e-05
sjrotella,2,2,0.00011947431302270011,6.451690353883288e-05
Potential_Buddy6063,2,2,0.00011947431302270011,6.451690353883288e-05
idinarouill,1,2,0.00011947431302270011,6.451690353883288e-05
Kontrafantastisk,1,2,0.00011947431302270011,6.451690353883288e-05
Glum_Yogurtcloset481,1,2,0.00011947431302270013,6.451690353883288e-05
Ok_Bunch2026,1,2,0.00011947431302270011,6.451690353883288e-05
asdechlpc,2,2,0.00011947431302270011,6.451690353883288e-05
foto_grafen,1,2,0.00011947431302270011,6.451690353883288e-05
Difficult-Tough-5680,1,2,0.00011947431302270011,6.451690353883288e-05
bman9919,1,2,0.00011947431302270011,6.451690353883288e-05
AVolantScheme,2,2,0.00011947431302270011,6.451690353883288e-05
sonicice,1,2,0.002119235364396655,6.451690353883288e-05
Bitter_Context_4067,1,2,0.002123242901573757,6.451690353883288e-05
CurrentFactor7466,1,2,0.00011947431302270011,6.451690353883288e-05
melmopeott,2,2,0.00011947431302270011,6.451690353883288e-05
keeeeener,1,2,0.00011947431302270011,6.451690353883288e-05
Lucy_Blaine,1,2,0.00011947431302270011,6.451690353883288e-05
iill_communication,1,2,0.002119235364396654,6.451690353883288e-05
HopelesslyHuman,2,2,0.002119235364396654,6.451690353883288e-05
port_okali,3,6,0.00014811925585569196,6.451690353883288e-05
Kenner1979,1,2,0.00011947431302270011,6.451690353883288e-05
R-U-ME-OR-M-I-U,1,2,0.00011947431302270011,6.451690353883288e-05
OneChet,1,2,0.00011947431302270011,6.451690353883288e-05
anneofgraygardens,1,2,0.00011947431302270011,6.451690353883288e-05
ND7020,2,2,0.00011947431302270011,6.451690353883288e-05
NanoRabbit,2,2,0.00011947431302270011,6.451690353883288e-05
RoostasTowel,1,2,0.00011947431302270011,6.451690353883288e-05
ManlyEmbrace,1,2,0.00011947431302270011,6.451690353883288e-05
Looney_forner,2,3,0.0039331020643031175,6.450462838146172e-05
jimmydean885,2,6,0.0,6.448026368823686e-05
Moist_Object_6012,3,1,0.00012230787312509972,6.447905239687704e-05
zethiryuki,2,6,0.0007750252682246543,6.444892762135232e-05
EdwardCuttle333333,2,5,5.709959540423725e-05,6.438198962597873e-05
Yohnser23,1,2,0.0,6.433221664840396e-05
gingerspeak,2,2,0.0010965323182900095,6.430711760025453e-05
Large_Stage4163,1,1,5.850589913457654e-06,6.424557395788173e-05
Wyolop,1,2,0.0,6.414369658226242e-05
wolfewingedbug,1,2,3.394984014790787e-05,6.412388809059687e-05
sir-shaft,2,1,0.00017410694998933222,6.405832204844079e-05
iknowyouneedahugRN,3,0,0.00025956017860860424,6.403338947506537e-05
HowIsBabbySharkMade,3,6,0.00030389408528977836,6.403028059270017e-05
No-Distribution4263,10,13,0.0,6.399628873572663e-05
piratesswoop,2,2,0.00013731311329733494,6.395497787483234e-05
city-of-cold,1,4,0.002075458655900839,6.392279640950893e-05
TheUnknown71,1,2,0.0,6.392279640950893e-05
Cultural_Stuffin,1,1,0.0,6.392279640950893e-05
Comfortable-Tell-765,3,4,0.0,6.389946393464189e-05
bluebelle08,2,2,0.00036969475547258255,6.388580996225886e-05
RoyalBroham,2,1,0.00035842293906810036,6.386629247822769e-05
yetiinrio,4,7,8.264615435281842e-05,6.383984265943704e-05
pospec4444,2,1,0.00013622489623215403,6.380432781870667e-05
minititof,2,2,6.046083057166688e-06,6.3799792015152e-05
rivercountrybears,3,5,8.717970889783713e-05,6.378606351056276e-05
Lindsaydoodles,2,2,6.148794461372792e-06,6.367739088151168e-05
CTG0161,3,6,6.474106825609931e-05,6.365232036209923e-05
minor_thing2022,1,1,0.0,6.364121759548767e-05
Dizzy-Trip5539,2,2,0.00015734384777129712,6.358429010983285e-05
helianthus_0,2,1,0.00011947431302270011,6.358429010983285e-05
agent-assbutt,2,1,0.00011947431302270011,6.358429010983285e-05
RandomDeezNutz,1,0,0.0,6.35764859137381e-05
babarsac,2,0,0.00011947431302270011,6.35736906014497e-05
Charlieksmommy,2,2,0.0001236892947064187,6.341631136964027e-05
FalseDog4750,2,3,3.1355369706624186e-07,6.338877711173104e-05
VirtualMatter2,5,1,0.00013079357795047196,6.335804993862317e-05
Similar_Security_967,2,2,0.0,6.333895258177387e-05
pmuta,4,1,6.430877597015748e-06,6.32502004130273e-05
Missworld_12308,3,3,7.000257446406005e-05,6.322827539576476e-05
Ambitious_Emotion30,2,1,0.0009040411766139229,6.321253100822974e-05
Ardui98,3,0,0.00023894862604540023,6.318965112044368e-05
HistoryBuff678,2,2,0.0002847960108289093,6.318737224104147e-05
Gooch_Juice,1,2,0.0,6.318426154157607e-05
fabrice404,1,1,0.0,6.318426154157607e-05
bobbo_b,1,1,0.0,6.318426154157607e-05
Bompa1965,1,2,0.0,6.318426154157607e-05
CrimsonEnigma,3,4,0.00043662212583596156,6.309255065455873e-05
Ordinary_Pattern_168,1,4,0.0,6.308194418025183e-05
dayumgurl1,2,1,0.00013042208936638427,6.306986172640052e-05
haf2go,1,2,0.00011984175210433291,6.304789325804695e-05
justfetus,3,3,0.00039024224783803315,6.294718605819726e-05
Emergency_Advance725,1,1,0.0,6.29267438920281e-05
ChristelRobichaud,1,3,5.065710872162485e-06,6.292216509699087e-05
ChiefKelso,2,6,0.004826000171240908,6.288934806876504e-05
slackscassidy,1,3,0.0,6.28591723280484e-05
misterloaf8,1,1,0.0,6.28543182627176e-05
cindylooboo,3,5,0.00019409170040352543,6.277844438752915e-05
CheezTips,3,6,0.00012194632961680659,6.272554818373866e-05
ponypav,2,1,0.00012006047544683788,6.271760007264106e-05
Hailsabrina,2,2,0.0024441429541280884,6.266287375725645e-05
Pinkagentelephant,1,4,0.0006099590712904668,6.263307594557013e-05
Waguetracer1,1,3,5.252641844919726e-05,6.263307594557013e-05
Nanasays,1,1,0.0,6.263307594557013e-05
Yggdrasil-,2,1,3.0403489651735245e-08,6.258381535366834e-05
DangerousSubstance74,3,0,0.0005973715651135006,6.252545141439981e-05
Mitrakov,4,4,0.000513127770966325,6.246410788425158e-05
HillsideFC,1,1,0.0,6.241987263889392e-05
Fabulous-Chance372,1,1,0.0,6.239627204868267e-05
br8king5349,1,1,0.0,6.239627204868267e-05
TonyWyomey,1,1,0.0,6.239627204868267e-05
JustFrameHotPocket,1,2,0.0,6.239627204868267e-05
DGenerate1,2,2,0.0,6.239627204868267e-05
ShotRestaurant3548,1,1,0.0,6.239627204868267e-05
popowow,1,1,0.0,6.239627204868267e-05
CoRrRan,1,2,0.0,6.239627204868267e-05
3-car-garage,1,2,1.194743130227001e-07,6.234354292851371e-05
Yardsale420,1,1,0.0,6.226151010948816e-05
0tus,1,2,0.0,6.226151010948816e-05
Liocla,1,1,0.0,6.226151010948816e-05
Yuna317,3,1,0.00011968550144071965,6.223914236409704e-05
AnnieEdisonsGun,1,1,0.0,6.22080669194072e-05
Woooogey,1,0,0.0,6.22080669194072e-05
Bxrtek,1,1,2.5770225285300127e-06,6.21849302735618e-05
EJP123456,1,2,8.460050231161848e-06,6.21849302735618e-05
NetAnon579,2,1,7.125799138486038e-06,6.217385518654532e-05
notthebesthuh,2,5,0.00022971766748885506,6.210967217026149e-05
Abiduck,1,1,0.0,6.208474225156731e-05
plumblossomhours,1,1,0.0,6.204521758836033e-05
VerifiedMother,4,3,0.000264574808626876,6.192517330526318e-05
Sketchylefty11,1,2,0.0004953647502988666,6.191703519483031e-05
EddyMcDee,5,11,0.0018385596829439755,6.189721020532944e-05
bolero_bolero_bolero,3,4,0.0013161382292176946,6.179860099499874e-05
CurlyJohnny,4,6,4.567802734639096e-06,6.176220040483091e-05
atemporalrenaissance,2,2,0.00023894862604540023,6.175572003965904e-05
starryfish99,2,2,0.00014723614045909433,6.175572003965904e-05
erasmulfo,2,2,0.0001384259499977718,6.175572003965904e-05
angelfatal,2,2,0.00028721263945212354,6.175353865173898e-05
AdStrict3575,1,2,0.0,6.173773585615807e-05
Formal_Term5312,1,1,0.0012736293287823272,6.173773585615807e-05
Ryusevi,2,3,0.0004880185534881865,6.171401059984156e-05
doesntmatterxdxd,3,1,0.0003047243142290845,6.170284707812677e-05
Throwaway487232,2,3,0.0002570263159854135,6.168909833486297e-05
Patrick2701,2,8,0.0015016283677236025,6.165279590639271e-05
Early_Code812,2,3,5.777167899562452e-05,6.156324682338025e-05
BackgroundHeater,1,1,0.0,6.15465351192462e-05
Potential_Plan_4533,2,1,0.0006211083535538687,6.128059615644445e-05
warp-factor,2,3,0.00044026649220635795,6.121059410373363e-05
PreviousSun9506,5,5,3.98247710075667e-08,6.108178840297372e-05
thisthatbothnone,2,1,0.00011947431302270011,6.107445812910679e-05
Desperate_Law9894,2,1,0.0008638616160558043,6.095808262511669e-05
zach_tylerr,2,3,0.00015652138180865795,6.09510443374205e-05
boxcar17,2,1,3.228043680791928e-05,6.091395262792159e-05
Freak0nLeash,1,1,0.0,6.090977438881068e-05
Extreme-Progress8379,1,5,6.805529426247189e-05,6.090977438881068e-05
GaptistePlayer,1,4,0.00011519160339592947,6.0907627533628595e-05
HM9719,1,3,3.5410736055788286e-06,6.0907627533628595e-05
CardInternational753,1,3,0.00036981657843615344,6.0907627533628595e-05
Excellent_Title974,2,4,0.0008137422010327411,6.089463883337005e-05
kasenyee,3,4,0.00011947431302270011,6.089463883337005e-05
ocdbunnyy,3,4,0.00042678068003524337,6.0830399867896335e-05
Admirable_Command_10,2,1,0.00011947431302270011,6.078059824809269e-05
krazylegs36,1,2,0.00011444518726056103,6.0697687471803746e-05
IsakBlixen,1,0,0.0,6.069150169152454e-05
One_Adagio4729,1,1,0.0,6.069150169152454e-05
StrangelyAfoot,2,4,1.0627824186294877e-05,6.0663995847551975e-05
Rickrollyourmom,5,4,6.79638312620349e-05,6.066265355940611e-05
bootygoon2,2,1,0.0001409756956948423,6.066023034225947e-05
InternalWarp4,1,1,0.0,6.0641595287419894e-05
This-Ad7040,1,1,0.0,6.062545340402644e-05
TexZK,2,2,2.7227617776999775e-05,6.056831923006921e-05
DPSOnly,2,3,2.189803974126866e-06,6.050428671031687e-05
Asleep-Cellist826,1,1,0.0001558146994498339,6.04248915998064e-05
Lumpy_Customer_3136,4,7,0.00011522664950734904,6.040656838094774e-05
Few-Decision-774,4,1,9.333419270395804e-05,6.034404690448132e-05
EnvironmentProof6104,2,1,0.00012170701641296392,6.033234874598926e-05
tcumber,2,2,3.958364151797643e-05,6.032756408678247e-05
CleoV3Selene,3,4,0.0009804025392503347,6.028951158274907e-05
justbrowzingthru,1,2,1.705518714852029e-05,6.0156699552837436e-05
youllbebeautiful,2,3,0.00018931748583770448,6.013545829465314e-05
GetTheFactsHTV,2,0,0.00010285019280168611,6.0124348094243475e-05
Thevintageandvanity,2,4,3.202730775180572e-05,6.0049135285498414e-05
outsideskyy,2,1,0.00023894862604540026,6.003924408795208e-05
nigeltufnelyyc,2,1,0.00023894862604540023,6.003924408795208e-05
LittleJeffyJeremy96,2,2,0.0003082582171118429,6.003924408795208e-05
lilbigblue7,2,3,0.0008448644778094325,6.003924408795208e-05
vox,2,0,0.0,6.003924408795208e-05
2EscapedCapybaras,2,0,0.0,6.003924408795208e-05
TPCC159,2,1,0.00023894862604540023,6.003924408795208e-05
_heybuddy_,2,1,0.00023894862604540026,6.003924408795208e-05
br0b1wan,2,0,0.0,6.003924408795208e-05
dontmakemereply,2,1,0.00023894862604540023,6.003924408795208e-05
PedroMcJiminez,2,2,0.002356918546774688,6.003924408795208e-05
InternalAd3921,2,1,0.00023894862604540023,6.003924408795208e-05
_D80Buckeye,2,1,0.0,6.003924408795208e-05
Illustrious-Fee5670,2,1,0.00023894862604540023,6.003924408795208e-05
ADimBulb,2,1,0.00023894862604540023,6.003924408795208e-05
Agreeable-School-899,2,0,0.0,6.003924408795208e-05
Blake-at-Younii,2,0,0.0,6.003924408795208e-05
datawazo,2,0,0.0,6.003924408795208e-05
LocalBodybuilder7036,2,1,0.00023894862604540023,6.003924408795208e-05
Far-Condition8586,2,1,0.00023894862604540023,6.003924408795208e-05
Salt-Ride1026,2,1,0.00023894862604540023,6.003924408795208e-05
Tasty-Recognition-66,2,1,0.00023894862604540023,6.003924408795208e-05
Black_Otter,2,2,0.00028514213158854833,6.003924408795208e-05
Coffeeey,2,1,0.00023894862604540023,6.003924408795208e-05
Ill_Gain9451,2,0,0.0,6.003924408795208e-05
Fishy_____Business,2,3,0.0026043699662047395,6.003924408795208e-05
Free-Coast8920,2,1,0.00023894862604540023,6.003924408795208e-05
Big-Temperature-7956,2,1,0.00023894862604540026,6.003924408795208e-05
irishshogun,2,1,0.00023894862604540023,6.003924408795208e-05
Familiar_Art2570,2,1,0.00023894862604540026,6.003924408795208e-05
AZNEULFNI,2,1,0.00023894862604540023,6.003924408795208e-05
Alternative-Tart6275,2,2,0.00012071428878540742,6.0033196524460374e-05
ReallyAMiddleAgedMan,1,2,1.6769654131908818e-05,6.002696994256847e-05
interludek,1,3,0.00014262391667601958,6.002696994256847e-05
sinsoldseparately,1,1,0.0,6.002696994256847e-05
Bruins01,1,1,0.0001333955639225329,5.9957144468232416e-05
BlackMagicMerlin,1,1,1.8404777512647688e-05,5.993262609155548e-05
BoogerShovel,1,1,0.0,5.988635512600659e-05
ASkaloneo,1,1,0.0,5.9874884710421625e-05
FoxOfTheAlps,1,3,3.6702143040333573e-06,5.9874884710421625e-05
SdtStormageddon,1,2,0.0,5.9872519045981636e-05
7m-gtte,1,3,3.128435386454556e-05,5.9872519045981636e-05
Asbelsp,1,1,0.0,5.9805785107626115e-05
Knighty93,1,1,0.0,5.977735909732244e-05
wotquery,2,4,0.000644362666195315,5.9724233408239296e-05
spacereading,2,2,1.0096607317661607e-05,5.9646398791951384e-05
ExcitingInternal365,1,1,0.0001761681143757191,5.950531413968759e-05
vdbl2011,1,1,0.0,5.950531413968759e-05
wolverine237,1,2,0.0,5.950531413968759e-05
Artiefartie72,1,1,0.0,5.950531413968759e-05
zzZZzz_idk,1,2,0.00010119110530749299,5.950301104700347e-05
a-mathemagician,1,1,0.0,5.950301104700347e-05
LNotsil,4,3,0.0004316417398661426,5.94523894418574e-05
JarvisFunk,1,1,0.0,5.945069250925469e-05
cigsandchanel2,2,2,0.0,5.9436060359954005e-05
Lina__Lamont,3,1,0.000466668126123104,5.942806877838922e-05
PhimoChub30,2,1,0.00017801957213339732,5.942557254930386e-05
XGuiltyofBeingMikeX,1,3,0.0004977982755916372,5.940204291165005e-05
Qwartel,1,2,0.0,5.9400211537429575e-05
sodappend,2,1,0.00011947431302270013,5.935280233492113e-05
Puddyrama,2,4,0.00012715425798466936,5.935280233492113e-05
kat_stratford,2,8,0.0015651238443059384,5.930867551784168e-05
dontevenknow29,2,1,0.00016189004168692172,5.929990666989967e-05
d0esth1smakeanysense,3,2,0.0003154424436785931,5.9284850355382826e-05
anawesomewayve,2,1,0.00011947431302270011,5.9249652140485075e-05
mikkelss,3,2,0.0013841246399352283,5.920571915098593e-05
southendgirl,3,1,0.001158823133229528,5.919169520942381e-05
lurkingeternally,3,7,3.831990062312699e-05,5.9187991742298664e-05
Clean-Promotion-8996,5,5,0.0001540881909384951,5.9171355705266816e-05
Arneddit95,2,4,5.302824455861617e-05,5.90873657026028e-05
ChrisKateBushFroome,4,3,0.00017196867505857758,5.908403257206644e-05
contagiousA,1,1,2.4195076529732612e-05,5.904349520250622e-05
AutographedSnorkel,2,3,0.00012187700707898586,5.901331760768119e-05
FlagellatedCitrid0,2,3,9.041558504971907e-05,5.900705041104574e-05
ReindeerLegal2400,1,1,0.0,5.8980207489854096e-05
Automatic-Truck4908,1,2,0.00047085148322518626,5.8885232351380435e-05
MostlyHarmlessBloke,1,1,0.0,5.8885232351380435e-05
OneLittleMoment,2,3,0.00015504528206103602,5.882164303941471e-05
InternationalBat4946,4,4,7.529833855444965e-07,5.877779682214509e-05
Mainecoon0805,1,2,1.4760751422070961e-05,5.8749485320795856e-05
AllDaveAllDay,2,3,0.0,5.872187828859728e-05
DidYouFindYourIndies,3,1,1.1076135362821031e-05,5.866640404945565e-05
diotticarla,2,0,0.00011947431302270011,5.858270945684442e-05
finalina78,1,2,0.0,5.857607455106262e-05
SpareZealousideal740,3,1,1.3062598092200995e-05,5.8535341421080665e-05
Grogu_friend,3,4,0.00018191508257091557,5.8529923950276987e-05
lorenacorina,1,1,6.866782494022636e-07,5.849273412490664e-05
serialragequitter,2,3,0.0027399572281744974,5.8489266014831204e-05
Interview-Physical,2,2,1.8981067205769689e-06,5.8483332092015876e-05
Radiant_Mulberry3921,4,4,1.2287391095907456e-06,5.842782259149667e-05
hypnoticus103,3,1,0.0007453244011269743,5.8423509805269376e-05
Ok-Copy3121,3,15,0.001773833961085506,5.8366087953550235e-05
Old-Band-7635,3,4,9.306152282084954e-05,5.833659725128817e-05
Mednala,1,1,3.818791191488865e-05,5.83045708626712e-05
Next-Friendship-3542,3,7,0.0006533232751294116,5.828637221084456e-05
Ok_Breadfruit_8241,2,4,0.0010966509078308812,5.7946052082717686e-05
Staublaeufer,2,3,0.00046144950585159266,5.792593756475729e-05
silvershade8,1,4,0.0002574192064474073,5.79071580692781e-05
NurdleTeck,1,1,0.0,5.7885682615200874e-05
metrichustle,1,1,0.0,5.7885682615200874e-05
HenrikCrown,1,1,0.0,5.7885682615200874e-05
Kaltenstein_WT,2,1,1.678571924772366e-06,5.785401741852904e-05
burnerx2001,1,1,0.0,5.78149273080673e-05
Valuable_Jicama8553,3,3,3.27681175853591e-06,5.7776345876595184e-05
elegantideas,1,1,0.0,5.7750628861416914e-05
Reasonable_Spray2651,3,0,0.0033813892517615446,5.7750604307116955e-05
Oghamstoner,2,0,0.00013882633248702,5.7694300488847163e-05
TheGooseArmada,1,1,1.5081544332869803e-05,5.7663293743140184e-05
Elexeh,2,1,8.862362597085272e-05,5.760326580580942e-05
Nomahs_Bettah,2,3,0.0002861966516521788,5.752156700009913e-05
peeam,1,1,2.7537814599836564e-05,5.74989779501688e-05
IamPhilemon,2,3,4.383569437332878e-07,5.749451475077601e-05
sewalker723,1,1,0.0,5.739875778675824e-05
Critical-Bug4077,1,1,0.0,5.739875778675824e-05
Rogue_Gona,1,1,0.0,5.739875778675824e-05
CantFeelMyToesAgain,1,1,0.0001989679450541677,5.737269173733856e-05
New_Inflation_8419,3,3,0.00045310824964720934,5.7340052928549106e-05
Future-Ad2802,4,11,9.007699453965777e-06,5.733582014379124e-05
Brainless_flannel09,3,2,0.0003067897248263054,5.726969541398884e-05
Ethnafia_125,1,1,0.0022382317801672644,5.721311373495731e-05
Bouteille_Brune,1,1,0.00023894862604540023,5.721311373495731e-05
Glass-Information-87,1,1,0.00023894862604540023,5.721311373495731e-05
Plastic_Cost_3915,1,1,0.00023894862604540023,5.721311373495731e-05
WhenWillIBeAPilot,1,2,0.0016934701174956537,5.721311373495731e-05
theindependentonline,1,0,0.0,5.721311373495731e-05
Temporary_Window_104,1,1,0.00023894862604540023,5.721311373495731e-05
TheCABK,1,1,0.00023894862604540023,5.721311373495731e-05
HardcoreZombieExpert,1,0,0.0,5.721311373495731e-05
Landopedia,1,1,0.00023894862604540023,5.721311373495731e-05
Crackajack91,1,1,0.002238231780167264,5.721311373495731e-05
Cleets11,1,5,0.0005966887932385759,5.721311373495731e-05
JaqenHghar,1,1,0.00023894862604540023,5.721311373495731e-05
ViciousNakedMoleRat,1,1,0.00023894862604540023,5.721311373495731e-05
Unable-Selection6925,1,3,0.00024169930146629928,5.721311373495731e-05
fredy31,1,2,0.0003035594106084587,5.721311373495731e-05
kicia-kocia,1,1,0.00023894862604540023,5.721311373495731e-05
Last-Economist-4644,1,1,0.00023894862604540023,5.721311373495731e-05
Independent-Market31,1,1,0.00023894862604540023,5.721311373495731e-05
Ways_42,1,1,0.00023894862604540023,5.721311373495731e-05
RhodyJim,1,1,0.00023894862604540023,5.721311373495731e-05
DNF2,1,2,0.0004046701035661871,5.721311373495731e-05
gotfcgo,1,1,0.00023894862604540023,5.721311373495731e-05
SpazMcdonut,1,1,0.0022382317801672644,5.721311373495731e-05
XPhazeX,1,2,0.0011471124383391476,5.721311373495731e-05
maxdraich,1,3,0.0038476937040001005,5.7205762174274044e-05
charryglow,1,1,3.170464397332558e-05,5.719160954664775e-05
SeaworthinessOpen190,1,1,0.0,5.712144113337238e-05
Ok-Ideal9009,1,3,4.720078559150457e-05,5.712144113337238e-05
DivisonNine,3,3,1.3493550025060399e-05,5.7116374317011184e-05
once_too,1,1,0.0002166598040573307,5.704911432308743e-05
Vryyce,5,15,0.0009287691484376256,5.7022920045401366e-05
No_Log4570,3,2,0.0,5.699115926332212e-05
bravetailor,4,11,0.0001998029012048725,5.6970118014413256e-05
SwagFondue,2,1,5.5495435953638006e-05,5.6935303286169504e-05
AardvarkOne9314,3,4,0.0003696050951480354,5.69239735508614e-05
Infinite-Relation988,2,2,0.00013889503914242004,5.683431269121883e-05
Angrydwarf99,1,1,2.646203761298786e-05,5.6781889721349313e-05
Tiny-Acanthaceae1656,1,0,0.0,5.6781889721349313e-05
historicusXIII,2,2,0.0008124566323037395,5.6775506236525746e-05
almiranara,2,1,6.684214779825498e-06,5.674337825322419e-05
Waste_Coach_2762,1,1,0.0,5.667585559216971e-05
MrCosgrove2,5,5,3.239905394353052e-05,5.6651900377142794e-05
BorkLesnard,2,1,0.00012731131468929157,5.6610606585857215e-05
WhateverHime,2,2,0.00020664990600234288,5.659247076670309e-05
MaximumDoughnut,1,1,3.4919620184093245e-05,5.655736379610924e-05
redrunsnsings,2,2,0.00012028166351487761,5.6286019202708227e-05
moonwalkinginlowes,2,5,4.46522050299186e-05,5.6277211478584526e-05
Daybreaq,2,3,0.00022117312099861252,5.626329342204496e-05
nestlejonida,2,4,0.0013537668550229018,5.610202005473218e-05
luktsinnet,1,1,0.0,5.6056058571936086e-05
MIDAmultiCruel,1,1,0.0,5.6027067663024297e-05
shorty2494,2,2,2.588610115491836e-07,5.600733229271299e-05
Historical_Light_730,2,1,0.00011947431302270011,5.5986799818531164e-05
Brangarr,4,8,1.7686665026468078e-05,5.5947074944356356e-05
Amazing-Aardvark-674,1,1,0.0,5.58350269588621e-05
happykindofeeyore,3,3,0.00011343200308383066,5.580876399418896e-05
Poiuyt5555,1,1,0.0025952210274790923,5.580004855845992e-05
Bradddtheimpaler,1,0,0.0,5.580004855845992e-05
indefinitelydreams,1,3,8.381684689928418e-07,5.579765744189065e-05
IntelligentBig9244,1,2,0.0,5.5769513608063144e-05
Decent_Display_3526,2,5,0.00074552955962188,5.576462483505368e-05
andrewmail,1,1,0.0,5.5761173271900256e-05
Top_Investment1825,2,1,0.00012997022413626112,5.5735754274347605e-05
1600vam,1,1,0.0,5.57212630112495e-05
Rough_Zucchini1346,1,1,0.0,5.57212630112495e-05
Vraviran,1,2,0.0,5.57212630112495e-05
ivy-covered,3,1,0.0001364950503329881,5.5705489734819195e-05
LavendarPetals345,1,1,0.0,5.568996736024203e-05
TopComprehensive5494,2,4,0.00021362046443386946,5.561561113781177e-05
Any-Video4464,1,2,0.0,5.5583787459417876e-05
ZeuxOrphan,1,1,0.0,5.5583787459417876e-05
Any-Pomegranate4807,3,2,0.00019201538382517948,5.5543646230003395e-05
Exciting-Engineer649,3,2,0.00027416871681102534,5.551782091043741e-05
quadtrixel,1,1,5.004805146189787e-06,5.5500235560459085e-05
Historical-Juice-172,2,1,0.00011103814490219056,5.54757718789631e-05
KuningasTynny77,1,1,0.0,5.5448548422023535e-05
KaleidoscopeSea9267,1,1,0.0,5.54406961202373e-05
GodFeedethTheRavens,3,3,1.2735364851136117e-05,5.539506862885234e-05
NewspaperBanana,3,3,0.0003454980139002985,5.538604376926057e-05
Maxpowr9,2,4,1.28292679976397e-05,5.5369267089233235e-05
Flimsy_Reference_799,3,3,0.0001645802782690429,5.532703237141083e-05
SitDownKawada,2,2,5.490882373141841e-05,5.531362359758957e-05
pantherscheer2010,1,1,0.0,5.524347588562451e-05
ethicalpickle,1,3,0.000269660964777721,5.524347588562451e-05
Kanjizoiie,1,1,0.0,5.514553027579666e-05
Sharkhawk23,1,1,0.0011182795698924729,5.510153832646572e-05
DrapersSmellyGlove,1,2,0.0,5.510153832646572e-05
EdTMasterZ,5,4,0.000318796470137395,5.5083471777604316e-05
georox97,4,8,2.0799634819318933e-05,5.5043254241661234e-05
sugarcoatedtear,1,1,3.3955103474267575e-06,5.502779954368954e-05
flyover,3,3,7.77232910328394e-05,5.5018117317492154e-05
Old-Marzipan-6234,2,2,0.00011707017112553439,5.494308625849482e-05
Frozen_pizza_987,2,1,0.00012144021768232779,5.493049811723885e-05
Mokkaza,1,1,0.0,5.4834623852098e-05
lividchocoholic,1,1,0.0,5.4834623852098e-05
linguistchurroslover,1,1,0.0,5.4834623852098e-05
LanguageAntique9895,2,1,5.974634684312104e-05,5.480412652904534e-05
Arvea_,2,2,7.844128053709322e-05,5.472618212178581e-05
midnightphoton,2,2,0.00015387810261266547,5.470978524885084e-05
Digit00l,3,7,0.0036946582424629464,5.4649554402899265e-05
TheDonutCrew,2,4,6.6320401128624e-05,5.464953124307061e-05
chicagoredditer1,4,4,2.1903624054161685e-07,5.463685487331981e-05
das4111,2,1,0.00013313715726636762,5.4607100950965985e-05
cloudyrabbit0,1,1,0.0005949123996449014,5.4596814838521124e-05
geezqian,1,1,0.0019132559780831683,5.4596814838521124e-05
mihir1993,4,8,0.00012732074182860649,5.458252767498856e-05
gadeais,3,7,0.00024210899764391973,5.4572704786595e-05
CWalkthroughs,2,3,0.0,5.45635138842365e-05
Any-Marzipan-4421,2,1,0.00041780940359103965,5.455696811718674e-05
DagetAwayMaN421,1,1,0.0,5.454389345635557e-05
PoroQuagganBob,2,4,0.0006388786557065285,5.453782403434434e-05
Stinkycheese8001,2,4,0.000123844074499071,5.452010512806046e-05
RobotDevil222x3,1,1,0.0,5.445634810079898e-05
Cubriffic,1,1,0.0,5.445634810079898e-05
Miserable_Touch_8743,1,4,0.0,5.4371639316116484e-05
CarabbaggioLOL,2,2,9.985125039817128e-05,5.436962582315966e-05
venusflytrap6231,3,2,0.002503719299606772,5.4368511429467195e-05
predsfan77,3,3,0.00015103687838635837,5.423283129273703e-05
Qtrfoil,2,5,0.0010947732511926128,5.4221424634899314e-05
WHATAREWEYELINGABOUT,1,3,0.00035585169031759586,5.4212510115681957e-05
mezmery,1,3,0.0,5.4212510115681957e-05
cragglerock93,1,3,0.00023254433886506942,5.4212510115681957e-05
thisisaname21,1,3,0.0001365528594440675,5.4212510115681957e-05
brainexe_not_found,1,3,0.0013380340378724704,5.4212510115681957e-05
Seeteuf3l,2,3,0.00015899341268583208,5.4212510115681957e-05
CobblerCandid998,1,3,0.00011947431302270011,5.4212510115681957e-05
MELPDY707,1,3,0.00011947431302270011,5.4212510115681957e-05
CrazyProudMom25,1,3,0.00012015969664073793,5.4212510115681957e-05
Esb5415,4,3,6.849093394135331e-05,5.417153426411077e-05
Hammerschmittz,3,1,0.00022094510435670197,5.414935311195291e-05
william_fontaine,3,12,0.0008949878955853088,5.4045915122994135e-05
manuredujour,1,2,0.0,5.3942654079687215e-05
Alwayscooking345,2,2,0.0002632502679187266,5.393931515379748e-05
Auzou,3,2,0.00011179934822152913,5.390683922921525e-05
jxroos,5,7,0.00014084474959439924,5.384820246237082e-05
casualroadtrip,2,2,0.00016253980714806134,5.3777970594155784e-05
runningvampire_,2,1,0.00011947431302270011,5.374125478326606e-05
anker_beer,2,1,5.8091014445300455e-05,5.37370413678614e-05
dhawerd,1,2,0.0,5.373615114356667e-05
bluediamondsm,1,8,0.00012092153558735127,5.373615114356667e-05
brave-flying-toaster,1,1,0.0,5.373615114356667e-05
Strong-Seaweed-8768,1,4,0.004119782765187832,5.373615114356667e-05
uberfish33,1,1,0.0,5.373615114356667e-05
Ok_Impression8506,1,1,0.000509514790755428,5.373615114356667e-05
stuckmustafina,1,3,0.0033348019200723873,5.373615114356667e-05
OwlCatPoptart,2,8,0.0006581353898053053,5.361242914398093e-05
Ok-Count8492,3,5,0.0010305217980991729,5.354976250385334e-05
4eva_Na_Day,3,1,0.0001873597047533047,5.350357012154319e-05
Economy_Link4609,2,1,0.0003512228818791859,5.348950195372232e-05
Legitimate-Mud188,2,1,2.555095027598296e-05,5.34563207674e-05
HenryClay1850,1,1,7.585904886690332e-06,5.3441074589856744e-05
Thannhausen,1,2,0.0,5.337060910032207e-05
SalamAkhi,2,1,0.0001939327130818324,5.336588928475075e-05
Joachimsen,3,1,0.00019231709761553735,5.328837187547008e-05
PrestigiousLack88,2,1,0.00011947431302270011,5.3267408297469744e-05
BarrishUSAFL,1,0,0.0,5.3246080330801186e-05
D4RK_3LF,4,4,1.3546733990899354e-05,5.32274778033307e-05
deaddovedoeat,1,1,6.453219434333034e-05,5.3209014054022836e-05
kat_nus,1,1,6.870330570932443e-05,5.3209014054022836e-05
All-for-the-game,1,1,0.0,5.319949559376976e-05
Lintobean,2,3,0.0004898747875591671,5.3195634672588866e-05
pjgamer_wastaken,2,1,0.000173221986187547,5.299930854304086e-05
YoursandMine8,2,1,0.00011947431302270011,5.296029498382275e-05
randombubble8272,1,0,0.0,5.292253364011603e-05
dmitrievschaotic4A,1,2,0.0008681920532392503,5.292253364011603e-05
GoldLobster,1,1,0.0,5.288595183356278e-05
INAC___Kramerica,2,1,2.9625305625279423e-05,5.2828173449336955e-05
Deraj2004,1,1,5.793479573892813e-06,5.275236644105553e-05
All_the_dinohorses,1,1,5.451866946038024e-05,5.275236644105553e-05
TheJewBakka,2,7,2.04678732120707e-05,5.266842691390358e-05
2greenlimes,2,3,0.0005018307723606708,5.2646759770780656e-05
TurbulentRain15,2,1,0.0002534018045525024,5.264445751027018e-05
mimib101,1,2,9.981575086096821e-06,5.261289103036377e-05
Putrid-Nebula-8660,1,1,0.0,5.261289103036377e-05
AdAutomatic1442,1,1,0.0,5.261289103036377e-05
StoopSign,3,9,4.1992744218096824e-05,5.2557191228773395e-05
DontWorryImLegit,3,4,0.0,5.2513327680263366e-05
MrsAnteater,2,3,0.00017570874167867557,5.24995756919781e-05
Smokey_joe89,3,1,0.0001711789721492698,5.2495907163840146e-05
dllyn,3,1,5.066013551415166e-05,5.2482523397200394e-05
CodeA25,1,2,6.546323586645603e-05,5.2412402217217295e-05
TestingLifeThrow1z,1,5,0.00014739026989782806,5.2412402217217295e-05
stolpoz52,2,1,0.00012217851108215858,5.2197719120260723e-05
KawazakiMotorcycle,1,1,0.0,5.218317393888113e-05
TheSessionMan,1,3,0.00013892411547371418,5.2060506984666664e-05
brittleboyy,1,1,8.458827355495403e-06,5.204530910569389e-05
Ok_Card9080,1,2,0.0003209829540037581,5.204530910569389e-05
Material-Hurry-4135,1,1,0.0,5.204530910569389e-05
Mick_the_Eartling,1,2,0.0,5.191527540886648e-05
atimidtempest,2,7,0.00028702404865303926,5.189244543423637e-05
julitm,1,1,6.147990491726909e-05,5.188423369629877e-05
petiteodessa,2,3,0.0001517577232935368,5.181356112896926e-05
CesareSomnambulist,2,1,0.00014025368010303274,5.181356112896926e-05
GogglesPisano,1,2,0.0,5.1767609861384586e-05
jonbearpig,1,1,0.0,5.174362711962234e-05
YamburglarHelper,1,1,0.0,5.166658368050378e-05
TryingToDoTheThings,1,1,0.0017732377538829149,5.166658368050378e-05
tyler_3135,1,2,0.0018929510155316603,5.166658368050378e-05
rooralj,1,0,0.0,5.166658368050378e-05
dupupe,1,1,0.0,5.166658368050378e-05
Divisadero,2,1,1.3569048810733584e-05,5.162323703163198e-05
Rude-Mission-8907,2,2,8.880676281109744e-05,5.161859904544696e-05
PurpleChannel2080,2,2,0.00036246880669608495,5.159323398891297e-05
GenericAccount13579,3,3,0.00013752687812298208,5.158240774792407e-05
projectofsparethings,2,2,0.0005933786852327221,5.157507373017925e-05
KonKnueppel3rdNipple,2,3,3.889415388747229e-06,5.155277502510048e-05
LazyDocument4528,2,1,0.00018008667849378078,5.154883731896055e-05
mattfromjoisey,1,2,7.891377696998636e-05,5.1542183414765894e-05
Difficult_Squirrel22,1,2,2.040304995320617e-06,5.1542183414765894e-05
AstronautLive2340,2,2,0.00037581606372740764,5.150730223558241e-05
Jerk_offlane,2,2,2.795881134149692e-06,5.1464023245437334e-05
Beneficial_Sign8266,2,3,0.0,5.1378149888073275e-05
Lethbridgemark,2,3,0.00014399180166766297,5.1378149888073275e-05
TruckStopBJs,2,3,0.0,5.1378149888073275e-05
death_tron85,2,3,0.00026345572561966554,5.1378149888073275e-05
LogicPuzzleFail,2,1,1.644577433281748e-05,5.131577117375268e-05
Wrong_Athlete310,1,1,0.0,5.1313303598705666e-05
berfthegryphon,2,1,0.0008363201911589008,5.122979122040597e-05
evilJaze,2,1,0.00023894862604540023,5.122979122040597e-05
MakGuffey,2,1,1.8016947304998426e-05,5.12291704416701e-05
grungebob_scarepants,3,0,0.00014957976588107592,5.1218400631501223e-05
timmablimma,1,3,5.973715651135006e-05,5.116256371615733e-05
Banani_ari,1,3,0.0,5.112562698734675e-05
Even_Efficiency_7362,1,0,0.0,5.112562698734675e-05
Mundane_Truth9507,1,2,6.007894661536332e-06,5.107760000150245e-05
CoolCatBlue321,2,2,1.3441580436947506e-05,5.1057453675136354e-05
afriendincanada,2,2,0.00013062801777144012,5.105570035369446e-05
Deep_Comparison_9283,2,2,3.082843287942873e-05,5.105314058311588e-05
after_tomorrow,1,5,0.0023128434529300465,5.10385145668974e-05
CellOk4165,3,1,0.001555802056281121,5.1033933239998406e-05
ShowdownValue,3,1,0.00011665832178586707,5.1020659573323214e-05
Best-Cloud-5460,2,2,0.0,5.100886649499805e-05
ShureBro,2,2,0.0,5.100886649499805e-05
Ocelotstar,1,1,3.405488350150769e-06,5.097176299081099e-05
thatonekim,1,1,3.594909816691951e-06,5.097176299081099e-05
QueenAlys88,1,1,1.2101060330738586e-05,5.097176299081099e-05
FlyingOctopus53,2,3,0.0019507874151971642,5.086326355526587e-05
tylerhk93,1,1,0.0,5.075011066286249e-05
The_Astros_Cheated,1,1,0.004356033452807646,5.075011066286249e-05
CTHARCH,2,3,7.536575186744948e-05,5.073729711016526e-05
peterpeterllini,3,8,1.6670166332950167e-06,5.0705230542345505e-05
j0n68,1,2,0.0,5.059187867913446e-05
abbytarar,1,1,0.0,5.059187867913446e-05
easy89,1,3,0.00017538227516886688,5.059187867913446e-05
not_now_chaos,2,1,0.00023894862604540023,5.0588022990477277e-05
AdPractical7574,2,1,0.00012598341853604914,5.0588022990477277e-05
Sveern,2,2,0.00019436522307375998,5.0588022990477277e-05
Melodic-Edge-910,2,1,0.0022688633847174006,5.0588022990477277e-05
adrianp07,2,0,0.00011947431302270011,5.0588022990477277e-05
Celine_Cat,2,1,0.00017921146953405018,5.0588022990477277e-05
plaverty9,2,3,0.00024681617065009384,5.0588022990477277e-05
CaptStegs,2,1,0.0023478658020212465,5.0588022990477277e-05
devereux619,2,0,0.00011947431302270011,5.0588022990477277e-05
ZebraImaginary9412,2,2,0.00029656314606695683,5.0588022990477277e-05
dinosaurs-behind-you,2,1,0.00013949042051262408,5.0588022990477277e-05
ztothe4th,2,1,0.00011947431302270011,5.0588022990477277e-05
-ctinsider,2,0,0.00011947431302270011,5.0588022990477277e-05
HE20002019,2,1,0.00012086363303209178,5.0557443801264385e-05
smallpotatofarmer,2,1,5.715545100292888e-06,5.0555744186746575e-05
invenice,2,2,0.00012094307903300425,5.0551250414550814e-05
texascannonball,1,1,0.0003103594553215957,5.0499041811026354e-05
Specific-Yam-2166,1,2,0.0,5.0499041811026354e-05
Kindly-Plate-5785,1,9,0.0005661757667898112,5.0496365734452515e-05
dreamer_dw,1,2,0.00019544807901516892,5.0496365734452515e-05
iusedtogotodigg,1,2,8.955741330142005e-06,5.0449471811511997e-05
Rangerrenze,1,1,0.0,5.034316901637903e-05
JoshTHX,2,1,0.00011947431302270011,5.0248438836106326e-05
mrtomjones,2,4,0.00021715763949078766,5.021787959740328e-05
Accomplished-Pen-394,1,4,0.00023413253209887181,5.021787959740328e-05
counterfitster,1,4,0.00015649953658511553,5.021787959740328e-05
grandmawaffles,1,4,0.00017785815323160067,5.021787959740328e-05
RainbowCrown71,2,3,0.00029552985638586825,5.021784737889787e-05
Lpreddit,3,2,0.0011698383464184244,5.01528447159061e-05
ThatMikeGuy429,2,9,0.001399060500572039,5.0055116368627375e-05
MichaelSquare,3,4,2.8808829045102563e-05,4.999418588293174e-05
JanGuillosThrowaway,1,2,0.0018295143262654794,4.998550024922596e-05
Weary-Matter4247,1,1,0.0,4.997435145182906e-05
stenskott,2,2,0.0005665324524967362,4.994911983470797e-05
Defiant-Youth5067,2,4,0.0027940583929480225,4.9924881040071037e-05
TwirlingPotatoes,2,1,0.0001034217028051944,4.988130179640611e-05
DesignerGap0,4,8,5.158236005753514e-05,4.980547503945073e-05
TalkativeRedPanda,1,1,2.2127497038736124e-05,4.979243343419312e-05
WrongdoerIndependent,3,7,1.8495112382571766e-05,4.977981225551331e-05
Safe_Dragonfly752,1,1,0.0,4.971584509518949e-05
Lisbeth78,1,1,0.0,4.971584509518949e-05
netflixissodry,1,1,0.0,4.971584509518949e-05
OveremotionalCatLady,1,1,0.0,4.971584509518949e-05
CherryCokeAndFanfic,3,3,0.0,4.971584509518949e-05
Buzzerbeatmw,1,1,0.0,4.971584509518949e-05
clydem,1,2,0.0,4.971584509518949e-05
srcoffee,1,1,0.0,4.971584509518949e-05
THEonlyDAN_____6,1,1,0.0,4.971584509518949e-05
Commercial-Mess7134,1,2,0.0,4.971584509518949e-05
darklinux1977,1,1,0.0,4.971584509518949e-05
StarWarsPlusDrWho,1,1,0.0,4.971584509518949e-05
a_dude_from_europe,1,1,0.0,4.971584509518949e-05
MarsD9376,1,2,0.0,4.971584509518949e-05
pimfram,1,1,0.0,4.971584509518949e-05
DontUSlashMe,1,1,0.0,4.971584509518949e-05
ustation,1,2,0.0,4.971584509518949e-05
mezekaldon,1,2,0.0,4.971584509518949e-05
gatherallcats,1,2,0.0,4.971584509518949e-05
theusedlu,1,2,0.0,4.971584509518949e-05
Nice-End-4742,1,2,0.0,4.971584509518949e-05
Diligent-Marsupial10,1,2,0.0,4.971584509518949e-05
Mijkvd,1,1,0.0,4.971584509518949e-05
benni__weber,1,2,0.0,4.971584509518949e-05
CinnamonToast_Fuck,1,2,0.0,4.971584509518949e-05
dobagela,1,1,0.0,4.971584509518949e-05
ColumbiaProvidence,1,1,0.0,4.971584509518949e-05
jabbargofar,1,1,0.0,4.971584509518949e-05
hockeycross,1,2,0.0008945127861514558,4.971584509518949e-05
wubdubbud,1,1,0.0,4.971584509518949e-05
NegevThunderstorm,1,2,0.00241492160589522,4.971584509518949e-05
ill-just-buy-more,1,1,0.0,4.971584509518949e-05
Busterpelvus222,1,2,0.0,4.971584509518949e-05
DublohVII,1,1,0.0,4.971584509518949e-05
Lingonberry_Born,1,1,0.0,4.971584509518949e-05
VegetableMix5362,1,1,0.0,4.971584509518949e-05
somabokforlag,1,1,0.0,4.971584509518949e-05
SealyMcSeal,1,2,0.0,4.971584509518949e-05
thatkrazykat,1,1,0.0,4.971584509518949e-05
serawyo,1,1,0.0,4.971584509518949e-05
madeyoucookies,1,1,0.0,4.971584509518949e-05
19Detroit,1,2,0.0,4.971584509518949e-05
linmre,1,1,0.0,4.971584509518949e-05
freezysw,1,1,0.0,4.971584509518949e-05
lischka31,1,1,0.0,4.971584509518949e-05
popcarnie,1,1,0.0,4.971584509518949e-05
ammurp,1,2,0.0,4.971584509518949e-05
elmercoonhound,1,1,0.0,4.971584509518949e-05
FesteringLion,1,1,0.0,4.971584509518949e-05
CaptainFlash69,2,2,0.0,4.971584509518949e-05
Icy-Action2121,1,1,0.0,4.971584509518949e-05
lordmatri,2,4,0.0001244430106247393,4.961390391655382e-05
Cindori,2,0,0.00011947431302270011,4.953297282975992e-05
Spiritual-Loan-347,3,3,8.5568632681176e-06,4.94159348144737e-05
DoinWhale,2,1,0.0014929660877845933,4.939986993346964e-05
boopsquigshorterly,1,1,2.983897901676831e-06,4.93888935336784e-05
Alex_Mihalchuk,4,6,0.00033476938702822214,4.935381755913663e-05
xx_purplehalo_xx,1,2,0.0003044822578960914,4.928607691553773e-05
Ok-Awareness-9646,1,2,0.0001295510028325018,4.9244487755471786e-05
CraftLass,1,2,0.0,4.9244487755471786e-05
1muckypup,2,1,2.2856445967100982e-05,4.922017810588966e-05
19Facelift90,1,2,0.0,4.9182299492289575e-05
beginnerslxck,1,2,0.0,4.9182299492289575e-05
ScrewOff_,1,1,0.0,4.9182299492289575e-05
speedshotz,1,1,0.005541218637992831,4.917495781397989e-05
Micah_JD,1,1,9.299807298521521e-05,4.917495781397989e-05
DavelPatsyuk13,1,1,2.4822585711039416e-05,4.917495781397989e-05
feb914,1,0,0.0,4.917495781397989e-05
AliTwin601,1,3,0.0003783253775570028,4.917192565846776e-05
LyricalDucking,1,1,4.044303781627106e-05,4.915213336534563e-05
Both_Perception_1941,1,1,0.0,4.914601854028845e-05
lavender_legend,1,2,0.0,4.914601854028845e-05
Key_Hospital_10,2,2,8.949737718277793e-06,4.9131488359369614e-05
Certainly_uncertain9,3,1,0.00036604222562087524,4.889677010623387e-05
vareliya,3,3,1.5373218055609082e-07,4.8868190488606e-05
shwaa_,2,2,8.525284899067826e-05,4.886095887301653e-05
Runamucker31,1,2,0.0,4.8858115954912934e-05
DreamsAndSchemes,1,1,0.0,4.8793279217469124e-05
kw3lyk,1,4,3.2814820966355554e-05,4.8778984205729014e-05
SentientSTD,2,3,0.0001318403586465894,4.874163846273358e-05
uptovigilanteshit,3,3,2.3214250498274384e-05,4.872281707918e-05
oskich,2,1,0.00017201613571544554,4.87069195613464e-05
Green_Run2265,1,2,1.0097223403813725e-06,4.8663475389052916e-05
GabrielMcDonough,1,2,8.744650276020278e-05,4.86062736176019e-05
Future-Addition9436,1,2,6.75862976010275e-05,4.86062736176019e-05
Dramatic-Purple7398,1,1,0.0,4.860394475527291e-05
Ok_Dragonfruit886,1,1,0.0,4.860394475527291e-05
Sevren425,1,1,0.0015842678191195852,4.858168592663484e-05
KongRahbek,1,3,0.0005978819405985177,4.858168592663484e-05
lostdysonsphere,3,4,2.391816285420214e-05,4.852134041494109e-05
specifichero101,2,1,0.0006367511642468307,4.851458771790142e-05
borkborkbork99,1,2,2.5879919446010126e-05,4.8495717184825324e-05
myownmoses,1,2,0.00035842293906810036,4.8495717184825324e-05
Chiowl333,1,2,0.0002166520762983542,4.8495717184825324e-05
Raj_Dutta3731,1,0,0.0,4.8495717184825324e-05
OilWorried41,2,4,0.001586133178106242,4.848564540954964e-05
LycheeDependent4998,1,1,0.0,4.846809385459587e-05
California_Stop_King,1,1,0.0004454457737317375,4.839873288330544e-05
vskovalyov,2,1,0.0001575033221105689,4.838678878572361e-05
HowDareThey1970,1,3,0.0,4.836982746120792e-05
GroundbreakingAd1223,1,2,0.000142815761313491,4.836982746120792e-05
Guy_LeDouche33,1,1,0.0,4.83593877728235e-05
Overlord0994,1,1,0.0,4.83593877728235e-05
snickelbetches,1,1,0.0,4.8349907805353846e-05
pinetar,3,2,0.0013597754115030384,4.829635730307435e-05
hermoomin,3,7,1.3379549362597925e-05,4.8295963218756625e-05
blindking2,1,1,6.185568716786896e-05,4.8258419571560666e-05
Realistic-Wafer-314,1,2,0.0,4.8258419571560666e-05
squeda,1,1,0.0002700041890319885,4.8258419571560666e-05
ConsuelaApplebee,1,2,0.00019992239492777928,4.823382629857036e-05
falsehood,1,2,5.08817864739959e-05,4.821412126485334e-05
Optimal-Progress4917,3,2,4.8548599732151714e-05,4.8171107933412936e-05
mrsunshine1,1,1,0.0,4.8109841953850006e-05
tbroome17,1,2,4.377229895046321e-05,4.8109841953850006e-05
Formal-Radish1413,4,5,0.0012581879459217598,4.8093536459101305e-05
seldom4,1,4,0.00012078655513144811,4.807106628391315e-05
izannunciation,1,2,3.842219744461967e-05,4.807106628391315e-05
uninspired_oblivion,1,1,6.830707924620895e-06,4.8043915285634353e-05
luffyuk,2,1,0.00019253361553935153,4.804152383802059e-05
ZiggoCiP,1,1,0.0,4.80404588105265e-05
Specialist_Limit_969,2,2,0.0003657027105028572,4.8032177497158576e-05
squanchy_56,3,4,0.00037405957832364753,4.8016613174144186e-05
Lumeton,2,1,0.00012190591923904188,4.799090654412531e-05
Sufficient_Swing_406,3,4,1.4177569598786913e-06,4.7963343985860075e-05
StellafromVienna,1,1,0.0,4.7953112002527905e-05
ok_soooo,1,5,0.00016814655708954218,4.7953112002527905e-05
-pooman-,2,2,0.0019211908335607028,4.788320522419334e-05
survivoorhees,1,2,2.929889307887078e-06,4.784851970860919e-05
Awkward-Bunch-1148,2,4,3.935044322715019e-06,4.776278061428875e-05
emkael,4,1,4.349777623565587e-05,4.774860602032743e-05
ramzie,2,1,0.00031448870632964123,4.7700733594413156e-05
Lumyna92,3,4,0.00027616341035578744,4.767873004771718e-05
NearbyPerspective397,3,4,0.0010424840973724486,4.765227909138125e-05
Dingo8MyBabyMon,1,2,0.0,4.7587755639082736e-05
Author_Noelle_A,2,3,0.0003098136482299865,4.756291621781408e-05
The_Darling_Starling,2,3,0.0020024056960644505,4.756291621781408e-05
WayfarerCZ,1,1,3.060489090925302e-05,4.7461796962199954e-05
g1ng3rk1d5,1,1,0.0,4.7461796962199954e-05
Responsible_Bar3957,1,0,0.0,4.7461796962199954e-05
socialaxolotl,2,1,0.00011947431302270011,4.743761595798568e-05
Standard_Wedding,2,5,0.00012031051382400181,4.743761595798568e-05
tastybiscuitenjoyer,2,0,0.00011947431302270011,4.743761595798568e-05
FalseData989,2,1,0.00012412468487567498,4.743112988650267e-05
sherrlon,2,2,2.2298387435515026e-06,4.7390083404917635e-05
Smart-Illustrator277,1,6,0.0014540210454984178,4.735118890121592e-05
Aggravating_Sun_9850,1,1,0.00011872159979636767,4.735118890121592e-05
KillBologna,1,1,0.0,4.735012296645011e-05
epik_fayler,2,5,0.0001477073700978798,4.727808717535658e-05
StrangeCranberry4820,1,1,0.0018768160978637506,4.722146422540874e-05
PlatypusOld257,2,1,0.0006883750666243693,4.703584698232672e-05
Icy-Election-2237,2,2,0.00011947431302270011,4.696597589842717e-05
springer_spaniel,2,1,3.836054324949395e-05,4.696167676531104e-05
hexametric_,2,2,0.0019420890779463435,4.689501167758601e-05
Safe-Designer-1290,1,6,0.00014938986647540395,4.67748114611942e-05
bismuth12a,1,6,0.0031607769620491,4.67748114611942e-05
OtterAnalytics,2,1,0.00011947431302270013,4.669670378217282e-05
BeanEireannach,2,0,2.824861072048759e-05,4.667509459904902e-05
bughidudi,1,1,0.0,4.661725516093355e-05
snarkmoo,2,0,4.953232400624866e-06,4.660039064854576e-05
flowersandpen,2,0,4.481840541921154e-06,4.659205684388189e-05
Specialist-Hold-653,1,1,0.0002013772781209477,4.657481949961454e-05
GreenBat29,3,1,1.5426750876419525e-05,4.656991278935955e-05
SomeDepressedRaccoon,1,2,0.0,4.650931444174522e-05
ravenonawire,1,2,0.0004071012748686508,4.650931444174522e-05
AvisRune,1,1,0.0,4.650931444174522e-05
GanacheCharacter2104,1,2,0.0,4.650931444174522e-05
soifua,1,2,0.0,4.650931444174522e-05
TsumStacker,1,5,0.004629769860397074,4.650931444174522e-05
Dizzy_Engine_4854,1,1,0.0,4.650931444174522e-05
otterpopqween,1,1,7.977733940006824e-05,4.649557250698742e-05
CanSpice,2,1,4.8824326705329855e-06,4.643262369276797e-05
TrollHunter87,1,1,1.7473007163360956e-05,4.6372649584469035e-05
petuniar,1,3,1.3966916869784895e-05,4.635505212222919e-05
vida_tombola,1,3,8.010674932755675e-05,4.635505212222919e-05
FITTB85,1,1,0.0,4.635505212222919e-05
volcomma5ter,1,0,0.0,4.635388213912353e-05
Better_Method3111,1,1,5.9637953726574446e-05,4.634831539713549e-05
sounds_like_kong,2,1,1.441838012651768e-06,4.630759665171409e-05
Jdubya87,2,2,3.68682423130545e-05,4.6267443064659054e-05
Ok_Pipe_3234,2,4,0.0,4.6267443064659054e-05
Sleazless_synths,1,2,1.3352533596755216e-05,4.6167114211343135e-05
Homo-Erect,2,1,2.8644872074667802e-05,4.6123682124486634e-05
ohbother12345,2,3,0.0005203149079601947,4.609820015327218e-05
100gamer5,1,1,8.936835160030474e-05,4.6076564308625934e-05
tthousand,2,1,0.00011947431302270011,4.601950697764195e-05
sevenpleiades,3,9,0.00017004466874606972,4.599626053291433e-05
SwimmingThroughHoney,2,2,5.805824789384403e-05,4.590936213676724e-05
Terziak,2,2,0.0,4.590936213676724e-05
junker90,2,2,9.65192448472339e-06,4.587677153948169e-05
Being_Pink,2,1,0.00013850060278496046,4.586241244173988e-05
Rhakhelle,2,3,0.000579296922003783,4.586241244173988e-05
Historical_Youth4423,1,2,0.0,4.572762226724359e-05
BrialaNovera,1,2,1.2925207011228517e-06,4.572454472095253e-05
MarcoCornelio,2,6,0.001325671798251871,4.571816038044719e-05
oh-oh-livinonaprayer,2,5,0.0009416221229819233,4.566214094378936e-05
amygym,1,2,0.0,4.563187568474662e-05
CharacterIcy9002,1,2,4.4333278776567e-06,4.563187568474662e-05
Holiday_Parsnip_9841,2,2,4.8658396467749995e-05,4.5596571419013305e-05
Beneficial-Coffee129,2,1,0.0006301222577504272,4.5591765626337575e-05
Late-Surprise2945,2,1,4.7816562502764205e-06,4.554446099958232e-05
muad_dib21,1,1,0.0,4.5460228054065976e-05
booksnblizzxrds,1,1,0.0,4.5460228054065976e-05
HappyChilmore,1,0,0.0,4.5460228054065976e-05
Skytho1990,1,1,0.0,4.543845460145303e-05
alternativeedge7,2,1,2.48305210823634e-05,4.5392454207610476e-05
Sad-Loquat5062,2,1,0.00013049092172457067,4.539038068432497e-05
Secret-Bluebird-972,1,1,0.0,4.536388548208718e-05
Zombiejesus307,1,1,0.0,4.536150443316809e-05
Onion27,2,1,0.0,4.5242305643843566e-05
The_Helmet_Catch,1,1,3.317604099523427e-05,4.5235797954891477e-05
heksa51,2,1,0.0021349333816086296,4.5233418857285965e-05
Mortonsbrand,2,1,1.7763166983986137e-05,4.522305025851283e-05
softishviking,2,3,5.82021761926771e-05,4.522177217591122e-05
jjgm21,2,1,1.3501122541402056e-05,4.52058548294755e-05
Life-Goose-9380,1,3,0.0006009790478320785,4.516887797828361e-05
emptycanofhairspray,1,1,0.0,4.5152498676149166e-05
wisusececss,1,2,3.611662736259057e-05,4.5152498676149166e-05
Fated777,1,1,4.417222330871165e-05,4.5152498676149166e-05
Eating-two-burritos,1,1,0.0,4.5034746159803055e-05
Muted-Lock-8300,1,2,0.0,4.5014957108769484e-05
cubsfan85,1,2,0.00019394334727966149,4.5014957108769484e-05
TempestSpirit,1,1,0.0,4.5014957108769484e-05
Mozambique_Sauce,2,1,0.00012255589044567536,4.49441342269349e-05
SunnyGods,1,2,0.0020420120601688566,4.490409763813391e-05
ZealousidealWalk9137,1,2,0.0005391696435184154,4.490188562375707e-05
GhostofPdawg43,1,4,0.00023770995363153356,4.490188562375707e-05
rockking16,1,2,0.0,4.490188562375707e-05
Ok_Account_5121,1,1,0.0,4.490188562375707e-05
Spare_Drink_5492,2,2,8.294164977801162e-05,4.487674022147794e-05
Driveshaft48,1,2,2.0163813739307274e-05,4.478215894730835e-05
NorthernForestCrow,1,1,0.0,4.478215894730835e-05
seraph1er,2,1,0.00011947431302270011,4.476385376342623e-05
Illustrious_Item_505,1,9,0.0005455591509865292,4.473100437599333e-05
Dependent_Formal2525,2,1,2.9937282814138246e-05,4.4726560288975356e-05
Own-Recording-4516,2,0,1.0709626605167486e-05,4.4712517144854515e-05
Asterid_dove,1,1,0.0,4.468184791488325e-05
misstwizzle,1,4,0.00017547904079539143,4.468184791488325e-05
michaelplk,1,1,0.0,4.468184791488325e-05
KRacer52,1,1,0.0,4.467492063873743e-05
benevolentbearattack,1,1,0.0,4.467492063873743e-05
Teledork621,1,1,0.0,4.467492063873743e-05
requinmarteau,1,1,0.0,4.467492063873743e-05
_baddad,1,2,0.0003414475634937368,4.4633566817313407e-05
poolshaped,1,1,0.0,4.4606183196603896e-05
SisterofGandalf,2,1,0.00037246414032437666,4.460562867135314e-05
bexarama,1,1,4.526187993290001e-05,4.460316839813268e-05
wutfacer,1,1,0.0,4.4561571915495874e-05
fergatr,1,1,4.128762796882599e-06,4.4558186912321466e-05
Dry_Light_5691,1,0,0.0,4.453594071600423e-05
c_leafhill,2,3,6.7792302050589124e-06,4.4531035850863346e-05
DamnitBobbehHill,3,1,0.0006739562719860465,4.4527500670183496e-05
tyderian,2,2,7.5155475194345825e-06,4.44998939884708e-05
ghost_curse123,1,6,0.0010301268489636701,4.449327432434973e-05
The_Bat_Voice,1,1,0.0,4.449327432434973e-05
hdeibler85,1,1,0.000252716523687963,4.444231023520759e-05
rlyx6x,1,1,1.3442638569029815e-05,4.4352064261393446e-05
pagomania,2,5,0.0003512699311065881,4.434352948114798e-05
the_mighty_jim,3,7,0.0002374867276126987,4.4304363055454516e-05
lalalandbeforetime,1,1,5.8631433493679004e-05,4.429690902814871e-05
FeldsparSalamander,1,2,0.00018230157561058546,4.429690902814871e-05
DEFarnes,1,1,0.0,4.429690902814871e-05
IncidentalIncidence,2,0,0.00011947431302270011,4.4287208925494084e-05
tif151,4,4,1.6690328925182065e-05,4.420804955277926e-05
Ying87,1,2,6.143974373255469e-06,4.420637282302422e-05
Gymrat777,1,1,5.191435684199018e-06,4.418693088889949e-05
suelikesfrogs,2,4,0.00014290757160405747,4.417785730097311e-05
OneMoreAstronaut,1,1,2.1678559710029966e-05,4.416741953145093e-05
Gimpy_Weasel,1,1,2.389486260454002e-07,4.412224180546486e-05
Gsgunboy,1,1,0.00010261054076395402,4.409666224836615e-05
Embers_Are_Out,1,2,1.0996618067357329e-05,4.409666224836615e-05
Fredmans74,1,2,0.0,4.409666224836615e-05
uzanin97,2,4,1.4819724276131707e-06,4.409396123614007e-05
ATeenTalksSkating,1,4,1.4159868254641259e-05,4.4024265196194564e-05
smaragdskyar,1,1,0.0,4.400894677132638e-05
Maleficent-Total2738,1,1,0.0,4.395549389401981e-05
Dry-Place-2986,1,3,0.0031927199214034823,4.395549389401981e-05
gmd24,1,1,0.0,4.395549389401981e-05
Schmoopsiepooooo,1,2,8.453345795995109e-05,4.394355265474813e-05
NyxPetalSpike,2,5,0.00046206588123172773,4.392241491818189e-05
Strawberrycow2789,1,2,2.3867132996667683e-06,4.39140457865972e-05
ninjasinc,1,1,0.0,4.391154314556446e-05
giant_ice_asteroid,2,2,0.00015310394823383347,4.388086330617365e-05
nomadicfangirl,3,3,0.0002256008409352803,4.385730866160628e-05
Silver_Detective8630,1,0,0.0,4.3823751639090436e-05
swissmiss_76,1,3,0.00014287799061373055,4.3816187199994955e-05
Redditsavage77,1,1,0.0,4.379301444605177e-05
Reasonable-Big4517,1,1,0.0,4.379301444605177e-05
TourDuhFrance,2,5,0.003870820576685996,4.3786870072731206e-05
MurrayInBocaRaton,1,1,1.2406198176306097e-05,4.373903023577292e-05
dolan313,2,3,5.00901405280941e-05,4.373112200635797e-05
arrivederci117,1,1,0.0,4.354808744556606e-05
GodsCasino,1,2,0.0,4.354808744556606e-05
cnpeters,2,1,0.00022057595984866993,4.3531069050437515e-05
xXBlaze52,3,1,0.0003020140646206344,4.342860195680834e-05
wind-of-zephyros,1,1,0.0,4.335731169314487e-05
csbsju_guyyy,1,1,0.0,4.3347786686913654e-05
553l8008,3,4,1.2946277274876798e-06,4.3325834769983304e-05
monstersof-men,2,2,0.0,4.3192559614892555e-05
tlbdh,1,1,5.844827710487241e-05,4.318283081803367e-05
Practical_Price9500,2,5,2.2153419056085696e-05,4.316174487746895e-05
MatiasGonzalo-Duarte,2,3,3.9739656599706714e-05,4.313823307898535e-05
Amastarism,2,1,8.659792364962884e-05,4.312368401422147e-05
QCTeamkill,1,1,5.689107122798878e-07,4.3075673001549146e-05
BumblebeeFantastic40,2,1,0.0001231549221064162,4.3044630704441944e-05
SageSmellsSoGood,2,2,6.16245834121678e-05,4.3042034045552915e-05
SeeTheSeaInUDP,1,3,2.8338620354112625e-05,4.2987930623676875e-05
Constant-Committee35,1,3,8.836555303173275e-06,4.2987930623676875e-05
95percentconfident,1,1,0.0,4.290884011988508e-05
AdviceAccomplished48,2,3,0.00012043005104778274,4.290714968704352e-05
olav471,3,4,0.0005479136645543731,4.2895617577494e-05
GoodAmbassador297,3,1,0.0001863802968018886,4.288706831913588e-05
Edlo9596,1,1,6.267952634302688e-06,4.286343641078866e-05
lattestim,1,0,0.0,4.285892744990718e-05
PercyReus13,2,3,1.654121795344677e-05,4.284924211799813e-05
Fanonscudd,1,0,0.0,4.281156840489196e-05
AngryFrog24,1,4,0.00029829415612634335,4.278665613991338e-05
FluffyPantsMcGee,1,1,0.0,4.272679696369745e-05
Grand-Helicopter8768,1,1,0.0,4.272679696369745e-05
Celendrial-tears,1,1,0.0,4.264231783374361e-05
lokicat31,2,5,0.0006132106776576652,4.260517306064115e-05
Gold_Telephone_7192,1,1,0.00011694273486743389,4.259236955940074e-05
Sufficient_Round61,2,2,0.00028982923685464437,4.2488664702442926e-05
Apptubrutae,1,2,0.006787386002166728,4.246039487484148e-05
Focus-Agile,1,1,0.0,4.2455089797840515e-05
Ksghost252,1,1,0.0,4.245007103511712e-05
SavarinoScoredAGoal,2,1,0.00016750126041635877,4.243324800013175e-05
scarrlet,1,2,0.0,4.2420359880103694e-05
goodrhymes,1,3,1.5621781715957876e-05,4.2420359880103694e-05
Lucky_Owl_4524,1,2,3.877554324743961e-05,4.239405396709072e-05
SunsetB,1,2,0.0007076605483646317,4.2393856324371044e-05
rossefor,1,1,0.0,4.2333471116465856e-05
SNHU_Adjujnct,2,3,8.302378363354733e-05,4.2311288517274045e-05
betaich,1,1,0.0,4.2291777563354624e-05
randomrando0101,1,1,0.0,4.2213263950268296e-05
RxngsXfSvtvrn,1,0,0.0,4.221109541548237e-05
Calamari_is_Good,1,1,0.0,4.2172015934157194e-05
rollergirl77,1,1,0.0,4.2172015934157194e-05
znark,1,1,0.0009654080007840112,4.2172015934157194e-05
lady_fresh,1,2,2.6045541594326365e-05,4.2172015934157194e-05
hamletgoessafari,1,1,1.3358724952689034e-05,4.2126841413552625e-05
WadeWilson34,2,2,1.9533428579644563e-05,4.203923363917975e-05
Faceplant678,1,4,0.0006483536385546586,4.201586168803055e-05
Living_Current815,1,1,1.071451782230995e-05,4.200150945390767e-05
Featureless_Bug,1,1,0.0,4.197937408318551e-05
McSwoopyarms,1,1,0.0,4.192820543502047e-05
bejewelledskeletons,1,13,0.003045934465506047,4.1898803260716566e-05
sean_psc,1,2,0.0030881581128509193,4.1898803260716566e-05
_joons,1,1,2.7625111989911166e-06,4.1898803260716566e-05
bmcthomas,1,1,2.389391477398912e-05,4.187815605314309e-05
ATLmattGT,1,1,3.8449971954241304e-05,4.187815605314309e-05
uminji,1,1,0.0,4.187815605314309e-05
emaline5678,1,1,5.450469293878636e-05,4.187815605314309e-05
A-e-r-o-s-p-h-e-r-e,1,1,7.687949288498687e-05,4.18331140603992e-05
tim_bdlm,2,0,0.00011947431302270011,4.178861024455247e-05
Azerkablam,2,0,0.00011947431302270011,4.178861024455247e-05
Beautiful_Shine_8494,1,1,0.0,4.177760375359924e-05
dogsonbubnutt,1,3,0.00015918061164262295,4.175778814730988e-05
ClarkeVice,1,3,3.209111043309676e-06,4.175778814730988e-05
Black_Handkerchief,2,1,0.0,4.172017887719261e-05
mkiwi,1,1,0.0,4.168020526147631e-05
IIIlllIIIllIlI,1,1,0.0,4.168020526147631e-05
CheeseheadDave,2,1,6.467628068729509e-05,4.166606890218602e-05
neveks,1,2,0.0,4.162184670086804e-05
Former_Current3319,1,1,0.0,4.162184670086804e-05
Pleasant_Bloc,1,1,0.0,4.162184670086804e-05
Key-Star-4636,1,1,3.518569620078794e-05,4.162184670086804e-05
Ilikesports2432,1,3,0.0003615038938514245,4.1493279041042684e-05
ItIsL,2,1,0.00012269200399324704,4.1434169124090014e-05
aljerv,1,2,0.0003102153499296635,4.138783459125502e-05
ShenanigansYes,1,1,9.398276960712465e-05,4.132604261340345e-05
mjamm,2,4,0.0,4.121235908712931e-05
mak0shark7,1,1,0.00010837702876415888,4.1208770234541514e-05
Possible-Pie4978,1,1,0.0,4.1208770234541514e-05
artfulx,2,2,1.3630874728706743e-05,4.119812140948976e-05
No_Curve_9650,1,1,4.506333277277975e-06,4.114380384260348e-05
AdWeary5756,1,4,0.00021276360505673725,4.114174749177565e-05
ModeratelyMe,1,1,0.00011947431302270011,4.113680189300248e-05
chuckdeg,1,1,0.00011947431302270011,4.113680189300248e-05
tiarasandtech,1,0,0.0,4.113680189300248e-05
WardDispenser,1,1,0.00011947431302270011,4.113680189300248e-05
Kurakurguhoiuala,1,2,0.0003100706942527174,4.113680189300248e-05
yomar_14,1,0,0.0,4.113680189300248e-05
jhll2456,1,2,0.00011947431302270011,4.113680189300248e-05
ToweringTulips,1,1,0.00011947431302270011,4.113680189300248e-05
SofaProfessor,1,0,0.0,4.113680189300248e-05
HerrStewie,1,1,0.00011947431302270011,4.113680189300248e-05
KarstOfProx,1,0,0.0,4.113680189300248e-05
astroromantic_,1,5,0.00011947431302270011,4.113680189300248e-05
startledroar,1,1,0.00011947431302270011,4.113680189300248e-05
Warm-Assistance-6422,1,0,0.0,4.113680189300248e-05
ConversationNo9592,1,1,0.00011947431302270011,4.113680189300248e-05
Jeannie694,1,1,0.00011947431302270011,4.113680189300248e-05
PolitelyHostile,1,1,0.00011947431302270011,4.113680189300248e-05
backlund11,1,1,0.00011947431302270013,4.113680189300248e-05
SoldierHawk,1,4,0.00015324589974679916,4.113680189300248e-05
bobcat242,1,2,0.00011947431302270011,4.113680189300248e-05
CantTakeMeSeriously,1,1,0.00011947431302270011,4.113680189300248e-05
TTPMGP,1,1,0.00011947431302270011,4.113680189300248e-05
perat0,1,2,0.00018641787901657622,4.113680189300248e-05
Conscious-Garden-205,1,1,0.00011947431302270011,4.113680189300248e-05
sittingshotgun,1,2,0.00011947431302270011,4.113680189300248e-05
IndividualAthlete313,1,1,0.00011947431302270013,4.113680189300248e-05
r__w__s,1,1,0.00011947431302270011,4.113680189300248e-05
GentleLion2Tigress,1,1,0.00011947431302270011,4.113680189300248e-05
DevilishScript,1,1,0.002119235364396654,4.113680189300248e-05
sk8mod,1,1,0.00011947431302270011,4.113680189300248e-05
Whatonuranus,1,1,0.00011947431302270013,4.113680189300248e-05
Dear_Can_3536,1,1,0.00011947431302270011,4.113680189300248e-05
LuminousQuinn,1,1,0.002119235364396655,4.113680189300248e-05
kinglefart,1,1,0.00011947431302270011,4.113680189300248e-05
f1223214,1,1,0.00011947431302270011,4.113680189300248e-05
Morganvegas,1,1,0.00011947431302270011,4.113680189300248e-05
Winter_Wolf_3545,1,1,0.00011947431302270011,4.113680189300248e-05
PixiResinworks1,1,3,0.00011947431302270011,4.113680189300248e-05
Kitiseva_lokki,1,1,0.00011947431302270011,4.113680189300248e-05
DickAvedon,1,2,0.0017517070611002528,4.113680189300248e-05
arslanazeem,1,0,0.0,4.113680189300248e-05
ImperatorBTW,1,1,0.00011947431302270011,4.113680189300248e-05
Caratteraccio,2,1,9.724444130083377e-05,4.113680189300248e-05
PrimaryItchy4493,1,1,0.00011947431302270011,4.113680189300248e-05
Glamdring47,1,1,0.00011947431302270011,4.113680189300248e-05
tereyaglikedi,1,3,0.0016648163166763852,4.113680189300248e-05
harryx67,1,1,0.00011947431302270011,4.113680189300248e-05
11PoseidonsKiss20,1,2,0.00011947431302270011,4.113680189300248e-05
RulesLawyer42,1,1,0.00011947431302270011,4.113680189300248e-05
Maximum_Fortune_4800,1,9,0.000790329677945739,4.113680189300248e-05
CMotte,1,0,0.0,4.113680189300248e-05
Gullible-Heat8558,1,2,0.002031063321385902,4.113680189300248e-05
Commentator28,1,1,0.00011947431302270011,4.113680189300248e-05
NotTheRocketman,1,1,0.00011947431302270011,4.113680189300248e-05
Silent_Navigator8796,1,1,0.00011947431302270011,4.113680189300248e-05
GoGoGreyhound1013,1,1,0.002119235364396655,4.113680189300248e-05
superhaus,1,2,0.00023894862604540023,4.113680189300248e-05
Tyler_go_kipper,1,1,0.00011947431302270011,4.113680189300248e-05
P1mpathinor,1,1,0.00011947431302270011,4.113680189300248e-05
nhogan84,1,1,0.00011947431302270013,4.113680189300248e-05
no_on_prop_305,1,1,0.00011947431302270011,4.113680189300248e-05
rhino_shark,1,0,0.0,4.113680189300248e-05
MakingOutWithGod,1,1,0.00011947431302270011,4.113680189300248e-05
_WangChung2night,1,1,0.00011947431302270011,4.113680189300248e-05
Citronaut1,1,1,0.00011947431302270011,4.113680189300248e-05
E_Kristalin,1,0,0.0,4.113680189300248e-05
Content-Use-3526,1,1,0.00011947431302270011,4.113680189300248e-05
strebor1,1,2,0.00032706633310475693,4.113680189300248e-05
Maryjanegangafever,1,1,0.00011947431302270011,4.113680189300248e-05
Tall-Election-7564,1,1,0.00011947431302270011,4.113680189300248e-05
xrensa,1,1,0.00011947431302270011,4.113680189300248e-05
silentorange813,2,0,0.0,4.113680189300248e-05
BumperToBumper2,1,1,0.00011947431302270013,4.113680189300248e-05
Kevin-W,1,1,0.00011947431302270013,4.113680189300248e-05
MoodyPumpkin,1,0,0.0,4.113680189300248e-05
NeatSuspicious655,1,1,0.0021192353643966545,4.113680189300248e-05
Chris4Hawks,1,1,0.00011947431302270011,4.113680189300248e-05
TylersMAHM,1,0,0.0,4.113680189300248e-05
SignificantIsopod797,1,1,0.00011947431302270011,4.113680189300248e-05
Kid_Delicious,1,1,0.00011947431302270011,4.113680189300248e-05
justsmilenow,1,2,0.00011947431302270011,4.113680189300248e-05
perusingbee,1,2,0.002137477484142711,4.113680189300248e-05
Fawin86,1,1,0.00011947431302270011,4.113680189300248e-05
Vanilla_Either,1,1,0.0,4.113680189300248e-05
billmurray43,1,1,0.00011947431302270011,4.113680189300248e-05
cptninc,1,2,0.008096183395875008,4.113680189300248e-05
BilSuger,1,1,0.00011947431302270011,4.113680189300248e-05
Moug-10,1,0,0.0,4.113680189300248e-05
Unexous,1,0,0.0,4.113680189300248e-05
Fire_Z1,1,1,0.00011947431302270011,4.113680189300248e-05
IAmJanosch,1,1,0.00011947431302270013,4.113680189300248e-05
melpec,1,1,0.00011947431302270011,4.113680189300248e-05
kleverrboy,1,0,0.0,4.113680189300248e-05
silmerin,1,0,0.0,4.113680189300248e-05
memoirsofanidealist,1,2,0.0002466780098308398,4.113680189300248e-05
voyracious,1,1,0.00011947431302270011,4.113680189300248e-05
NYLotteGiants,1,2,0.0001289145453683444,4.113680189300248e-05
erv4,1,1,0.00011947431302270011,4.113680189300248e-05
KimchiPandaYT,1,0,0.0,4.113680189300248e-05
Blondefarmgirl,1,1,0.00011947431302270011,4.113680189300248e-05
RoundImagination1,1,1,0.00011947431302270011,4.113680189300248e-05
cyberdipper,1,0,0.0,4.113680189300248e-05
Master_Ad9823,1,1,0.00011947431302270011,4.113680189300248e-05
reinaldonehemiah,1,1,0.00011947431302270011,4.113680189300248e-05
BelaCrystal,1,0,0.0,4.113680189300248e-05
anne-0,1,0,0.0,4.113680189300248e-05
theprofessor24,1,0,0.0,4.113680189300248e-05
ksz83,1,1,0.00011947431302270011,4.113680189300248e-05
granular-mood4,1,1,0.00011947431302270011,4.113680189300248e-05
Escalotes,1,1,0.00011947431302270011,4.113680189300248e-05
nugeythefloozey,1,1,0.0021232429015737566,4.113680189300248e-05
cuprian,1,1,0.00011947431302270011,4.113680189300248e-05
1stopvac,1,1,0.00011947431302270011,4.113680189300248e-05
rottenjunker,1,1,0.00011947431302270011,4.113680189300248e-05
FaithlessnessHot5667,1,0,0.0,4.113680189300248e-05
ImRonBurgundy__,1,1,0.00011947431302270013,4.113680189300248e-05
FinalMidnight4670,1,2,0.00011947431302270011,4.113680189300248e-05
entoure-loupe,1,1,0.00011947431302270011,4.113680189300248e-05
clark_kent88,1,1,0.00011947431302270011,4.113680189300248e-05
OriginalBogleg,1,1,0.00011947431302270011,4.113680189300248e-05
Wegzuwerfendes_Konto,1,2,0.00011947431302270013,4.113680189300248e-05
Equivalent-Word-7691,1,4,0.0004824778620412259,4.113680189300248e-05
Extermin8her,1,1,0.00011947431302270011,4.113680189300248e-05
fastal_12147,1,2,0.0007321433810493251,4.113680189300248e-05
Kozue222,1,0,0.0,4.113680189300248e-05
Tort89,1,0,0.0,4.113680189300248e-05
Thick_Cap9724,1,1,0.00011947431302270011,4.113680189300248e-05
h_danielle,1,1,0.00011947431302270011,4.113680189300248e-05
unfamiliarjoe,1,1,0.00011947431302270011,4.113680189300248e-05
Charger2951,1,1,0.00011947431302270013,4.113680189300248e-05
XCrenulateabysx,1,1,0.00011947431302270011,4.113680189300248e-05
lostkoalas,1,5,0.001998277172690459,4.113680189300248e-05
Fragrant_Art_3659,1,1,0.00011947431302270013,4.113680189300248e-05
Anglerfish87,1,1,0.00011947431302270011,4.113680189300248e-05
UncleAugie,1,1,0.00011947431302270011,4.113680189300248e-05
Nimonic,1,2,0.00021636161981780384,4.113680189300248e-05
Yeeeeeeeze,1,1,0.00011947431302270011,4.113680189300248e-05
FibonacciSequester,1,1,0.00011947431302270011,4.113680189300248e-05
TheRealNuzaq,1,1,0.00011947431302270013,4.113680189300248e-05
LastAutumnLeaf14,1,1,0.00011947431302270011,4.113680189300248e-05
Ok_Cabinet2947,1,2,0.00011947431302270011,4.113680189300248e-05
SurammuDanku,1,1,0.00011947431302270011,4.113680189300248e-05
BrickEnvironmental37,1,1,0.00011947431302270011,4.113680189300248e-05
PrincessAkitabear,1,0,0.0,4.113680189300248e-05
Kain292,1,0,0.0,4.113680189300248e-05
HottieMcHotHot,3,3,0.0024061515548480057,4.113680189300248e-05
Jumpy_Boysenberry919,1,2,0.0003848257783802931,4.113680189300248e-05
hackweighter1824,1,2,0.0027264105876139786,4.113680189300248e-05
pomppu,1,1,0.00011947431302270011,4.113680189300248e-05
Bitter_Particular_75,1,2,0.0,4.113680189300248e-05
Mysterious_Seat9844,1,1,0.00011947431302270011,4.113680189300248e-05
SchoolDazzling2646,1,1,0.00011947431302270011,4.113680189300248e-05
sasksasquatch,1,2,0.0001460898909284056,4.113680189300248e-05
TheWarelock,1,2,0.0003528155331971266,4.113680189300248e-05
spiceyanus,1,1,0.00011947431302270011,4.113680189300248e-05
Hankerpants,1,0,0.0,4.113680189300248e-05
SafiyaO,1,0,0.0,4.113680189300248e-05
5CatNight,1,0,0.0,4.113680189300248e-05
SAVIORandLORD,1,2,0.00033752857931587974,4.113680189300248e-05
Illustrious_Cut1730,1,4,0.0001237569379683441,4.113680189300248e-05
INS091077,1,1,0.00011947431302270011,4.113680189300248e-05
KathleenElizabethB,1,1,0.00011947431302270011,4.113680189300248e-05
CynicElle,1,1,0.0021192353643966545,4.113680189300248e-05
Tartaros030,1,1,0.00011947431302270011,4.113680189300248e-05
Ida-in,1,1,0.00011947431302270011,4.113680189300248e-05
BORT_licenceplate,1,1,0.00011947431302270011,4.113680189300248e-05
Few-Employment-2673,1,1,0.0,4.113680189300248e-05
Weekly-Midnight7174,1,1,0.00011947431302270011,4.113680189300248e-05
MightyMiami,1,1,0.00011947431302270011,4.113680189300248e-05
Sadspookyghost,1,0,0.0,4.113680189300248e-05
mondonk,1,0,0.0,4.113680189300248e-05
Glove_Upset,1,0,0.0,4.113680189300248e-05
No-Efficiency7978,1,1,0.00011947431302270011,4.113680189300248e-05
misskittyfantastico,1,2,0.00015857601757903245,4.113680189300248e-05
AlanB-FaI,1,1,0.00011947431302270011,4.113680189300248e-05
Skippy5403,1,3,0.00011947431302270011,4.113680189300248e-05
TappyMauvendaise,1,0,0.0,4.113680189300248e-05
scaredshizaless,1,1,0.002119235364396654,4.113680189300248e-05
Flashy_Operation9891,1,1,0.00011947431302270011,4.113680189300248e-05
Farm-Alternative,1,1,0.00011947431302270013,4.113680189300248e-05
Ski_man_in_a_Van,1,1,0.002119235364396654,4.113680189300248e-05
Prestigious_Step4337,1,5,0.005503333401396925,4.113680189300248e-05
Pho_Supremacist,1,1,0.00011947431302270011,4.113680189300248e-05
YaboyChris28,1,2,0.00139521431135406,4.113680189300248e-05
Similar-Yogurt6271,1,1,0.002119235364396654,4.113680189300248e-05
NewMexicoJoe,1,1,0.00011947431302270011,4.113680189300248e-05
SendMeFatErgos,1,1,0.00011947431302270011,4.113680189300248e-05
yungimoto,1,1,0.0,4.113680189300248e-05
Ceressie,1,1,0.00011947431302270011,4.113680189300248e-05
1Rule_dontdie,1,0,0.0,4.113680189300248e-05
ProfStacyCA,1,0,0.0,4.113680189300248e-05
Marchy_is_an_artist,1,1,0.00011947431302270011,4.113680189300248e-05
PsychoSaladSong,1,1,0.00011947431302270011,4.113680189300248e-05
NutmegManwithbigsack,1,1,0.00011947431302270011,4.113680189300248e-05
dodgerswschamps_2020,1,0,0.0,4.113680189300248e-05
ciaogatto,1,0,0.0,4.113680189300248e-05
OhSorryEhh,1,1,0.00011947431302270011,4.113680189300248e-05
ghgerytvkude,1,1,0.00011947431302270011,4.113680189300248e-05
allwedoisquinn,1,1,0.00011947431302270011,4.113680189300248e-05
Scary-Teaching-8536,1,1,0.00011947431302270011,4.113680189300248e-05
remoteworker9,1,3,0.00011947431302270011,4.113680189300248e-05
jennwinn24,1,1,0.0021192353643966545,4.113680189300248e-05
Dani-Br-Eur,1,1,0.00011947431302270011,4.113680189300248e-05
Typical_Health_8294,1,1,0.00011947431302270011,4.113680189300248e-05
goosetavo2013,1,1,0.00011947431302270011,4.113680189300248e-05
Old_Buy838,1,0,0.0,4.113680189300248e-05
mais_souffle,1,0,0.0,4.113680189300248e-05
moppethead,1,1,0.00011947431302270011,4.113680189300248e-05
The_Hausi,1,0,0.0,4.113680189300248e-05
ResponsibleClock9289,1,0,0.0,4.113680189300248e-05
cabbagechicken,1,1,0.00011947431302270011,4.113680189300248e-05
hnatyukroman,1,0,0.0,4.113680189300248e-05
AwayYam199,1,1,0.00011947431302270011,4.113680189300248e-05
EnvironmentalWar,1,1,0.00011947431302270011,4.113680189300248e-05
Cold_Engineer_4654,1,0,0.0,4.113680189300248e-05
Snatch_By_The_Pool,1,1,0.00011947431302270011,4.113680189300248e-05
jeterloincompte420,1,1,0.00011947431302270011,4.113680189300248e-05
EvenGur3691,1,0,0.0,4.113680189300248e-05
bokchoykn,1,1,0.00011947431302270011,4.113680189300248e-05
wagon_ear,1,1,0.00011947431302270011,4.113680189300248e-05
MsterF,1,1,0.00011947431302270011,4.113680189300248e-05
crimson777,1,2,0.0003710003656488756,4.113680189300248e-05
Ruckaduck,1,0,0.0,4.113680189300248e-05
WTHManWhy,1,1,0.00011947431302270011,4.113680189300248e-05
Trick-Juggernaut3747,1,8,0.00024739340151991323,4.113680189300248e-05
coochiecork,1,1,0.00011947431302270011,4.113680189300248e-05
HoovesCarveCraters,1,0,0.0,4.113680189300248e-05
vytrophn,1,4,0.00011947431302270011,4.113680189300248e-05
BlackenedGem,1,1,0.00011947431302270011,4.113680189300248e-05
emma_fsvideo,1,1,0.00011947431302270011,4.113680189300248e-05
RockOutToThis,1,1,0.00011947431302270011,4.113680189300248e-05
skidz007,1,0,0.0,4.113680189300248e-05
CockyBellend,1,3,0.0002277462406221005,4.113680189300248e-05
labadee,1,1,0.00011947431302270011,4.113680189300248e-05
alittledanger,1,0,0.0,4.113680189300248e-05
macula_transfer,1,0,0.0,4.113680189300248e-05
Entmaan,1,0,0.0,4.113680189300248e-05
BuyAllTheTaquitos,1,1,0.00011947431302270011,4.113680189300248e-05
Alone---Together,1,2,0.0003603675967102987,4.113680189300248e-05
NewsHour,1,0,0.0,4.113680189300248e-05
Rough-Shock7053,1,1,0.00011947431302270011,4.113680189300248e-05
lobidu,1,1,0.00011947431302270011,4.113680189300248e-05
DCSwampCreature,1,0,0.0,4.113680189300248e-05
LocksTheFox,1,7,0.0013539453981197065,4.113680189300248e-05
Riktrmai,1,1,0.00011947431302270011,4.113680189300248e-05
DogFacedGhost,1,1,0.00011947431302270011,4.113680189300248e-05
BriarRoseElla,1,1,0.00011947431302270011,4.113680189300248e-05
Life-Switch2269,1,1,0.00011947431302270011,4.113680189300248e-05
ma5hal,1,2,0.00020779875547616966,4.113680189300248e-05
DishRelative5853,1,0,0.0,4.113680189300248e-05
EvilChameleon09,1,0,0.0,4.113680189300248e-05
MrBurnz99,1,0,0.0,4.113680189300248e-05
Dyl6886,1,0,0.0,4.113680189300248e-05
HotTwist,1,0,0.0,4.113680189300248e-05
Koalahugs17,1,0,0.0,4.113680189300248e-05
nualabelle,1,1,0.00011947431302270011,4.113680189300248e-05
Humble_Wrongdoer384,1,1,0.00011947431302270011,4.113680189300248e-05
Alpine_fury,1,2,0.00012115846061395667,4.113680189300248e-05
Elpsyth,1,2,0.00017645619278256608,4.113680189300248e-05
redmch257,1,0,0.0,4.113680189300248e-05
Nattekat,1,1,0.00011947431302270011,4.113680189300248e-05
Aaddaammnn,1,1,0.00011947431302270011,4.113680189300248e-05
_GregTheGreat_,1,1,0.00011947431302270011,4.113680189300248e-05
IcariteMinor,1,1,0.00011947431302270011,4.113680189300248e-05
nachocheese23,1,1,0.00011947431302270011,4.113680189300248e-05
juniorp76,1,1,0.00011947431302270011,4.113680189300248e-05
sleep_m0de,1,1,0.00011947431302270011,4.113680189300248e-05
ADK-high-peeks,1,1,0.00011947431302270011,4.113680189300248e-05
Professional-Cry8310,1,1,0.00011947431302270011,4.113680189300248e-05
11th_Plague,1,4,0.00011947431302270011,4.113680189300248e-05
firstclassblizzard,1,1,0.00011947431302270011,4.113680189300248e-05
Sensitive_Comfort634,1,1,0.00011947431302270011,4.113680189300248e-05
frisedel,1,2,0.00014276312475662253,4.113680189300248e-05
slinkocat,1,1,0.00011947431302270011,4.113680189300248e-05
PretendEntrance1905,1,1,0.00011947431302270011,4.113680189300248e-05
WingedBacon,1,0,0.0,4.113680189300248e-05
Naive-Routine9332,1,1,0.00011947431302270011,4.113680189300248e-05
Timely_Wait_3404,1,1,0.00011947431302270011,4.113680189300248e-05
GreatSeesaw,1,1,0.00011947431302270011,4.113680189300248e-05
MetalMouse1985,1,1,0.00011947431302270011,4.113680189300248e-05
M_sberry,1,1,0.002119235364396654,4.113680189300248e-05
Inevitable-Tea5772,1,2,0.0007977133661149438,4.113680189300248e-05
LongjumpingSpare8181,1,1,0.00011947431302270011,4.113680189300248e-05
targayenprincess,1,1,0.002119235364396655,4.113680189300248e-05
Silver_Middle_7240,1,2,0.00023870967741935483,4.113680189300248e-05
c0sm0nautt,1,1,0.00011947431302270013,4.113680189300248e-05
BeneficialPipe1229,1,1,0.00011947431302270011,4.113680189300248e-05
Sir_Fluffernutting,1,0,0.0,4.113680189300248e-05
TheNISMOguy34,1,1,0.00011947431302270011,4.113680189300248e-05
queensyrene,1,1,0.00011947431302270011,4.113680189300248e-05
GhostDoggoes,1,1,0.00011947431302270011,4.113680189300248e-05
katmizouni,1,1,0.00011947431302270011,4.113680189300248e-05
RunStomp,1,1,0.00011947431302270011,4.113680189300248e-05
Fun-Inside-4590,1,0,0.0,4.113680189300248e-05
backelie,1,1,0.00011947431302270011,4.113680189300248e-05
Stephenrudolf,1,0,0.0,4.113680189300248e-05
Lumpy_Car1092,1,0,0.0,4.113680189300248e-05
Human_Assistance7849,1,1,0.00011947431302270011,4.113680189300248e-05
MartinCarterSZ,1,1,0.00011947431302270011,4.113680189300248e-05
ElleM848645,1,0,0.0,4.113680189300248e-05
6OneDeuce,1,3,0.00011947431302270011,4.113680189300248e-05
CLKguy1991,1,1,0.00011947431302270013,4.113680189300248e-05
oratoriosilver,1,2,0.00012513184286490616,4.113680189300248e-05
kaleidocute,1,1,0.00011947431302270011,4.113680189300248e-05
envy-adams,1,1,0.00011947431302270011,4.113680189300248e-05
ExcuseFeeling9601,1,0,0.0,4.113680189300248e-05
Biscuit642,1,1,0.00011947431302270011,4.113680189300248e-05
Find_Spot,1,1,0.00011947431302270011,4.113680189300248e-05
geosun65,1,2,0.00011947431302270011,4.113680189300248e-05
Always_Uphill,1,1,0.002123242901573757,4.113680189300248e-05
Academic_Storm6976,1,2,0.0,4.113680189300248e-05
SwedishEagle5,1,1,0.00011947431302270011,4.113680189300248e-05
Zdub732,1,3,0.0023970478525566653,4.113680189300248e-05
Ichbinian,1,1,0.00011947431302270011,4.113680189300248e-05
hoyadestroyer,1,1,0.00011947431302270011,4.113680189300248e-05
k00kaburrasun,1,7,0.00012576640392723492,4.113680189300248e-05
SnapCasterDANK,1,1,0.00011947431302270011,4.113680189300248e-05
troillan,1,1,0.00011947431302270011,4.113680189300248e-05
Patient_Tonight_9307,1,0,0.0,4.113680189300248e-05
NetheriteTiara,1,2,0.00012450087743345723,4.113680189300248e-05
Southern-Ad-302,1,1,0.00011947431302270011,4.113680189300248e-05
MobileMenace420,1,0,0.0,4.113680189300248e-05
METALLIFE0917,1,0,0.0,4.113680189300248e-05
nanana_catdad,1,1,0.00011947431302270011,4.113680189300248e-05
memedealer22,1,2,0.009783528354944254,4.113680189300248e-05
WhipTheLlama,1,1,0.00011947431302270011,4.113680189300248e-05
TheBigMotherFook,1,1,0.00011947431302270011,4.113680189300248e-05
JuliasTooSmallTutu,1,1,0.00011947431302270011,4.113680189300248e-05
iAMADisposableAcc,1,2,0.0,4.113075432951078e-05
chandler55,1,1,0.0,4.111703715318046e-05
Ketchupstew,1,1,2.093110096071102e-05,4.111703715318046e-05
Bubbly-Leek-6567,1,1,0.00015832462861213278,4.111703715318046e-05
AnnieB_1126,2,1,0.0,4.1089491357253875e-05
Seraphin_Lampion,1,1,0.0,4.108349289480418e-05
Fierce_GameBG,1,1,0.0,4.104648754576245e-05
Trent_Bennett,1,1,0.0,4.103019147186417e-05
Dogzillas_Mom,1,1,9.213166051157199e-06,4.098402487886465e-05
ChannelVast2822,1,1,9.003877467978398e-06,4.0974151400266663e-05
GrapefruitJuice9443,1,1,0.0,4.093904067691184e-05
merkorn,1,2,4.874768090921835e-06,4.0900263036585905e-05
qiaozhina,1,1,3.035671621184794e-06,4.088759906723492e-05
TwoHeadedBoyTwo,2,3,6.002598211922248e-05,4.0859720823883136e-05
SpareImplement2374,1,2,3.953801077456991e-06,4.0835210029003444e-05
RainingFireInTheSky,2,1,0.00011717422862231533,4.07737640107657e-05
Wide_Understanding70,2,2,1.4495634582173582e-05,4.076499656290844e-05
bunnyreads,2,7,0.000259656643671415,4.067725398604555e-05
sampletrouts,1,1,5.330154236553273e-05,4.066086270032784e-05
rockyponds,1,1,9.569416323412763e-05,4.066086270032784e-05
aldstama025,1,2,3.132441816697943e-05,4.061792185707129e-05
MadeULoook222,1,1,0.0,4.061792185707129e-05
martinisandbeer8,1,3,3.874732163352165e-05,4.059846695028644e-05
OverallGeneral7129,1,1,0.0,4.0508722830838844e-05
willowsieb,2,2,0.0,4.049230835395924e-05
Admirable-Bluejay956,1,1,0.0,4.0472696662108015e-05
Responsible_Ask_4394,1,1,0.0,4.0472696662108015e-05
nika817,1,3,4.169340048813039e-06,4.045036013997153e-05
Paladad,2,3,0.0,4.038606110905167e-05
BasicOlive,2,1,5.1865987708629555e-06,4.0358705761536895e-05
DoctorBudz,1,1,0.0,4.034720994553548e-05
Mr-Hox,1,1,0.0,4.034720994553548e-05
CharlesNapalm,2,1,1.7224598909131233e-06,4.03440519399092e-05
BeautifulNice1979,1,1,0.0,4.023262482298833e-05
Lo0niegardner10,1,1,0.00012836599385454247,4.0185893454651757e-05
togocann49,1,2,0.00012836599385454247,4.0185893454651757e-05
CuteApproach,1,1,0.00012548490438054865,4.01108754127316e-05
weirdpastanoki,1,1,0.0,4.006782116392224e-05
savvaspc,1,1,5.908019816999253e-05,4.006782116392224e-05
HeretoFore200,1,1,8.087522077432744e-06,4.003769904956828e-05
Ok_Mammoth_8298,1,1,5.7386822118172024e-05,3.995874405219285e-05
LegitimateBus44,1,1,5.7386822118172024e-05,3.995874405219285e-05
Euphoric-Grab-3956,3,4,3.464795680095834e-05,3.9912108378641904e-05
MooshCowZX,2,4,3.0631886366653394e-07,3.990094449769222e-05
Significant_Bear_137,1,1,0.0002519590745555356,3.988435231785936e-05
ofstoriesandsongs,1,5,0.0001857836652813467,3.982784662189601e-05
catlover3230,1,0,0.0,3.982784662189601e-05
J_Klemens,2,1,6.6054677465437e-07,3.979734216608181e-05
James_Francis_Ryan,1,0,0.0,3.97237367165051e-05
AggressiveCricket498,1,1,0.0017921146953405016,3.97237367165051e-05
P0LC0LB0L,1,0,0.0,3.97237367165051e-05
ParisGreenGretsch,1,0,0.0,3.97237367165051e-05
SaintArkweather,1,0,0.0,3.97237367165051e-05
sleepyknight66,1,1,0.0008417760159560903,3.97237367165051e-05
StetsonTuba8,1,1,0.0,3.97237367165051e-05
elola,1,0,0.0,3.97237367165051e-05
Baboshinu,1,1,3.0099242540172612e-05,3.97237367165051e-05
IniNew,1,1,0.0,3.97237367165051e-05
CommissionIcy,1,2,9.60965780472042e-05,3.97154112138865e-05
Such_Currency1029,1,2,0.00047274028040179947,3.9586823819881606e-05
JustP2,1,1,2.0223469717566074e-05,3.9586823819881606e-05
BettyFosterRamsey,1,0,0.0,3.9586823819881606e-05
m_ayannk,1,2,0.000798663551828572,3.9586823819881606e-05
Remarkable-Rise-4401,1,1,3.945126149720389e-05,3.952619867098694e-05
Charming_Peak_4284,1,1,7.79739284071697e-05,3.952619867098694e-05
ignomax,1,1,0.0001758555950013785,3.951130699969381e-05
an_mo,1,5,5.496085826687089e-05,3.934294387638951e-05
uncivlengr,1,2,0.0,3.934294387638951e-05
GhostofLolaMontez,1,2,4.0221356196247465e-05,3.924610220768107e-05
Solondthewookiee,1,1,0.0,3.918890916592032e-05
WeGotDodgsonHere,2,3,5.099441079419137e-05,3.918260757635832e-05
12bunnies,1,1,0.0,3.917234716590817e-05
Throwaway-1033613373,1,2,1.3033561420658193e-07,3.916960045634714e-05
LurkerDude0,1,1,0.0,3.9070161544754885e-05
Affectionate-Run7425,1,0,0.0,3.906336662042663e-05
realist50,2,6,0.00018627058851899362,3.9044015514954814e-05
GrayBeardBoardGamer,1,1,5.04591810029377e-05,3.904246593965983e-05
JeHaisLesCatGifs,2,3,5.3033126395944e-06,3.903433723569135e-05
darthbane83,2,1,0.0,3.902670157156775e-05
CurseTWD,1,1,3.726552480145885e-05,3.902392174938643e-05
SonicSarge,1,2,0.0001415938992627816,3.900508955096113e-05
dEus___,1,3,5.884847262175255e-06,3.893480679257779e-05
Agitated_Weight_6481,1,2,0.0,3.890387698674195e-05
onlykindofamethaddic,2,11,0.0002593540371193783,3.889490549746565e-05
sofalek,1,2,0.0,3.8893408874268124e-05
Mirage524,1,3,0.0,3.887887889738856e-05
SVNDEVISTVN,1,1,0.0,3.887887889738856e-05
FinanceRecent5222,2,1,0.002045654328499417,3.884513620559955e-05
Grammarhead-Shark,2,3,0.0018574044116192662,3.881455701638666e-05
RandomDar,2,4,2.983329065215473e-05,3.8813755592392456e-05
phishnphils,2,2,4.330110752849628e-05,3.876679698035448e-05
starryn19ht,1,1,0.0,3.8761995254105045e-05
valueofaloonie,1,1,0.0,3.8761995254105045e-05
augustlyre,2,0,4.466499291975964e-05,3.875197160617917e-05
jendet010,1,2,1.473516527279968e-07,3.868003915514753e-05
lemasei,1,2,0.00010038817300262751,3.868003915514753e-05
Stockton_Nash,1,2,5.005106087531079e-05,3.868003915514753e-05
pjwasz,1,2,2.4911699566987065e-05,3.868003915514753e-05
fullback133,1,2,1.4083969471024416e-08,3.868003915514753e-05
BatUnlucky121,1,2,1.194743130227001e-07,3.868003915514753e-05
palikona,1,2,0.0010049365663219942,3.868003915514753e-05
SilkBC_12345,1,2,8.204044027626147e-06,3.868003915514753e-05
AdEmbarrassed9028,2,5,3.72321444490128e-05,3.864004124194129e-05
Impactor_07,2,6,4.918125139422431e-05,3.859341971688952e-05
Bdubby21,1,2,0.00013026975484902467,3.8539685446650514e-05
knausea,1,1,1.8452845103678476e-05,3.8527818445530504e-05
upvotesforsluts,1,2,0.0,3.852279904059841e-05
rickayyy,1,2,1.368658460776671e-05,3.851894186166311e-05
inefekt,2,2,2.6517589477014847e-06,3.8360530474739614e-05
Andy-Sipowitz,1,2,5.6194525406425294e-05,3.832224176712854e-05
margosaur,1,5,0.0005508844267548662,3.826023633034484e-05
accordionshoes,2,5,1.4334435129275798e-05,3.8247314804089163e-05
nommabelle,3,3,1.0847509055394359e-07,3.822606202515602e-05
Vanessa_vjc,2,2,9.235610397019685e-06,3.813121532060266e-05
rossodiserax,1,1,0.0,3.8111695120339275e-05
Tough-Reflection6722,1,2,8.846147997437416e-05,3.8111695120339275e-05
No_Culture9898,1,0,0.0,3.806737361358281e-05
darthfox12,2,1,0.00111009536739382,3.798639486051088e-05
royal_Bishop,2,1,0.0,3.798639486051088e-05
GloriousNewt,1,1,0.0,3.796106792731467e-05
hotbread1,1,1,0.0,3.793312635049278e-05
420BlzItRocko,1,1,0.0,3.791930427053161e-05
cantbelievethename,2,2,0.00011186463283175866,3.791687042688188e-05
MicKysSlav,2,3,0.0,3.790887971245802e-05
bigmantoplad,2,3,0.0,3.790887971245802e-05
Hot_Occasion_4895,1,0,0.0,3.789829000037042e-05
jmsy1,1,2,2.389486260454002e-07,3.789829000037042e-05
Old-Spring-2448,1,1,0.0,3.7873064041576155e-05
undertow521,1,3,0.0004412602208590204,3.785153359162545e-05
auroracalista1,2,2,7.02190463934203e-05,3.781895794885855e-05
Archicam99,1,2,0.0,3.781487291035171e-05
Napoleon_The_Fat,1,1,0.0,3.781347619583392e-05
ClaymoreDrive,1,5,5.5845932256401767e-05,3.770576638096293e-05
not_so_plausible,2,2,0.0,3.7652931422550725e-05
ChongieB,1,1,6.14288270774607e-05,3.7614448698254966e-05
ryan726,1,1,0.0,3.7606214157852515e-05
loveofb,1,1,0.0,3.7606214157852515e-05
1970s_MonkeyKing,1,2,0.00011495546986036364,3.7606214157852515e-05
FourTimeDundyWinner,1,1,0.0,3.7606214157852515e-05
GenFatAss,1,1,0.0,3.7606214157852515e-05
VariationNo7977,1,1,0.0,3.7606214157852515e-05
yourethevictim,1,1,0.0,3.7606214157852515e-05
Curling_Fox,1,1,0.0,3.7606214157852515e-05
Head_of_Lettuce,1,2,0.0,3.7606214157852515e-05
RNFlord,1,1,0.0,3.7606214157852515e-05
Right_Pack_6346,1,1,0.0,3.7606214157852515e-05
WWWYer22,2,1,0.00017671603652367237,3.740985126853799e-05
gunbladezero,1,1,0.0001279131345557429,3.732106228160444e-05
nefhithiel,1,4,0.00021151224976806709,3.732106228160444e-05
SageLeaf1,2,5,0.00042196355668609276,3.72980255204503e-05
Single-Negotiation41,1,0,0.0,3.7227182587194145e-05
Designer_Trouble_849,1,1,0.0,3.7218878460621474e-05
CritsandGravy,1,1,0.0,3.7218878460621474e-05
vshun,1,2,0.00011947431302270011,3.7218878460621474e-05
DavieStBaconStan,1,3,0.0024578009953539334,3.721792328183821e-05
JuniorAd1210,1,3,8.434202450863313e-05,3.7171518228775526e-05
itjustkeepsongiving,1,1,4.345140617710982e-06,3.713976245276726e-05
_EJSP_,1,1,1.1060626612221343e-05,3.710523449615527e-05
Frosty-Insurance-219,1,2,3.772270037466049e-05,3.710403967422516e-05
GoodDayMyFineFellow,1,2,0.00029600818385939505,3.7098719485559485e-05
Hopeful_Shock_944,1,1,0.00016218997884351853,3.7098719485559485e-05
Bat8Rac,1,1,0.0,3.7098719485559485e-05
ponte92,1,3,0.0,3.7098719485559485e-05
Nervous_Hat1680,1,1,2.1851044403240783e-05,3.699865001627934e-05
mrisj,2,3,2.866737069765016e-06,3.693487665212758e-05
Imaginary-Chard-8037,2,1,2.286270154960123e-05,3.6927628241711116e-05
littleking42,2,3,0.0,3.691627047661715e-05
yellowandpeople,1,0,0.0,3.690539950697745e-05
msanthrope64,1,2,0.0,3.688930028177279e-05
Zodde,1,1,5.536870654342137e-05,3.688930028177279e-05
pak256,1,3,0.00014186383418247778,3.68555013185766e-05
8Flaneur,1,1,5.902901405428164e-05,3.6827488416608445e-05
Pixnik,2,2,6.799807270716215e-07,3.681817864049139e-05
Nintendo_Pro_03,1,4,0.0005545150617803272,3.6809522946853545e-05
Responsible_Order_55,1,4,0.00023891829015574513,3.6809522946853545e-05
Subwayabuseproblem,1,1,2.9286614068750076e-05,3.6806254793063085e-05
ToschePowerConverter,2,2,0.0003430294076096721,3.6773543238577394e-05
rubyhawk204,1,1,0.0,3.674447558755431e-05
PhinsPhan89,2,4,0.0,3.673433348349512e-05
BCW1968,2,4,0.0,3.673433348349512e-05
Think_Imagination_28,1,1,0.0,3.6707888157501076e-05
trueinsideedge,1,1,2.2828650328481522e-05,3.6701913755401876e-05
lazger,2,3,0.0,3.664714647800395e-05
Yuseichaaan13,1,2,0.0,3.662194686515466e-05
DanielleEllina,1,0,0.0,3.661494458032841e-05
bbart76,1,1,2.3809630844480903e-05,3.6602383183308095e-05
Karma_code_,1,1,0.00030192836184294853,3.6602383183308095e-05
forevertrueblue,1,2,9.423557989866232e-07,3.6573187897623056e-05
Kraaka_81,1,1,0.0,3.650057393439851e-05
Reyna_girlie,1,1,3.921331555740156e-06,3.64673706210839e-05
padrino_del_reddit,2,2,4.442437972538496e-07,3.642966157500283e-05
mdp300,2,2,1.0221500781634415e-05,3.639679206770648e-05
PensOverSwords2K,2,0,5.671916973228902e-05,3.632656129681267e-05
pleasedontPM,2,1,0.0,3.6207554327763745e-05
Intro-Nimbus,1,1,0.0,3.618482555559207e-05
GRTooCool,1,1,0.0,3.616039850817845e-05
avdpos,1,2,0.0003821701016743619,3.616039850817845e-05
pauliinalavender,1,1,0.0,3.613889983619365e-05
SurfFredde,1,1,1.0490048320689638e-05,3.6057068542010064e-05
realdeal411,1,3,0.002548095035172668,3.602805592228926e-05
These_Raisin_3346,1,3,3.873888511843025e-05,3.602805592228926e-05
Main_Following1881,1,3,2.000037149774294e-06,3.602805592228926e-05
StickNo3836,1,3,2.1642636261817196e-05,3.602805592228926e-05
Myredditident,2,5,0.00040085249793637273,3.5932535285017355e-05
Area51_Spurs,1,0,0.0,3.582126975672982e-05
BurakBoerek,2,3,5.358089408268619e-07,3.578876412137391e-05
PerspectiveEven9928,2,1,1.1229181164099103e-06,3.5768878869217366e-05
Electrical-Count5385,1,0,0.0,3.570465875601639e-05
IkLms,1,1,0.00011799739276396269,3.570465875601639e-05
bloodyturtle,1,2,5.919520099313484e-06,3.56798973541947e-05
Schveen15,2,1,4.125179207242413e-05,3.567227181488813e-05
Dry-Pickle6042,2,4,0.00012032755798792477,3.542761299994898e-05
ssamdog,1,3,0.0,3.541931449495229e-05
TCup20,2,5,1.6264946423481535e-05,3.541591978072515e-05
psgola2002,2,10,0.0004787846165782219,3.54107373549433e-05
Cr8ger,1,2,0.0009975687505428513,3.538672396374394e-05
LonelyRefuse9487,1,3,1.729470611153095e-05,3.5384308903134156e-05
perdur,1,1,4.042806551269334e-05,3.530209385473629e-05
NefariousnessNo9202,1,1,0.0,3.526129604737971e-05
kemmes7,1,1,0.00035144429879731563,3.526129604737971e-05
Saucey-jack,2,6,0.0033582636049102953,3.5257198540329635e-05
Neither-Big-1545,2,4,0.0001084988594269215,3.52195752820214e-05
curlingcatscoffee,1,1,0.0,3.518138836011986e-05
Mission_Fart9750,1,2,0.0,3.518138836011986e-05
lucillep,1,3,1.4889935180401387e-05,3.513228788596496e-05
No_Discount_6573,2,2,5.563038824080295e-07,3.511916232613052e-05
mrtrevor3,1,2,0.0007642473228621455,3.5063621626953986e-05
lenimph,1,1,1.1175889840616036e-06,3.5036636087480575e-05
Carameliii,1,0,0.0,3.499575254914545e-05
Books_and_Cleverness,1,1,0.0,3.498213882034451e-05
johsj,1,0,0.0,3.498213882034451e-05
Asusralis,1,1,0.0,3.498213882034451e-05
danifestmestiny,1,2,7.554174935045383e-06,3.493049710161256e-05
moschtert,2,2,2.714971064810636e-06,3.4930381764743874e-05
TuffBunner,2,3,0.0001073928864541165,3.490292788234896e-05
HannahEaden,2,3,0.0,3.490292788234896e-05
Specific_Coast5878,1,1,6.979040683058793e-06,3.4845022940626635e-05
iPoseidon_xii,1,1,0.0,3.4838812588316466e-05
fanconic,2,0,0.00016823637418728453,3.483598782801928e-05
UnnaturalSelection13,1,1,4.6382837860419646e-05,3.483437320170439e-05
Alarmed-Purchase-901,1,4,9.257041823035172e-05,3.483437320170439e-05
Balance47x,1,4,0.0006444291369509654,3.483437320170439e-05
StrawberrySea5344,2,1,1.956581965782033e-06,3.479723025399286e-05
HoyAIAG,1,1,5.079574913996349e-05,3.474611203096184e-05
Canadian_Z,1,2,0.0,3.473061238876959e-05
NullPointer0011,1,1,2.942594671247039e-05,3.4721275357347894e-05
Character_Lettuce_23,2,1,6.5839518591965e-05,3.471566522616302e-05
triedit2947,1,2,9.636158457978766e-05,3.467821052241642e-05
FlyingNachoz,1,1,0.0,3.4649739525385794e-05
ReactionExtension395,1,1,7.976366669338479e-05,3.4649739525385794e-05
PaperPlaneMind,1,3,0.0001814247608058094,3.4570072974753806e-05
Then_Flamingo_8223,2,1,5.467395015748543e-07,3.453066839489473e-05
rpac62,2,7,2.362794901310569e-05,3.451331861156657e-05
First-Big2161,2,1,7.785913671835302e-06,3.447427590731809e-05
De__Gambassi,1,1,0.0,3.4421693828448655e-05
TheKage,1,1,0.0,3.442015888494427e-05
hwidjcd,1,1,0.0,3.442015888494427e-05
heinous_anus-,1,1,0.00010373841382995304,3.441590730331312e-05
BreadFantastic6886,1,1,0.0,3.441590730331312e-05
PaleConsideration516,1,1,0.00010373841382995304,3.441590730331312e-05
Dull-Independent-200,1,1,0.0,3.44047265418541e-05
Vivid_Computer_7153,1,0,0.0,3.440356747427058e-05
No_Shoe7056,1,3,2.6140511397648065e-05,3.4385914938499994e-05
LittleLotte29,1,3,4.492893381059987e-05,3.4385914938499994e-05
Unlucky_Apple_3907,1,2,0.00026870687709855634,3.434099258380631e-05
merlesstorys,1,1,0.0,3.4338031827558135e-05
sennais1,1,1,0.0,3.433288111546092e-05
Tnspieler1012,2,6,7.996247716306049e-05,3.4322634879994044e-05
General_Dipsh1t,1,1,0.00023894862604540023,3.427981073169261e-05
Cavalry2019,1,2,0.0,3.425090138135597e-05
jnsmld,1,1,0.0,3.425090138135597e-05
Swicket,1,1,0.00012841930945444488,3.425090138135597e-05
patiofurnature,1,0,0.0,3.425090138135597e-05
Queen_MarMar,1,1,0.0,3.421667287939277e-05
Professor_Finn,1,1,0.0,3.421667287939277e-05
AndyJ95,1,1,1.5175658008047163e-05,3.421667287939277e-05
cervenit,1,1,0.0,3.420617325751875e-05
Loaf713,1,1,0.0,3.4173508028981994e-05
WamKallis,1,5,0.0009152942958816075,3.415546200333941e-05
erebus_51,1,5,5.1213643961656486e-05,3.415546200333941e-05
ughedmund,1,5,0.0017571794133469944,3.415546200333941e-05
yellowstone10,1,0,0.0,3.406295595741411e-05
navi555,1,2,0.0,3.405785278887316e-05
volcano_roll,1,3,3.0123651562445012e-05,3.394825032092112e-05
Greenfox_1002,2,2,4.333857168290251e-06,3.394785800358553e-05
Crispy_Fish_Fingers,1,3,6.465702227910529e-05,3.3947168065958556e-05
sapphic-nova,1,1,2.4690798724199575e-05,3.3947168065958556e-05
Old-Dinner-6108,1,1,2.0451649533760956e-05,3.3894685610977006e-05
Lopsided-Coat7504,1,1,0.00011947431302270013,3.3893944377021024e-05
MacTheZaf,1,1,0.00031834034234118786,3.3893944377021024e-05
Unlikely_Candidate_1,1,3,0.0,3.388547907167265e-05
Apprehensive_Sea_585,1,1,5.570411333918033e-06,3.388547907167265e-05
iitsyaboii_,2,3,0.0014606303984120784,3.3884789485011155e-05
Schmidtvegas,2,1,5.149979055936329e-05,3.387656386620721e-05
udderlymoovelous,1,1,0.00013018871658182767,3.3847459533289537e-05
Famous_Act4164,1,2,0.00011947431302270011,3.382254749690262e-05
Opening_Ad7004,1,1,0.00013242325014011644,3.374201531532059e-05
guava_dog,1,0,0.0,3.374201531532059e-05
Over_Function_58,1,0,0.0,3.374201531532059e-05
Human-Progress7526,1,2,0.0006053122832954716,3.374201531532059e-05
HooliganSocialClub,1,1,0.0,3.369511977577203e-05
natedoggcata,2,1,4.580288808385379e-05,3.368965098091645e-05
Feisty-Interest-9734,1,2,6.624606284937408e-05,3.367246291674667e-05
Stunning-Note,1,0,0.0,3.367246291674667e-05
fake-0-waste,2,5,3.7852501340261235e-06,3.360092776413764e-05
wawasan2020BC,1,1,0.0,3.352302785105138e-05
AnotherUnfunnyName,2,1,0.0009260931349985634,3.3490532072408234e-05
sardita,1,0,0.0,3.345308930252759e-05
OhanaUnited,1,1,0.0,3.345308930252759e-05
TheMostRandomPerson7,1,1,3.1314779722312885e-05,3.345308930252759e-05
West-Gur4598,1,2,0.0,3.3424044241432794e-05
tbone466,2,2,0.0003231021987428629,3.341309871858487e-05
ahdareuu,1,7,0.0009979395398703546,3.341130549529085e-05
Tommey_DE,2,0,1.1473384985013564e-06,3.336928960238008e-05
Bishop_Cornflake,1,1,0.00012403335622218183,3.332653826175937e-05
Mysterio7100,1,3,9.984619768031434e-05,3.323302311345363e-05
garfunks,1,1,0.00021035257501154277,3.3152853006794916e-05
the_gaymer_girl,1,1,1.4957743906758943e-05,3.309301200906661e-05
xGlor,1,1,0.0,3.307955878138821e-05
cukepatch,1,3,0.00014462900439137275,3.3066446797127065e-05
MrTobbzi,2,2,2.0477239581812096e-05,3.306297828487939e-05
Monsieur_Perdu,1,1,5.483246043387207e-05,3.303772666966562e-05
TigreMalabarista,2,3,0.00018551701948139374,3.2974737182271294e-05
MaybeFuckYourselfBud,1,2,1.7880637986278036e-05,3.2970842683298634e-05
Capital-Flow-1501,1,20,0.0001195908280587662,3.2960580436314555e-05
TIMPA9678,1,1,0.0,3.2960580436314555e-05
Arkanie,1,0,0.0,3.2960580436314555e-05
Ok_Parsnip7079,2,3,0.0,3.2924296603497377e-05
Naive_Butterscotch73,1,1,0.00017062109817475723,3.291111893401965e-05
RespectAcrobatic1563,1,2,0.0,3.291111893401965e-05
Technical_Drawing898,1,1,8.548935408589977e-05,3.291111893401965e-05
AlphaLaufert99,1,1,0.0,3.291111893401965e-05
FootballPizzaMan,1,1,0.00026888054537495536,3.291111893401965e-05
spiral_out462,1,1,0.0,3.291111893401965e-05
connectionsea91,1,1,0.0,3.291111893401965e-05
Outside_Bobcat_6658,1,2,7.564648058175876e-05,3.289720906586794e-05
Altruistic-Prior3482,2,4,0.00036146307863332215,3.280758727803563e-05
kuroruii,2,3,2.8849877564814678e-05,3.271909278758743e-05
rTpure,1,1,9.732089396661446e-05,3.269805228776092e-05
CardiologistLost5373,2,1,0.0,3.269699696883092e-05
TheBottomDollar,2,5,0.0002601631444330716,3.269699696883092e-05
Xzero864,1,0,0.0,3.2679965552974465e-05
combatwombat02,2,4,2.7251895421057217e-06,3.2662167217742e-05
flumeo,2,2,2.7478354333475006e-05,3.263214700577144e-05
koj_star,1,1,0.0,3.259315051953402e-05
ActivityHuge148,1,1,0.0,3.259315051953402e-05
BasileiosOfThePlebs,1,1,0.0,3.259315051953402e-05
kdaddyto,1,1,5.2913634863396574e-05,3.2581144936130716e-05
Dry_Shift3555,1,1,5.2913634863396574e-05,3.2581144936130716e-05
Gusmon,2,1,3.1258950357560196e-06,3.250215400973477e-05
Rhys2427,1,4,0.000859029741441124,3.247266907755954e-05
Powerful_Vanilla_235,1,1,0.0001238193429632841,3.247266907755954e-05
anothergreatetc,2,1,1.5366771014191465e-06,3.246370731639747e-05
justafleecehoodie,1,2,4.006635096460385e-06,3.244580407598762e-05
The_Justache,1,2,0.0005372116470964935,3.244580407598762e-05
VenusHalley,1,2,4.1822744178982563e-05,3.244580407598762e-05
bryse0n,1,3,5.316866676441274e-05,3.244580407598762e-05
treeface999,1,2,5.061231595505519e-05,3.244580407598762e-05
gasstationsushi80,1,2,2.715351337924762e-05,3.244580407598762e-05
Rmlo_,1,2,1.2692998335135675e-05,3.236780339146423e-05
BanishedMermaid,1,1,7.402224566101699e-05,3.2361512200247904e-05
mallvvalking,1,3,5.405674527714199e-05,3.2361512200247904e-05
Adventurous-Salt5986,1,1,9.090696055270625e-05,3.2361512200247904e-05
KennyKettermen,1,2,3.028605313570701e-06,3.236108906285085e-05
Mysteri0n,1,2,3.8829151732377537e-07,3.236108906285085e-05
GneissDude,1,1,0.0,3.219108978770916e-05
Ginnykins,1,1,2.3846447007151456e-07,3.2190196084149665e-05
happyscrappy,1,6,0.0006536063299263845,3.2190196084149665e-05
El-futre,1,3,0.00042599480741959723,3.2186823292124355e-05
Consistent-Trust4400,1,1,1.328831266056297e-05,3.2186823292124355e-05
DeusMachinea,2,1,7.183924060416659e-06,3.2162225633459834e-05
onthelongrun,1,1,1.1573908684431185e-05,3.2136796668616315e-05
Justaduderdude,1,1,0.0005736153698712771,3.2136796668616315e-05
No-Armadillo-2983,1,0,0.0,3.204210845491538e-05
gluteactivation,1,1,0.0006822657277944546,3.204210845491538e-05
firerosearien,1,1,0.0,3.1981385707297296e-05
Away_Philosopher_56,1,2,0.0,3.1981385707297296e-05
Moist_Tofu,1,1,1.9084009789718158e-05,3.1981385707297296e-05
Wise_Parmaria,1,0,0.0,3.1964079385849214e-05
chestbumpsandbeer,1,0,0.0,3.1964079385849214e-05
eirwen29,1,1,8.213687719043889e-05,3.196082136031628e-05
THound89,1,1,0.0,3.196082136031628e-05
JackKingsman,1,2,6.480422803321052e-06,3.196008215887924e-05
goldtechnique,1,1,0.0,3.196008215887924e-05
Juan382,1,1,0.00011658357886377666,3.196008215887924e-05
cafe-aulait,1,2,0.0003767410809397365,3.1932620683637196e-05
North_Plane_1219,1,1,0.0,3.191049291501742e-05
fastandfunky,1,2,3.0161498686228618e-05,3.188155514720264e-05
SimpleAd1604,1,4,0.0004455400957981306,3.188155514720264e-05
camwyo,1,1,0.0,3.188155514720264e-05
AnUdderDay,1,1,0.0001519734269009839,3.188155514720264e-05
hikingbroski,1,1,8.16046543035187e-06,3.1815788351850054e-05
Mindless_Yam_9553,2,4,5.205901248614073e-05,3.180970923197299e-05
KronguGreenSlime,1,6,0.0019570903250324847,3.173080108743745e-05
beautiful_loner,1,2,1.2094878339266848e-05,3.173080108743745e-05
pierrkirool,1,3,0.00011826350585592902,3.173080108743745e-05
Pure-Horse-3749,1,1,0.0,3.172683894828641e-05
hellarios852,2,4,0.001922585455943594,3.1725713358468317e-05
glennccc,1,1,0.0,3.17233593925911e-05
vvvwvwvv,1,1,4.230721891836517e-07,3.171057848614691e-05
Intelligent-Sleep-79,1,1,1.7801367362123568e-06,3.171057848614691e-05
IcyPassage1268,1,8,0.0003464630238590126,3.171057848614691e-05
Eyebleedorange,2,2,0.00010763985504263201,3.1695148549810935e-05
hstrylvr89,1,1,0.00030874058381101825,3.169152331514768e-05
AutoModerator,1,35,0.020631418105506415,3.1685580795527685e-05
Kgis,1,1,0.00012578319523082795,3.1685580795527685e-05
notnot_randomuser,1,1,7.395025100765488e-05,3.1685580795527685e-05
Visual_Transition_95,1,2,0.00012209555358493775,3.1685580795527685e-05
Picardy79,1,1,2.8633198759616535e-05,3.1685580795527685e-05
Beechsack,1,1,5.192117323046416e-05,3.1685580795527685e-05
so-much-wow,1,0,0.0,3.1685580795527685e-05
Prince_of_Kyrgyzstan,1,0,0.0,3.1685580795527685e-05
Adventurous-Tea-876,1,2,0.0003587961504308732,3.1685580795527685e-05
Deadmanlex45,1,0,0.0,3.1685580795527685e-05
Normal-Reputation911,1,0,0.0,3.1685580795527685e-05
Ronxu,1,0,0.0,3.1685580795527685e-05
Spillsy68,1,1,5.973715651135006e-05,3.1685580795527685e-05
murahimu,1,0,0.0,3.1685580795527685e-05
Fit-Huckleberry1754,1,2,0.0004626590309263961,3.1685580795527685e-05
IntelligentOlive4415,1,2,0.0011071925072276322,3.1685580795527685e-05
HelenG520,1,1,3.411538434030098e-06,3.1685580795527685e-05
AnderPPudding,1,3,1.8054568513213638e-05,3.1685580795527685e-05
superfluousapostroph,1,1,5.023763894882031e-05,3.1685580795527685e-05
OhCrapItsAndrew,1,0,0.0,3.1685580795527685e-05
shazbottled,1,0,0.0,3.1685580795527685e-05
coiler119,1,1,2.6650924489475104e-06,3.1685580795527685e-05
gdmcrjunkie,1,0,0.0,3.1685580795527685e-05
badicaldude22,1,1,0.0005282848012124159,3.1685580795527685e-05
AddendumOk2694,1,1,8.206808547120112e-06,3.1685580795527685e-05
iamjackspizza,1,1,0.0,3.1685580795527685e-05
Adventurous-Hand3942,1,2,9.612977530502103e-05,3.1685580795527685e-05
golowgogolf,1,1,0.0,3.1685580795527685e-05
Middle-Crab6578,1,1,6.017164632981299e-05,3.1685580795527685e-05
sappho0,1,1,9.307971793522188e-08,3.1685580795527685e-05
jeffjeep88,1,1,0.0,3.1685580795527685e-05
ParamountHat,1,1,1.268264907499496e-05,3.1685580795527685e-05
4247407,1,1,2.0174448266710904e-05,3.1685580795527685e-05
Baunchii,1,1,5.395303173206567e-05,3.1685580795527685e-05
Zestyclose_Magazine2,1,2,7.326653063148717e-05,3.1685580795527685e-05
ImaginaryAd5855,1,1,0.0009649148731434337,3.1685580795527685e-05
Korvensuu,1,1,5.703006300810195e-05,3.1685580795527685e-05
Todayis_aday,1,0,0.0,3.1685580795527685e-05
VoightofReason,1,1,0.0021192353643966545,3.1685580795527685e-05
KassXWolfXTigerXFox,1,1,0.0,3.1685580795527685e-05
juneaujuice,1,1,5.973715651135006e-05,3.1685580795527685e-05
alcyonewinter,1,1,9.25741251624243e-06,3.1685580795527685e-05
ukrainianhab,1,0,0.0,3.1685580795527685e-05
CakesAndCrafts,1,1,0.00034748639202042604,3.1685580795527685e-05
abf_1994,1,2,2.3437264813070936e-05,3.1685580795527685e-05
LordQL_2,1,0,0.0,3.1685580795527685e-05
Krockurorov,1,0,0.0,3.1685580795527685e-05
spectacularbird1,1,1,7.693921679007752e-05,3.1685580795527685e-05
lolli_blue,1,0,0.0,3.1685580795527685e-05
karinablue22,1,1,0.0,3.1685580795527685e-05
Acrobatic_Sense7675,1,1,2.3218234782582136e-05,3.1685580795527685e-05
lorjebu,1,0,0.0,3.1685580795527685e-05
glockster19m,1,1,0.00565973715651135,3.1685580795527685e-05
DapperRomanesco,1,1,9.355430713897932e-05,3.1685580795527685e-05
Moreinius,1,1,0.001178375149342891,3.1685580795527685e-05
Majestic-Two3474,1,1,6.946441855864634e-06,3.1685580795527685e-05
gonace,1,0,0.0,3.1685580795527685e-05
ThePopojijo,1,0,0.0,3.1685580795527685e-05
FoodGuy44,1,1,0.0,3.1685580795527685e-05
Milkmartyr,1,1,0.0,3.1685580795527685e-05
69WeinerPenis,1,0,0.0,3.1685580795527685e-05
wilmanwdk,1,1,2.203281096494501e-05,3.1685580795527685e-05
V_T_H,1,1,1.2764573386169506e-05,3.1685580795527685e-05
MSeager,1,1,0.0,3.1685580795527685e-05
KizM067,1,1,0.00023894862604540023,3.1685580795527685e-05
Remarkable_Mess_185,1,0,0.0,3.1685580795527685e-05
iamrichandbeautiful,1,1,2.5920005883720844e-05,3.1685580795527685e-05
No_Hospital708,1,1,0.0,3.1685580795527685e-05
Raketenelch,1,2,4.051872096739969e-05,3.1685580795527685e-05
WarshingtonisforWin,1,1,0.0,3.1685580795527685e-05
Falcons-Panthers1607,1,1,0.0,3.1685580795527685e-05
i3v4kk,1,1,5.973715651135006e-05,3.1685580795527685e-05
Ripulikikka,1,0,0.0,3.1685580795527685e-05
Leadboy,1,0,0.0,3.1685580795527685e-05
AWholeBagofJellyBnz,1,1,0.0,3.1685580795527685e-05
lightningmatt,1,3,0.00045339015251653556,3.1663848175023344e-05
DaSmartSwede,2,4,1.1139526576544786e-06,3.1656361379038154e-05
coffeeshopslut,1,5,0.0007455673237480904,3.164880821960121e-05
FighterForFreedom,1,1,1.0807686694697602e-05,3.1636200773586016e-05
cwindiness,1,1,0.0,3.1636200773586016e-05
bluenightshinee,1,1,2.503271320475621e-08,3.162813466324795e-05
yankeebelles,1,5,0.0007332419300472423,3.158007832562013e-05
YoungandBeautifulll,1,6,0.0018588392604378069,3.1519949348688184e-05
minnesotaupnorth,1,2,2.379882582622104e-05,3.144385621217321e-05
Amphitrite227204,1,0,0.0,3.136340603907225e-05
KarmicCT,1,9,0.0015617838868299716,3.1363334026006064e-05
HaroldLither,1,2,0.00021563734015972216,3.1354167602176615e-05
The_Rational_Gooner,1,1,0.0005728644655392354,3.1354167602176615e-05
Zero_Travity,1,1,5.9737156511350064e-05,3.131540518394828e-05
-WaterIsGreat-,1,3,0.0023770439481065227,3.131540518394828e-05
_Sebastian_91_,1,2,4.128501261117748e-07,3.131540518394828e-05
DragRace2020,1,3,0.0002157661040591199,3.131540518394828e-05
toocoolforgg,1,3,0.0,3.131540518394828e-05
mephnick,1,2,8.728003848561164e-06,3.1310210403552284e-05
CryptographerUsed841,1,0,0.0,3.1310210403552284e-05
hymen_destroyer,1,2,0.0005035691457576945,3.129488473685982e-05
hristogb,1,4,0.00028369306814000184,3.12929009623125e-05
Tielsie,1,0,0.0,3.12929009623125e-05
markjohnstonmusic,1,4,1.8774534903567156e-07,3.12089778086824e-05
athousandpardons,1,1,3.2722705438591435e-05,3.1163890583760316e-05
EkbyBjarnum,1,1,0.0,3.1163890583760316e-05
wuznme,1,1,0.001037693025446316,3.114603218736651e-05
euclid0472,1,1,2.0660769645252697e-05,3.112998240278015e-05
katescraftingcorner,1,0,0.0,3.112169139568227e-05
Ill-Swordfish2650,1,2,0.0003522800582411534,3.1112303294903924e-05
Alternative-Key-7944,1,2,4.21381655624636e-05,3.1112303294903924e-05
Remarkable-Pair-3840,1,1,8.438154607128125e-06,3.1112303294903924e-05
P_oneofthree,1,1,0.0,3.1112303294903924e-05
pastadudde,1,3,3.3620911320873943e-06,3.1028197632131866e-05
Phinweh,1,3,0.00028010528906459285,3.1028197632131866e-05
Ancient-Leg-8261,1,3,6.165741356874129e-05,3.1028197632131866e-05
potatoes_are_neat,1,3,0.00017922065986582115,3.1028197632131866e-05
GnomeAndGarden,1,1,3.6308252823076404e-05,3.097904820727899e-05
MedievalHag,1,1,6.239175146490836e-06,3.097904820727899e-05
JC_theGoat_,1,2,0.0,3.094951383437448e-05
Reandos,1,1,0.0,3.0887832288310974e-05
EulsYesterday,1,5,0.00016005759736135015,3.085505224537099e-05
GraysonQ,1,1,3.7860060264472045e-06,3.071683692823154e-05
fjellander,1,3,3.47522883011815e-05,3.0711461721604226e-05
AdvancedEconomy8760,1,1,0.0,3.0711461721604226e-05
thelorelai,1,1,9.216776696243175e-06,3.07088643313757e-05
Stock-Quantity-9955,1,4,3.607159531038281e-06,3.07088643313757e-05
ProofByVerbosity,1,2,0.000196334549219298,3.060850138543357e-05
Hertog_Appel,1,1,3.219449186171374e-06,3.060525615305516e-05
blursedJefreyEpstein,2,2,2.9951219628638976e-06,3.058674550558763e-05
Dot_Infamous,2,2,7.63558250703364e-05,3.058674550558763e-05
RashomonRain,1,1,0.0,3.058302983274461e-05
wlwimagination,1,1,4.261250497809637e-07,3.0544892673873444e-05
AsmadiGames,1,2,0.0,3.0544892673873444e-05
starry101,1,2,1.1701371109973258e-06,3.05022334748864e-05
NathanGa,1,1,5.973715651135006e-05,3.0307637935357154e-05
TimeliestStorm,1,1,5.973715651135006e-05,3.0307637935357154e-05
bluecheese2040,1,1,6.064481566138626e-05,3.0278776097461373e-05
Jonn_Jonzz_Manhunter,1,2,6.064481566138626e-05,3.0278776097461373e-05
mcfluffernutter013,1,1,0.0,3.027225979131268e-05
thatslexi,1,1,0.0,3.0193574488069235e-05
k_oshi,1,0,0.0,3.0193053718604327e-05
Manuntdfan,1,1,4.749913356673567e-05,3.0193053718604327e-05
AWarMaideness,1,0,0.0,3.018278750932777e-05
amyel26,1,1,0.0,3.018278750932777e-05
Beautiful-Promise966,1,3,0.00012626821978140636,3.018278750932777e-05
MtnVw43,1,2,8.447494045424132e-05,3.018278750932777e-05
CynicalOne_313,1,5,0.0005952626127915965,3.018278750932777e-05
Impossible-Repeat577,1,3,0.0,3.018278750932777e-05
Krazy121,1,2,2.359850167725694e-06,3.018278750932777e-05
ManaM13,1,1,3.7563396168799182e-06,3.018278750932777e-05
XPretzelyX,1,1,3.6889671888251726e-05,3.017055392224075e-05
vanillacoke191,1,2,5.295263001648899e-06,3.014378245239076e-05
TpsDgg,1,1,0.0,3.014378245239076e-05
Odd-Ideal6562,1,3,0.0,3.014378245239076e-05
Conscious_Pea_2287,1,2,0.0,3.0071619705255455e-05
Few_Customer_6266,1,1,4.592839564706904e-06,3.0071619705255455e-05
Enjyk,1,2,1.2584821789097573e-05,3.0071619705255455e-05
JesLB,1,1,0.0,3.0026658823455718e-05
Conscious-Fruit-6190,1,3,9.258941530022431e-05,2.994364556030181e-05
IntradepartmentalPet,1,2,0.0002760220491711755,2.9922920889819427e-05
BabeAlexandraBoik0va,1,2,0.00017176200704468593,2.9922920889819427e-05
Akiino,1,0,0.0,2.9922920889819427e-05
losttinecuileog,1,1,4.2455717551099436e-05,2.9922920889819427e-05
pmgtihaco,1,1,0.0,2.9922920889819427e-05
jabies,1,1,0.0,2.9859241421960195e-05
mollyologist,1,2,0.0,2.9859241421960195e-05
DisplayMother5562,2,4,2.187839806664802e-06,2.9849024365917722e-05
vancity-chick,1,0,0.0,2.9803299674064757e-05
charlottelucas27,1,2,0.0,2.9775656344132227e-05
LaLegende35,1,0,0.0,2.9775656344132227e-05
Smart_Carrot_9320,1,0,0.0,2.9765712613459937e-05
AffectionateAct5815,1,1,0.0,2.9765712613459937e-05
job081,1,0,0.0,2.9759585956332613e-05
calabain,1,1,0.0,2.9721290076771447e-05
Equivalent_Bet_8497,1,0,0.0,2.970529467343074e-05
Miyabi_bleu,1,2,1.2299324639058278e-05,2.965683439249229e-05
maladaptivedaydream4,1,2,1.2530232829210012e-07,2.9639063717677543e-05
Adequate_Lizard,1,2,0.00025791563545971013,2.9639063717677543e-05
BeerLeagueHallOfAvg,1,0,0.0,2.9639063717677543e-05
gollumaniac,1,3,0.0013740174699982397,2.954646996387451e-05
fidelkastro,1,1,2.719772140636129e-06,2.948434659077401e-05
Ok_ConfusedOne,1,1,0.0,2.948434659077401e-05
iamjaidan,1,1,3.802900908786881e-05,2.948434659077401e-05
Weldinpasta,1,1,3.802900908786881e-05,2.948434659077401e-05
tinsti,1,1,0.0,2.948434659077401e-05
anca1997,1,1,0.0,2.948434659077401e-05
Solunis116,1,1,0.00022630435176179605,2.947262407174795e-05
FoodCourtDruid,1,2,0.0,2.9464907770012352e-05
SubjectMystery,1,2,0.0001014952509540559,2.9464907770012352e-05
ChicharitosLeftFoot,1,1,0.00010951545407503762,2.9456369484680343e-05
Damnpea,1,2,1.3229983212062064e-06,2.9431662216028968e-05
CloseToMyActualName,1,2,2.4828595163826023e-06,2.941710164811919e-05
Patient_Tradition294,1,0,0.0,2.9393915108124756e-05
Unfair_Job_2028,1,3,0.00021344004143137167,2.9393915108124756e-05
MichaelJr175,1,1,0.00021344004143137167,2.9393915108124756e-05
JBurlison92,1,1,0.0019896586976507953,2.9393915108124756e-05
Artistic-Luna-6000,1,4,0.00019069082787342179,2.937603326255581e-05
LamarJacksonIsMyHero,1,1,6.484510375349937e-05,2.9362534494917663e-05
Binx33,1,2,0.00033805538763249216,2.9362534494917663e-05
Paramedic293,1,1,7.119158349658513e-05,2.9362534494917663e-05
After-Economist,1,1,5.401742841651646e-05,2.9300750508704365e-05
woo7,1,2,0.0001755459565699293,2.9300750508704365e-05
ChimpyChompies,1,1,8.676225666556954e-08,2.9238200166408155e-05
laulau1501,1,1,5.073822422558047e-07,2.9238200166408155e-05
luisshadow1,1,2,0.0,2.9238200166408155e-05
hobbit_problems,1,2,5.416965757074688e-06,2.9238200166408155e-05
CuriousThom,1,2,5.073822422558047e-07,2.9238200166408155e-05
Charley288,1,1,8.676225666556954e-08,2.9238200166408155e-05
Boucot,1,1,0.0,2.9238200166408155e-05
UBIcurious,1,1,5.376751564649988e-06,2.923011050543377e-05
sansho22,1,5,3.481696301012761e-05,2.917420526743311e-05
Ds0589,1,1,6.600256251895929e-05,2.9139081643070986e-05
arashinoko,1,3,0.0,2.9139081643070986e-05
TheOctoBox,1,3,0.0,2.9139081643070986e-05
flyinbrian420,1,1,0.0,2.9128791279813323e-05
Ecstatic-Ganache921,1,1,5.955680085976827e-05,2.9128791279813323e-05
theCroc,1,1,0.0,2.9128791279813323e-05
ThanosFan99,1,0,0.0,2.9128791279813323e-05
AndyMan1,1,3,0.0,2.9128791279813323e-05
louanita,1,1,7.545083535415799e-05,2.9052091334154384e-05
Exotic-Exchange5550,1,1,0.0,2.9052091334154384e-05
mtm4440,1,0,0.0,2.9032598962666997e-05
ednorog,1,0,0.0,2.9032598962666997e-05
Ted_Lavie,1,1,0.0,2.9032598962666997e-05
pointlessly_mad,1,1,7.632678192057975e-06,2.89593410164668e-05
dotto_biliare,1,1,4.4438249266861564e-05,2.8917126870297275e-05
Nightwhisper_13,1,1,1.2545708273663475e-05,2.8917126870297275e-05
imyellowb,1,1,0.0,2.8864403673667552e-05
ItsAChasseNotATombe,1,1,7.74368472349057e-06,2.8864403673667552e-05
ExcuseYou-What,1,1,5.789549878768678e-06,2.8863552229685975e-05
KimberParoo,1,1,0.0,2.8863552229685975e-05
inconspicuous01,1,1,0.0,2.8863552229685975e-05
novacantusername,1,1,2.69703011266312e-05,2.883418193299222e-05
Mercylas,1,1,0.00014598864122272346,2.8798291399463554e-05
nickyskater,1,6,0.00022537531671857288,2.8761746586603393e-05
jac297,1,1,0.0,2.8741240082277953e-05
pooppaysthebills,1,1,0.0007661378546102422,2.8741240082277953e-05
RefrigeratorNo1020,1,1,0.0006416858270370415,2.8741240082277953e-05
AlarKaristaja,1,2,0.0002944218634588012,2.8741240082277953e-05
azssf,1,2,0.0003806568136810443,2.8741240082277953e-05
Prestigious_Move8842,1,0,0.0,2.8741240082277953e-05
ParticularLivid9201,1,2,0.0,2.8741240082277953e-05
Connect-Researcher39,1,1,0.0,2.8653464605468452e-05
ProcedureOwn9395,1,1,0.0,2.8653464605468452e-05
Skelevader,1,1,3.318899169120942e-05,2.8640773620947573e-05
12577437984446,1,1,0.0006646256637167508,2.860564750491024e-05
bandofgypsies,1,1,0.00013457121677791522,2.855706776791026e-05
lovestostayathome,1,3,0.00042934633685307933,2.854002386384457e-05
MrFlibble_,1,1,0.0,2.853517376303608e-05
FlamingDisaster_309,1,1,0.0,2.853517376303608e-05
Typical_Juggernaut42,1,1,1.617369389723621e-05,2.853517376303608e-05
ChampagneChardonnay,1,1,4.14850778090672e-06,2.853517376303608e-05
NinjaJawz,1,1,3.302230405121322e-05,2.853517376303608e-05
Papaya-308,1,1,0.0,2.853517376303608e-05
kingcoolkid991,1,2,0.0012913230919837583,2.853517376303608e-05
Astraea802,1,2,8.749341692229123e-06,2.853517376303608e-05
BIG_BLUBBERY_GOATSE,1,1,2.459611631320766e-05,2.853517376303608e-05
padofpie,1,2,0.0,2.853517376303608e-05
Counter_Mysterious,1,1,1.193841516954849e-05,2.853517376303608e-05
Otter-Egg30,1,0,0.0,2.853517376303608e-05
ABPPC,1,2,0.000372826648763566,2.853517376303608e-05
JumpEmbarrassed6389,1,1,0.0,2.853517376303608e-05
Zealousideal-Air574,1,1,2.459611631320766e-05,2.853517376303608e-05
DogmaticMagmaFox,1,1,0.0,2.853517376303608e-05
PattyCA2IN,1,1,3.2869485194765516e-05,2.853517376303608e-05
Jumpy-Holiday731,1,1,3.7501660464390216e-05,2.853517376303608e-05
CMCdaGoat,1,1,0.0,2.853517376303608e-05
Diligent_Part1394,1,4,0.0002720492778417023,2.853517376303608e-05
kevingh92,1,1,0.00029798701057681416,2.853517376303608e-05
whyyyyyyyT_T,1,1,4.5057665330827074e-06,2.853517376303608e-05
Trumpets5,1,1,4.718544100264529e-06,2.853517376303608e-05
TexasRoadhead,1,1,1.7635109061384093e-05,2.853517376303608e-05
h8theh8ers,1,1,0.0,2.853517376303608e-05
UltraHippo1,1,1,5.568080953660816e-09,2.853517376303608e-05
stickyWithWhiskey,1,2,0.0005093209893725382,2.853517376303608e-05
allisonhanj,1,2,1.1134790244705038e-05,2.8478768212399893e-05
nugurl86,1,2,0.000493555379058553,2.834389865529865e-05
originalusername4567,1,5,0.0026577273816050383,2.834389865529865e-05
ljb23,1,1,0.00012328604441795167,2.8299662900286517e-05
insincerely-yours,1,4,5.696994470368093e-07,2.8298131573425866e-05
adamlaceless,1,2,0.0,2.8298131573425866e-05
Logical_Bonus_3766,1,1,9.587597872501039e-06,2.8215223047930332e-05
EllaPirella,1,4,8.58741361980235e-06,2.8182657361549237e-05
bstark97,1,1,0.0,2.8181001295328845e-05
Glittering_Nerve_648,1,1,0.0,2.8181001295328845e-05
beeryan89,1,1,0.0,2.8181001295328845e-05
Fupastank,1,4,5.203137824077113e-05,2.8165932888004027e-05
Evening-Archer1793,1,3,3.1826935536316754e-07,2.8164706050233297e-05
EGSurvivor,1,1,0.0,2.8115321857775252e-05
Hungry-Skater-1010,1,3,1.2954256681855247e-07,2.8093446964492426e-05
princessleiasmom,1,2,0.0,2.8042621516654267e-05
Notthekingofholand,1,1,1.370757775399813e-05,2.8042621516654267e-05
emotionallyasystolic,1,1,1.1652027781060038e-07,2.8042621516654267e-05
Weird-Diamond5970,1,1,3.4025784600349596e-05,2.8042621516654267e-05
RoarTheDinosuar,1,2,0.0,2.8042621516654267e-05
holyfrozenyogurt,1,2,6.054915012936374e-06,2.8042621516654267e-05
Chronmagnum55,1,3,1.886056352339023e-05,2.7949174020696473e-05
corndogshuffle,1,1,8.523794059701898e-07,2.780554627021677e-05
markmano33,1,1,0.00011463836152324414,2.7762105749999323e-05
mouser1991,1,2,0.0001251618197234114,2.7703678252577426e-05
Major_Economy_571,1,1,5.558744081774732e-07,2.770175780664175e-05
qquestionmark,1,2,1.0776670892638042e-06,2.770175780664175e-05
antzztan,1,1,7.34463023590861e-06,2.7652940989627837e-05
NeatMix4599,1,1,0.0,2.7652940989627837e-05
lire_avec_plaisir,1,0,0.0,2.760454844016209e-05
BryGuyHoosier,1,1,1.37920455447658e-05,2.747672624282016e-05
Outside_Hope_3383,1,1,1.4493916291723015e-05,2.7465678333441903e-05
endurance-animal,1,5,4.505859365281443e-05,2.7433253351912166e-05
UnchainUtopia,1,0,0.0,2.731601609359049e-05
Peeniskatteus,1,1,0.0,2.7231324560467803e-05
the_femternational,1,4,0.0002597165982449579,2.7195757958322587e-05
Princeton0526,1,1,0.0,2.7195757958322587e-05
Captain_Swordfish,1,4,0.00038635009866634965,2.7195757958322587e-05
EchidnaOk7537,1,3,3.1689139216020934e-07,2.711706478269235e-05
rlangmit,1,1,0.0,2.711706478269235e-05
New_College360,1,1,0.0,2.711706478269235e-05
Kriztauf,1,1,7.258412388410058e-07,2.7054591688166313e-05
uFFxDa,1,1,9.345272710451966e-05,2.6964754123931912e-05
Cleonicus,1,1,0.00010763985504263201,2.6964754123931912e-05
Detonation,1,1,0.0,2.6964754123931912e-05
Certain_Name_7952,1,1,2.172374515399873e-05,2.6959970246790284e-05
Huge-Resist9432,1,1,2.973122546325638e-05,2.6959970246790284e-05
ZazyzzyO,1,2,5.680807153725311e-05,2.6959970246790284e-05
dwolfand,1,1,2.781281316836468e-05,2.6959970246790284e-05
mikedoit81,1,1,0.0,2.6959970246790284e-05
Rare-Temporary7602,1,1,9.687150069656072e-05,2.6959970246790284e-05
mermaidrose,1,1,2.402902681862228e-05,2.6959970246790284e-05
TheOSUJackal,1,1,7.024039282103797e-07,2.6959970246790284e-05
chartingyou,1,0,0.0,2.6959970246790284e-05
Mister_Macphisto,1,2,0.0,2.6959970246790284e-05
francoisschubert,1,1,0.0,2.6959970246790284e-05
Tibalt-mtg,1,1,5.880603311810536e-05,2.6959970246790284e-05
isabella_fitzwilliam,1,1,7.864415589255783e-07,2.6959970246790284e-05
DavidFrattenBro,1,1,0.0,2.6959970246790284e-05
STheShadow,1,1,3.7356857768297186e-05,2.6959970246790284e-05
Remming1917,1,1,1.1967887519774545e-05,2.6959970246790284e-05
Aromatic-Fennel-2287,1,1,8.789381396858319e-05,2.6959970246790284e-05
WickedLush,1,2,6.64498153736255e-05,2.6959970246790284e-05
Mundane-Bug-4962,1,0,0.0,2.6959970246790284e-05
AZDarkknight,1,3,0.0,2.674146461361e-05
plaisirdamour,1,1,0.0,2.674146461361e-05
JustAnotherSimpleMan,1,1,2.695076824723027e-06,2.674146461361e-05
whoopiecushions,1,2,0.0001697974607197014,2.672259114614783e-05
WhileTime5770,1,3,0.000382020718773479,2.672259114614783e-05
SimpleChemist,1,1,6.458070974200006e-09,2.6644907742543192e-05
thelazyfool,1,0,0.0,2.6460595384178043e-05
MikeJeffriesPA,1,1,0.0,2.6460595384178043e-05
verysadfrosty,1,1,0.00023894862604540023,2.641055260182026e-05
BobGlebovich,1,2,0.00040013705719513714,2.641055260182026e-05
tphez,1,1,0.0004162004206574165,2.6330976662336366e-05
TheGreatestOrator,1,3,0.009034178754095635,2.6330976662336366e-05
Vike92,1,0,0.0,2.6330976662336366e-05
mister_drgn,1,1,7.731164874566544e-05,2.6330976662336366e-05
No-Theory6270,1,1,0.00015481768421183142,2.6330976662336366e-05
angel_kink,1,0,0.0,2.631007387095323e-05
Maybe-Cool,1,1,5.495818399044205e-07,2.631007387095323e-05
Strange-Koala7989,1,2,0.0,2.62926947160812e-05
chickenboi8008,1,1,9.536988589199829e-06,2.61208879243756e-05
Beginning-Window-676,1,1,9.278899871051921e-06,2.61208879243756e-05
TA818,1,1,4.580288808385379e-05,2.6064769257009146e-05
otherestScott,1,3,0.0,2.6041692031985302e-05
EvenMoreCoconuts,1,1,7.054365010955234e-05,2.6014848137042804e-05
Suzfindsnyapts,1,3,0.00022275330774386982,2.554369467822042e-05
TrainLowTrain,1,1,1.5513977647058245e-06,2.5459866848042204e-05
Acrobatic_Act4976,1,1,5.253348207937363e-06,2.5384766730544485e-05
lolaola1,1,2,0.00011987548239349056,2.5384766730544485e-05
BothFuture,1,3,0.00019401462452493595,2.5241589394098656e-05
HockeyNut1994,1,2,7.208766036875443e-06,2.5241589394098656e-05
unicorninclosets,1,3,9.975036060445844e-05,2.5200942124713973e-05
Econ_Girl94,1,1,0.0,2.4978421111224054e-05
Friendly_Coconut,1,1,0.0004237796296926195,2.4934708583045682e-05
urkuri,1,4,5.28317142287162e-05,2.4934708583045682e-05
Hortondamon22,1,0,0.0,2.4597164972421583e-05
Waystar_BluthCo,1,2,1.0056788408686808e-05,2.456615794839645e-05
iwantedanotherpfp,1,3,2.2004880401291947e-05,2.4334631053047285e-05
MarsupialUnable9295,1,1,0.0,2.4124603917547845e-05
Ok-Tie-2448,1,0,0.0,2.3004091072793657e-05
AnxietyExpert2211,1,1,6.277306790710904e-05,2.2961376705550948e-05
NothingNumerous5477,1,0,0.0,2.2961376705550948e-05
qwerty1195,1,0,0.0,2.2961376705550948e-05
DRJT,1,0,0.0,2.2961376705550948e-05
01on,1,0,0.0,2.2961376705550948e-05
BBarrRN,1,0,0.0,2.2961376705550948e-05
michelangeloroseni,1,0,0.0,2.2961376705550948e-05
GoodGovernment1,1,0,0.0,2.288616804960287e-05
Lost_Drawer_2260,1,0,0.0,2.288616804960287e-05
EnergySuccessful3586,1,0,0.0,2.288616804960287e-05
jonatmoy,1,0,0.0,2.288616804960287e-05
kissmydonkey,1,0,0.0,2.288616804960287e-05
Raijgun,1,3,0.0030451083139249333,2.288616804960287e-05
Shoddy-Fan-584,1,0,0.0,2.288616804960287e-05
urfav_mortician,1,0,0.0,2.288616804960287e-05
Ginger_Menace1,0,4,1.6096872611844944e-06,2.2234359698052886e-05
scholarbowlchicka2,0,1,0.0,2.2234359698052886e-05
pumacatrun2,0,1,0.0,2.2234359698052886e-05
iamtruerib,0,1,0.0,2.2234359698052886e-05
bpolo256,0,1,0.0,2.2234359698052886e-05
IamTrying0,0,1,0.0,2.2234359698052886e-05
Easy_Welcome_9142,0,1,0.0,2.2234359698052886e-05
luvduonz,0,1,0.0,2.2234359698052886e-05
anaarsince87,0,1,0.0,2.2234359698052886e-05
PickedOffBySauce,0,1,0.0,2.2234359698052886e-05
okpickle,0,1,0.0,2.2234359698052886e-05
Inevitable_Scene_608,0,1,0.0,2.2234359698052886e-05
Hedge-podge,0,1,0.0,2.2234359698052886e-05
ponyblader,0,1,0.0,2.2234359698052886e-05
Anders_A,0,1,0.0,2.2234359698052886e-05
mountainoceangirl,0,1,0.0,2.2234359698052886e-05
LegendaryOrangeEater,0,2,0.0,2.2234359698052886e-05
ddshroom,0,1,0.0,2.2234359698052886e-05
Fluffcake,0,1,0.0,2.2234359698052886e-05
Relative_Nebula_9772,0,1,0.0,2.2234359698052886e-05
Professional-Steak-5,0,3,9.360063518657118e-06,2.2234359698052886e-05
BlueJaysFan01,0,1,0.0,2.2234359698052886e-05
blanchstain,0,1,0.0,2.2234359698052886e-05
lizzy-stix,0,1,0.0,2.2234359698052886e-05
Butters5768,0,1,0.0,2.2234359698052886e-05
Past-River-351,0,2,0.0,2.2234359698052886e-05
CheesecakeDue165,0,1,0.0,2.2234359698052886e-05
ShadowCat3500,0,1,0.0,2.2234359698052886e-05
maigsy,0,1,0.0,2.2234359698052886e-05
newbienewb101,0,1,0.0,2.2234359698052886e-05
oohkt,0,1,0.0,2.2234359698052886e-05
baltlake03,0,1,0.0,2.2234359698052886e-05
No-Cow4150,0,1,0.0,2.2234359698052886e-05
lancelot48,0,1,0.0,2.2234359698052886e-05
Large-Dust9011,0,1,0.0,2.2234359698052886e-05
Infinite_Trouble_396,0,1,0.0,2.2234359698052886e-05
lulu_apple,0,1,0.0,2.2234359698052886e-05
Swammer13,0,2,5.973715651135006e-05,2.2234359698052886e-05
Something_witty_23,0,2,2.8806125609264728e-05,2.2234359698052886e-05
Which_Bug2163,0,1,0.0,2.2234359698052886e-05
youneverknow44,0,2,3.3105413873193532e-06,2.2234359698052886e-05
LEGOMyBrick,0,1,0.0,2.2234359698052886e-05
inbookworm,0,1,0.0,2.2234359698052886e-05
SensitiveConstant956,0,2,6.913636586504759e-06,2.2234359698052886e-05
ImplementDense2097,0,1,0.0,2.2234359698052886e-05
nocureforinsomnia,0,1,0.0,2.2234359698052886e-05
dragonfliesloveme,0,1,0.0,2.2234359698052886e-05
RustyNotes,0,1,0.0,2.2234359698052886e-05
No-Tutor5996,0,1,0.0,2.2234359698052886e-05
itsamemyusername,0,1,0.0,2.2234359698052886e-05
bernmont2016,0,1,0.0,2.2234359698052886e-05
ljlkm,0,1,0.0,2.2234359698052886e-05
ptatersptate,0,1,0.0,2.2234359698052886e-05
Financial-Grass-6114,0,1,0.0,2.2234359698052886e-05
smokingloon4,0,1,0.0,2.2234359698052886e-05
lostinthought15,0,1,0.0,2.2234359698052886e-05
let_me_sleep_on_it,0,1,0.0,2.2234359698052886e-05
No-Firefighter-7442,0,1,0.0,2.2234359698052886e-05
CruisinThruLife2,0,1,0.0,2.2234359698052886e-05
happyfirefrog22-,0,1,0.0,2.2234359698052886e-05
greylady7,0,1,0.0,2.2234359698052886e-05
orangery3,0,2,1.4243659487037683e-05,2.2234359698052886e-05
lafm9000,0,3,0.0001754290449332139,2.2234359698052886e-05
EquivalentJacket7,0,1,0.0,2.2234359698052886e-05
tubthumping96,0,1,0.0,2.2234359698052886e-05
mysteriouschi,0,1,0.0,2.2234359698052886e-05
tamere2k,0,1,0.0,2.2234359698052886e-05
gills90,0,1,0.0,2.2234359698052886e-05
Syandris,0,1,0.0,2.2234359698052886e-05
Da_Taternater78,0,1,0.0,2.2234359698052886e-05
timmyintransit,0,1,0.0,2.2234359698052886e-05
sunsnowh2o,0,1,0.0,2.2234359698052886e-05
Zealousideal_Bill_86,0,1,0.0,2.2234359698052886e-05
00camadeo,0,3,0.00012597369821464613,2.2234359698052886e-05
kayethx,0,1,0.0,2.2234359698052886e-05
Much-Willingness9905,0,1,0.0,2.2234359698052886e-05
nintenk,0,1,0.0,2.2234359698052886e-05
Sappyberry,0,1,0.0,2.2234359698052886e-05
Stunning-West-8672,0,1,0.0,2.2234359698052886e-05
miss_polar,0,1,0.0,2.2234359698052886e-05
MastodonVegetable167,0,1,0.0,2.2234359698052886e-05
ArrVea,0,1,0.0,2.2234359698052886e-05
Sad_Front6853,0,6,1.4612859594938446e-06,2.2234359698052886e-05
life_is_loud,0,1,0.0,2.2234359698052886e-05
Soggy_Iron_5350,0,1,0.0,2.2234359698052886e-05
matilza,0,1,0.0,2.2234359698052886e-05
Familiar_Ad_4981,0,1,0.0,2.2234359698052886e-05
Plus-Pomegranate8045,0,1,0.0,2.2234359698052886e-05
GovernmentCandid95,0,1,0.0,2.2234359698052886e-05
LilSpiderFartSss,0,1,0.0,2.2234359698052886e-05
Revaesaari,0,4,1.5425735427083908e-06,2.2234359698052886e-05
SlightTemporary2954,0,1,0.0,2.2234359698052886e-05
Single-Lingonberry95,0,1,0.0,2.2234359698052886e-05
Himtiffant,0,2,0.00011947431302270011,2.2234359698052886e-05
AZWildk4t,0,1,0.0,2.2234359698052886e-05
Hockeymac18,0,2,0.005778255675029868,2.2234359698052886e-05
tvtb,0,1,0.0,2.2234359698052886e-05
nanimeanswhat,0,1,0.0,2.2234359698052886e-05
babypops81,0,1,0.0,2.2234359698052886e-05
NoMotion-4887,0,1,0.0,2.2234359698052886e-05
Scotchball,0,1,0.0,2.2234359698052886e-05
mycabbages_,0,1,0.0,2.2234359698052886e-05
BeneficialSeat4425,0,1,0.0,2.2234359698052886e-05
jqj29,0,1,0.0,2.2234359698052886e-05
forcarlsolomon,0,1,0.0,2.2234359698052886e-05
MammothHusk,0,1,0.0,2.2234359698052886e-05
AuntGentleman,0,1,0.0,2.2234359698052886e-05
musea00,0,1,0.0,2.2234359698052886e-05
wandrlustx,0,1,0.0,2.2234359698052886e-05
Dimashfan,0,1,0.0,2.2234359698052886e-05
Quick-Tale9105,0,4,1.9455601290325e-05,2.2234359698052886e-05
pickle-juice-335,0,1,0.0,2.2234359698052886e-05
Extra_Gap_176,0,1,0.0,2.2234359698052886e-05
New_Complaint5282,0,1,0.0,2.2234359698052886e-05
JohnDoe_Meh,0,1,0.0,2.2234359698052886e-05
KatrinaPez,0,1,0.0,2.2234359698052886e-05
neo487666,0,1,0.0,2.2234359698052886e-05
dwartbg9,0,1,0.0,2.2234359698052886e-05
Wickie_Stan_8764,0,1,0.0,2.2234359698052886e-05
Mayhem370z,0,1,0.0,2.2234359698052886e-05
resb,0,1,0.0,2.2234359698052886e-05
Adept_Order_4323,0,1,0.0,2.2234359698052886e-05
Accomplished_Fun3,0,1,0.0,2.2234359698052886e-05
IndependentAir4537,0,2,0.004710340070472502,2.2234359698052886e-05
tj_woolnough,0,1,0.0,2.2234359698052886e-05
Flaky_Fan5664,0,1,0.0,2.2234359698052886e-05
ultimateginger33,0,1,0.0,2.2234359698052886e-05
TheYamfarmer,0,1,0.0,2.2234359698052886e-05
Acceptable_Field2448,0,1,0.0,2.2234359698052886e-05
Radiant-Ad-688,0,1,0.0,2.2234359698052886e-05
Ger_Oktoberfest,0,1,0.0,2.2234359698052886e-05
Falko144,0,1,0.0,2.2234359698052886e-05
PrinzRagoczy,0,2,5.724979116373728e-05,2.2234359698052886e-05
Existing-Maize-2082,0,1,0.0,2.2234359698052886e-05
Owli-1,0,1,0.0,2.2234359698052886e-05
sabriffle,0,1,0.0,2.2234359698052886e-05
Hemske,0,1,0.0,2.2234359698052886e-05
bnyancat,0,1,0.0,2.2234359698052886e-05
Adorable_Edge_8358,0,1,0.0,2.2234359698052886e-05
Due-Swordfish-8833,0,2,1.7679588404635282e-05,2.2234359698052886e-05
No-Process-6474,0,1,0.0,2.2234359698052886e-05
TL-GTR,0,1,0.0,2.2234359698052886e-05
jonquil_dress,0,1,0.0,2.2234359698052886e-05
exceenly,0,1,0.0,2.2234359698052886e-05
astraetoiles,0,1,0.0,2.2234359698052886e-05
ResolutionNo5039,0,1,0.0,2.2234359698052886e-05
GoodNewsorBad,0,1,0.0,2.2234359698052886e-05
Inside-Box-4274,0,1,0.0,2.2234359698052886e-05
MarlinManiac4,0,2,0.0,2.2234359698052886e-05
Dear_Trip_5655,0,1,0.0,2.2234359698052886e-05
SteveFirehawk7,0,1,0.0,2.2234359698052886e-05
Historical-Run164,0,1,0.0,2.2234359698052886e-05
Man_Bear_Pig89,0,1,0.0,2.2234359698052886e-05
ParfaitEither284,0,1,0.0,2.2234359698052886e-05
Admirable-Job7758,0,1,0.0,2.2234359698052886e-05
the_fancy_Tophat,0,1,0.0,2.2234359698052886e-05
yuzurupooh,0,1,0.0,2.2234359698052886e-05
SindoBalto,0,1,0.0,2.2234359698052886e-05
Athrynne,0,1,0.0,2.2234359698052886e-05
stepharee,0,1,0.0,2.2234359698052886e-05
Only_My_Dog_Loves_Me,0,1,0.0,2.2234359698052886e-05
alphaxion,0,3,0.0001395928676161965,2.2234359698052886e-05
Slight_While_1538,0,2,0.0,2.2234359698052886e-05
mimaluna,0,1,0.0,2.2234359698052886e-05
DisplayPractical8018,0,2,0.0,2.2234359698052886e-05
eebee8,0,1,0.0,2.2234359698052886e-05
CapriciousnArbitrary,0,1,0.0,2.2234359698052886e-05
Go_Habs_Go31,0,1,0.0,2.2234359698052886e-05
fortunatelyso,0,1,0.0,2.2234359698052886e-05
NewGuitar4249,0,1,0.0,2.2234359698052886e-05
Fiveby21,0,3,2.6716402281307995e-07,2.2234359698052886e-05
RemarkableMountain15,0,3,0.0008646754281162748,2.2234359698052886e-05
cinderthegreat,0,1,0.0,2.2234359698052886e-05
Academic_Shift2702,0,1,0.0,2.2234359698052886e-05
SylvreKat,0,1,0.0,2.2234359698052886e-05
Savings-Material7706,0,2,2.151542904425872e-06,2.2234359698052886e-05
JustinKase_Too,0,1,0.0,2.2234359698052886e-05
Fellers,0,2,0.0019841146513915175,2.2234359698052886e-05
Kriticalone2,0,1,0.0,2.2234359698052886e-05
tenid,0,1,0.0,2.2234359698052886e-05
Optimal-Bass3142,0,1,0.0,2.2234359698052886e-05
Ok-Explanation-4128,0,3,5.89086890753583e-06,2.2234359698052886e-05
zeromavs,0,1,0.0,2.2234359698052886e-05
PapaNixon,0,1,0.0,2.2234359698052886e-05
Mr_Abe_Froman,0,1,0.0,2.2234359698052886e-05
femmemmah,0,1,0.0,2.2234359698052886e-05
Kenevin,0,1,0.0,2.2234359698052886e-05
derRaiden,0,1,0.0,2.2234359698052886e-05
jaxbchjim,0,1,0.0,2.2234359698052886e-05
Limp_Anxiety_6449,0,1,0.0,2.2234359698052886e-05
raystheroof1,0,1,0.0,2.2234359698052886e-05
NotCool117192,0,2,0.0001187012924699298,2.2234359698052886e-05
RandomRecGoalie,0,1,0.0,2.2234359698052886e-05
Background_Ant451,0,1,0.0,2.2234359698052886e-05
saiilormars,0,1,0.0,2.2234359698052886e-05
Serendipity_7786,0,1,0.0,2.2234359698052886e-05
Bluebellblu,0,1,0.0,2.2234359698052886e-05
doingmybest932,0,2,0.0,2.2234359698052886e-05
Dry-Ad189,0,1,0.0,2.2234359698052886e-05
OkCow2719,0,2,0.0030266681548936527,2.2234359698052886e-05
Key-Coat2353,0,1,0.0,2.2234359698052886e-05
theonenamedrachel,0,1,0.0,2.2234359698052886e-05
Gates_wupatki_zion,0,1,0.0,2.2234359698052886e-05
ramsfan84,0,1,0.0,2.2234359698052886e-05
Ecce-pecke,0,1,0.0,2.2234359698052886e-05
KINGtyr199,0,1,0.0,2.2234359698052886e-05
soraa-,0,1,0.0,2.2234359698052886e-05
Disastrous_Relief691,0,1,0.0,2.2234359698052886e-05
MountainShark1,0,1,0.0,2.2234359698052886e-05
loowig,0,1,0.0,2.2234359698052886e-05
Skitch_Hitchcock,0,1,0.0,2.2234359698052886e-05
Sammydaws97,0,1,0.0,2.2234359698052886e-05
Thistle-1972,0,1,0.0,2.2234359698052886e-05
Jdms_Mvp,0,1,0.0,2.2234359698052886e-05
Accomplished_Sun3619,0,1,0.0,2.2234359698052886e-05
Erzter_Zartor,0,1,0.0,2.2234359698052886e-05
Metalguy_79,0,1,0.0,2.2234359698052886e-05
KingBroly,0,2,0.0010797540396204998,2.2234359698052886e-05
ElonMuskIsATwat69,0,1,0.0,2.2234359698052886e-05
hmmmmmmmm_okay,0,1,0.0,2.2234359698052886e-05
GoodGuySkiller,0,1,0.0,2.2234359698052886e-05
Zandrea901,0,1,0.0,2.2234359698052886e-05
mii7c,0,1,0.0,2.2234359698052886e-05
Styvan01,0,1,0.0,2.2234359698052886e-05
OrdinaryInside8,0,1,0.0,2.2234359698052886e-05
LowEmergencyCaptain,0,1,0.0,2.2234359698052886e-05
vanilladanger,0,1,0.0,2.2234359698052886e-05
EWonderboy,0,1,0.0,2.2234359698052886e-05
SquidsAndMartians,0,1,0.0,2.2234359698052886e-05
Minor_Edit,0,1,0.0,2.2234359698052886e-05
TheRealBabyPop,0,1,0.0,2.2234359698052886e-05
Darnbeasties,0,1,0.0,2.2234359698052886e-05
Kamila_222,0,1,0.0,2.2234359698052886e-05
420StAcY,0,1,0.0,2.2234359698052886e-05
Many_a_Broomstick,0,1,0.0,2.2234359698052886e-05
Lost-Director5618,0,1,0.0,2.2234359698052886e-05
two-teachers,0,1,0.0,2.2234359698052886e-05
kkmockingbird,0,1,0.0,2.2234359698052886e-05
SleekD35,0,1,0.0,2.2234359698052886e-05
mattcojo2,0,1,0.0,2.2234359698052886e-05
Simon___Phoenix,0,1,0.0,2.2234359698052886e-05
screwswithshrews,0,1,0.0,2.2234359698052886e-05
BellaPow,0,1,0.0,2.2234359698052886e-05
garfgon,0,1,0.0,2.2234359698052886e-05
MattManSD,0,1,0.0,2.2234359698052886e-05
Defiant-Sort2942,0,1,0.0,2.2234359698052886e-05
tangled397,0,1,0.0,2.2234359698052886e-05
SnooMaps7755,0,1,0.0,2.2234359698052886e-05
hind3rm3,0,1,0.0,2.2234359698052886e-05
GrimRainbows,0,1,0.0,2.2234359698052886e-05
tigerga1,0,1,0.0,2.2234359698052886e-05
WHLZ,0,1,0.0,2.2234359698052886e-05
popculturestan123,0,1,0.0,2.2234359698052886e-05
0ddzer,0,1,0.0,2.2234359698052886e-05
Glad-Entertainer-669,0,1,0.0,2.2234359698052886e-05
Quesabirria,0,1,0.0,2.2234359698052886e-05
yallamove19,0,1,0.0,2.2234359698052886e-05
Upset-Heart-5177,0,2,0.00023894862604540023,2.2234359698052886e-05
darkeyes13,0,1,0.0,2.2234359698052886e-05
Chad-Ironrod,0,1,0.0,2.2234359698052886e-05
rockstaraimz,0,5,0.001129291567024588,2.2234359698052886e-05
Aramis21_TG,0,1,0.0,2.2234359698052886e-05
LauraKS94,0,1,0.0,2.2234359698052886e-05
JGG5,0,1,0.0,2.2234359698052886e-05
DMmesomeboobs,0,1,0.0,2.2234359698052886e-05
Cheliz1517,0,2,0.0,2.2234359698052886e-05
Mountain-Pay9668,0,1,0.0,2.2234359698052886e-05
ODA564,0,1,0.0,2.2234359698052886e-05
jackofslayers,0,1,0.0,2.2234359698052886e-05
dantespair,0,1,0.0,2.2234359698052886e-05
musing_codger,0,1,0.0,2.2234359698052886e-05
FishySmellz,0,1,0.0,2.2234359698052886e-05
chimininy,0,1,0.0,2.2234359698052886e-05
Volotor,0,1,0.0,2.2234359698052886e-05
AmbitionNo1601,0,1,0.0,2.2234359698052886e-05
Chryshi,0,1,0.0,2.2234359698052886e-05
SnowGiraffes4266,0,1,0.0,2.2234359698052886e-05
Insectodium,0,1,0.0,2.2234359698052886e-05
Filing_chapter11,0,1,0.0,2.2234359698052886e-05
SeaChele27,0,4,0.0,2.2234359698052886e-05
Excellent_Ability793,0,1,0.0,2.2234359698052886e-05
MammothWrongdoer1242,0,1,0.0,2.2234359698052886e-05
tofiwashere,0,2,0.0,2.2234359698052886e-05
Geaux_1210,0,2,1.0199122524489308e-05,2.2234359698052886e-05
techsamurai11,0,3,0.0,2.2234359698052886e-05
superdupermensch,0,1,0.0,2.2234359698052886e-05
Overtea41,0,1,0.0,2.2234359698052886e-05
BlueberryNo6811,0,1,0.0,2.2234359698052886e-05
jd2004user,0,1,0.0,2.2234359698052886e-05
readandrant,0,1,0.0,2.2234359698052886e-05
MapEducational5058,0,1,0.0,2.2234359698052886e-05
Dry_Performer6859,0,1,0.0,2.2234359698052886e-05
Motor_Rice_3291,0,1,0.0,2.2234359698052886e-05
throwrahsjsjdhdhdh,0,1,0.0,2.2234359698052886e-05
Honeybee0109,0,2,0.00011947431302270011,2.2234359698052886e-05
DutchPack,0,1,0.0,2.2234359698052886e-05
MyCountryMogsYours,0,3,3.2210912901866194e-05,2.2234359698052886e-05
BriefImplement9843,0,1,0.0,2.2234359698052886e-05
Any-Treacle-4199,0,1,0.0,2.2234359698052886e-05
kingsleycall92,0,1,0.0,2.2234359698052886e-05
Obes_au,0,1,0.0,2.2234359698052886e-05
riddlerprodigy,0,1,0.0,2.2234359698052886e-05
KindLengthiness5473,0,1,0.0,2.2234359698052886e-05
Sufficient-Pause9765,0,1,0.0,2.2234359698052886e-05
Accomplished_worrier,0,1,0.0,2.2234359698052886e-05
Spx3200,0,1,0.0,2.2234359698052886e-05
thatsplatgal,0,1,0.0,2.2234359698052886e-05
Temporary-Block-9452,0,1,0.0,2.2234359698052886e-05
Stavs15,0,1,0.0,2.2234359698052886e-05
registeredfake,0,1,0.0,2.2234359698052886e-05
johal61,0,1,0.0,2.2234359698052886e-05
bartoszfcb,0,1,0.0,2.2234359698052886e-05
GroundbreakingMap979,0,1,0.0,2.2234359698052886e-05
JSlickJ,0,1,0.0,2.2234359698052886e-05
dingesje06,0,2,0.0005847720625197388,2.2234359698052886e-05
silverlegend,0,1,0.0,2.2234359698052886e-05
OkraMountain9632,0,1,0.0,2.2234359698052886e-05
siders6891,0,2,0.0003381335961416008,2.2234359698052886e-05
1Revenant1,0,2,0.00014402601530196627,2.2234359698052886e-05
jasandliz,0,1,0.0,2.2234359698052886e-05
res0jyyt1,0,1,0.0,2.2234359698052886e-05
Birdman330,0,1,0.0,2.2234359698052886e-05
Ok-Hall8311,0,1,0.0,2.2234359698052886e-05
grehgunner,0,1,0.0,2.2234359698052886e-05
trebor204,0,1,0.0,2.2234359698052886e-05
edgeplay6,0,1,0.0,2.2234359698052886e-05
Vicie007,0,1,0.0,2.2234359698052886e-05
Sir_KnowItAll,0,1,0.0,2.2234359698052886e-05
NikaReturns,0,1,0.0,2.2234359698052886e-05
RicardoRoedor,0,2,0.0005795229966295951,2.2234359698052886e-05
Uterus_Executorus_,0,1,0.0,2.2234359698052886e-05
M1lkBoyz,0,1,0.0,2.2234359698052886e-05
sin_city_sun,0,1,0.0,2.2234359698052886e-05
HistoricMTGGuy,0,4,5.7037734772582747e-05,2.2234359698052886e-05
Acrobatic-Cry594,0,1,0.0,2.2234359698052886e-05
Dependent-Drop-5299,0,1,0.0,2.2234359698052886e-05
Son_of_a_skibum,0,1,0.0,2.2234359698052886e-05
owlhead999,0,1,0.0,2.2234359698052886e-05
Serious-Fortune-4844,0,1,0.0,2.2234359698052886e-05
BKong64,0,1,0.0,2.2234359698052886e-05
JPmoneyman,0,1,0.0,2.2234359698052886e-05
TheHalfChubPrince,0,1,0.0,2.2234359698052886e-05
joeschmoagogo,0,1,0.0,2.2234359698052886e-05
Xperr7,0,1,0.0,2.2234359698052886e-05
crash_test,0,1,0.0,2.2234359698052886e-05
PrimisClaidhaemh,0,1,0.0,2.2234359698052886e-05
Clean-Drop8283,0,1,0.0,2.2234359698052886e-05
lunasilvia,0,1,0.0,2.2234359698052886e-05
adsheppa,0,1,0.0,2.2234359698052886e-05
Solid-Tea7377,0,1,0.0,2.2234359698052886e-05
SecretiveMop,0,1,0.0,2.2234359698052886e-05
DIAXMEN,0,1,0.0,2.2234359698052886e-05
Magento,0,1,0.0,2.2234359698052886e-05
Cornelis73,0,1,0.0,2.2234359698052886e-05
parking_pataweyo,0,1,0.0,2.2234359698052886e-05
Cowgoon777,0,1,0.0,2.2234359698052886e-05
Schlechtyj,0,3,0.00018659693011385247,2.2234359698052886e-05
axelatlast,0,1,0.0,2.2234359698052886e-05
99Wolves17,0,1,0.0,2.2234359698052886e-05
basteilubbe,0,1,0.0,2.2234359698052886e-05
magwai9,0,1,0.0,2.2234359698052886e-05
WinterBrilliant5186,0,1,0.0,2.2234359698052886e-05
ThreeTreesForTheePls,0,1,0.0,2.2234359698052886e-05
AccidentalSoapDrop,0,1,0.0,2.2234359698052886e-05
l57y,0,1,0.0,2.2234359698052886e-05
CryptographerShot213,0,2,0.00011569966830682494,2.2234359698052886e-05
SpiritedFix8073,0,1,0.0,2.2234359698052886e-05
TruCrimeRighter,0,1,0.0,2.2234359698052886e-05
TheyreEatingTheD0GS,0,1,0.0,2.2234359698052886e-05
AYTOL__,0,1,0.0,2.2234359698052886e-05
Inevitable_Sector778,0,1,0.0,2.2234359698052886e-05
Simple_Tart9548,0,1,0.0,2.2234359698052886e-05
Admirable-Screen2238,0,1,0.0,2.2234359698052886e-05
Mysterious-Quit-304,0,1,0.0,2.2234359698052886e-05
birdy3133,0,1,0.0,2.2234359698052886e-05
ClimbRunRide,0,1,0.0,2.2234359698052886e-05
mancemck,0,1,0.0,2.2234359698052886e-05
LotsaKwestions,0,1,0.0,2.2234359698052886e-05
StupidGenius11,0,1,0.0,2.2234359698052886e-05
Doraellen,0,2,0.0003827940357905652,2.2234359698052886e-05
WEMATANYE93,0,1,0.0,2.2234359698052886e-05
-t-t-,0,1,0.0,2.2234359698052886e-05
BearShark9,0,1,0.0,2.2234359698052886e-05
The_Art_of_Dying,0,1,0.0,2.2234359698052886e-05
AlcoholicLesbian,0,1,0.0,2.2234359698052886e-05
sixinchitalian,0,1,0.0,2.2234359698052886e-05
stuckandoutofluck,0,1,0.0,2.2234359698052886e-05
PghDylan,0,1,0.0,2.2234359698052886e-05
fswhore,0,1,0.0,2.2234359698052886e-05
TannisWaW,0,3,6.637376208475564e-05,2.2234359698052886e-05
Hour-Friend-4106,0,1,0.0,2.2234359698052886e-05
No-Stressss,0,1,0.0,2.2234359698052886e-05
socomeyeballs,0,1,0.0,2.2234359698052886e-05
niazemurad,0,1,0.0,2.2234359698052886e-05
ToadvinesHat,0,1,0.0,2.2234359698052886e-05
Nope51st,0,1,0.0,2.2234359698052886e-05
Apprehensive-Rip8489,0,1,0.0,2.2234359698052886e-05
ChupaHubbard,0,1,0.0,2.2234359698052886e-05
TopInvestigator5518,0,1,0.0,2.2234359698052886e-05
LazyBotBlocker,0,1,0.0,2.2234359698052886e-05
non_stop_19,0,1,0.0,2.2234359698052886e-05
KimJongSoros,0,1,0.0,2.2234359698052886e-05
listenyall,0,2,0.00014163335452717948,2.2234359698052886e-05
russianwildrye,0,2,0.0,2.2234359698052886e-05
Physical_Raise4723,0,1,0.0,2.2234359698052886e-05
Xantype,0,1,0.0,2.2234359698052886e-05
ExoticExchange,0,4,3.374103435681611e-05,2.2234359698052886e-05
anemic_royaltea,0,1,0.0,2.2234359698052886e-05
doyouthinktheycare,0,2,0.002604408037829741,2.2234359698052886e-05
championstyle,0,1,0.0,2.2234359698052886e-05
AerialReaver,0,1,0.0,2.2234359698052886e-05
binzoma,0,1,0.0,2.2234359698052886e-05
Delicious_Welder9027,0,1,0.0,2.2234359698052886e-05
caity1111,0,1,0.0,2.2234359698052886e-05
TwistyBunny,0,2,3.4331154812196114e-06,2.2234359698052886e-05
wood_you_believe,0,6,0.0,2.2234359698052886e-05
whitehouses,0,2,0.00011546826897021128,2.2234359698052886e-05
DeepStateA,0,3,0.00025562226837706515,2.2234359698052886e-05
NerdgirlfromTX,0,2,0.0,2.2234359698052886e-05
Upbeat-Selection-365,0,1,0.0,2.2234359698052886e-05
Budget_Flamingo27,0,1,0.0,2.2234359698052886e-05
DoubleCup8490,0,1,0.0,2.2234359698052886e-05
Tatehamma,0,1,0.0,2.2234359698052886e-05
Zab__,0,1,0.0,2.2234359698052886e-05
DamnDingos,0,1,0.0,2.2234359698052886e-05
Snarffsnarff31,0,1,0.0,2.2234359698052886e-05
poster4521,0,1,0.0,2.2234359698052886e-05
records_five_top,0,1,0.0,2.2234359698052886e-05
superbuttpiss,0,1,0.0,2.2234359698052886e-05
zirky,0,1,0.0,2.2234359698052886e-05
NLP19,0,1,0.0,2.2234359698052886e-05
Extension-End8421,0,1,0.0,2.2234359698052886e-05
DontNeedBreakfast,0,2,0.0,2.2234359698052886e-05
Brody1364112,0,1,0.0,2.2234359698052886e-05
iBossk,0,1,0.0,2.2234359698052886e-05
Annual_Expression_48,0,1,0.0,2.2234359698052886e-05
belenos63,0,1,0.0,2.2234359698052886e-05
Ambitious_Bullfrog31,0,2,3.0946488150948733e-06,2.2234359698052886e-05
AGOEsLois,0,1,0.0,2.2234359698052886e-05
oxygala,0,1,0.0,2.2234359698052886e-05
Odd_Brief4522,0,1,0.0,2.2234359698052886e-05
Vivid-Ad1372,0,1,0.0,2.2234359698052886e-05
ConfectionInformal25,0,1,0.0,2.2234359698052886e-05
Iammeandyouareme,0,1,0.0,2.2234359698052886e-05
FireFlamesFrost,0,1,0.0,2.2234359698052886e-05
Past_Realites_,0,1,0.0,2.2234359698052886e-05
LowMediocre4304,0,1,0.0,2.2234359698052886e-05
amandajg13,0,1,0.0,2.2234359698052886e-05
Qu1mi,0,1,0.0,2.2234359698052886e-05
bonk-the-honk,0,1,0.0,2.2234359698052886e-05
Basedshark01,0,1,0.0,2.2234359698052886e-05
CoolstorySteve,0,1,0.0,2.2234359698052886e-05
AsianWADA,0,1,0.0,2.2234359698052886e-05
Civil-Tumbleweed-257,0,1,0.0,2.2234359698052886e-05
lyssabean617,0,1,0.0,2.2234359698052886e-05
Comfortable-Side7018,0,1,0.0,2.2234359698052886e-05
OERSAN,0,1,0.0,2.2234359698052886e-05
CauseNo2813,0,1,0.0,2.2234359698052886e-05
Exact-Proposal-5562,0,1,0.0,2.2234359698052886e-05
KaiserCanton,0,1,0.0,2.2234359698052886e-05
hnglmkrnglbrry,0,1,0.0,2.2234359698052886e-05
ames_006,0,1,0.0,2.2234359698052886e-05
Tomcat848484,0,1,0.0,2.2234359698052886e-05
eukomos,0,3,2.297026177408946e-05,2.2234359698052886e-05
Epere15,0,1,0.0,2.2234359698052886e-05
embianchi24,0,1,0.0,2.2234359698052886e-05
Jens_Kan_Solo,0,1,0.0,2.2234359698052886e-05
rabidline,0,1,0.0,2.2234359698052886e-05
Medium_Funny_2293,0,1,0.0,2.2234359698052886e-05
KZavi,0,1,0.0,2.2234359698052886e-05
Artistic_Active_820,0,1,0.0,2.2234359698052886e-05
Icy_Refuse3028,0,1,0.0,2.2234359698052886e-05
b0nkert0ns,0,1,0.0,2.2234359698052886e-05
Fussel2107,0,1,0.0,2.2234359698052886e-05
ShellshockedLetsGo,0,1,0.0,2.2234359698052886e-05
TellSloanISaidHi,0,1,0.0,2.2234359698052886e-05
ComfortDismal493,0,1,0.0,2.2234359698052886e-05
ConstantBook6534,0,1,0.0,2.2234359698052886e-05
Middle-Ad-6209,0,1,0.0,2.2234359698052886e-05
DCS30,0,1,0.0,2.2234359698052886e-05
LeslieBird12,0,1,0.0,2.2234359698052886e-05
inwebitrust,0,1,0.0,2.2234359698052886e-05
Xatik,0,1,0.0,2.2234359698052886e-05
Le_tryharder,0,1,0.0,2.2234359698052886e-05
Leto1974,0,1,0.0,2.2234359698052886e-05
EckhartsLadder,0,1,0.0,2.2234359698052886e-05
sleepy-worrier,0,1,0.0,2.2234359698052886e-05
Mysterious_West9231,0,1,0.0,2.2234359698052886e-05
Sakarilila,0,1,0.0,2.2234359698052886e-05
asparagusbruh,0,1,0.0,2.2234359698052886e-05
Charbonneau77,0,1,0.0,2.2234359698052886e-05
wildhockey64,0,2,0.0,2.2234359698052886e-05
dmuennich,0,1,0.0,2.2234359698052886e-05
Galyyy,0,1,0.0,2.2234359698052886e-05
SoundOfUnder,0,1,0.0,2.2234359698052886e-05
snapp0r,0,1,0.0,2.2234359698052886e-05
TravelingMatt34,0,1,0.0,2.2234359698052886e-05
The_Little_Bits,0,1,0.0,2.2234359698052886e-05
SDGollum,0,1,0.0,2.2234359698052886e-05
Evepaul,0,1,0.0,2.2234359698052886e-05
Legitimate-Marmalade,0,1,0.0,2.2234359698052886e-05
rogue_worlds,0,1,0.0,2.2234359698052886e-05
TiffanyTwisted11,0,1,0.0,2.2234359698052886e-05
clydefrog811,0,1,0.0,2.2234359698052886e-05
Charmander787,0,1,0.0,2.2234359698052886e-05
spoilederin,0,1,0.0,2.2234359698052886e-05
modin33,0,3,0.0016091491603477401,2.2234359698052886e-05
EuroRacoon-4,0,2,2.1641427008375092e-05,2.2234359698052886e-05
messamessa,0,1,0.0,2.2234359698052886e-05
LapinTade,0,1,0.0,2.2234359698052886e-05
Eaglestar276,0,2,0.0,2.2234359698052886e-05
Cwilliam99,0,1,0.0,2.2234359698052886e-05
Moonraker0022,0,1,0.0,2.2234359698052886e-05
Immediate_Tap1323,0,1,0.0,2.2234359698052886e-05
Particular_Aide1097,0,1,0.0,2.2234359698052886e-05
ILikeConcernedApe,0,1,0.0,2.2234359698052886e-05
InternationalSalt1,0,1,0.0,2.2234359698052886e-05
vegetapinkshirt,0,1,0.0,2.2234359698052886e-05
Prestigious_Fella_21,0,1,0.0,2.2234359698052886e-05
yuribatman,0,1,0.0,2.2234359698052886e-05
Jutch_Cassidy,0,1,0.0,2.2234359698052886e-05
plushnyra,0,3,8.364886306385871e-05,2.2234359698052886e-05
No-Owl-6246,0,1,0.0,2.2234359698052886e-05
Ltroky,0,1,0.0,2.2234359698052886e-05
morts73,0,1,0.0,2.2234359698052886e-05
fivewaysforward,0,1,0.0,2.2234359698052886e-05
Gemnist,0,2,0.00019005283650653162,2.2234359698052886e-05
fitdad24,0,1,0.0,2.2234359698052886e-05
Character-Dark-3708,0,1,0.0,2.2234359698052886e-05
beardyman96,0,1,0.0,2.2234359698052886e-05
EskilPotet,0,1,0.0,2.2234359698052886e-05
Repulsive_Drink3427,0,1,0.0,2.2234359698052886e-05
DontHitDaddy,0,1,0.0,2.2234359698052886e-05
mars888999,0,1,0.0,2.2234359698052886e-05
IndependentCover3123,0,1,0.0,2.2234359698052886e-05
BatlethBae,0,1,0.0,2.2234359698052886e-05
Mysterious_Dog8385,0,1,0.0,2.2234359698052886e-05
ThatNewSockFeel,0,1,0.0,2.2234359698052886e-05
no_sheds_jackson,0,1,0.0,2.2234359698052886e-05
Screweditupagain,0,1,0.0,2.2234359698052886e-05
dakikibe,0,1,0.0,2.2234359698052886e-05
Mindraven,0,2,0.00025233117018698593,2.2234359698052886e-05
stonersh,0,1,0.0,2.2234359698052886e-05
bella-chili,0,1,0.0,2.2234359698052886e-05
sunnyfordays22,0,1,0.0,2.2234359698052886e-05
BaseBig173,0,1,0.0,2.2234359698052886e-05
Draknurd,0,1,0.0,2.2234359698052886e-05
PlaguedYoon,0,2,0.00011947431302270011,2.2234359698052886e-05
RattusRattus_Sum,0,1,0.0,2.2234359698052886e-05
Wasting-tim3,0,1,0.0,2.2234359698052886e-05
Utimate_Eminant,0,1,0.0,2.2234359698052886e-05
DaddlerTheDalek,0,1,0.0,2.2234359698052886e-05
DontBeWaves,0,2,3.877958036086824e-06,2.2234359698052886e-05
Gold-Ad9417,0,1,0.0,2.2234359698052886e-05
vmurt,0,1,0.0,2.2234359698052886e-05
nolechica,0,1,0.0,2.2234359698052886e-05
reikirunner,0,1,0.0,2.2234359698052886e-05
CraftierCrafty,0,1,0.0,2.2234359698052886e-05
Subject-Talk5892,0,1,0.0,2.2234359698052886e-05
DaseNarch,0,1,0.0,2.2234359698052886e-05
TrollKlovn,0,1,0.0,2.2234359698052886e-05
MacPh1sto,0,1,0.0,2.2234359698052886e-05
Prettydallo,0,1,0.0,2.2234359698052886e-05
golf_trash,0,2,0.0,2.2234359698052886e-05
ggggrrrrttttt1,0,2,0.0008644364794902294,2.2234359698052886e-05
Taimy420,0,1,0.0,2.2234359698052886e-05
CallenderDE,0,1,0.0,2.2234359698052886e-05
tinysalamander37,0,1,0.0,2.2234359698052886e-05
Booyayboy,0,1,0.0,2.2234359698052886e-05
Unhappy_Ad5945,0,1,0.0,2.2234359698052886e-05
gaimzredy,0,2,6.398091684219385e-05,2.2234359698052886e-05
monnurse7,0,1,0.0,2.2234359698052886e-05
No-Bus3817,0,1,0.0,2.2234359698052886e-05
justkeptfading,0,1,0.0,2.2234359698052886e-05
Mistawondabread,0,1,0.0,2.2234359698052886e-05
honcooge,0,2,0.00011947431302270011,2.2234359698052886e-05
Tundraaa,0,1,0.0,2.2234359698052886e-05
sahmdahn,0,1,0.0,2.2234359698052886e-05
IntelligentPlane5375,0,1,0.0,2.2234359698052886e-05
Weak-Calligrapher-67,0,1,0.0,2.2234359698052886e-05
merckx3697,0,1,0.0,2.2234359698052886e-05
Puzzleheaded_Cry_488,0,1,0.0,2.2234359698052886e-05
YEAHTOM,0,1,0.0,2.2234359698052886e-05
I_Am_Vladimir_Putin,0,1,0.0,2.2234359698052886e-05
miss_scarlet_letter,0,1,0.0,2.2234359698052886e-05
Puzzle__head,0,2,6.368724671810587e-05,2.2234359698052886e-05
dentinn,0,1,0.0,2.2234359698052886e-05
VeseleVianoce,0,1,0.0,2.2234359698052886e-05
Tdotrapsfangurl,0,1,0.0,2.2234359698052886e-05
phwayne,0,1,0.0,2.2234359698052886e-05
bioblaster209,0,2,0.0,2.2234359698052886e-05
DrabDive,0,1,0.0,2.2234359698052886e-05
Leeloo717,0,1,0.0,2.2234359698052886e-05
IsthisWarframe,0,1,0.0,2.2234359698052886e-05
daisymae25,0,1,0.0,2.2234359698052886e-05
AgentG91,0,1,0.0,2.2234359698052886e-05
Deep-Ad4741,0,1,0.0,2.2234359698052886e-05
the_state_of_kate,0,2,0.00019048001514548361,2.2234359698052886e-05
No_March5195,0,1,0.0,2.2234359698052886e-05
TheLastSanctuary,0,1,0.0,2.2234359698052886e-05
EldenLooter,0,1,0.0,2.2234359698052886e-05
BettySwoll0cks,0,1,0.0,2.2234359698052886e-05
Inner_Nectarine7763,0,1,0.0,2.2234359698052886e-05
Money-Giraffe2521,0,4,0.0,2.2234359698052886e-05
buckeyecapsfan19,0,1,0.0,2.2234359698052886e-05
jehof27,0,1,0.0,2.2234359698052886e-05
DekeCobretti,0,2,5.134480897710921e-06,2.2234359698052886e-05
MuchBiscotti-8495162,0,1,0.0,2.2234359698052886e-05
lilacsandhoney,0,1,0.0,2.2234359698052886e-05
IvoBrasil,0,1,0.0,2.2234359698052886e-05
Tallented_Narwhal,0,1,0.0,2.2234359698052886e-05
plugged97,0,1,0.0,2.2234359698052886e-05
Thick_Cookie_7838,0,3,4.714599525505441e-05,2.2234359698052886e-05
seattlesportsguy,0,1,0.0,2.2234359698052886e-05
hailtopizza,0,1,0.0,2.2234359698052886e-05
Think-Airport-8933,0,1,0.0,2.2234359698052886e-05
Morgus_Magnificent,0,1,0.0,2.2234359698052886e-05
FunnyLoud3067,0,1,0.0,2.2234359698052886e-05
Financial_Clue_2534,0,1,0.0,2.2234359698052886e-05
1ToGreen3ToBasket,0,1,0.0,2.2234359698052886e-05
Like17Badgers,0,1,0.0,2.2234359698052886e-05
Appropriate-Talk4266,0,1,0.0,2.2234359698052886e-05
CapableSkirt628,0,1,0.0,2.2234359698052886e-05
SeriousVegetable7171,0,1,0.0,2.2234359698052886e-05
EnoughSlopPlease,0,1,0.0,2.2234359698052886e-05
thedeeb56,0,2,0.000382891802094681,2.2234359698052886e-05
KevKevThePug,0,1,0.0,2.2234359698052886e-05
endgrent,0,1,0.0,2.2234359698052886e-05
Black_Velvet_Band,0,1,0.0,2.2234359698052886e-05
OkImplement2459,0,1,0.0,2.2234359698052886e-05
doggos4house2020,0,1,0.0,2.2234359698052886e-05
Rengars_Prey,0,1,0.0,2.2234359698052886e-05
Dr_Loke,0,1,0.0,2.2234359698052886e-05
Crafty-Regular-3212,0,1,0.0,2.2234359698052886e-05
Ambitious-Ad-3242,0,1,0.0,2.2234359698052886e-05
Kooky_Equivalent3785,0,1,0.0,2.2234359698052886e-05
No_Cat4998,0,1,0.0,2.2234359698052886e-05
RebelJedi1998,0,1,0.0,2.2234359698052886e-05
kenroth50,0,2,7.594935097219398e-05,2.2234359698052886e-05
crastle,0,1,0.0,2.2234359698052886e-05
No_Introduction_3542,0,1,0.0,2.2234359698052886e-05
t0t0zenerd,0,1,0.0,2.2234359698052886e-05
theguyishere16,0,1,0.0,2.2234359698052886e-05
callmejohndy,0,1,0.0,2.2234359698052886e-05
TurdMcNugget69,0,2,0.0006909830398959738,2.2234359698052886e-05
teaseblitz,0,1,0.0,2.2234359698052886e-05
truthseekerace,0,1,0.0,2.2234359698052886e-05
Due_Collar2,0,1,0.0,2.2234359698052886e-05
Lucky-Nightmare-4all,0,1,0.0,2.2234359698052886e-05
manoman42,0,1,0.0,2.2234359698052886e-05
APOC_V,0,1,0.0,2.2234359698052886e-05
KalikaSparks,0,1,0.0,2.2234359698052886e-05
citation-found,0,1,0.0,2.2234359698052886e-05
Norcalnappy,0,1,0.0,2.2234359698052886e-05
pretty_peacock_987,0,1,0.0,2.2234359698052886e-05
aeriiths,0,1,0.0,2.2234359698052886e-05
hungryhippo53,0,1,0.0,2.2234359698052886e-05
Stoltlallare,0,1,0.0,2.2234359698052886e-05
oneflou,0,1,0.0,2.2234359698052886e-05
kmsteg15,0,1,0.0,2.2234359698052886e-05
Ill-Produce8729,0,1,0.0,2.2234359698052886e-05
Better_Ad_4743,0,1,0.0,2.2234359698052886e-05
Aglaea22,0,1,0.0,2.2234359698052886e-05
just_one_diabete,0,1,0.0,2.2234359698052886e-05
girlwhyumad,0,1,0.0,2.2234359698052886e-05
emtuts,0,1,0.0,2.2234359698052886e-05
drowsylacuna,0,2,1.1761918587849415e-05,2.2234359698052886e-05
Scared-Arachnid6286,0,1,0.0,2.2234359698052886e-05
blue_friend,0,1,0.0,2.2234359698052886e-05
Dr_Colossus,0,1,0.0,2.2234359698052886e-05
FlyerN,0,1,0.0,2.2234359698052886e-05
njdevils901,0,1,0.0,2.2234359698052886e-05
PsychologicalGur9931,0,1,0.0,2.2234359698052886e-05
souvlakilover,0,2,0.00013546022118070999,2.2234359698052886e-05
Tweazie,0,1,0.0,2.2234359698052886e-05
nancy_002,0,1,0.0,2.2234359698052886e-05
SAwfulBaconTaco,0,1,0.0,2.2234359698052886e-05
biboskirorun,0,1,0.0,2.2234359698052886e-05
ElegantTonight4978,0,1,0.0,2.2234359698052886e-05
medhat20005,0,1,0.0,2.2234359698052886e-05
Inevitable_Space_293,0,2,0.00035842293906810036,2.2234359698052886e-05
AnswerAdorable5555,0,1,0.0,2.2234359698052886e-05
ahufana,0,1,0.0,2.2234359698052886e-05
AnitaSandwich69XXX,0,1,0.0,2.2234359698052886e-05
atmosphere730,0,1,0.0,2.2234359698052886e-05
soaring_ostrich,0,1,0.0,2.2234359698052886e-05
theashleereign,0,1,0.0,2.2234359698052886e-05
sugarcola16,0,1,0.0,2.2234359698052886e-05
MontyNSafi,0,1,0.0,2.2234359698052886e-05
Tasty_Singer7392,0,1,0.0,2.2234359698052886e-05
peepeevs,0,1,0.0,2.2234359698052886e-05
13nobody,0,1,0.0,2.2234359698052886e-05
ratatosk212,0,1,0.0,2.2234359698052886e-05
Arschgeige42,0,1,0.0,2.2234359698052886e-05
OkejDator,0,1,0.0,2.2234359698052886e-05
Jaguarcatkat,0,1,0.0,2.2234359698052886e-05
Defiant_Piece7442,0,1,0.0,2.2234359698052886e-05
roionsteroids,0,2,7.362523363671381e-06,2.2234359698052886e-05
daisykat,0,1,0.0,2.2234359698052886e-05
ChesterJT,0,1,0.0,2.2234359698052886e-05
TurnipTall7545,0,1,0.0,2.2234359698052886e-05
d710905,0,1,0.0,2.2234359698052886e-05
cutmastaK,0,1,0.0,2.2234359698052886e-05
calaccountant,0,1,0.0,2.2234359698052886e-05
MightBeDownstairs,0,1,0.0,2.2234359698052886e-05
Not_Real_Batman,0,1,0.0,2.2234359698052886e-05
NoSirPineapple,0,1,0.0,2.2234359698052886e-05
MaddenRob,0,1,0.0,2.2234359698052886e-05
NejzorN,0,1,0.0,2.2234359698052886e-05
PerfectWorking6873,0,1,0.0,2.2234359698052886e-05
ravendarkholme312,0,4,0.0015060903782301658,2.2234359698052886e-05
INDISH-girl,0,1,0.0,2.2234359698052886e-05
qnssekr,0,2,0.0005752124731985222,2.2234359698052886e-05
NakedAggression,0,2,0.0011969182330765086,2.2234359698052886e-05
Rough-Measurement979,0,1,0.0,2.2234359698052886e-05
Level_Music_8693,0,1,0.0,2.2234359698052886e-05
AlbusStormgaard,0,1,0.0,2.2234359698052886e-05
Chubaichaser,0,1,0.0,2.2234359698052886e-05
Dangerous_Ad5039,0,1,0.0,2.2234359698052886e-05
DontPanic_4242,0,1,0.0,2.2234359698052886e-05
walkingwake_,0,2,5.841506164086808e-06,2.2234359698052886e-05
OpanaG76,0,1,0.0,2.2234359698052886e-05
Strong_Astronomer_97,0,1,0.0,2.2234359698052886e-05
mattsotheraltforporn,0,1,0.0,2.2234359698052886e-05
Aloofisinthepudding,0,1,0.0,2.2234359698052886e-05
ohoroa,0,1,0.0,2.2234359698052886e-05
bellaLori,0,1,0.0,2.2234359698052886e-05
SEAtoPAR,0,1,0.0,2.2234359698052886e-05
HWood2004,0,1,0.0,2.2234359698052886e-05
xnormajeanx,0,1,0.0,2.2234359698052886e-05
ge0theory,0,1,0.0,2.2234359698052886e-05
Silver_Trainer_4390,0,1,0.0,2.2234359698052886e-05
blop74,0,1,0.0,2.2234359698052886e-05
urkish,0,1,0.0,2.2234359698052886e-05
porkchopespresso,0,1,0.0,2.2234359698052886e-05
pickledplinko,0,1,0.0,2.2234359698052886e-05
LordOfHorns,0,1,0.0,2.2234359698052886e-05
Karm0112,0,1,0.0,2.2234359698052886e-05
Tranquilizrr,0,1,0.0,2.2234359698052886e-05
Aggressive_Grass_945,0,1,0.0,2.2234359698052886e-05
Fabulous_Gold1745,0,1,0.0,2.2234359698052886e-05
tits_mcgee0123,0,2,6.298441707331788e-06,2.2234359698052886e-05
Dry_Load_9956,0,1,0.0,2.2234359698052886e-05
ZodiacError,0,2,0.0,2.2234359698052886e-05
lastlatvian,0,1,0.0,2.2234359698052886e-05
Serious-Pin926,0,1,0.0,2.2234359698052886e-05
WonderfulBlueberry78,0,1,0.0,2.2234359698052886e-05
calmnutz,0,2,1.6409324907367675e-05,2.2234359698052886e-05
Mannon_Blackbeak,0,2,4.50993329759567e-06,2.2234359698052886e-05
GayDrWhoNut,0,1,0.0,2.2234359698052886e-05
Friendly-Bug-5075,0,1,0.0,2.2234359698052886e-05
SnooStrawberries1862,0,1,0.0,2.2234359698052886e-05
lily-kuchel,0,2,2.6836862978400635e-05,2.2234359698052886e-05
Haunting_Lab5348,0,1,0.0,2.2234359698052886e-05
Newoutlookonlife1,0,1,0.0,2.2234359698052886e-05
TheWuTangFlan_,0,1,0.0,2.2234359698052886e-05
Proof-Giraffe-4788,0,1,0.0,2.2234359698052886e-05
TotalWarhamster,0,1,0.0,2.2234359698052886e-05
Jon_J_,0,1,0.0,2.2234359698052886e-05
ddoubletapp1,0,1,0.0,2.2234359698052886e-05
MooreAveDad,0,1,0.0,2.2234359698052886e-05
Mudsnail,0,1,0.0,2.2234359698052886e-05
Amberhp,0,1,0.0,2.2234359698052886e-05
All-wildcard,0,1,0.0,2.2234359698052886e-05
Cool-Tour-1962,0,1,0.0,2.2234359698052886e-05
Ellestyx,0,1,0.0,2.2234359698052886e-05
New_Blood7858,0,1,0.0,2.2234359698052886e-05
esem98,0,2,2.4470746159191745e-06,2.2234359698052886e-05
bigwinne,0,1,0.0,2.2234359698052886e-05
PriorityReserveUrMom,0,1,0.0,2.2234359698052886e-05
IndependentPepper628,0,1,0.0,2.2234359698052886e-05
Parking_Range_2734,0,1,0.0,2.2234359698052886e-05
Dany3R9,0,1,0.0,2.2234359698052886e-05
Ginkiba,0,1,0.0,2.2234359698052886e-05
katimakittykat,0,3,0.0,2.2234359698052886e-05
1TBee,0,1,0.0,2.2234359698052886e-05
SolarWind777,0,1,0.0,2.2234359698052886e-05
1000Isand1,0,1,0.0,2.2234359698052886e-05
grebeulous,0,1,0.0,2.2234359698052886e-05
OptimusSublime,0,1,0.0,2.2234359698052886e-05
JMM123,0,1,0.0,2.2234359698052886e-05
DarkGrimNature,0,1,0.0,2.2234359698052886e-05
zachtothejohnson,0,1,0.0,2.2234359698052886e-05
joriscool,0,1,0.0,2.2234359698052886e-05
tavvyjay,0,1,0.0,2.2234359698052886e-05
cirvis240,0,1,0.0,2.2234359698052886e-05
Kizilmaske,0,1,0.0,2.2234359698052886e-05
Murky_Voice3023,0,1,0.0,2.2234359698052886e-05
McNoxey,0,1,0.0,2.2234359698052886e-05
mr_lab_rat,0,1,0.0,2.2234359698052886e-05
Lyzandia,0,3,8.271776907946491e-05,2.2234359698052886e-05
Uofoducks15,0,1,0.0,2.2234359698052886e-05
Adventurous-Mix-7035,0,1,0.0,2.2234359698052886e-05
eestityyp,0,1,0.0,2.2234359698052886e-05
air-dex,0,1,0.0,2.2234359698052886e-05
EnvironmentalLion355,0,1,0.0,2.2234359698052886e-05
PassAppropriate5891,0,1,0.0,2.2234359698052886e-05
Upstairs-Chicken592,0,1,0.0,2.2234359698052886e-05
Montgomes,0,1,0.0,2.2234359698052886e-05
sticksnstone,0,1,0.0,2.2234359698052886e-05
hanne2001,0,1,0.0,2.2234359698052886e-05
DuztyLipz,0,1,0.0,2.2234359698052886e-05
trisaroar,0,1,0.0,2.2234359698052886e-05
cheezfang,0,1,0.0,2.2234359698052886e-05
jamiethemime,0,1,0.0,2.2234359698052886e-05
MikeMac999,0,1,0.0,2.2234359698052886e-05
andrewthemexican,0,1,0.0,2.2234359698052886e-05
Unabatedtuna,0,1,0.0,2.2234359698052886e-05
Cr00ky,0,1,0.0,2.2234359698052886e-05
CampaignPersonal9803,0,1,0.0,2.2234359698052886e-05
lxfh7777,0,2,0.0,2.2234359698052886e-05
Balls_of_satan,0,1,0.0,2.2234359698052886e-05
LojikPuzzil,0,1,0.0,2.2234359698052886e-05
ajpod,0,1,0.0,2.2234359698052886e-05
niketkotecha,0,1,0.0,2.2234359698052886e-05
Shine_Onyx,0,1,0.0,2.2234359698052886e-05
ChrisEvansFan,0,2,0.0006127965390916126,2.2234359698052886e-05
xAMSTERRR,0,2,0.00026945007187194564,2.2234359698052886e-05
MurongYuan,0,1,0.0,2.2234359698052886e-05
DJBLiZZ,0,1,0.0,2.2234359698052886e-05
I_Shall_Be_Known,0,1,0.0,2.2234359698052886e-05
rburp,0,1,0.0,2.2234359698052886e-05
Chrisixx,0,1,0.0,2.2234359698052886e-05
Wassal9,0,1,0.0,2.2234359698052886e-05
ghenghy26,0,1,0.0,2.2234359698052886e-05
ProfessionalJob5718,0,1,0.0,2.2234359698052886e-05
Feisty_Bodybuilder25,0,1,0.0,2.2234359698052886e-05
squid_princess_99,0,1,0.0,2.2234359698052886e-05
jimbobdonut,0,1,0.0,2.2234359698052886e-05
ddjj3000,0,1,0.0,2.2234359698052886e-05
LateForTheSun,0,1,0.0,2.2234359698052886e-05
zandei,0,1,0.0,2.2234359698052886e-05
OrdinaryOwl-1866,0,1,0.0,2.2234359698052886e-05
ich_liebe_berlin,0,1,0.0,2.2234359698052886e-05
RubberDuckyRacing,0,1,0.0,2.2234359698052886e-05
EvenRepresentative77,0,2,0.0004719697608998759,2.2234359698052886e-05
Ranglergirl,0,1,0.0,2.2234359698052886e-05
-DesertMoon,0,2,0.00026945007187194564,2.2234359698052886e-05
Garland68,0,1,0.0,2.2234359698052886e-05
Papercut6,0,1,0.0,2.2234359698052886e-05
_tarla_,0,1,0.0,2.2234359698052886e-05
commodore_stab1789,0,1,0.0,2.2234359698052886e-05
MasterMatt25,0,1,0.0,2.2234359698052886e-05
Ok-Working3714,0,1,0.0,2.2234359698052886e-05
ialo00130,0,1,0.0,2.2234359698052886e-05
DrLivingst0ne,0,1,0.0,2.2234359698052886e-05
FamilyShoww,0,1,0.0,2.2234359698052886e-05
Middle-Welder3931,0,1,0.0,2.2234359698052886e-05
brianthelumberjack,0,4,0.002526368367842133,2.2234359698052886e-05
avrenak,0,1,0.0,2.2234359698052886e-05
AstronomerIT,0,4,0.0005103104981385556,2.2234359698052886e-05
burpeesandcaffeine,0,1,0.0,2.2234359698052886e-05
mnisda,0,1,0.0,2.2234359698052886e-05
platyceps,0,1,0.0,2.2234359698052886e-05
DommagePindaFromage,0,1,0.0,2.2234359698052886e-05
Freeze014,0,2,2.082921492419701e-05,2.2234359698052886e-05
Tragespeler,0,3,0.0,2.2234359698052886e-05
QueefSmuggler,0,1,0.0,2.2234359698052886e-05
Sennawillemss,0,1,0.0,2.2234359698052886e-05
mamunipsaq,0,1,0.0,2.2234359698052886e-05
Haasts_Eagle,0,2,0.00041842462216732306,2.2234359698052886e-05
dr_sassypants,0,1,0.0,2.2234359698052886e-05
_namaste_kitten_,0,1,0.0,2.2234359698052886e-05
Netsmile,0,1,0.0,2.2234359698052886e-05
niewinski,0,1,0.0,2.2234359698052886e-05
karmakimmie,0,1,0.0,2.2234359698052886e-05
TrixnTim,0,1,0.0,2.2234359698052886e-05
Necessary_Luck_1366,0,1,0.0,2.2234359698052886e-05
PestoBolloElemento,0,2,0.0006127965390916126,2.2234359698052886e-05
daonchik,0,3,0.0001857975683858066,2.2234359698052886e-05
AnnabellaPies,0,2,0.0010749481495316118,2.2234359698052886e-05
NuttyBuckeyes,0,1,0.0,2.2234359698052886e-05
newlostworld,0,1,0.0,2.2234359698052886e-05
2Asparagus1Chicken,0,2,0.00035842293906810036,2.2234359698052886e-05
Ponderouspersona,0,1,0.0,2.2234359698052886e-05
Comfortable-Iron-250,0,1,0.0,2.2234359698052886e-05
spiciestmeatball2,0,1,0.0,2.2234359698052886e-05
Coot_Bandi_Crash422,0,1,0.0,2.2234359698052886e-05
IndependentTotal9280,0,1,0.0,2.2234359698052886e-05
hitch42hiker,0,2,1.2254883524863282e-05,2.2234359698052886e-05
ttamarakb,0,1,0.0,2.2234359698052886e-05
WitnessEntire,0,4,0.0006720762601673903,2.2234359698052886e-05
InitialMango4742,0,1,0.0,2.2234359698052886e-05
AsianInfiltration,0,1,0.0,2.2234359698052886e-05
Turbulent-Piccolo429,0,1,0.0,2.2234359698052886e-05
genetierneys,0,2,0.00011947431302270011,2.2234359698052886e-05
CRAZY_BROCC0LI77,0,1,0.0,2.2234359698052886e-05
Educational_Maybe_45,0,1,0.0,2.2234359698052886e-05
Flaky_Law2357,0,1,0.0,2.2234359698052886e-05
nameless_corpse,0,1,0.0,2.2234359698052886e-05
Sad_Percentage_4503,0,1,0.0,2.2234359698052886e-05
dais4773,0,1,0.0,2.2234359698052886e-05
marymoonu,0,1,0.0,2.2234359698052886e-05
beerisallright,0,1,0.0,2.2234359698052886e-05
BonusRough9603,0,2,0.00011947431302270011,2.2234359698052886e-05
williamchase88,0,1,0.0,2.2234359698052886e-05
PresentCauliflower99,0,1,0.0,2.2234359698052886e-05
cad_mumma87,0,1,0.0,2.2234359698052886e-05
nafraf,0,1,0.0,2.2234359698052886e-05
JonSnow4525,0,1,0.0,2.2234359698052886e-05
belle_enfant,0,1,0.0,2.2234359698052886e-05
buckrogers2491,0,3,0.00039354355725624906,2.2234359698052886e-05
Katharinavhill,0,1,0.0,2.2234359698052886e-05
AccomplishedEnd373,0,1,0.0,2.2234359698052886e-05
Dirichlet-to-Neumann,0,1,0.0,2.2234359698052886e-05
Bored-Viking,0,1,0.0,2.2234359698052886e-05
EtVittigBrukernavn,0,2,9.248772501286018e-06,2.2234359698052886e-05
sdfghs,0,1,0.0,2.2234359698052886e-05
Ok_Start6378,0,1,0.0,2.2234359698052886e-05
Inner-Kiwi5041,0,1,0.0,2.2234359698052886e-05
wtfchuckomg,0,2,0.00033377573796288375,2.2234359698052886e-05
jomarthecat,0,1,0.0,2.2234359698052886e-05
CompoteImaginary4399,0,1,0.0,2.2234359698052886e-05
alwayscursingAoE4,0,1,0.0,2.2234359698052886e-05
BobBlawSLawDawg,0,1,0.0,2.2234359698052886e-05
RealRaifort,0,1,0.0,2.2234359698052886e-05
Allatura19,0,1,0.0,2.2234359698052886e-05
ADSquared,0,1,0.0,2.2234359698052886e-05
runninhillbilly,0,1,0.0,2.2234359698052886e-05
InternImpossible8685,0,1,0.0,2.2234359698052886e-05
MrGhostenstein,0,1,0.0,2.2234359698052886e-05
jimmi114,0,1,0.0,2.2234359698052886e-05
DoNotResusit8,0,1,0.0,2.2234359698052886e-05
Ski_Area51,0,1,0.0,2.2234359698052886e-05
Jonesyrules15,0,1,0.0,2.2234359698052886e-05
pkpy1005,0,1,0.0,2.2234359698052886e-05
HermioneSly,0,1,0.0,2.2234359698052886e-05
ratspeels,0,1,0.0,2.2234359698052886e-05
Mormegil71,0,3,0.001614594882429708,2.2234359698052886e-05
Bearspoole,0,1,0.0,2.2234359698052886e-05
Cute_Conclusion_8854,0,1,0.0,2.2234359698052886e-05
terrible1one3,0,1,0.0,2.2234359698052886e-05
FastEddieMoney,0,1,0.0,2.2234359698052886e-05
incompletesong,0,2,1.4000639258914607e-06,2.2234359698052886e-05
Choice-Pudding-1892,0,1,0.0,2.2234359698052886e-05
GalateaPygmalion,0,2,6.368724671810587e-05,2.2234359698052886e-05
Forward-Plankton-108,0,1,0.0,2.2234359698052886e-05
luisapet,0,1,0.0,2.2234359698052886e-05
sesve,0,1,0.0,2.2234359698052886e-05
twombles21,0,1,0.0,2.2234359698052886e-05
calboomer55,0,1,0.0,2.2234359698052886e-05
GoddamnRightJimSharp,0,1,0.0,2.2234359698052886e-05
Lucky_Dragonfruit_88,0,1,0.0,2.2234359698052886e-05
picklesatmidnight1,0,2,0.00011947431302270011,2.2234359698052886e-05
BigRus5ty,0,2,0.0,2.2234359698052886e-05
Charlie-Danger710,0,1,0.0,2.2234359698052886e-05
Holiday_Flatworm3840,0,2,0.0,2.2234359698052886e-05
Novel-Performer-4259,0,1,0.0,2.2234359698052886e-05
OkPair4241,0,2,0.0006865903108955971,2.2234359698052886e-05
Nervous-Description6,0,1,0.0,2.2234359698052886e-05
XenomorphAlarm,0,1,0.0,2.2234359698052886e-05
ZDOG60,0,1,0.0,2.2234359698052886e-05
SouthPerformer8949,0,1,0.0,2.2234359698052886e-05
the_myleg_fish,0,1,0.0,2.2234359698052886e-05
Fluid-Decision6262,0,1,0.0,2.2234359698052886e-05
Various_Amoeba3638,0,1,0.0,2.2234359698052886e-05
BlizzardSloth92,0,1,0.0,2.2234359698052886e-05
mister-noggin,0,1,0.0,2.2234359698052886e-05
CleansingBroccoli,0,1,0.0,2.2234359698052886e-05
EllaIsOn1Wheel,0,1,0.0,2.2234359698052886e-05
BurkeMi,0,1,0.0,2.2234359698052886e-05
walnutandrittenhouse,0,1,0.0,2.2234359698052886e-05
cmcgui02,0,1,0.0,2.2234359698052886e-05
mrooch,0,1,0.0,2.2234359698052886e-05
HEAT_IS_DIE,0,2,0.0008574534820877699,2.2234359698052886e-05
Special_Life_8261,0,1,0.0,2.2234359698052886e-05
Kioramen,0,1,0.0,2.2234359698052886e-05
howlincoyote2k1,0,1,0.0,2.2234359698052886e-05
WanderingDelinquent,0,1,0.0,2.2234359698052886e-05
James007Bond,0,1,0.0,2.2234359698052886e-05
xeia66,0,1,0.0,2.2234359698052886e-05
Okbutwhythat,0,1,0.0,2.2234359698052886e-05
Luke_Cold_Lyle,0,1,0.0,2.2234359698052886e-05
AR_Harlock,0,2,2.6237995760153194e-06,2.2234359698052886e-05
Occhigioiello,0,1,0.0,2.2234359698052886e-05
BuzzIsMe,0,1,0.0,2.2234359698052886e-05
nohiddenmeaning,0,1,0.0,2.2234359698052886e-05
Wafflinson,0,1,0.0,2.2234359698052886e-05
According_Pay_6563,0,1,0.0,2.2234359698052886e-05
mukduk1994,0,1,0.0,2.2234359698052886e-05
ButterbeerAndPizza,0,1,0.0,2.2234359698052886e-05
blkstr52,0,1,0.0,2.2234359698052886e-05
RyHoMagnifico,0,1,0.0,2.2234359698052886e-05
fanatic2022,0,1,0.0,2.2234359698052886e-05
DescriptionCareful56,0,1,0.0,2.2234359698052886e-05
fullyBOURQUED,0,1,0.0,2.2234359698052886e-05
ManWithBag15,0,1,0.0,2.2234359698052886e-05
weaselblinks,0,1,0.0,2.2234359698052886e-05
halfmoonnights,0,1,0.0,2.2234359698052886e-05
ElevenBeaver,0,1,0.0,2.2234359698052886e-05
Excellent_Sector_463,0,2,0.0004365665216557174,2.2234359698052886e-05
CosmicCC_36,0,1,0.0,2.2234359698052886e-05
Resident_Hunter_7565,0,1,0.0,2.2234359698052886e-05
pond-dropped,0,1,0.0,2.2234359698052886e-05
rocky_balbiotite,0,1,0.0,2.2234359698052886e-05
Knob_J,0,1,0.0,2.2234359698052886e-05
sistarfish,0,1,0.0,2.2234359698052886e-05
SpecialistShip2998,0,4,6.0745690485993586e-05,2.2234359698052886e-05
rocketmn69_,0,2,0.00010470862583553808,2.2234359698052886e-05
jasmith-tech,0,2,0.002238231780167264,2.2234359698052886e-05
Neutron199,0,1,0.0,2.2234359698052886e-05
ChuckKiddman,0,1,0.0,2.2234359698052886e-05
eutectic_h8r,0,1,0.0,2.2234359698052886e-05
caper1902,0,1,0.0,2.2234359698052886e-05
pineapple_2021,0,1,0.0,2.2234359698052886e-05
Leo_Art00,0,1,0.0,2.2234359698052886e-05
trainofthought700,0,2,0.0003410598366747285,2.2234359698052886e-05
Kjell_Hoglund,0,1,0.0,2.2234359698052886e-05
Stunning_Use_9960,0,2,0.0007314652368754641,2.2234359698052886e-05
itlow,0,1,0.0,2.2234359698052886e-05
chickcag,0,1,0.0,2.2234359698052886e-05
Mean-Mixture-428,0,2,5.498664766219805e-05,2.2234359698052886e-05
Coldhearted010,0,1,0.0,2.2234359698052886e-05
KimberStormer,0,1,0.0,2.2234359698052886e-05
migo-the-buttmunch,0,1,0.0,2.2234359698052886e-05
Longjumping_Crab_345,0,2,1.4728389183864933e-06,2.2234359698052886e-05
coolaroni123,0,2,5.758877074485991e-06,2.2234359698052886e-05
plus5podcast,0,1,0.0,2.2234359698052886e-05
npmartinauthor,0,1,0.0,2.2234359698052886e-05
Silver_Chickens,0,1,0.0,2.2234359698052886e-05
No-Orange-5879,0,1,0.0,2.2234359698052886e-05
iRacingTo300IR,0,1,0.0,2.2234359698052886e-05
AaronRodgersXoX42069,0,1,0.0,2.2234359698052886e-05
KorppiC,0,1,0.0,2.2234359698052886e-05
Symmetrik,0,1,0.0,2.2234359698052886e-05
Rampage-count,0,1,0.0,2.2234359698052886e-05
IndigoRuby,0,1,0.0,2.2234359698052886e-05
Puzzleheaded-Ad5552,0,1,0.0,2.2234359698052886e-05
Legitimate-Tart-2025,0,2,2.4058367574011096e-06,2.2234359698052886e-05
pre-raphaelitic_smut,0,3,0.0010865278300930428,2.2234359698052886e-05
Stlavsa,0,1,0.0,2.2234359698052886e-05
PossessionCapital983,0,1,0.0,2.2234359698052886e-05
According-Box-4959,0,1,0.0,2.2234359698052886e-05
lesterine77,0,1,0.0,2.2234359698052886e-05
Q-of-hearts89,0,4,0.0001314155635790656,2.2234359698052886e-05
thrak1,0,1,0.0,2.2234359698052886e-05
KlutzyAstronaut601,0,3,8.654335020462355e-05,2.2234359698052886e-05
danielo121,0,3,0.0002703661391994555,2.2234359698052886e-05
Vulpix_Rising,0,1,0.0,2.2234359698052886e-05
docsyzygy,0,1,0.0,2.2234359698052886e-05
TripleDouble19,0,1,0.0,2.2234359698052886e-05
Metsnterps,0,1,0.0,2.2234359698052886e-05
IronBird023,0,3,3.871475486194216e-05,2.2234359698052886e-05
4Taddie,0,1,0.0,2.2234359698052886e-05
AnOfferHeCantRefuse,0,1,0.0,2.2234359698052886e-05
Fresh_Extension_3605,0,1,0.0,2.2234359698052886e-05
nicebeanjuice,0,1,0.0,2.2234359698052886e-05
toochgirl,0,1,0.0,2.2234359698052886e-05
ElegantFootball8741,0,2,1.5967863566895854e-05,2.2234359698052886e-05
Gymfan15,0,5,0.00030490521694082144,2.2234359698052886e-05
_driverpicksthemusic,0,1,0.0,2.2234359698052886e-05
Any-Papaya678,0,1,0.0,2.2234359698052886e-05
Sorry_Truck9897,0,1,0.0,2.2234359698052886e-05
birdtummy717,0,2,6.048970825461272e-05,2.2234359698052886e-05
hahakafka,0,1,0.0,2.2234359698052886e-05
jacknicholscum,0,1,0.0,2.2234359698052886e-05
Rhomya,0,1,0.0,2.2234359698052886e-05
kovalev23,0,1,0.0,2.2234359698052886e-05
QuintonBendmeover,0,1,0.0,2.2234359698052886e-05
WankaBanka9,0,1,0.0,2.2234359698052886e-05
bongrips19,0,1,0.0,2.2234359698052886e-05
Wide-Pop6050,0,2,0.0,2.2234359698052886e-05
Bitca99,0,1,0.0,2.2234359698052886e-05
romremsyl,0,1,0.0,2.2234359698052886e-05
topazgirl170,0,2,0.0001152003322187575,2.2234359698052886e-05
pulchritudeProbity,0,2,2.613248098247902e-05,2.2234359698052886e-05
terra_degli_angeli1,0,1,0.0,2.2234359698052886e-05
MoogleyWoogley,0,1,0.0,2.2234359698052886e-05
Confident-Debate-914,0,1,0.0,2.2234359698052886e-05
Adam-Seattle,0,1,0.0,2.2234359698052886e-05
jshopc,0,1,0.0,2.2234359698052886e-05
YouShallNotPass92,0,3,0.0005597586637553049,2.2234359698052886e-05
LiveToTravel84119,0,1,0.0,2.2234359698052886e-05
The1_with_the_force,0,1,0.0,2.2234359698052886e-05
Wise-Creme6221,0,1,0.0,2.2234359698052886e-05
el-duckie,0,1,0.0,2.2234359698052886e-05
Tsagana_,0,1,0.0,2.2234359698052886e-05
docfeelgood12,0,1,0.0,2.2234359698052886e-05
lemonsugarhigh,0,1,0.0,2.2234359698052886e-05
peliss,0,1,0.0,2.2234359698052886e-05
NHLonOLN,0,1,0.0,2.2234359698052886e-05
RamouYesYes,0,1,0.0,2.2234359698052886e-05
killmagatsgousa,0,1,0.0,2.2234359698052886e-05
ErikDebogande,0,2,0.0,2.2234359698052886e-05
BasicTelephonic,0,2,0.0002583635409095166,2.2234359698052886e-05
Vegetable_Key_6576,0,1,0.0,2.2234359698052886e-05
Mundiane,0,1,0.0,2.2234359698052886e-05
Chris_RB,0,1,0.0,2.2234359698052886e-05
makkaraperunatjamuus,0,2,0.0,2.2234359698052886e-05
littlebev,0,1,0.0,2.2234359698052886e-05
Alone_Manager_9106,0,1,0.0,2.2234359698052886e-05
thatnurselifts,0,1,0.0,2.2234359698052886e-05
mrsdarkstar,0,1,0.0,2.2234359698052886e-05
dustinyo_,0,1,0.0,2.2234359698052886e-05
fendermonkey,0,1,0.0,2.2234359698052886e-05
NlghtmanCometh,0,1,0.0,2.2234359698052886e-05
VegasKL,0,2,0.0,2.2234359698052886e-05
average_waffle,0,1,0.0,2.2234359698052886e-05
thisonecassie,0,2,7.113934055257117e-05,2.2234359698052886e-05
Sure-Bar-375,0,1,0.0,2.2234359698052886e-05
cosmopoof,0,1,0.0,2.2234359698052886e-05
PA_MallowPrincess_98,0,2,0.0,2.2234359698052886e-05
Rhodithas,0,1,0.0,2.2234359698052886e-05
Rtrnofdmax,0,1,0.0,2.2234359698052886e-05
quidditchplayer1,0,1,0.0,2.2234359698052886e-05
Lopsided-Selection85,0,1,0.0,2.2234359698052886e-05
Justmmmoore,0,1,0.0,2.2234359698052886e-05
Jaric_Mondoran,0,1,0.0,2.2234359698052886e-05
ttue-,0,1,0.0,2.2234359698052886e-05
Pijaki,0,1,0.0,2.2234359698052886e-05
ValentineRita1994,0,1,0.0,2.2234359698052886e-05
jokes_on_you,0,1,0.0,2.2234359698052886e-05
No-Possible-8160,0,1,0.0,2.2234359698052886e-05
rongricker,0,1,0.0,2.2234359698052886e-05
Worried_North1870,0,1,0.0,2.2234359698052886e-05
just_anotherperson98,0,1,0.0,2.2234359698052886e-05
No_Cry_8905,0,2,4.74919921052929e-05,2.2234359698052886e-05
wagadugo,0,1,0.0,2.2234359698052886e-05
DeerOnTheRocks,0,1,0.0,2.2234359698052886e-05
constipated-rodent,0,1,0.0,2.2234359698052886e-05
wundernerd,0,1,0.0,2.2234359698052886e-05
Current-Actuator-864,0,1,0.0,2.2234359698052886e-05
nationalmoose-1921,0,1,0.0,2.2234359698052886e-05
GameDoesntStop,0,1,0.0,2.2234359698052886e-05
JuicyBroPumpJr,0,1,0.0,2.2234359698052886e-05
danjouswoodenhand,0,1,0.0,2.2234359698052886e-05
LearnedElite,0,1,0.0,2.2234359698052886e-05
Cosmic-burst,0,1,0.0,2.2234359698052886e-05
CovidBryant0824,0,1,0.0,2.2234359698052886e-05
Pink-Ninja1,0,1,0.0,2.2234359698052886e-05
Jonabros,0,1,0.0,2.2234359698052886e-05
HollaNaomi,0,1,0.0,2.2234359698052886e-05
Alicegradstudent1998,0,1,0.0,2.2234359698052886e-05
UnassumingInterloper,0,1,0.0,2.2234359698052886e-05
StigmataSatanas,0,1,0.0,2.2234359698052886e-05
Few-Demand7532,0,1,0.0,2.2234359698052886e-05
nothing_but_static,0,1,0.0,2.2234359698052886e-05
iamsplitter,0,1,0.0,2.2234359698052886e-05
Key_Employment4536,0,1,0.0,2.2234359698052886e-05
BookkeeperNo5523,0,1,0.0,2.2234359698052886e-05
samcurler,0,1,0.0,2.2234359698052886e-05
the3rdmichael,0,1,0.0,2.2234359698052886e-05
Chief-Rufio,0,1,0.0,2.2234359698052886e-05
Curious_Olive_5266,0,1,0.0,2.2234359698052886e-05
Prudent_Reading2539,0,1,0.0,2.2234359698052886e-05
katafrakt,0,1,0.0,2.2234359698052886e-05
QuirkyTurtle999,0,1,0.0,2.2234359698052886e-05
violetsanddatedmemes,0,1,0.0,2.2234359698052886e-05
Firm_Raccoon_1727,0,1,0.0,2.2234359698052886e-05
AdDry7306,0,1,0.0,2.2234359698052886e-05
EffectiveCycle,0,1,0.0,2.2234359698052886e-05
InsideMembership4015,0,1,0.0,2.2234359698052886e-05
beansmouse,0,1,0.0,2.2234359698052886e-05
altarwisebyowllight,0,1,0.0,2.2234359698052886e-05
ShakespearesHovercar,0,1,0.0,2.2234359698052886e-05
randomusername59159,0,1,0.0,2.2234359698052886e-05
Mingo_laf,0,1,0.0,2.2234359698052886e-05
NiklasChronwall,0,1,0.0,2.2234359698052886e-05
NameIsPetey,0,1,0.0,2.2234359698052886e-05
vampirepotter,0,1,0.0,2.2234359698052886e-05
Foxenfre,0,1,0.0,2.2234359698052886e-05
goodsprigatito,0,1,0.0,2.2234359698052886e-05
raywalker212,0,2,5.1678383032709e-05,2.2234359698052886e-05
Doppleflooner,0,2,7.521796029960096e-05,2.2234359698052886e-05
ASpurkofgenius,0,2,0.00010514499688782955,2.2234359698052886e-05
EffectiveSubject6,0,1,0.0,2.2234359698052886e-05
Waste-Translator936,0,1,0.0,2.2234359698052886e-05
cbmuir,0,1,0.0,2.2234359698052886e-05
smalltittyfakeginger,0,2,0.0002243071834677395,2.2234359698052886e-05
KaeIsUrGirl_,0,1,0.0,2.2234359698052886e-05
scattermoose,0,1,0.0,2.2234359698052886e-05
NoobMusker69,0,1,0.0,2.2234359698052886e-05
Mister-Psychology,0,3,0.000532367498594509,2.2234359698052886e-05
nicoladc_89,0,1,0.0,2.2234359698052886e-05
Low-Jicama-5419,0,1,0.0,2.2234359698052886e-05
Zoidburger_,0,1,0.0,2.2234359698052886e-05
danvancheef,0,1,0.0,2.2234359698052886e-05
FENICH,0,1,0.0,2.2234359698052886e-05
AdditionalSwimming1,0,1,0.0,2.2234359698052886e-05
jessipowers,0,1,0.0,2.2234359698052886e-05
treasurebum,0,1,0.0,2.2234359698052886e-05
sarahc13289,0,1,0.0,2.2234359698052886e-05
trevpr1,0,1,0.0,2.2234359698052886e-05
beartoast,0,1,0.0,2.2234359698052886e-05
roge0934,0,1,0.0,2.2234359698052886e-05
TartOk7622,0,2,0.0,2.2234359698052886e-05
you-absolute-foolish,0,1,0.0,2.2234359698052886e-05
ihatepickingnames810,0,2,0.0011228366377450032,2.2234359698052886e-05
Romax24245,0,1,0.0,2.2234359698052886e-05
FlareEK,0,1,0.0,2.2234359698052886e-05
TheGreatDudebino,0,1,0.0,2.2234359698052886e-05
Haluxe,0,1,0.0,2.2234359698052886e-05
agk927,0,1,0.0,2.2234359698052886e-05
UnderstandingNo3426,0,1,0.0,2.2234359698052886e-05
timpoakd,0,1,0.0,2.2234359698052886e-05
Radjage,0,1,0.0,2.2234359698052886e-05
EssOpie,0,1,0.0,2.2234359698052886e-05
TheAtariJunkie,0,1,0.0,2.2234359698052886e-05
AnytimeInvitation,0,1,0.0,2.2234359698052886e-05
stacity,0,1,0.0,2.2234359698052886e-05
HistoryHasEyesOnYou,0,1,0.0,2.2234359698052886e-05
MickTravis1,0,1,0.0,2.2234359698052886e-05
AssociateAwesome9,0,1,0.0,2.2234359698052886e-05
Beatana,0,1,0.0,2.2234359698052886e-05
Xagzan,0,1,0.0,2.2234359698052886e-05
VenusPom,0,2,5.741033959848037e-05,2.2234359698052886e-05
JediPanda227,0,1,0.0,2.2234359698052886e-05
Cool-Lake0810,0,2,3.4641653596612355e-05,2.2234359698052886e-05
gingerrb7,0,1,0.0,2.2234359698052886e-05
jellynailz,0,1,0.0,2.2234359698052886e-05
iyesshirai,0,1,0.0,2.2234359698052886e-05
Funny-face-1613,0,1,0.0,2.2234359698052886e-05
Critical-Ordinary-97,0,1,0.0,2.2234359698052886e-05
SidewaysButtCheeks,0,1,0.0,2.2234359698052886e-05
Churlishbeast,0,1,0.0,2.2234359698052886e-05
ChestnutMareGrazing,0,1,0.0,2.2234359698052886e-05
Fullthrottle-,0,1,0.0,2.2234359698052886e-05
nomanoid_is_ALIVE,0,1,0.0,2.2234359698052886e-05
AmadeusExLibris,0,1,0.0,2.2234359698052886e-05
Vast-Thing7516,0,1,0.0,2.2234359698052886e-05
Complex_Musician_453,0,1,0.0,2.2234359698052886e-05
Requiem_13,0,3,6.01802842275003e-05,2.2234359698052886e-05
NeighborhoodOne7987,0,1,0.0,2.2234359698052886e-05
Outrageous_Face_2543,0,1,0.0,2.2234359698052886e-05
cc780,0,2,4.737396398916719e-05,2.2234359698052886e-05
Hot-Tomato4908,0,1,0.0,2.2234359698052886e-05
Burnthemeatbags,0,1,0.0,2.2234359698052886e-05
the716to714,0,1,0.0,2.2234359698052886e-05
snackpackjones,0,1,0.0,2.2234359698052886e-05
jchaser27,0,1,0.0,2.2234359698052886e-05
mtpgoat,0,1,0.0,2.2234359698052886e-05
onenightsection,0,1,0.0,2.2234359698052886e-05
Perseus1315,0,1,0.0,2.2234359698052886e-05
ephemeral_radiance,0,1,0.0,2.2234359698052886e-05
hitherexxxxx,0,1,0.0,2.2234359698052886e-05
sunnyp624,0,1,0.0,2.2234359698052886e-05
Personal_Writer8993,0,1,0.0,2.2234359698052886e-05
Vermland,0,2,5.781500576306937e-05,2.2234359698052886e-05
mulokisch,0,1,0.0,2.2234359698052886e-05
pandaatadesk,0,1,0.0,2.2234359698052886e-05
Imaginary-Sea573,0,2,0.0,2.2234359698052886e-05
WoWisLife713,0,2,0.0,2.2234359698052886e-05
Fresh_Ostrich4034,0,2,0.0,2.2234359698052886e-05
ImTheVayne,0,1,0.0,2.2234359698052886e-05
Immediate_Buffalo14,0,1,0.0,2.2234359698052886e-05
BashfulWalrus7,0,1,0.0,2.2234359698052886e-05
mpaw976,0,1,0.0,2.2234359698052886e-05
UrsaMajor7th,0,1,0.0,2.2234359698052886e-05
Ancient-Fuel-7861,0,1,0.0,2.2234359698052886e-05
Crime-raider-poopy42,0,1,0.0,2.2234359698052886e-05
ForeignBazaar,0,1,0.0,2.2234359698052886e-05
Cool-Kangaroo-8343,0,1,0.0,2.2234359698052886e-05
Lalakeahen,0,1,0.0,2.2234359698052886e-05
nephethys_telvanni,0,1,0.0,2.2234359698052886e-05
TheRabb1ts,0,1,0.0,2.2234359698052886e-05
Parttime-Princess,0,1,0.0,2.2234359698052886e-05
GodTierGasly,0,2,3.322101913755973e-05,2.2234359698052886e-05
OriginalNo2873,0,1,0.0,2.2234359698052886e-05
sc0998,0,1,0.0,2.2234359698052886e-05
Oceabys,0,1,0.0,2.2234359698052886e-05
Dmckilla7,0,1,0.0,2.2234359698052886e-05
lolijk,0,1,0.0,2.2234359698052886e-05
paranoyed,0,1,0.0,2.2234359698052886e-05
Ehgadsman,0,1,0.0,2.2234359698052886e-05
tulpachtig,0,1,0.0,2.2234359698052886e-05
DST-NYR_LL2,0,1,0.0,2.2234359698052886e-05
No_Storage5184,0,1,0.0,2.2234359698052886e-05
Suspicious-Contact96,0,1,0.0,2.2234359698052886e-05
djdonj,0,1,0.0,2.2234359698052886e-05
metric-puppy,0,2,0.0,2.2234359698052886e-05
bluejaysmandy,0,1,0.0,2.2234359698052886e-05
ritesofzhou1,0,2,1.0807686694697602e-05,2.2234359698052886e-05
DegreeIllustrious174,0,1,0.0,2.2234359698052886e-05
relayrelayrelay,0,1,0.0,2.2234359698052886e-05
Zealousideal-Fox3893,0,1,0.0,2.2234359698052886e-05
Suspicious_Major_571,0,2,0.000250383884139082,2.2234359698052886e-05
hockey-ModTeam,0,6,0.0019478309194974855,2.2234359698052886e-05
dronten_edvard,0,2,5.038846817675119e-05,2.2234359698052886e-05
kilroy_wh,0,1,0.0,2.2234359698052886e-05
SuzukiSwift17,0,4,0.0011474601857697226,2.2234359698052886e-05
DelugeQc,0,1,0.0,2.2234359698052886e-05
homicidal_penguin,0,1,0.0,2.2234359698052886e-05
DrDrozd12,0,1,0.0,2.2234359698052886e-05
aNanoMouseUser,0,1,0.0,2.2234359698052886e-05
PicklesMcGraw,0,1,0.0,2.2234359698052886e-05
Teusaurus,0,1,0.0,2.2234359698052886e-05
Barcade,0,1,0.0,2.2234359698052886e-05
Whyevenaskyou,0,3,0.0,2.2234359698052886e-05
Komatoasty,0,3,7.928054925977693e-05,2.2234359698052886e-05
ContentWerewolf810,0,1,0.0,2.2234359698052886e-05
Distinct_Cod2692,0,1,0.0,2.2234359698052886e-05
JimJam4603,0,1,0.0,2.2234359698052886e-05
Objective_Brain_3556,0,1,0.0,2.2234359698052886e-05
Xedrios,0,1,0.0,2.2234359698052886e-05
bigredawg,0,1,0.0,2.2234359698052886e-05
ckbc_18,0,1,0.0,2.2234359698052886e-05
Rough-Drawing-3006,0,1,0.0,2.2234359698052886e-05
Granadafan,0,2,1.896303910188669e-05,2.2234359698052886e-05
olympics-ModTeam,0,29,0.035011641942877224,2.2234359698052886e-05
RemindMeBot,0,1,0.0,2.2234359698052886e-05
XylemRhyme,0,1,0.0,2.2234359698052886e-05
harrisarah,0,1,0.0,2.2234359698052886e-05
AndreDaGiant,0,1,0.0,2.2234359698052886e-05
terran_immortal,0,1,0.0,2.2234359698052886e-05
yryp_,0,1,0.0,2.2234359698052886e-05
Thetof91,0,1,0.0,2.2234359698052886e-05
athicketofmusings,0,4,5.650172115747448e-05,2.2234359698052886e-05
moonfairy44,0,1,0.0,2.2234359698052886e-05
kaesura,0,1,0.0,2.2234359698052886e-05
RoadHazard,0,1,0.0,2.2234359698052886e-05
Peak_Alternative,0,1,0.0,2.2234359698052886e-05
cranraspberry96,0,1,0.0,2.2234359698052886e-05
printerpaperwaste,0,1,0.0,2.2234359698052886e-05
M002,0,1,0.0,2.2234359698052886e-05
RustyKarma076,0,1,0.0,2.2234359698052886e-05
Sharp-Negotiation117,0,1,0.0,2.2234359698052886e-05
ManhattanChristmas25,0,1,0.0,2.2234359698052886e-05
supadonut,0,4,0.0,2.2234359698052886e-05
dexter311,0,1,0.0,2.2234359698052886e-05
Hassadar,0,1,0.0,2.2234359698052886e-05
Random-Redditor111,0,1,0.0,2.2234359698052886e-05
asml84,0,1,0.0,2.2234359698052886e-05
Strict-Leopard7589,0,1,0.0,2.2234359698052886e-05
OnePostToast,0,1,0.0,2.2234359698052886e-05
felicityrorys,0,2,0.0,2.2234359698052886e-05
U-Gotta-Stop-Crying,0,1,0.0,2.2234359698052886e-05
Obladamelanura,0,1,0.0,2.2234359698052886e-05
Intelligent_Fish_541,0,1,0.0,2.2234359698052886e-05
Icy_Scar_1249,0,2,3.92340139559604e-05,2.2234359698052886e-05
Gubi23,0,1,0.0,2.2234359698052886e-05
vyls67,0,1,0.0,2.2234359698052886e-05
HelpILostMyButthole,0,1,0.0,2.2234359698052886e-05
lizlemon222,0,1,0.0,2.2234359698052886e-05
LTPRWSG420,0,1,0.0,2.2234359698052886e-05
DRC_Michaels,0,1,0.0,2.2234359698052886e-05
sandrakarr,0,1,0.0,2.2234359698052886e-05
Better_Ad_8919,0,1,0.0,2.2234359698052886e-05
CataclysmClive,0,2,0.0,2.2234359698052886e-05
josssssh,0,1,0.0,2.2234359698052886e-05
Alternative_Cow_5283,0,1,0.0,2.2234359698052886e-05
clecolleeen,0,1,0.0,2.2234359698052886e-05
VirginiaUSA1964,0,1,0.0,2.2234359698052886e-05
peeweeharmani,0,2,0.0002344421800411991,2.2234359698052886e-05
JunketUnhappy7466,0,1,0.0,2.2234359698052886e-05
MtnMoose307,0,1,0.0,2.2234359698052886e-05
REC_updated,0,1,0.0,2.2234359698052886e-05
TheOrganicMachine,0,1,0.0,2.2234359698052886e-05
Oily_Bee,0,1,0.0,2.2234359698052886e-05
Revolutionary-Net957,0,1,0.0,2.2234359698052886e-05
JuhaPekkaKarri,0,1,0.0,2.2234359698052886e-05
Repulsive-Giraffe-45,0,1,0.0,2.2234359698052886e-05
3BordersPeak,0,1,0.0,2.2234359698052886e-05
Zaptryx,0,1,0.0,2.2234359698052886e-05
EshinX,0,1,0.0,2.2234359698052886e-05
hockeydiscussionbot,0,8,0.003517028373182152,2.2234359698052886e-05
xlf77,0,1,0.0,2.2234359698052886e-05
JohnCoutu,0,1,0.0,2.2234359698052886e-05
jimmy_three_shoes,0,1,0.0,2.2234359698052886e-05
Bilboswaggings19,0,1,0.0,2.2234359698052886e-05
Junelli,0,2,7.535687788152156e-05,2.2234359698052886e-05
UCanDoNEthing4_30sec,0,1,0.0,2.2234359698052886e-05
mjacksongt,0,1,0.0,2.2234359698052886e-05
Blockhead47,0,1,0.0,2.2234359698052886e-05
Slaidback,0,1,0.0,2.2234359698052886e-05
mrcheese14,0,1,0.0,2.2234359698052886e-05
Admirable-Usual1387,0,1,0.0,2.2234359698052886e-05
Plastic_Scholar4463,0,1,0.0,2.2234359698052886e-05
SunReyBurn,0,1,0.0,2.2234359698052886e-05
Positron-collider,0,1,0.0,2.2234359698052886e-05
District-Imaginary,0,1,0.0,2.2234359698052886e-05
UsedToHaveThisName,0,1,0.0,2.2234359698052886e-05
wildrage,0,1,0.0,2.2234359698052886e-05
Any_Ant_23,0,1,0.0,2.2234359698052886e-05
Old_Ant7118,0,1,0.0,2.2234359698052886e-05
tarrach,0,1,0.0,2.2234359698052886e-05
OrangeRigby,0,1,0.0,2.2234359698052886e-05
Simple-Narwhal6035,0,1,0.0,2.2234359698052886e-05
Khue,0,1,0.0,2.2234359698052886e-05
AmeriCanada98,0,1,0.0,2.2234359698052886e-05
Worth-Vegetable2578,0,1,0.0,2.2234359698052886e-05
FungusMungus68,0,1,0.0,2.2234359698052886e-05
BricksNIvy91,0,1,0.0,2.2234359698052886e-05
take101,0,1,0.0,2.2234359698052886e-05
_SCHULTZY_,0,2,0.00020249448729915304,2.2234359698052886e-05
funkydinos,0,1,0.0,2.2234359698052886e-05
ZBack3,0,1,0.0,2.2234359698052886e-05
FigureSkating-ModTeam,0,26,0.006293517944525416,2.2234359698052886e-05
kickingtyres,0,1,0.0,2.2234359698052886e-05
IcyJob7383,0,1,0.0,2.2234359698052886e-05
SandyCactusBalls,0,1,0.0,2.2234359698052886e-05
UtahBrian,0,1,0.0,2.2234359698052886e-05
ResIpsaLoquitur2422,0,1,0.0,2.2234359698052886e-05
SpottyFish81177,0,1,0.0,2.2234359698052886e-05
HighPriestofShiloh,0,1,0.0,2.2234359698052886e-05
Misteruilleann,0,1,0.0,2.2234359698052886e-05
NorthDakotaExists,0,1,0.0,2.2234359698052886e-05
FreedomSlice,0,1,0.0,2.2234359698052886e-05
LehisChoi1,0,1,0.0,2.2234359698052886e-05
dippis98,0,1,0.0,2.2234359698052886e-05
pismobob,0,1,0.0,2.2234359698052886e-05
uhuhhesaid,0,1,0.0,2.2234359698052886e-05
ayayeron,0,1,0.0,2.2234359698052886e-05
CMMVS09,0,1,0.0,2.2234359698052886e-05
firebolt816,0,1,0.0,2.2234359698052886e-05
fluffypuppycorn,0,1,0.0,2.2234359698052886e-05
AznPerson33,0,1,0.0,2.2234359698052886e-05
fitzgoldy,0,1,0.0,2.2234359698052886e-05
Elizaboni,0,1,0.0,2.2234359698052886e-05
ALRTMP,0,1,0.0,2.2234359698052886e-05
east_cam,0,1,0.0,2.2234359698052886e-05
Luky253,0,1,0.0,2.2234359698052886e-05
lunch22,0,1,0.0,2.2234359698052886e-05
sovietdoginspace,0,1,0.0,2.2234359698052886e-05
sunnylane28,0,1,0.0,2.2234359698052886e-05
Specific_Anywhere120,0,1,0.0,2.2234359698052886e-05
rachreims,0,1,0.0,2.2234359698052886e-05
koplowpieuwu,0,1,0.0,2.2234359698052886e-05
Gandalf_from_3,0,1,0.0,2.2234359698052886e-05
DarKnightofCydonia,0,1,0.0,2.2234359698052886e-05
mvfrostsmypie,0,1,0.0,2.2234359698052886e-05
whitetooth86,0,3,0.0,2.2234359698052886e-05
apeiron12,0,1,0.0,2.2234359698052886e-05
Abject-Jellyfish9382,0,1,0.0,2.2234359698052886e-05
soundboythriller,0,2,0.0,2.2234359698052886e-05
CapitalIndividual270,0,1,0.0,2.2234359698052886e-05
ConsistentlyCanadian,0,1,0.0,2.2234359698052886e-05
simpingforalica,0,3,3.413403029931245e-05,2.2234359698052886e-05
ConclusionAsleep8685,0,1,0.0,2.2234359698052886e-05
YetAnotherInterneter,0,1,0.0,2.2234359698052886e-05
QuickUp14,0,2,0.0006094244707821228,2.2234359698052886e-05
ConvictedOgilthorpe,0,1,0.0,2.2234359698052886e-05
HeftyBox3580,0,1,0.0,2.2234359698052886e-05
Valuable_Possible516,0,2,0.00011947431302270011,2.2234359698052886e-05
Grande_Italiano,0,1,0.0,2.2234359698052886e-05
Glasterz,0,2,0.0004184658174213566,2.2234359698052886e-05
SomewherePresent8204,0,2,0.002119235364396655,2.2234359698052886e-05
Stupendous_man12,0,1,0.0,2.2234359698052886e-05
bduddy,0,1,0.0,2.2234359698052886e-05
Portdal12,0,1,0.0,2.2234359698052886e-05
h-ugo,0,2,0.0,2.2234359698052886e-05
Ebright_Azimuth,0,1,0.0,2.2234359698052886e-05
Negative_Cattle_5025,0,1,0.0,2.2234359698052886e-05
redshopekevin,0,1,0.0,2.2234359698052886e-05
madieu,0,2,0.0,2.2234359698052886e-05
HazardCinema,0,1,0.0,2.2234359698052886e-05
Maximum_Airport_8604,0,1,0.0,2.2234359698052886e-05
hockeynoticehockey,0,1,0.0,2.2234359698052886e-05
TweakersSansFrontier,0,2,0.0,2.2234359698052886e-05
Fancy_Particular7521,0,1,0.0,2.2234359698052886e-05
elisamaldy,0,2,0.0005290637531857185,2.2234359698052886e-05
CrispyVibes,0,1,0.0,2.2234359698052886e-05
JMoon33,0,1,0.0,2.2234359698052886e-05
hi_megoldfish,0,2,6.673426667018513e-07,2.2234359698052886e-05
Midnight_java,0,1,0.0,2.2234359698052886e-05
htt1258,0,1,0.0,2.2234359698052886e-05
Ninuna,0,1,0.0,2.2234359698052886e-05
drfrink85,0,1,0.0,2.2234359698052886e-05
FarSheepherder1874,0,1,0.0,2.2234359698052886e-05
notladyinred,0,1,0.0,2.2234359698052886e-05
Top-Particular-3450,0,1,0.0,2.2234359698052886e-05
UnhappyPrincessa,0,1,0.0,2.2234359698052886e-05
Spaceman-006,0,2,0.0,2.2234359698052886e-05
TPain518,0,1,0.0,2.2234359698052886e-05
afternever,0,1,0.0,2.2234359698052886e-05
WhyNot_Because,0,1,0.0,2.2234359698052886e-05
EatGogi,0,1,0.0,2.2234359698052886e-05
Organic_Stranger1544,0,1,0.0,2.2234359698052886e-05
StiffWiggly,0,1,0.0,2.2234359698052886e-05
Resident_Loan_5838,0,1,0.0,2.2234359698052886e-05
Zealousideal-Film517,0,1,0.0,2.2234359698052886e-05
master_chife,0,1,0.0,2.2234359698052886e-05
Bemith,0,1,0.0,2.2234359698052886e-05
Amara-B,0,3,0.0,2.2234359698052886e-05
wildtex-,0,1,0.0,2.2234359698052886e-05
Zed456,0,1,0.0,2.2234359698052886e-05
Fs-Fan-800,0,1,0.0,2.2234359698052886e-05
garlicmayochilli,0,3,7.864003728160693e-05,2.2234359698052886e-05
apetersen1,0,1,0.0,2.2234359698052886e-05
opoisson,0,1,0.0,2.2234359698052886e-05
carpetedbathtubs,0,1,0.0,2.2234359698052886e-05
Pistolpete_onthebeat,0,1,0.0,2.2234359698052886e-05
frickfrack1,0,1,0.0,2.2234359698052886e-05
Correct-Stock-6887,0,1,0.0,2.2234359698052886e-05
LouQuacious,0,1,0.0,2.2234359698052886e-05
Haunting-Yak-7851,0,1,0.0,2.2234359698052886e-05
lalalandestellla,0,1,0.0,2.2234359698052886e-05
Old_Specialist8253,0,6,0.0014882126702437137,2.2234359698052886e-05
alexarbusto,0,4,1.5140674088780678e-06,2.2234359698052886e-05
Brilliant-Worker-454,0,1,0.0,2.2234359698052886e-05
Apprehensive-Cat-163,0,1,0.0,2.2234359698052886e-05
chelseakaye8,0,1,0.0,2.2234359698052886e-05
No-Object2133,0,1,0.0,2.2234359698052886e-05
Rust2,0,1,0.0,2.2234359698052886e-05
Frequent_Anteater_16,0,1,0.0,2.2234359698052886e-05
Actual_Spirit7236,0,1,0.0,2.2234359698052886e-05
salamiolivesonions,0,1,0.0,2.2234359698052886e-05
debotehzombie,0,1,0.0,2.2234359698052886e-05
thebigsad72,0,1,0.0,2.2234359698052886e-05
Krisjanis8,0,2,6.332138590203106e-07,2.2234359698052886e-05
daft_punked,0,1,0.0,2.2234359698052886e-05
TharixGaming,0,2,3.1263926562681156e-05,2.2234359698052886e-05
SwingingtotheBeat,0,1,0.0,2.2234359698052886e-05
GuyNoirPI,0,1,0.0,2.2234359698052886e-05
FireFangJ36,0,1,0.0,2.2234359698052886e-05
thegmohodste01,0,1,0.0,2.2234359698052886e-05
Pretend_Tower_2516,0,1,0.0,2.2234359698052886e-05
Just_tryna_get_going,0,1,0.0,2.2234359698052886e-05
Plus_Inspection1431,0,2,0.0,2.2234359698052886e-05
fresh_daisies,0,1,0.0,2.2234359698052886e-05
BlazedGigaB,0,1,0.0,2.2234359698052886e-05
flannelish,0,1,0.0,2.2234359698052886e-05
TheLizzerNB,0,1,0.0,2.2234359698052886e-05
buxtonOJ,0,1,0.0,2.2234359698052886e-05
ilovestoride,0,2,0.0008973127638813358,2.2234359698052886e-05
lamedumbbutt,0,1,0.0,2.2234359698052886e-05
natefrogg1,0,3,0.0024763928597973882,2.2234359698052886e-05
moseisley99,0,1,0.0,2.2234359698052886e-05
Disastrous_Ad_5926,0,1,0.0,2.2234359698052886e-05
Silver_gobo,0,1,0.0,2.2234359698052886e-05
Tall-Branch-2321,0,1,0.0,2.2234359698052886e-05
_kapeesh_,0,1,0.0,2.2234359698052886e-05
gdmaria,0,1,0.0,2.2234359698052886e-05
yourmom248,0,1,0.0,2.2234359698052886e-05
Agreeable_Hold341,0,1,0.0,2.2234359698052886e-05
Visible-Influence856,0,2,0.0,2.2234359698052886e-05
Whimsically-Messy,0,1,0.0,2.2234359698052886e-05
doyouevenIift,0,1,0.0,2.2234359698052886e-05
socialcommentary2024,0,1,0.0,2.2234359698052886e-05
Much_Lingonberry_37,0,1,0.0,2.2234359698052886e-05
QiwiLisolet,0,1,0.0,2.2234359698052886e-05
ArguablyMe,0,1,0.0,2.2234359698052886e-05
Jenetyk,0,1,0.0,2.2234359698052886e-05
Plane_Election_1598,0,1,0.0,2.2234359698052886e-05
OttawaOsprey,0,1,0.0,2.2234359698052886e-05
sanedragon,0,1,0.0,2.2234359698052886e-05
Real_Impact726,0,1,0.0,2.2234359698052886e-05
Cinderhazed15,0,1,0.0,2.2234359698052886e-05
frosticus0321,0,1,0.0,2.2234359698052886e-05
techieman33,0,1,0.0,2.2234359698052886e-05
TheTruth_Hurts_Idiot,0,1,0.0,2.2234359698052886e-05
Phirane,0,1,0.0,2.2234359698052886e-05
fianto_duri,0,1,0.0,2.2234359698052886e-05
Oomlotte99,0,2,0.0003144220742400364,2.2234359698052886e-05
tottie_fay,0,1,0.0,2.2234359698052886e-05
pundromeda,0,1,0.0,2.2234359698052886e-05
Cute_Reality_3759,0,1,0.0,2.2234359698052886e-05
Sambarksdimples,0,1,0.0,2.2234359698052886e-05
HousingBackground819,0,1,0.0,2.2234359698052886e-05
DiminutiveLizard87,0,1,0.0,2.2234359698052886e-05
PlantNerd_Southpaw,0,1,0.0,2.2234359698052886e-05
Astaer_,0,1,0.0,2.2234359698052886e-05
Impressive_Secret907,0,1,0.0,2.2234359698052886e-05
SunInevitable2179,0,1,0.0,2.2234359698052886e-05
DjangoPony84,0,1,0.0,2.2234359698052886e-05
StarfallGalaxy,0,2,1.302017210053024e-05,2.2234359698052886e-05
Feisty-Life-6555,0,1,0.0,2.2234359698052886e-05
SigmaKnight,0,2,0.00033984099709367434,2.2234359698052886e-05
Friendly-Advice-2968,0,1,0.0,2.2234359698052886e-05
Admirable-Listen5180,0,1,0.0,2.2234359698052886e-05
SupaButt,0,1,0.0,2.2234359698052886e-05
Available_Weird8039,0,1,0.0,2.2234359698052886e-05
grensley,0,2,0.0,2.2234359698052886e-05
Gr4fitti,0,2,6.88404370405218e-06,2.2234359698052886e-05
lazyness92,0,1,0.0,2.2234359698052886e-05
thelastskier,0,1,0.0,2.2234359698052886e-05
Hominek,0,1,0.0,2.2234359698052886e-05
Ingelinn,0,3,0.00014665161499358135,2.2234359698052886e-05
Cl0wnL,0,2,2.8428381747766373e-05,2.2234359698052886e-05
OkBodybuilder418,0,1,0.0,2.2234359698052886e-05
FoneAccount,0,1,0.0,2.2234359698052886e-05
DataDude00,0,1,0.0,2.2234359698052886e-05
Jimbo_Imperador,0,1,0.0,2.2234359698052886e-05
eclipze_95,0,1,0.0,2.2234359698052886e-05
Delilah_Moon,0,1,0.0,2.2234359698052886e-05
Ipsumesse1,0,1,0.0,2.2234359698052886e-05
kolachekingoftexas,0,1,0.0,2.2234359698052886e-05
PropheticToad,0,1,0.0,2.2234359698052886e-05
PhilosoFishy2477,0,1,0.0,2.2234359698052886e-05
kcreature,0,1,0.0,2.2234359698052886e-05
thewolf9,0,1,0.0,2.2234359698052886e-05
Poughy,0,3,0.0005150228664180101,2.2234359698052886e-05
JellyPast1522,0,1,0.0,2.2234359698052886e-05
mister_hoot,0,1,0.0,2.2234359698052886e-05
47rohin,0,1,0.0,2.2234359698052886e-05
Academic-Chip5383,0,1,0.0,2.2234359698052886e-05
LSanborn2,0,1,0.0,2.2234359698052886e-05
ButtCavity,0,1,0.0,2.2234359698052886e-05
sagew0lf,0,1,0.0,2.2234359698052886e-05
MnstrPoppa,0,1,0.0,2.2234359698052886e-05
Ok_Fisherman9651,0,1,0.0,2.2234359698052886e-05
Groundbreaking-Pie95,0,1,0.0,2.2234359698052886e-05
ChavaAyanna,0,3,7.647490318626464e-05,2.2234359698052886e-05
gerstmoon,0,1,0.0,2.2234359698052886e-05
Ok_Alternative2885,0,1,0.0,2.2234359698052886e-05
sourcherry92,0,2,0.0,2.2234359698052886e-05
Affectionate-Item603,0,1,0.0,2.2234359698052886e-05
qathran,0,1,0.0,2.2234359698052886e-05
trescuerpos23,0,1,0.0,2.2234359698052886e-05
Balc0ra,0,2,1.0911234484766715e-05,2.2234359698052886e-05
SnooHabits6008,0,1,0.0,2.2234359698052886e-05
HarryBalsagna1776,0,1,0.0,2.2234359698052886e-05
billybob476,0,1,0.0,2.2234359698052886e-05
Capable_Swordfish701,0,1,0.0,2.2234359698052886e-05
BeatlesF1,0,1,0.0,2.2234359698052886e-05
panderingPenguin,0,2,0.0,2.2234359698052886e-05
Chief_Sabael,0,1,0.0,2.2234359698052886e-05
StillVeterinarian578,0,1,0.0,2.2234359698052886e-05
Vivid-Trifle1522,0,1,0.0,2.2234359698052886e-05
Both-Shallot-4803,0,1,0.0,2.2234359698052886e-05
Special_North1535,0,1,0.0,2.2234359698052886e-05
Objective-Method1382,0,1,0.0,2.2234359698052886e-05
Signal_Sweet5962,0,1,0.0,2.2234359698052886e-05
tropic_gnome_hunter,0,1,0.0,2.2234359698052886e-05
luckyseatMR,0,2,0.0,2.2234359698052886e-05
Sweetcarolinelove,0,1,0.0,2.2234359698052886e-05
Brankoone,0,1,0.0,2.2234359698052886e-05
Vision9074,0,1,0.0,2.2234359698052886e-05
External_Koala971,0,1,0.0,2.2234359698052886e-05
Why_you_so_wrong_,0,1,0.0,2.2234359698052886e-05
Delicious_Stand_6620,0,1,0.0,2.2234359698052886e-05
DinosaurDied,0,2,0.0014107871862682995,2.2234359698052886e-05
Medical_Importance69,0,1,0.0,2.2234359698052886e-05
Hefty_Store1382,0,1,0.0,2.2234359698052886e-05
workthrowawaybro,0,1,0.0,2.2234359698052886e-05
rwags2024,0,1,0.0,2.2234359698052886e-05
shrederick,0,1,0.0,2.2234359698052886e-05
Comfortable_Two6943,0,1,0.0,2.2234359698052886e-05
Cheeks_Klapanen,0,1,0.0,2.2234359698052886e-05
TasteAutomatic4870,0,1,0.0,2.2234359698052886e-05
NtBtFan,0,3,0.0014084832969250992,2.2234359698052886e-05
emwashe,0,1,0.0,2.2234359698052886e-05
True-Source-6512,0,1,0.0,2.2234359698052886e-05
ML00k3r,0,1,0.0,2.2234359698052886e-05
NandomRameGeneratorr,0,1,0.0,2.2234359698052886e-05
Mountain_Schedule_40,0,1,0.0,2.2234359698052886e-05
PravdaLibrae,0,1,0.0,2.2234359698052886e-05
Morsemouse,0,1,0.0,2.2234359698052886e-05
brrrbrrragaga,0,1,0.0,2.2234359698052886e-05
Repulsive-Seesaw8852,0,2,0.0,2.2234359698052886e-05
StinKy_pOo27,0,1,0.0,2.2234359698052886e-05
GroovyCopepod,0,1,0.0,2.2234359698052886e-05
Rude_Tough485,0,4,9.706807051145345e-05,2.2234359698052886e-05
motionbean,0,1,0.0,2.2234359698052886e-05
Bojarzin,0,2,0.00014093691739001357,2.2234359698052886e-05
Glittering_Camel_639,0,1,0.0,2.2234359698052886e-05
June24th,0,1,0.0,2.2234359698052886e-05
Suboptimus,0,1,0.0,2.2234359698052886e-05
PastCarpenter626,0,1,0.0,2.2234359698052886e-05
Striking-Treacle3199,0,1,0.0,2.2234359698052886e-05
Jerryep7,0,1,0.0,2.2234359698052886e-05
Cheeky_Chipmunk6415,0,1,0.0,2.2234359698052886e-05
stickykk,0,1,0.0,2.2234359698052886e-05
Popular_Peak9364,0,1,0.0,2.2234359698052886e-05
ogloria,0,1,0.0,2.2234359698052886e-05
Busy-Carpenter-5278,0,1,0.0,2.2234359698052886e-05
TheWonderMittens,0,1,0.0,2.2234359698052886e-05
JJInTheCity,0,1,0.0,2.2234359698052886e-05
TNNSinnerFoxCult,0,2,5.8388268711172536e-06,2.2234359698052886e-05
mshell734,0,1,0.0,2.2234359698052886e-05
jdh2112,0,1,0.0,2.2234359698052886e-05
Josefstalion,0,1,0.0,2.2234359698052886e-05
GMBarryTrotz,0,1,0.0,2.2234359698052886e-05
RealisticAd4054,0,1,0.0,2.2234359698052886e-05
stickinrink,0,1,0.0,2.2234359698052886e-05
Yogurtproducer,0,1,0.0,2.2234359698052886e-05
_stellapolaris,0,1,0.0,2.2234359698052886e-05
Jittys,0,1,0.0,2.2234359698052886e-05
coconutdreams55,0,1,0.0,2.2234359698052886e-05
Any_Coconut4363,0,1,0.0,2.2234359698052886e-05
RaidherApe,0,1,0.0,2.2234359698052886e-05
Mavori,0,1,0.0,2.2234359698052886e-05
LLVforever,0,2,2.1480593750256123e-05,2.2234359698052886e-05
lonelyleaf045,0,1,0.0,2.2234359698052886e-05
OneRelationship5159,0,1,0.0,2.2234359698052886e-05
divyansh_singh2405,0,1,0.0,2.2234359698052886e-05
Katavencia,0,1,0.0,2.2234359698052886e-05
ridemooses,0,1,0.0,2.2234359698052886e-05
justaclumsyweirdo,0,1,0.0,2.2234359698052886e-05
SurGeOsiris,0,1,0.0,2.2234359698052886e-05
DCS_Ryan,0,1,0.0,2.2234359698052886e-05
ButWhyBlueCheese,0,1,0.0,2.2234359698052886e-05
DanoPinyon,0,1,0.0,2.2234359698052886e-05
EatUpBonehead,0,1,0.0,2.2234359698052886e-05
Heidijojo,0,1,0.0,2.2234359698052886e-05
HumbleHalberdier,0,1,0.0,2.2234359698052886e-05
beno1990,0,2,0.00037504677892607666,2.2234359698052886e-05
lukewarmpartyjar,0,1,0.0,2.2234359698052886e-05
Odd-Put-3988,0,1,0.0,2.2234359698052886e-05
NicholeTheOtter,0,1,0.0,2.2234359698052886e-05
DeepEnoughToFlip,0,1,0.0,2.2234359698052886e-05
tractata,0,1,0.0,2.2234359698052886e-05
FewElk3786,0,1,0.0,2.2234359698052886e-05
lucygoosey38,0,1,0.0,2.2234359698052886e-05
No_Sand_9290,0,1,0.0,2.2234359698052886e-05
THANE_OF_ANN_ARBOR,0,1,0.0,2.2234359698052886e-05
Any-Individual6841,0,1,0.0,2.2234359698052886e-05
ImaginationCareful15,0,1,0.0,2.2234359698052886e-05
Vegetable-Nebula4623,0,1,0.0,2.2234359698052886e-05
stimulation,0,1,0.0,2.2234359698052886e-05
Inevitable-Bag-5310,0,1,0.0,2.2234359698052886e-05
terfez,0,1,0.0,2.2234359698052886e-05
Over-Dig-2448,0,1,0.0,2.2234359698052886e-05
vaulstuit,0,1,0.0,2.2234359698052886e-05
deadblossom,0,1,0.0,2.2234359698052886e-05
Choice_Ostrich_6617,0,1,0.0,2.2234359698052886e-05
Electrical-Earth743,0,1,0.0,2.2234359698052886e-05
Resipsaloquiturtle16,0,1,0.0,2.2234359698052886e-05
frankensteinleftme,0,1,0.0,2.2234359698052886e-05
ChampionShark1,0,1,0.0,2.2234359698052886e-05
jakovichontwitch,0,1,0.0,2.2234359698052886e-05
FarSightXR-20,0,1,0.0,2.2234359698052886e-05
MasterDeagle,0,1,0.0,2.2234359698052886e-05
GritGrinder,0,1,0.0,2.2234359698052886e-05
aggrivatedcattery,0,1,0.0,2.2234359698052886e-05
John3192,0,1,0.0,2.2234359698052886e-05
OldMashedpotatoes,0,1,0.0,2.2234359698052886e-05
scary_truth,0,1,0.0,2.2234359698052886e-05
AvengedCrimson,0,1,0.0,2.2234359698052886e-05
braindropping,0,1,0.0,2.2234359698052886e-05
ph1shstyx,0,1,0.0,2.2234359698052886e-05
MinuteWhenNightFell,0,4,0.0014673713468524342,2.2234359698052886e-05
d1psh1t_mcgee,0,1,0.0,2.2234359698052886e-05
schmigglies,0,1,0.0,2.2234359698052886e-05
InnerAdhesiveness666,0,1,0.0,2.2234359698052886e-05
darkprairierose,0,1,0.0,2.2234359698052886e-05
RabidBadgerFrancis,0,1,0.0,2.2234359698052886e-05
chacharealrugged891,0,1,0.0,2.2234359698052886e-05
DogFacedPonyHuman,0,1,0.0,2.2234359698052886e-05
Intelligent_Heron_15,0,1,0.0,2.2234359698052886e-05
Yellow_Blue_Jet,0,1,0.0,2.2234359698052886e-05
bthompson04,0,1,0.0,2.2234359698052886e-05
royvl,0,1,0.0,2.2234359698052886e-05
oasisssss,0,1,0.0,2.2234359698052886e-05
MissXM,0,1,0.0,2.2234359698052886e-05
hockeyduster73,0,1,0.0,2.2234359698052886e-05
44problems,0,2,4.0446281336105605e-06,2.2234359698052886e-05
mild_somniphobia,0,1,0.0,2.2234359698052886e-05
Bubba-Gumpa,0,1,0.0,2.2234359698052886e-05
PaisleyDiggory,0,1,0.0,2.2234359698052886e-05
Perfect-Fondant3373,0,1,0.0,2.2234359698052886e-05
UpsideDown-2024,0,1,0.0,2.2234359698052886e-05
SilverSquirrels,0,1,0.0,2.2234359698052886e-05
Comfortable_Debt_769,0,1,0.0,2.2234359698052886e-05
AdMiserable8494,0,1,0.0,2.2234359698052886e-05
Dem_Cowboys_suck,0,1,0.0,2.2234359698052886e-05
Viktaras_Kaunas,0,2,0.0,2.2234359698052886e-05
havenisse2009,0,1,0.0,2.2234359698052886e-05
eplekjekk,0,1,0.0,2.2234359698052886e-05
ZoologicalSpecimen,0,2,0.0034669947693025463,2.2234359698052886e-05
TheGreekMachine,0,1,0.0,2.2234359698052886e-05
Friendly-Profit-8590,0,1,0.0,2.2234359698052886e-05
dotben,0,1,0.0,2.2234359698052886e-05
mixedbagofships,0,1,0.0,2.2234359698052886e-05
Puzzleheaded_Word878,0,1,0.0,2.2234359698052886e-05
schneeglitzer,0,1,0.0,2.2234359698052886e-05
maxsqd,0,1,0.0,2.2234359698052886e-05
Different_Scratch_80,0,1,0.0,2.2234359698052886e-05
staxnet,0,1,0.0,2.2234359698052886e-05
firstbaseproblems,0,1,0.0,2.2234359698052886e-05
youre-both-pretty,0,1,0.0,2.2234359698052886e-05
TheShark24,0,1,0.0,2.2234359698052886e-05
Katsuro-07,0,1,0.0,2.2234359698052886e-05
auntie_climax,0,1,0.0,2.2234359698052886e-05
mew2003,0,1,0.0,2.2234359698052886e-05
WilliamT123123,0,1,0.0,2.2234359698052886e-05
artaxias1,0,1,0.0,2.2234359698052886e-05
Real_beginning23,0,1,0.0,2.2234359698052886e-05
coffeeaddict91338,0,1,0.0,2.2234359698052886e-05
devoncarrots,0,1,0.0,2.2234359698052886e-05
courtneywrites85,0,1,0.0,2.2234359698052886e-05
ddan_sch,0,1,0.0,2.2234359698052886e-05
acc8forstuff,0,1,0.0,2.2234359698052886e-05
Corn_Wholesaler,0,1,0.0,2.2234359698052886e-05
JOE_Media,0,1,0.0,2.2234359698052886e-05
CodeArt_,0,1,0.0,2.2234359698052886e-05
DmacNcheese,0,1,0.0,2.2234359698052886e-05
Scamwau1,0,1,0.0,2.2234359698052886e-05
WelshRarebit2025,0,1,0.0,2.2234359698052886e-05
Megan_Kugler,0,1,0.0,2.2234359698052886e-05
TheLizardKing89,0,2,6.449043563160802e-07,2.2234359698052886e-05
Jazzlike-Ad2906,0,1,0.0,2.2234359698052886e-05
i_have_80hd,0,1,0.0,2.2234359698052886e-05
evoletahh,0,1,0.0,2.2234359698052886e-05
LAFoodiePanda,0,1,0.0,2.2234359698052886e-05
DrunkMeteor2,0,1,0.0,2.2234359698052886e-05
aurdwynn,0,1,0.0,2.2234359698052886e-05
koca1508,0,1,0.0,2.2234359698052886e-05
Yaroslav_Mudry,0,1,0.0,2.2234359698052886e-05
glennis_the_menace,0,1,0.0,2.2234359698052886e-05
templethot,0,1,0.0,2.2234359698052886e-05
Free_Gojo,0,1,0.0,2.2234359698052886e-05
Zigglyjiggly,0,1,0.0,2.2234359698052886e-05
jarrettbrown,0,1,0.0,2.2234359698052886e-05
madraykin86,0,1,0.0,2.2234359698052886e-05
lifeisarichcarpet,0,1,0.0,2.2234359698052886e-05
raptorman556,0,1,0.0,2.2234359698052886e-05
Mean_Mister_Mustard,0,1,0.0,2.2234359698052886e-05
Junior_Fig_2274,0,1,0.0,2.2234359698052886e-05
berrywithaberet,0,1,0.0,2.2234359698052886e-05
GrayMareCabal,0,1,0.0,2.2234359698052886e-05
gimmesomespace,0,1,0.0,2.2234359698052886e-05
Victortango124,0,1,0.0,2.2234359698052886e-05
GolfOk7579,0,1,0.0,2.2234359698052886e-05
abwaters97,0,1,0.0,2.2234359698052886e-05
hullkogan,0,1,0.0,2.2234359698052886e-05
FeePretty447,0,1,0.0,2.2234359698052886e-05
Far_Nectarine293,0,1,0.0,2.2234359698052886e-05
Soft-Tea-435,0,1,0.0,2.2234359698052886e-05
Altruistic_Finger669,0,3,9.06485417707324e-05,2.2234359698052886e-05
EllieHarmony,0,1,0.0,2.2234359698052886e-05
Some1inreallife,0,1,0.0,2.2234359698052886e-05
MoonriseTurtle,0,1,0.0,2.2234359698052886e-05
orinaardvark,0,1,0.0,2.2234359698052886e-05
GridSportGames,0,1,0.0,2.2234359698052886e-05
DragonsGape,0,1,0.0,2.2234359698052886e-05
Zelbonzo,0,1,0.0,2.2234359698052886e-05
-forsen_,0,1,0.0,2.2234359698052886e-05
jprice455,0,1,0.0,2.2234359698052886e-05
fauxregard,0,1,0.0,2.2234359698052886e-05
retype_password,0,1,0.0,2.2234359698052886e-05
yuoip1,0,1,0.0,2.2234359698052886e-05
tapelamp,0,1,0.0,2.2234359698052886e-05
Old-Library5546,0,1,0.0,2.2234359698052886e-05
pitbullgirlygirl,0,1,0.0,2.2234359698052886e-05
Veritas1814,0,1,0.0,2.2234359698052886e-05
rob1son,0,1,0.0,2.2234359698052886e-05
EmuFume29,0,1,0.0,2.2234359698052886e-05
AccurateAssistance28,0,2,0.0,2.2234359698052886e-05
_xoxojoyce,0,1,0.0,2.2234359698052886e-05
attractivekid,0,1,0.0,2.2234359698052886e-05
Catch-Normal,0,1,0.0,2.2234359698052886e-05
Bon-Bon-Assassino,0,1,0.0,2.2234359698052886e-05
Pale-Appointment8226,0,1,0.0,2.2234359698052886e-05
Tasden,0,1,0.0,2.2234359698052886e-05
Fancy_Star254,0,1,0.0,2.2234359698052886e-05
fungus_bunghole,0,1,0.0,2.2234359698052886e-05
Emergency_Ride_9276,0,1,0.0,2.2234359698052886e-05
ceylonblue,0,1,0.0,2.2234359698052886e-05
justinkasereddditor,0,1,0.0,2.2234359698052886e-05
coach_cryptid,0,1,0.0,2.2234359698052886e-05
Remarkable_Owl_258,0,1,0.0,2.2234359698052886e-05
Krunksy,0,1,0.0,2.2234359698052886e-05
greenkni,0,1,0.0,2.2234359698052886e-05
addtokart,0,1,0.0,2.2234359698052886e-05
Low_Contract7809,0,1,0.0,2.2234359698052886e-05
Izzo,0,1,0.0,2.2234359698052886e-05
Queltis6000,0,1,0.0,2.2234359698052886e-05
CA_spur,0,1,0.0,2.2234359698052886e-05
deliciousfishstick5,0,1,0.0,2.2234359698052886e-05
Aggressive-Ad7946,0,1,0.0,2.2234359698052886e-05
cfont288,0,1,0.0,2.2234359698052886e-05
fre-ddo,0,3,7.49439022564757e-05,2.2234359698052886e-05
Fabislrs,0,1,0.0,2.2234359698052886e-05
swlonely,0,1,0.0,2.2234359698052886e-05
bilaljamal,0,1,0.0,2.2234359698052886e-05
Technical_Match7686,0,1,0.0,2.2234359698052886e-05
PuzzleheadedSwim6291,0,1,0.0,2.2234359698052886e-05
PandaPop81,0,1,0.0,2.2234359698052886e-05
flowermoontattoo,0,1,0.0,2.2234359698052886e-05
krasivi_gardi,0,1,0.0,2.2234359698052886e-05
Fit-Swimmer1322,0,1,0.0,2.2234359698052886e-05
LadybugGirltheFirst,0,1,0.0,2.2234359698052886e-05
Flat_Broccoli_3801,0,1,0.0,2.2234359698052886e-05
bouds19,0,1,0.0,2.2234359698052886e-05
Pleasant_Inspection9,0,2,0.00017636518583021905,2.2234359698052886e-05
Academic-Style-6105,0,1,0.0,2.2234359698052886e-05
One_Emergency7679,0,1,0.0,2.2234359698052886e-05
JessP_23,0,1,0.0,2.2234359698052886e-05
VampireOnHoyt,0,1,0.0,2.2234359698052886e-05
hsj713,0,1,0.0,2.2234359698052886e-05
Adapteduser,0,1,0.0,2.2234359698052886e-05
solojones1138,0,1,0.0,2.2234359698052886e-05
Curious_Cleopatra,0,1,0.0,2.2234359698052886e-05
SlayTalon,0,1,0.0,2.2234359698052886e-05
littleb3anpole,0,1,0.0,2.2234359698052886e-05
Zazzafrazzy,0,1,0.0,2.2234359698052886e-05
Male_strom,0,2,4.658391864311426e-05,2.2234359698052886e-05
TTWC,0,1,0.0,2.2234359698052886e-05
Chemical_Butterfly40,0,1,0.0,2.2234359698052886e-05
SJC-Caron,0,1,0.0,2.2234359698052886e-05
sendyrella,0,1,0.0,2.2234359698052886e-05
UnknownPleasures3,0,1,0.0,2.2234359698052886e-05
MTheadedandhearted,0,1,0.0,2.2234359698052886e-05
HuckleberryJazz,0,1,0.0,2.2234359698052886e-05
MurkrowsRevenge,0,1,0.0,2.2234359698052886e-05
turbulentcounselor,0,2,0.0009202188897904109,2.2234359698052886e-05
wisenoodle1,0,1,0.0,2.2234359698052886e-05
hopitopp,0,1,0.0,2.2234359698052886e-05
dasrod,0,2,0.0,2.2234359698052886e-05
Haunting_Onion_7866,0,4,7.57794493492931e-05,2.2234359698052886e-05
Tyranicross,0,1,0.0,2.2234359698052886e-05
Jaylow115,0,1,0.0,2.2234359698052886e-05
LastMongoose7448,0,1,0.0,2.2234359698052886e-05
Cinderpath,0,1,0.0,2.2234359698052886e-05
MacAttak18,0,1,0.0,2.2234359698052886e-05
Moist_Gennitals,0,1,0.0,2.2234359698052886e-05
ssstephhhh,0,1,0.0,2.2234359698052886e-05
Zunoth,0,1,0.0,2.2234359698052886e-05
TimelyBreadfruit5929,0,1,0.0,2.2234359698052886e-05
PompeyMagnus1,0,1,0.0,2.2234359698052886e-05
ExpensiveFoodstuffs,0,1,0.0,2.2234359698052886e-05
AdvertisingNo8441,0,2,1.4951553150725212e-05,2.2234359698052886e-05
Creepy_Vegetable6905,0,6,0.0008844080186908775,2.2234359698052886e-05
hoopla161,0,1,0.0,2.2234359698052886e-05
lazysoldier,0,1,0.0,2.2234359698052886e-05
Pretend_Emu_1691,0,1,0.0,2.2234359698052886e-05
Favonianism,0,1,0.0,2.2234359698052886e-05
potato-overlord-1845,0,1,0.0,2.2234359698052886e-05
CeilingUnlimited,0,1,0.0,2.2234359698052886e-05
Direct_Dragonfly878,0,1,0.0,2.2234359698052886e-05
Soggy_Head_4889,0,1,0.0,2.2234359698052886e-05
krom0025,0,1,0.0,2.2234359698052886e-05
Emu-lator,0,1,0.0,2.2234359698052886e-05
Derpazor1,0,1,0.0,2.2234359698052886e-05
MikeChuk7121,0,1,0.0,2.2234359698052886e-05
_Happy_Sisyphus_,0,1,0.0,2.2234359698052886e-05
whata-disaster,0,1,0.0,2.2234359698052886e-05
IShipHazzo,0,1,0.0,2.2234359698052886e-05
odin21,0,1,0.0,2.2234359698052886e-05
Tehlim,0,1,0.0,2.2234359698052886e-05
Broudster,0,1,0.0,2.2234359698052886e-05
AnnMental-Grace-5522,0,1,0.0,2.2234359698052886e-05
2Hanks,0,1,0.0,2.2234359698052886e-05
greentangent,0,1,0.0,2.2234359698052886e-05
intractabl,0,1,0.0,2.2234359698052886e-05
CompetitiveOwl89,0,1,0.0,2.2234359698052886e-05
bubster99,0,2,0.0008789929660114473,2.2234359698052886e-05
pi_face_,0,1,0.0,2.2234359698052886e-05
PeeWeePlox,0,1,0.0,2.2234359698052886e-05
Necessary_Document_5,0,1,0.0,2.2234359698052886e-05
WindWaked,0,1,0.0,2.2234359698052886e-05
Glum_Effort6887,0,1,0.0,2.2234359698052886e-05
Own-Independence8430,0,1,0.0,2.2234359698052886e-05
AverageBry,0,1,0.0,2.2234359698052886e-05
vasquca1,0,1,0.0,2.2234359698052886e-05
Letsgetrich2025,0,1,0.0,2.2234359698052886e-05
austin101123,0,1,0.0,2.2234359698052886e-05
noahhova,0,1,0.0,2.2234359698052886e-05
Lucas23_ty,0,1,0.0,2.2234359698052886e-05
Dimyr7,0,1,0.0,2.2234359698052886e-05
Impossible_Soup4206,0,1,0.0,2.2234359698052886e-05
Zumbakeny,0,1,0.0,2.2234359698052886e-05
WinterFantasySports,0,1,0.0,2.2234359698052886e-05
InconspicuousMagpie,0,1,0.0,2.2234359698052886e-05
watermelonjuicephoto,0,1,0.0,2.2234359698052886e-05
Elektrenai,0,1,0.0,2.2234359698052886e-05
Yomatius,0,2,0.00021943203724670773,2.2234359698052886e-05
Fragrant_Ad_8288,0,1,0.0,2.2234359698052886e-05
Jupiterrhapsody,0,3,0.00124919114882429,2.2234359698052886e-05
darlingmagpie,0,1,0.0,2.2234359698052886e-05
Delicious-Leave5697,0,1,0.0,2.2234359698052886e-05
Old-Tadpole-2869,0,1,0.0,2.2234359698052886e-05
mapoftasmania,0,1,0.0,2.2234359698052886e-05
dogthrasher,0,1,0.0,2.2234359698052886e-05
mahboilucas,0,1,0.0,2.2234359698052886e-05
lik_a_stik,0,1,0.0,2.2234359698052886e-05
Samurai_Rey,0,1,0.0,2.2234359698052886e-05
Inner_Sun_8191,0,2,1.385058861973315e-05,2.2234359698052886e-05
Hackmops,0,1,0.0,2.2234359698052886e-05
LegitimateFootball47,0,3,0.00021232831648005653,2.2234359698052886e-05
Vereno13,0,1,0.0,2.2234359698052886e-05
Strawrose,0,1,0.0,2.2234359698052886e-05
jmg1621,0,1,0.0,2.2234359698052886e-05
Yugifrolife,0,1,0.0,2.2234359698052886e-05
supersupressor,0,1,0.0,2.2234359698052886e-05
palesnowrider1,0,1,0.0,2.2234359698052886e-05
Academic-Goose1530,0,1,0.0,2.2234359698052886e-05
anonymousse79,0,1,0.0,2.2234359698052886e-05
lepreqon_,0,2,0.0,2.2234359698052886e-05
chinagrrljoan,0,1,0.0,2.2234359698052886e-05
algy100,0,2,1.1847706554539675e-05,2.2234359698052886e-05
Artistic_DewDrop,0,1,0.0,2.2234359698052886e-05
hammocat,0,1,0.0,2.2234359698052886e-05
PsychologicalIce5384,0,1,0.0,2.2234359698052886e-05
FrostAndTheForest,0,3,4.836768006627531e-06,2.2234359698052886e-05
Independent_Cycle837,0,1,0.0,2.2234359698052886e-05
Responsible_Bad_4846,0,1,0.0,2.2234359698052886e-05
rowsoflark,0,1,0.0,2.2234359698052886e-05
Radiant-Banana161,0,1,0.0,2.2234359698052886e-05
Duhr3l,0,1,0.0,2.2234359698052886e-05
Exciting-498,0,1,0.0,2.2234359698052886e-05
mercurialglitter,0,1,0.0,2.2234359698052886e-05
Potatodrgn11,0,1,0.0,2.2234359698052886e-05
edogg01,0,1,0.0,2.2234359698052886e-05
hRbZbddfogkCHHib,0,1,0.0,2.2234359698052886e-05
LowDependent5907,0,1,0.0,2.2234359698052886e-05
Plastic_Routine_5657,0,1,0.0,2.2234359698052886e-05
Salty145,0,1,0.0,2.2234359698052886e-05
HatulaMastula,0,1,0.0,2.2234359698052886e-05
dreadpiratedusty,0,1,0.0,2.2234359698052886e-05
Huge_Hotel824,0,2,5.49954187124633e-06,2.2234359698052886e-05
deluca-,0,1,0.0,2.2234359698052886e-05
Straight-909,0,1,0.0,2.2234359698052886e-05
sharkinwolvesclothin,0,1,0.0,2.2234359698052886e-05
ElasticCrow393,0,1,0.0,2.2234359698052886e-05
Final-Ad106,0,1,0.0,2.2234359698052886e-05
Micopedia,0,1,0.0,2.2234359698052886e-05
Gnb7588,0,1,0.0,2.2234359698052886e-05
loulou7886,0,1,0.0,2.2234359698052886e-05
Wasteak,0,1,0.0,2.2234359698052886e-05
Tooters-N-Floof,0,1,0.0,2.2234359698052886e-05
RulerofHoth,0,1,0.0,2.2234359698052886e-05
honeybee4puppies,0,1,0.0,2.2234359698052886e-05
iGetBuckets3,0,1,0.0,2.2234359698052886e-05
MissSpidergirl,0,2,0.0,2.2234359698052886e-05
doublEkrakeNboyZ,0,1,0.0,2.2234359698052886e-05
hotblueice,0,1,0.0,2.2234359698052886e-05
No-County2703,0,1,0.0,2.2234359698052886e-05
Evan_Playz72813,0,1,0.0,2.2234359698052886e-05
potatochobit,0,1,0.0,2.2234359698052886e-05
zalfrann,0,1,0.0,2.2234359698052886e-05
ReachComprehensive90,0,1,0.0,2.2234359698052886e-05
MacaroonSad8860,0,1,0.0,2.2234359698052886e-05
Raptor_Jetpack,0,1,0.0,2.2234359698052886e-05
hammerhead987,0,1,0.0,2.2234359698052886e-05
Roofofcar,0,1,0.0,2.2234359698052886e-05
Gardenasia,0,1,0.0,2.2234359698052886e-05
Sea_Juice_285,0,1,0.0,2.2234359698052886e-05
1chicken2nuggets,0,1,0.0,2.2234359698052886e-05
AquaDelphia,0,3,0.0012418190345039393,2.2234359698052886e-05
Intelj,0,1,0.0,2.2234359698052886e-05
Infamous_Wealth9754,0,1,0.0,2.2234359698052886e-05
Soggysleuth,0,1,0.0,2.2234359698052886e-05
97vv,0,1,0.0,2.2234359698052886e-05
z3nnies,0,10,0.00032095412089862757,2.2234359698052886e-05
worldly_mushroom9432,0,2,1.0076645913835902e-05,2.2234359698052886e-05
rxlady8265,0,1,0.0,2.2234359698052886e-05
jerseygirl75,0,1,0.0,2.2234359698052886e-05
Dear_Low_7581,0,2,0.0,2.2234359698052886e-05
FantexOfficial,0,1,0.0,2.2234359698052886e-05
FoxMeadow7,0,2,0.00011947431302270011,2.2234359698052886e-05
BigBlueMountainStar,0,1,0.0,2.2234359698052886e-05
klm_58,0,1,0.0,2.2234359698052886e-05
Objective-Barber-674,0,1,0.0,2.2234359698052886e-05
travelan,0,1,0.0,2.2234359698052886e-05
DeegJongen,0,1,0.0,2.2234359698052886e-05
FaliedSalve,0,1,0.0,2.2234359698052886e-05
billdizzle,0,1,0.0,2.2234359698052886e-05
Antique_Tale_2084,0,1,0.0,2.2234359698052886e-05
gotkube,0,1,0.0,2.2234359698052886e-05
Cleos_Mommy,0,1,0.0,2.2234359698052886e-05
chrisqc01,0,1,0.0,2.2234359698052886e-05
UnoTwoTrys,0,1,0.0,2.2234359698052886e-05
cardew-vascular,0,1,0.0,2.2234359698052886e-05
WindyCityABBoy,0,1,0.0,2.2234359698052886e-05
BlueLightBandit,0,1,0.0,2.2234359698052886e-05
TheToroReddit,0,1,0.0,2.2234359698052886e-05
Select_Jelly_5820,0,1,0.0,2.2234359698052886e-05
bloop7676,0,1,0.0,2.2234359698052886e-05
carpenoctemx,0,1,0.0,2.2234359698052886e-05
Ambitious_Waltz_5927,0,1,0.0,2.2234359698052886e-05
Zalbo_,0,1,0.0,2.2234359698052886e-05
Maleficent_Guide_708,0,1,0.0,2.2234359698052886e-05
Antique-Tone-1145,0,1,0.0,2.2234359698052886e-05
Realistic_Try7123,0,1,0.0,2.2234359698052886e-05
ZLUCremisi,0,1,0.0,2.2234359698052886e-05
OPsDaddy,0,1,0.0,2.2234359698052886e-05
agreathandle,0,1,0.0,2.2234359698052886e-05
Jerekott,0,1,0.0,2.2234359698052886e-05
TheRealtcSpears,0,1,0.0,2.2234359698052886e-05
Magister_Hego_Damask,0,1,0.0,2.2234359698052886e-05
xyzmaximoff,0,2,1.6640514669188501e-06,2.2234359698052886e-05
Naive_Product_5916,0,1,0.0,2.2234359698052886e-05
Esteraceae,0,1,0.0,2.2234359698052886e-05
summerofsnow,0,1,0.0,2.2234359698052886e-05
milasara,0,1,0.0,2.2234359698052886e-05
EzraLevinson,0,1,0.0,2.2234359698052886e-05
Dependent-Income5090,0,1,0.0,2.2234359698052886e-05
Acrobatic-Capital346,0,2,8.832444245346951e-05,2.2234359698052886e-05
queenofday,0,1,0.0,2.2234359698052886e-05
fromtelegraphlines7,0,1,0.0,2.2234359698052886e-05
Ok-Letter2720,0,1,0.0,2.2234359698052886e-05
Eiiiights,0,1,0.0,2.2234359698052886e-05
WilloughbySerenity,0,1,0.0,2.2234359698052886e-05
ZaneThePain,0,1,0.0,2.2234359698052886e-05
This_Cryptographer76,0,1,0.0,2.2234359698052886e-05
Smart_Perspective535,0,2,3.0026574842920745e-05,2.2234359698052886e-05
Lucky98La,0,1,0.0,2.2234359698052886e-05
Grackleman,0,2,2.539394144649956e-06,2.2234359698052886e-05
SeaKoe11,0,1,0.0,2.2234359698052886e-05
Cruisenut2001,0,2,0.0,2.2234359698052886e-05
Greenforaday,0,1,0.0,2.2234359698052886e-05
redittjoe,0,1,0.0,2.2234359698052886e-05
WandererMount,0,1,0.0,2.2234359698052886e-05
WeAllThrowBricks,0,1,0.0,2.2234359698052886e-05
frecklebellymadtom,0,1,0.0,2.2234359698052886e-05
Sad-Cabinet4625,0,1,0.0,2.2234359698052886e-05
RealisticBoss1586,0,1,0.0,2.2234359698052886e-05
curling_rocks,0,1,0.0,2.2234359698052886e-05
SameFoot5396,0,1,0.0,2.2234359698052886e-05
Minimum-Search-286,0,1,0.0,2.2234359698052886e-05
National-Gap-3309,0,1,0.0,2.2234359698052886e-05
OkMech,0,2,1.6673862393976454e-06,2.2234359698052886e-05
Opening_Disk_4580,0,1,0.0,2.2234359698052886e-05
lehmx,0,1,0.0,2.2234359698052886e-05
Sea-Volume-7214,0,1,0.0,2.2234359698052886e-05
RusselNoahPeters,0,1,0.0,2.2234359698052886e-05
North_Shock5099,0,1,0.0,2.2234359698052886e-05
erect_dragonly,0,1,0.0,2.2234359698052886e-05
JohnCenaJunior,0,1,0.0,2.2234359698052886e-05
flanker44,0,4,0.00019922181392092512,2.2234359698052886e-05
hellyeahopenspaces,0,4,5.0346502597690444e-06,2.2234359698052886e-05
187b_annika,0,1,0.0,2.2234359698052886e-05
tn_tacoma,0,1,0.0,2.2234359698052886e-05
arnoldmuczynski,0,1,0.0,2.2234359698052886e-05
supreme-jules,0,1,0.0,2.2234359698052886e-05
cats_love_lutefisk,0,1,0.0,2.2234359698052886e-05
iSharxx,0,1,0.0,2.2234359698052886e-05
Nic069B,0,1,0.0,2.2234359698052886e-05
lemonhead2345,0,1,0.0,2.2234359698052886e-05
monkeytrucker,0,1,0.0,2.2234359698052886e-05
IggyStop2024,0,1,0.0,2.2234359698052886e-05
Licetus,0,1,0.0,2.2234359698052886e-05
lollipoof,0,1,0.0,2.2234359698052886e-05
beneoin,0,1,0.0,2.2234359698052886e-05
TheAntagoNiSt2222,0,1,0.0,2.2234359698052886e-05
Due_Exercise_6537,0,1,0.0,2.2234359698052886e-05
eliastheawesome,0,1,0.0,2.2234359698052886e-05
F1SH1ES,0,1,0.0,2.2234359698052886e-05
queuedUp,0,1,0.0,2.2234359698052886e-05
SteveSomers,0,2,0.00011947431302270011,2.2234359698052886e-05
Smorgas-board,0,1,0.0,2.2234359698052886e-05
southernmanadork,0,1,0.0,2.2234359698052886e-05
karasins,0,1,0.0,2.2234359698052886e-05
CoolPhoto568,0,1,0.0,2.2234359698052886e-05
BigTreeSmallBranch,0,1,0.0,2.2234359698052886e-05
Natsukoow,0,1,0.0,2.2234359698052886e-05
Juulire,0,1,0.0,2.2234359698052886e-05
Pretend_Theory7545,0,1,0.0,2.2234359698052886e-05
viennawaits94,0,1,0.0,2.2234359698052886e-05
HVCanuck,0,1,0.0,2.2234359698052886e-05
tuftabeet,0,2,3.802900908786881e-05,2.2234359698052886e-05
Hot-Bit-565,0,1,0.0,2.2234359698052886e-05
NYC-Golf-Watch-Music,0,1,0.0,2.2234359698052886e-05
Beneficial_Brief_759,0,1,0.0,2.2234359698052886e-05
Miserable-Maximum125,0,2,2.906046317316903e-06,2.2234359698052886e-05
skathe69,0,1,0.0,2.2234359698052886e-05
lordexorr,0,2,0.0,2.2234359698052886e-05
Minimum_Criticism_41,0,1,0.0,2.2234359698052886e-05
fexuntv,0,1,0.0,2.2234359698052886e-05
7Streetfreak6,0,1,0.0,2.2234359698052886e-05
imperator2102,0,1,0.0,2.2234359698052886e-05
Express-Street3383,0,1,0.0,2.2234359698052886e-05
bambola99,0,1,0.0,2.2234359698052886e-05
EnthusiasmRecent,0,1,0.0,2.2234359698052886e-05
realeuropeangeek,0,1,0.0,2.2234359698052886e-05
Trees_are_best,0,1,0.0,2.2234359698052886e-05
ImprovementOwn3658,0,1,0.0,2.2234359698052886e-05
RhubarbSensitive401,0,1,0.0,2.2234359698052886e-05
ErikPielermusic,0,1,0.0,2.2234359698052886e-05
unacabron,0,1,0.0,2.2234359698052886e-05
rawchess,0,2,0.0,2.2234359698052886e-05
AmateurVasectomist,0,2,2.1991035465624476e-05,2.2234359698052886e-05
CantHugEveryPlatypus,0,1,0.0,2.2234359698052886e-05
Macklamore,0,1,0.0,2.2234359698052886e-05
charlestonchaw,0,1,0.0,2.2234359698052886e-05
EaudeAgnes,0,2,0.00013250772927545835,2.2234359698052886e-05
GogreenGoWhite19,0,1,0.0,2.2234359698052886e-05
Zakhmanov,0,1,0.0,2.2234359698052886e-05
lilix15,0,1,0.0,2.2234359698052886e-05
Independent-Rope-596,0,1,0.0,2.2234359698052886e-05
fiftyshadesofroses,0,2,0.00019758472861204111,2.2234359698052886e-05
scribbledletters,0,1,0.0,2.2234359698052886e-05
voidwhales,0,1,0.0,2.2234359698052886e-05
yabai_kawaii,0,1,0.0,2.2234359698052886e-05
Fluid_Match_888,0,1,0.0,2.2234359698052886e-05
androidgirl,0,1,0.0,2.2234359698052886e-05
Busy-Doughnut6180,0,2,0.00011922811781460187,2.2234359698052886e-05
Shorb-o-rino,0,2,0.0001604998629665085,2.2234359698052886e-05
Longjumping-Walk-418,0,1,0.0,2.2234359698052886e-05
randomizedcat,0,1,0.0,2.2234359698052886e-05
thereia,0,1,0.0,2.2234359698052886e-05
Used_Price8763,0,1,0.0,2.2234359698052886e-05
magnetbirds,0,1,0.0,2.2234359698052886e-05
marykey08,0,1,0.0,2.2234359698052886e-05
Artistic-Dirt-3199,0,1,0.0,2.2234359698052886e-05
Major-Frosting-6286,0,1,0.0,2.2234359698052886e-05
FluffyRogue,0,1,0.0,2.2234359698052886e-05
nola_bleu,0,1,0.0,2.2234359698052886e-05
Bobby6kennedy,0,1,0.0,2.2234359698052886e-05
hopelessromantic1340,0,2,0.00011947431302270011,2.2234359698052886e-05
AngelSucked,0,1,0.0,2.2234359698052886e-05
RamRanchRealty,0,1,0.0,2.2234359698052886e-05
Del_3030,0,1,0.0,2.2234359698052886e-05
Plenty_Wasabi_7866,0,1,0.0,2.2234359698052886e-05
Nedukrest,0,1,0.0,2.2234359698052886e-05
AMoegg,0,1,0.0,2.2234359698052886e-05
Number1OchoaHater,0,1,0.0,2.2234359698052886e-05
aebaby7071,0,1,0.0,2.2234359698052886e-05
Low-Inevitable-1981,0,2,1.601503460533879e-05,2.2234359698052886e-05
RmdRik,0,1,0.0,2.2234359698052886e-05
cclarke1258,0,1,0.0,2.2234359698052886e-05
StrikingOutcome71,0,1,0.0,2.2234359698052886e-05
Goldiloxbrowsing,0,1,0.0,2.2234359698052886e-05
IJustMadeBananaBread,0,1,0.0,2.2234359698052886e-05
Appropriate_Bat439,0,1,0.0,2.2234359698052886e-05
quantumhovercraft,0,2,0.0,2.2234359698052886e-05
Venat,0,1,0.0,2.2234359698052886e-05
uheardmepunchy,0,2,0.00011947431302270011,2.2234359698052886e-05
bigt2k4,0,3,0.0005351427880433433,2.2234359698052886e-05
moosene,0,1,0.0,2.2234359698052886e-05
chinesenaples,0,1,0.0,2.2234359698052886e-05
zubairhamed,0,1,0.0,2.2234359698052886e-05
TikiBikini1984,0,1,0.0,2.2234359698052886e-05
RitaRaccoon,0,1,0.0,2.2234359698052886e-05
bynaryum,0,1,0.0,2.2234359698052886e-05
bertrandrussell2,0,1,0.0,2.2234359698052886e-05
Sensitive_House_9770,0,1,0.0,2.2234359698052886e-05
lamyH,0,2,0.00011341993441538778,2.2234359698052886e-05
elena-2354,0,1,0.0,2.2234359698052886e-05
AthenaReignsHere,0,1,0.0,2.2234359698052886e-05
ILSmokeItAll,0,1,0.0,2.2234359698052886e-05
Crayshack,0,1,0.0,2.2234359698052886e-05
fdm91,0,1,0.0,2.2234359698052886e-05
OLLCommander,0,1,0.0,2.2234359698052886e-05
xtalgeek,0,1,0.0,2.2234359698052886e-05
Pondelli-Kocka01,0,1,0.0,2.2234359698052886e-05
Santasreject,0,2,3.2626334239237463e-06,2.2234359698052886e-05
spr148,0,1,0.0,2.2234359698052886e-05
JCAMAR0S117,0,2,0.0,2.2234359698052886e-05
Vikk_Vinegar,0,1,0.0,2.2234359698052886e-05
No-Condition8561,0,1,0.0,2.2234359698052886e-05
Parallel-Quality,0,2,0.0,2.2234359698052886e-05
Equivalent-Pain-86,0,1,0.0,2.2234359698052886e-05
Orcasgt22,0,1,0.0,2.2234359698052886e-05
PerplexAlexa,0,2,6.623697549100004e-05,2.2234359698052886e-05
intlcap30,0,1,0.0,2.2234359698052886e-05
mumitheduchess,0,3,0.00018924216119694967,2.2234359698052886e-05
vv8689,0,1,0.0,2.2234359698052886e-05
AdamRipponFan_01,0,2,2.3209874580859403e-06,2.2234359698052886e-05
kingkong198854,0,1,0.0,2.2234359698052886e-05
LaZyCrO,0,2,1.352356700680272e-05,2.2234359698052886e-05
TripFarmer17,0,1,0.0,2.2234359698052886e-05
loewe67,0,1,0.0,2.2234359698052886e-05
Greenimba,0,1,0.0,2.2234359698052886e-05
ProfessionInevitable,0,1,0.0,2.2234359698052886e-05
mirado,0,1,0.0,2.2234359698052886e-05
KrabbyBoiz,0,1,0.0,2.2234359698052886e-05
internet_observer,0,1,0.0,2.2234359698052886e-05
MrEdricDoo,0,1,0.0,2.2234359698052886e-05
triforce4392,0,1,0.0,2.2234359698052886e-05
jstoeb,0,1,0.0,2.2234359698052886e-05
SharpCicada,0,1,0.0,2.2234359698052886e-05
JesusRollerBlading,0,1,0.0,2.2234359698052886e-05
TheKnotIsSlipping,0,1,0.0,2.2234359698052886e-05
Glum-Ad8210,0,1,0.0,2.2234359698052886e-05
HockeyDockey1234,0,1,0.0,2.2234359698052886e-05
BASEBALLFURIES,0,1,0.0,2.2234359698052886e-05
MistahPresidente,0,1,0.0,2.2234359698052886e-05
mbauer8286,0,1,0.0,2.2234359698052886e-05
oshinla,0,1,0.0,2.2234359698052886e-05
ThrowRA_snitchwitch,0,1,0.0,2.2234359698052886e-05
JohnyBull,0,1,0.0,2.2234359698052886e-05
icedcoffee4eva,0,1,0.0,2.2234359698052886e-05
Distinct_Poetry_7869,0,1,0.0,2.2234359698052886e-05
BuyingStuffIShouIdnt,0,2,0.0,2.2234359698052886e-05
looorrn,0,1,0.0,2.2234359698052886e-05
Proud2BaBarbie,0,7,0.0010617527494744513,2.2234359698052886e-05
masssy,0,1,0.0,2.2234359698052886e-05
Celestial_Bagel,0,1,0.0,2.2234359698052886e-05
Overlord0123,0,1,0.0,2.2234359698052886e-05
kevohreal,0,1,0.0,2.2234359698052886e-05
Professional-Exam565,0,1,0.0,2.2234359698052886e-05
Aranka_Szeretlek,0,1,0.0,2.2234359698052886e-05
UseTheTabKey,0,1,0.0,2.2234359698052886e-05
CommanderInQueefs,0,1,0.0,2.2234359698052886e-05
_Halt19_,0,1,0.0,2.2234359698052886e-05
AlstottsNeckGuard,0,1,0.0,2.2234359698052886e-05
Traditional-Ride-116,0,3,4.420829478813664e-06,2.2234359698052886e-05
Unable-Fly-187,0,1,0.0,2.2234359698052886e-05
ConsciousStatus5083,0,1,0.0,2.2234359698052886e-05
telendria,0,1,0.0,2.2234359698052886e-05
Ok-Growth,0,1,0.0,2.2234359698052886e-05
KembaWakaFlocka,0,1,0.0,2.2234359698052886e-05
starquake64,0,1,0.0,2.2234359698052886e-05
Amayetli,0,1,0.0,2.2234359698052886e-05
dsun1971,0,1,0.0,2.2234359698052886e-05
huntinwabbits,0,1,0.0,2.2234359698052886e-05
Abusoru,0,1,0.0,2.2234359698052886e-05
Zyphit,0,1,0.0,2.2234359698052886e-05
uses_for_mooses,0,1,0.0,2.2234359698052886e-05
LaChicaGo,0,1,0.0,2.2234359698052886e-05
ooitsmagic88,0,1,0.0,2.2234359698052886e-05
hmf1987,0,1,0.0,2.2234359698052886e-05
willis1988,0,3,0.0,2.2234359698052886e-05
Unusual_Artichoke_73,0,1,0.0,2.2234359698052886e-05
Myriad_Apocalypse,0,1,0.0,2.2234359698052886e-05
AlaskaStiletto,0,1,0.0,2.2234359698052886e-05
gordeleend,0,1,0.0,2.2234359698052886e-05
SinxSam,0,1,0.0,2.2234359698052886e-05
MrHeavySilence,0,1,0.0,2.2234359698052886e-05
poorguy55,0,1,0.0,2.2234359698052886e-05
__Tinymel,0,1,0.0,2.2234359698052886e-05
Dorksim,0,1,0.0,2.2234359698052886e-05
Fit_Abroad_4465,0,4,7.679034007658647e-06,2.2234359698052886e-05
ZzzSleepyheadzzZ,0,1,0.0,2.2234359698052886e-05
Lilthisarry,0,1,0.0,2.2234359698052886e-05
surcamares,0,1,0.0,2.2234359698052886e-05
PsychologicalEar426,0,1,0.0,2.2234359698052886e-05
Joyako,0,1,0.0,2.2234359698052886e-05
MrVelocoraptor,0,1,0.0,2.2234359698052886e-05
Worried-Blueberry-42,0,1,0.0,2.2234359698052886e-05
GodDuckman,0,2,0.0,2.2234359698052886e-05
suexo66,0,1,0.0,2.2234359698052886e-05
Ok_Opportunity_4651,0,1,0.0,2.2234359698052886e-05
Huge-Government4981,0,1,0.0,2.2234359698052886e-05
No-Aioli-4960,0,1,0.0,2.2234359698052886e-05
Abyssus88,0,1,0.0,2.2234359698052886e-05
Rad_Atmosphere974,0,1,0.0,2.2234359698052886e-05
Filtrixxx,0,1,0.0,2.2234359698052886e-05
middlequeue,0,1,0.0,2.2234359698052886e-05
closequartersbrewing,0,1,0.0,2.2234359698052886e-05
FewArt2068,0,2,0.00014459787503365672,2.2234359698052886e-05
General_Resident_915,0,2,0.00013534895517793808,2.2234359698052886e-05
Ok-Foot-4352,0,1,0.0,2.2234359698052886e-05
Any-Following6236,0,1,0.0,2.2234359698052886e-05
Not_Cleaver,0,2,7.13958158996889e-05,2.2234359698052886e-05
veebs7,0,1,0.0,2.2234359698052886e-05
solomongumball01,0,1,0.0,2.2234359698052886e-05
mochafiend,0,1,0.0,2.2234359698052886e-05
TheYmmij1,0,1,0.0,2.2234359698052886e-05
Patient_Virus366,0,1,0.0,2.2234359698052886e-05
dogdaysindurham,0,3,0.0,2.2234359698052886e-05
Several-Initiative48,0,2,0.0,2.2234359698052886e-05
No-Solution-6407,0,1,0.0,2.2234359698052886e-05
SnooDoubts6155,0,3,5.1183421062839395e-05,2.2234359698052886e-05
UnplanningThePlanned,0,1,0.0,2.2234359698052886e-05
ter_ehh,0,1,0.0,2.2234359698052886e-05
manhattansinks,0,1,0.0,2.2234359698052886e-05
Material-Pool1561,0,1,0.0,2.2234359698052886e-05
pneuman,0,1,0.0,2.2234359698052886e-05
LetSalt7127,0,1,0.0,2.2234359698052886e-05
Main-Bid-1753,0,1,0.0,2.2234359698052886e-05
Longjumping_Chef_732,0,2,0.0,2.2234359698052886e-05
Regular_Hawk8513,0,1,0.0,2.2234359698052886e-05
whippedcreamtomato,0,1,0.0,2.2234359698052886e-05
LowComfortable5676,0,1,0.0,2.2234359698052886e-05
ChanelNo50,0,1,0.0,2.2234359698052886e-05
MarketDull2401,0,1,0.0,2.2234359698052886e-05
Catlady_Pilates,0,1,0.0,2.2234359698052886e-05
SadMoon1,0,1,0.0,2.2234359698052886e-05
Bettinatizzy,0,1,0.0,2.2234359698052886e-05
Sreg32,0,1,0.0,2.2234359698052886e-05
Dt2214,0,1,0.0,2.2234359698052886e-05
Takhar7,0,1,0.0,2.2234359698052886e-05
Tricky_Traditions,0,1,0.0,2.2234359698052886e-05
TankDivision,0,1,0.0,2.2234359698052886e-05
Natural-Protection44,0,1,0.0,2.2234359698052886e-05
bobstinson2,0,1,0.0,2.2234359698052886e-05
ajkeence99,0,1,0.0,2.2234359698052886e-05
Ok_Significance9925,0,1,0.0,2.2234359698052886e-05
Local_Magpie,0,1,0.0,2.2234359698052886e-05
Huge_Beginning5552,0,1,0.0,2.2234359698052886e-05
SecretAsianMann,0,1,0.0,2.2234359698052886e-05
CeruleanFuge,0,1,0.0,2.2234359698052886e-05
unheardnoon,0,1,0.0,2.2234359698052886e-05
Rez125,0,1,0.0,2.2234359698052886e-05
Gramlan17,0,1,0.0,2.2234359698052886e-05
AVgreencup,0,1,0.0,2.2234359698052886e-05
areongie,0,2,2.127544246912841e-06,2.2234359698052886e-05
RachReads1898,0,2,1.3096893297349382e-05,2.2234359698052886e-05
Blue_Phoenix512,0,2,0.0002520992377695881,2.2234359698052886e-05
Emergency-Sherbert58,0,1,0.0,2.2234359698052886e-05
WaferOwn9473,0,1,0.0,2.2234359698052886e-05
Cactopus47,0,1,0.0,2.2234359698052886e-05
swiftie444,0,1,0.0,2.2234359698052886e-05
phishyphriend,0,1,0.0,2.2234359698052886e-05
CatMarine1,0,1,0.0,2.2234359698052886e-05
PerpetuallyConfused_,0,1,0.0,2.2234359698052886e-05
summer993,0,1,0.0,2.2234359698052886e-05
Melodic-Fan2466,0,2,1.0478206833231476e-05,2.2234359698052886e-05
LukeDies,0,2,0.0007266418962100134,2.2234359698052886e-05
DashOfDodo,0,1,0.0,2.2234359698052886e-05
mrhenrypeacock,0,1,0.0,2.2234359698052886e-05
brackish-moon,0,3,0.0,2.2234359698052886e-05
Impossible-Tiger3424,0,1,0.0,2.2234359698052886e-05
fleuretlune,0,1,0.0,2.2234359698052886e-05
Mathisbase,0,1,0.0,2.2234359698052886e-05
Complex_Can_7540,0,1,0.0,2.2234359698052886e-05
DelayHopeful7228,0,1,0.0,2.2234359698052886e-05
Any_Replacement4087,0,1,0.0,2.2234359698052886e-05
Cold-Investigator776,0,1,0.0,2.2234359698052886e-05
hrubous_,0,1,0.0,2.2234359698052886e-05
blu9456am,0,1,0.0,2.2234359698052886e-05
Hummingbird136,0,1,0.0,2.2234359698052886e-05
fit_graphis_va,0,1,0.0,2.2234359698052886e-05
13wisdome,0,1,0.0,2.2234359698052886e-05
Obi-Wan_Bon-Jovi,0,1,0.0,2.2234359698052886e-05
Unlikely_Intern1271,0,1,0.0,2.2234359698052886e-05
Funnyturtle10,0,1,0.0,2.2234359698052886e-05
TaraBSugar,0,1,0.0,2.2234359698052886e-05
yellowseven,0,2,0.0,2.2234359698052886e-05
Zeuthis,0,2,0.0,2.2234359698052886e-05
peljopower9,0,1,0.0,2.2234359698052886e-05
killerdoggie,0,1,0.0,2.2234359698052886e-05
YourBeansInMyPants,0,1,0.0,2.2234359698052886e-05
a_baby_bumblebee,0,1,0.0,2.2234359698052886e-05
throwaway891369,0,1,0.0,2.2234359698052886e-05
Tgig0396,0,1,0.0,2.2234359698052886e-05
northernpace,0,3,0.0009480473996405114,2.2234359698052886e-05
Major_Hovercraft4471,0,1,0.0,2.2234359698052886e-05
GardinerExpressway,0,1,0.0,2.2234359698052886e-05
O_C_Demon,0,1,0.0,2.2234359698052886e-05
FatWreckords,0,1,0.0,2.2234359698052886e-05
Novel_Run7304,0,3,0.0,2.2234359698052886e-05
KoenigMichael,0,1,0.0,2.2234359698052886e-05
whimsicism,0,1,0.0,2.2234359698052886e-05
Azula_Rey,0,2,9.261578723944317e-07,2.2234359698052886e-05
KitchenStraight2922,0,1,0.0,2.2234359698052886e-05
Organic-Ad-6503,0,1,0.0,2.2234359698052886e-05
Fun_Emergency_6680,0,1,0.0,2.2234359698052886e-05
yoghurt_duck3110,0,1,0.0,2.2234359698052886e-05
nmtv_04,0,1,0.0,2.2234359698052886e-05
Significant_Sundae18,0,1,0.0,2.2234359698052886e-05
rdg68,0,1,0.0,2.2234359698052886e-05
Whole-Fly,0,1,0.0,2.2234359698052886e-05
Dull_Expression_4575,0,1,0.0,2.2234359698052886e-05
YoongiGucci,0,1,0.0,2.2234359698052886e-05
sarah_sexy,0,1,0.0,2.2234359698052886e-05
DannyC-5430,0,1,0.0,2.2234359698052886e-05
blakeibooTTV,0,1,0.0,2.2234359698052886e-05
Jakie_31_46,0,1,0.0,2.2234359698052886e-05
AmbitiousSpring5214,0,1,0.0,2.2234359698052886e-05
ContractOk4317,0,1,0.0,2.2234359698052886e-05
92coups17,0,2,3.26711220431027e-06,2.2234359698052886e-05
starmiesan,0,1,0.0,2.2234359698052886e-05
ebow77,0,1,0.0,2.2234359698052886e-05
Avocado_Birdie,0,1,0.0,2.2234359698052886e-05
Longjumping-Ad-1282,0,1,0.0,2.2234359698052886e-05
30flirty_thriving,0,2,0.0,2.2234359698052886e-05
Lazy-Ability-3196,0,1,0.0,2.2234359698052886e-05
LordGwenLord,0,1,0.0,2.2234359698052886e-05
Ornery-Law1670,0,1,0.0,2.2234359698052886e-05
adamfowl,0,1,0.0,2.2234359698052886e-05
lachyTDI7,0,1,0.0,2.2234359698052886e-05
Thumper13,0,1,0.0,2.2234359698052886e-05
NewspaperNeither6787,0,1,0.0,2.2234359698052886e-05
SkaterLady,0,1,0.0,2.2234359698052886e-05
frenchie-fanatic,0,1,0.0,2.2234359698052886e-05
EasiBreezi,0,2,0.0,2.2234359698052886e-05
niakasi,0,1,0.0,2.2234359698052886e-05
Objective-Breath4863,0,1,0.0,2.2234359698052886e-05
paprika_13,0,1,0.0,2.2234359698052886e-05
Claidissa,0,2,2.396771551308305e-05,2.2234359698052886e-05
Aggravating_Candle38,0,1,0.0,2.2234359698052886e-05
Ok_Philosopher_5090,0,1,0.0,2.2234359698052886e-05
-InconspicuousMoose-,0,2,0.00023894862604540023,2.2234359698052886e-05
caviarbentley,0,1,0.0,2.2234359698052886e-05
SamuliK96,0,1,0.0,2.2234359698052886e-05
DoubleBlackBSA24,0,2,5.554210304786617e-05,2.2234359698052886e-05
Time-Magazine-249,0,1,0.0,2.2234359698052886e-05
Hollow_Man_1919,0,1,0.0,2.2234359698052886e-05
shrimp99991,0,1,0.0,2.2234359698052886e-05
AcceptableTea1460,0,1,0.0,2.2234359698052886e-05
SensitiveBuy9632,0,1,0.0,2.2234359698052886e-05
NYChockey14,0,1,0.0,2.2234359698052886e-05
brozenthesnow,0,1,0.0,2.2234359698052886e-05
Signal_Watercress468,0,1,0.0,2.2234359698052886e-05
ProbsNotManBearPig,0,1,0.0,2.2234359698052886e-05
TheCleverMoose,0,1,0.0,2.2234359698052886e-05
Monahands,0,1,0.0,2.2234359698052886e-05
HourlyEdo,0,1,0.0,2.2234359698052886e-05
Mission-Carry-887,0,1,0.0,2.2234359698052886e-05
aku89,0,1,0.0,2.2234359698052886e-05
Own_Psychology_6234,0,1,0.0,2.2234359698052886e-05
Cheap-Secretary3729,0,1,0.0,2.2234359698052886e-05
Chemical-Idea-1294,0,1,0.0,2.2234359698052886e-05
SidFields,0,1,0.0,2.2234359698052886e-05
Cypher1492,0,2,0.0003393477040861128,2.2234359698052886e-05
mylovelanguageiswine,0,1,0.0,2.2234359698052886e-05
Canadian_Waffleiron,0,1,0.0,2.2234359698052886e-05
DrScampi,0,1,0.0,2.2234359698052886e-05
NegatronThomas,0,1,0.0,2.2234359698052886e-05
naked_avenger,0,1,0.0,2.2234359698052886e-05
Decoys_Leash_Handler,0,1,0.0,2.2234359698052886e-05
JSnats65,0,1,0.0,2.2234359698052886e-05
scarlet_stormTrooper,0,1,0.0,2.2234359698052886e-05
LanikMan07,0,1,0.0,2.2234359698052886e-05
Funky-Feeling,0,1,0.0,2.2234359698052886e-05
Nokesey307,0,1,0.0,2.2234359698052886e-05
sololegend89,0,1,0.0,2.2234359698052886e-05
infinite_burrito,0,1,0.0,2.2234359698052886e-05
play_by_cdg,0,2,0.0,2.2234359698052886e-05
BoRnIn2aTiTuDe,0,1,0.0,2.2234359698052886e-05
rossco7777,0,1,0.0,2.2234359698052886e-05
DeusMexMachina,0,1,0.0,2.2234359698052886e-05
Dyl_Hutch,0,1,0.0,2.2234359698052886e-05
jonpictogramjones,0,1,0.0,2.2234359698052886e-05
buckwheatbondsman,0,1,0.0,2.2234359698052886e-05
red1215,0,1,0.0,2.2234359698052886e-05
UnlimitedSoupandRHCP,0,1,0.0,2.2234359698052886e-05
Brady331,0,1,0.0,2.2234359698052886e-05
joshuauaua,0,2,4.974606914933034e-05,2.2234359698052886e-05
Conscious_Row_5231,0,1,0.0,2.2234359698052886e-05
aestival,0,1,0.0,2.2234359698052886e-05
Catrocantor,0,1,0.0,2.2234359698052886e-05
overthisbynow,0,1,0.0,2.2234359698052886e-05
Mordo80,0,1,0.0,2.2234359698052886e-05
daaaaarius,0,1,0.0,2.2234359698052886e-05
Big-Definition8228,0,1,0.0,2.2234359698052886e-05
jromansz,0,1,0.0,2.2234359698052886e-05
whentheworldwasatwar,0,2,3.823587041111576e-06,2.2234359698052886e-05
Ok-Cicada51,0,1,0.0,2.2234359698052886e-05
AdvisorDefiant1934,0,3,0.0,2.2234359698052886e-05
oneuglygeek,0,1,0.0,2.2234359698052886e-05
Specialist_Error_845,0,1,0.0,2.2234359698052886e-05
Puzzleheaded_Try2950,0,1,0.0,2.2234359698052886e-05
HyphyStarchild,0,1,0.0,2.2234359698052886e-05
Odd-Habit-4223,0,1,0.0,2.2234359698052886e-05
Intelligent_Fox_1287,0,1,0.0,2.2234359698052886e-05
Moon_Flowers420,0,1,0.0,2.2234359698052886e-05
DerpyBoxer,0,1,0.0,2.2234359698052886e-05
Dear_Stock_4655,0,2,0.00015937603199520022,2.2234359698052886e-05
Melodic-Income-3753,0,1,0.0,2.2234359698052886e-05
Any-Ad-446,0,1,0.0,2.2234359698052886e-05
DragonRage7014,0,1,0.0,2.2234359698052886e-05
Cautious_Platypus244,0,1,0.0,2.2234359698052886e-05
ESB409,0,1,0.0,2.2234359698052886e-05
YourMomSloppySeconds,0,1,0.0,2.2234359698052886e-05
Hopeful-Big6843,0,1,0.0,2.2234359698052886e-05
vszcecilia,0,1,0.0,2.2234359698052886e-05
AssumptionKlutzy9314,0,1,0.0,2.2234359698052886e-05
theburbankian,0,1,0.0,2.2234359698052886e-05
Savings-Studio-2779,0,1,0.0,2.2234359698052886e-05
Quiet-Condition2536,0,1,0.0,2.2234359698052886e-05
universe93,0,2,0.00024308989861984872,2.2234359698052886e-05
Inevitable-Ad-8522,0,1,0.0,2.2234359698052886e-05
BlackGirlonMountain,0,1,0.0,2.2234359698052886e-05
Section1ne0h4our,0,1,0.0,2.2234359698052886e-05
lakubisnes,0,1,0.0,2.2234359698052886e-05
raziel686,0,1,0.0,2.2234359698052886e-05
Camdaman0530,0,1,0.0,2.2234359698052886e-05
Ryanlester5789,0,1,0.0,2.2234359698052886e-05
SaskMan04,0,2,0.001039434011585284,2.2234359698052886e-05
EddySea,0,1,0.0,2.2234359698052886e-05
jaysanw,0,1,0.0,2.2234359698052886e-05
islesrule224,0,1,0.0,2.2234359698052886e-05
masterchief0587,0,1,0.0,2.2234359698052886e-05
soccer-fanatic,0,1,0.0,2.2234359698052886e-05
nancy-shrew,0,2,0.0005761451627519064,2.2234359698052886e-05
PCMasterCucks,0,1,0.0,2.2234359698052886e-05
PLoxeus,0,1,0.0,2.2234359698052886e-05
marimbaguy715,0,1,0.0,2.2234359698052886e-05
TheImmaculateBastard,0,1,0.0,2.2234359698052886e-05
ywgflyer,0,1,0.0,2.2234359698052886e-05
Focusondiversity,0,1,0.0,2.2234359698052886e-05
viperswhip,0,1,0.0,2.2234359698052886e-05
inalasahl,0,1,0.0,2.2234359698052886e-05
MiamiVicePurple,0,1,0.0,2.2234359698052886e-05
Soggy-Horse215,0,1,0.0,2.2234359698052886e-05
SunSimilar9988,0,1,0.0,2.2234359698052886e-05
No-Doctor-4396,0,1,0.0,2.2234359698052886e-05
PapaJoeNH,0,1,0.0,2.2234359698052886e-05
CoquitlamCannon,0,1,0.0,2.2234359698052886e-05
OrganizationFront,0,1,0.0,2.2234359698052886e-05
Standard_Golf_1394,0,1,0.0,2.2234359698052886e-05
letsgoToshio,0,2,8.055762325624224e-05,2.2234359698052886e-05
silly_booze,0,1,0.0,2.2234359698052886e-05
SlightlyOffWhiteFire,0,1,0.0,2.2234359698052886e-05
DeuceBuggalo,0,1,0.0,2.2234359698052886e-05
IsTheBlackBoxLying,0,1,0.0,2.2234359698052886e-05
Sports_Lorry,0,1,0.0,2.2234359698052886e-05
ShouldBeASavage,0,3,0.00018568085875908703,2.2234359698052886e-05
komplicirana,0,1,0.0,2.2234359698052886e-05
Raja_Ampat,0,1,0.0,2.2234359698052886e-05
Writer_Elliot,0,1,0.0,2.2234359698052886e-05
Fancy-Neighborhood74,0,3,0.0,2.2234359698052886e-05
NedMerril,0,1,0.0,2.2234359698052886e-05
Immediate_Pickle_788,0,1,0.0,2.2234359698052886e-05
mtntodesert,0,1,0.0,2.2234359698052886e-05
Jegeren,0,1,0.0,2.2234359698052886e-05
RandomThrowNick,0,1,0.0,2.2234359698052886e-05
Ok-Accident-9026,0,1,0.0,2.2234359698052886e-05
twofactorial,0,1,0.0,2.2234359698052886e-05
pullingahead,0,1,0.0,2.2234359698052886e-05
FormerInstruction745,0,1,0.0,2.2234359698052886e-05
True-Bear-2561,0,3,5.158752040472471e-07,2.2234359698052886e-05
MisterProfGuy,0,2,0.00021920131104990592,2.2234359698052886e-05
Dod93_,0,1,0.0,2.2234359698052886e-05
ToothPlayful770,0,1,0.0,2.2234359698052886e-05
Nastypav12,0,1,0.0,2.2234359698052886e-05
Difficult_Iron2747,0,1,0.0,2.2234359698052886e-05
Straight_Number5661,0,1,0.0,2.2234359698052886e-05
earlgreyalmondmilk,0,1,0.0,2.2234359698052886e-05
LateAdhesiveness6926,0,1,0.0,2.2234359698052886e-05
kajam13,0,1,0.0,2.2234359698052886e-05
gowonagin,0,1,0.0,2.2234359698052886e-05
Legal_Sport_2399,0,1,0.0,2.2234359698052886e-05
sarahz04,0,1,0.0,2.2234359698052886e-05
RollLongjumping6920,0,1,0.0,2.2234359698052886e-05
ALittleStitious1027,0,1,0.0,2.2234359698052886e-05
ACW1129,0,2,6.585494622654996e-05,2.2234359698052886e-05
Aplazing,0,1,0.0,2.2234359698052886e-05
TriceratopsHunter,0,1,0.0,2.2234359698052886e-05
Long_Mixture5708,0,1,0.0,2.2234359698052886e-05
Objective-Refuse-533,0,1,0.0,2.2234359698052886e-05
Gerf93,0,4,0.0006174176443488785,2.2234359698052886e-05
Wakez11,0,1,0.0,2.2234359698052886e-05
captainfalcon93,0,1,0.0,2.2234359698052886e-05
Baksteen-13,0,1,0.0,2.2234359698052886e-05
ampmz,0,1,0.0,2.2234359698052886e-05
Troutsky3,0,1,0.0,2.2234359698052886e-05
WarmWrought,0,1,0.0,2.2234359698052886e-05
mermaidshrooms,0,1,0.0,2.2234359698052886e-05
oneduckwithtwotails,0,1,0.0,2.2234359698052886e-05
No_Spite5192,0,1,0.0,2.2234359698052886e-05
Plus-Ticket5185,0,2,0.002102534292126816,2.2234359698052886e-05
SlainByOne,0,1,0.0,2.2234359698052886e-05
singinglupines,0,1,0.0,2.2234359698052886e-05
nothingeverhappens91,0,1,0.0,2.2234359698052886e-05
scrunchie_one,0,1,0.0,2.2234359698052886e-05
Toodou,0,1,0.0,2.2234359698052886e-05
ell_hou,0,1,0.0,2.2234359698052886e-05
Divergent_Thinker_,0,1,0.0,2.2234359698052886e-05
Mash709,0,1,0.0,2.2234359698052886e-05
ArtSmass,0,1,0.0,2.2234359698052886e-05
Proper-Background-70,0,1,0.0,2.2234359698052886e-05
MasterpieceSea7722,0,1,0.0,2.2234359698052886e-05
Intelligent_Toe_2115,0,1,0.0,2.2234359698052886e-05
Crow-Sea,0,3,5.727122475711456e-05,2.2234359698052886e-05
Defiant_Surround_95,0,1,0.0,2.2234359698052886e-05
Seafinluver,0,2,5.7279248230408015e-05,2.2234359698052886e-05
Vegetable_Ear_8440,0,1,0.0,2.2234359698052886e-05
PinappBaby,0,1,0.0,2.2234359698052886e-05
dentist9of10,0,1,0.0,2.2234359698052886e-05
Outrageous-Start6409,0,1,0.0,2.2234359698052886e-05
esetonline,0,1,0.0,2.2234359698052886e-05
MyBackHurts5265,0,1,0.0,2.2234359698052886e-05
lambrogina,0,1,0.0,2.2234359698052886e-05
No-Spend8480,0,1,0.0,2.2234359698052886e-05
rwwolma,0,1,0.0,2.2234359698052886e-05
rcktick,0,1,0.0,2.2234359698052886e-05
Ok-Significance-4174,0,1,0.0,2.2234359698052886e-05
Big-Ad2008,0,1,0.0,2.2234359698052886e-05
TheG0at23,0,1,0.0,2.2234359698052886e-05
Unlikely_Block6691,0,1,0.0,2.2234359698052886e-05
bassfisher556,0,1,0.0,2.2234359698052886e-05
Brilliant_Fishing400,0,1,0.0,2.2234359698052886e-05
burnsatthestake,0,1,0.0,2.2234359698052886e-05
Budget_Fig_9977,0,1,0.0,2.2234359698052886e-05
Mindless_Badger_3789,0,1,0.0,2.2234359698052886e-05
Squid_A,0,1,0.0,2.2234359698052886e-05
jellocupz,0,1,0.0,2.2234359698052886e-05
rogeryocheng,0,1,0.0,2.2234359698052886e-05
nicholez3sty9228,0,1,0.0,2.2234359698052886e-05
Munchnello,0,1,0.0,2.2234359698052886e-05
HecateCleric,0,2,1.7996053478897975e-05,2.2234359698052886e-05
Tasty_Asparagus_2006,0,1,0.0,2.2234359698052886e-05
EarlyNeighborhood901,0,1,0.0,2.2234359698052886e-05
sandraskates,0,1,0.0,2.2234359698052886e-05
loobroo,0,1,0.0,2.2234359698052886e-05
ElegantEnd2533,0,1,0.0,2.2234359698052886e-05
Effective_Fall_5225,0,5,0.00024811393354479735,2.2234359698052886e-05
mistyx13,0,1,0.0,2.2234359698052886e-05
Desperate-Sundae-525,0,1,0.0,2.2234359698052886e-05
mrbootawarrior,0,1,0.0,2.2234359698052886e-05
j_tothemoon,0,1,0.0,2.2234359698052886e-05
Help-me-name-my-pup,0,1,0.0,2.2234359698052886e-05
Stunted-Slime,0,1,0.0,2.2234359698052886e-05
Imaginary_Agent2564,0,1,0.0,2.2234359698052886e-05
Sandberg231984,0,1,0.0,2.2234359698052886e-05
No-Nonsense-Please,0,1,0.0,2.2234359698052886e-05
Jono_Scraggles,0,1,0.0,2.2234359698052886e-05
tanksplease,0,1,0.0,2.2234359698052886e-05
adamu980,0,1,0.0,2.2234359698052886e-05
tiddymctitface,0,1,0.0,2.2234359698052886e-05
Rvsone,0,1,0.0,2.2234359698052886e-05
murderdocks,0,2,0.00016344344268440109,2.2234359698052886e-05
PizzaGirl9825,0,3,7.21459244381229e-05,2.2234359698052886e-05
WildMajesticUnicorn,0,2,0.0003700984166893788,2.2234359698052886e-05
More_Television_2646,0,2,2.3074560419970738e-05,2.2234359698052886e-05
joeyy_4d,0,1,0.0,2.2234359698052886e-05
Dalecoopersdream,0,1,0.0,2.2234359698052886e-05
lizaholec,0,1,0.0,2.2234359698052886e-05
floppypiranna,0,1,0.0,2.2234359698052886e-05
black-turtlenecks,0,9,0.00020231152525287559,2.2234359698052886e-05
riointhesky,0,1,0.0,2.2234359698052886e-05
HotelLima6,0,1,0.0,2.2234359698052886e-05
Emisonreddit,0,1,0.0,2.2234359698052886e-05
waitingformorning,0,1,0.0,2.2234359698052886e-05
Broad_Kick_9425,0,1,0.0,2.2234359698052886e-05
Assignment_General,0,1,0.0,2.2234359698052886e-05
rachel_liza,0,1,0.0,2.2234359698052886e-05
kuroi_suzume,0,1,0.0,2.2234359698052886e-05
pistoldottir,0,2,7.257647986977101e-05,2.2234359698052886e-05
Future-Funny-2038,0,1,0.0,2.2234359698052886e-05
PlanetSeaShells,0,1,0.0,2.2234359698052886e-05
mw_CH,0,1,0.0,2.2234359698052886e-05
Nagareboshi17,0,1,0.0,2.2234359698052886e-05
benjowtm,0,1,0.0,2.2234359698052886e-05
Ardentiat,0,1,0.0,2.2234359698052886e-05
NotCalvinTrillin,0,1,0.0,2.2234359698052886e-05
PlatypusEgo,0,1,0.0,2.2234359698052886e-05
moparornocar,0,1,0.0,2.2234359698052886e-05
Brys_Beddict,0,2,0.0006658495844815323,2.2234359698052886e-05
immasayyes,0,1,0.0,2.2234359698052886e-05
EchoSkillet,0,2,3.2546158399516603e-05,2.2234359698052886e-05
DotThis2542,0,1,0.0,2.2234359698052886e-05
Jellyfish-Ninja,0,1,0.0,2.2234359698052886e-05
Katterrinna,0,1,0.0,2.2234359698052886e-05
surlystraggler,0,1,0.0,2.2234359698052886e-05
Poot_Hooter,0,1,0.0,2.2234359698052886e-05
IllicitTomato,0,1,0.0,2.2234359698052886e-05
abstractarrow,0,1,0.0,2.2234359698052886e-05
vanillaacid,0,1,0.0,2.2234359698052886e-05
NewAccountEachYear,0,1,0.0,2.2234359698052886e-05
aamgdp,0,2,0.0007265201126489433,2.2234359698052886e-05
beantherio,0,3,0.00032048643462001243,2.2234359698052886e-05
ThisRiverIsWild_,0,1,0.0,2.2234359698052886e-05
AlexTheNMacedonian,0,2,0.0,2.2234359698052886e-05
Important-Shower-183,0,1,0.0,2.2234359698052886e-05
twiggz612,0,1,0.0,2.2234359698052886e-05
Aggressive-Rub-8344,0,1,0.0,2.2234359698052886e-05
A12086256,0,1,0.0,2.2234359698052886e-05
lsp2005,0,3,0.0006115158164970622,2.2234359698052886e-05
hotdiva7,0,1,0.0,2.2234359698052886e-05
Spirited-Plankton821,0,1,0.0,2.2234359698052886e-05
the4thdragonrider,0,3,3.553147836371864e-05,2.2234359698052886e-05
Napalm3nema,0,2,9.465172731166071e-05,2.2234359698052886e-05
Infinite44Reward,0,1,0.0,2.2234359698052886e-05
SquidsCan,0,1,0.0,2.2234359698052886e-05
CalebosO4,0,1,0.0,2.2234359698052886e-05
nava08al,0,2,0.0,2.2234359698052886e-05
Zestyclose_Ant_3039,0,2,0.0,2.2234359698052886e-05
megankjones22,0,4,0.0025721919793989423,2.2234359698052886e-05
slr1908,0,1,0.0,2.2234359698052886e-05
IlllIlIIlIlllIlIIIII,0,1,0.0,2.2234359698052886e-05
malizeleni,0,1,0.0,2.2234359698052886e-05
DilIsPickle,0,1,0.0,2.2234359698052886e-05
EuroStepJam,0,1,0.0,2.2234359698052886e-05
stereoreal2,0,2,0.0,2.2234359698052886e-05
___VIBEZ___,0,2,0.0,2.2234359698052886e-05
GiEnneE,0,1,0.0,2.2234359698052886e-05
keyser1981,0,1,0.0,2.2234359698052886e-05
Fast-Drag3574,0,1,0.0,2.2234359698052886e-05
NoGiCollarChoke,0,2,0.0011685534231648143,2.2234359698052886e-05
beachy927,0,1,0.0,2.2234359698052886e-05
ResultRecent6254,0,2,0.0,2.2234359698052886e-05
IAmBizarroStormyAMA,0,2,0.0007951862416193748,2.2234359698052886e-05
Mogilny2000,0,2,0.000544471995426098,2.2234359698052886e-05
torpedostud99,0,1,0.0,2.2234359698052886e-05
Spiritual_Battle_769,0,2,7.715942313432086e-05,2.2234359698052886e-05
AJS76reddit,0,1,0.0,2.2234359698052886e-05
Specialist-Art5406,0,1,0.0,2.2234359698052886e-05
UncleTrapspringer,0,1,0.0,2.2234359698052886e-05
ThickBootyEnjoyer,0,1,0.0,2.2234359698052886e-05
backwardzhatz,0,1,0.0,2.2234359698052886e-05
DPitoLeMans,0,1,0.0,2.2234359698052886e-05
Mindless-Command5107,0,1,0.0,2.2234359698052886e-05
Boonsweet,0,1,0.0,2.2234359698052886e-05
Teerunesh,0,1,0.0,2.2234359698052886e-05
Own_Look_7906,0,1,0.0,2.2234359698052886e-05
Delicious_Tip_8678,0,1,0.0,2.2234359698052886e-05
smitty046,0,1,0.0,2.2234359698052886e-05
DarkwingDuckHunt,0,1,0.0,2.2234359698052886e-05
Federico216,0,1,0.0,2.2234359698052886e-05
0vindicator10,0,1,0.0,2.2234359698052886e-05
escapetolight,0,1,0.0,2.2234359698052886e-05
sceddit,0,1,0.0,2.2234359698052886e-05
milkshakecabinet,0,1,0.0,2.2234359698052886e-05
mexicanlizards,0,1,0.0,2.2234359698052886e-05
SweetVarys,0,1,0.0,2.2234359698052886e-05
GharlieConCarne,0,1,0.0,2.2234359698052886e-05
ilikehockeyandguitar,0,1,0.0,2.2234359698052886e-05
CodyHodgsonAnon19,0,7,2.293955931056713e-06,2.2234359698052886e-05
NearPup,0,1,0.0,2.2234359698052886e-05
pooploserbq,0,2,0.0,2.2234359698052886e-05
MkeYosh,0,1,0.0,2.2234359698052886e-05
Redylittle,0,1,0.0,2.2234359698052886e-05
ytew6,0,1,0.0,2.2234359698052886e-05
InterestingAd3728,0,1,0.0,2.2234359698052886e-05
Slimmanoman,0,1,0.0,2.2234359698052886e-05
Blitzdog416,0,1,0.0,2.2234359698052886e-05
Red_wine77,0,1,0.0,2.2234359698052886e-05
ILikeDoingStuff69420,0,2,0.0,2.2234359698052886e-05
savy9,0,1,0.0,2.2234359698052886e-05
Shobed,0,1,0.0,2.2234359698052886e-05
i-am-the-walrus789,0,1,0.0,2.2234359698052886e-05
yeehaw-girl,0,1,0.0,2.2234359698052886e-05
reichya,0,1,0.0,2.2234359698052886e-05
Asleep-Project3434,0,1,0.0,2.2234359698052886e-05
freddythepole19,0,1,0.0,2.2234359698052886e-05
Medium-Crazy5330,0,1,0.0,2.2234359698052886e-05
Magraev,0,1,0.0,2.2234359698052886e-05
enseela,0,1,0.0,2.2234359698052886e-05
slithersky,0,1,0.0,2.2234359698052886e-05
UniqueName15,0,1,0.0,2.2234359698052886e-05
nardling_13,0,1,0.0,2.2234359698052886e-05
bradtheinvincible,0,1,0.0,2.2234359698052886e-05
Direct-Efficiency741,0,1,0.0,2.2234359698052886e-05
VoxBalaeNae,0,1,0.0,2.2234359698052886e-05
Grantus89,0,1,0.0,2.2234359698052886e-05
onebloodyemu,0,1,0.0,2.2234359698052886e-05
Scared_Cow9483,0,1,0.0,2.2234359698052886e-05
9ofdiamonds,0,1,0.0,2.2234359698052886e-05
tuhn,0,1,0.0,2.2234359698052886e-05
peanut_galleries,0,1,0.0,2.2234359698052886e-05
Common-Economy-6358,0,2,0.0009397240975743698,2.2234359698052886e-05
ExistingAthlete6092,0,1,0.0,2.2234359698052886e-05
Merochmer,0,2,0.0007584888146885845,2.2234359698052886e-05
SomeJayForToday,0,1,0.0,2.2234359698052886e-05
ello_officer,0,1,0.0,2.2234359698052886e-05
Maverick721,0,3,0.0,2.2234359698052886e-05
Reptar_4_Life,0,2,0.0,2.2234359698052886e-05
ccboss69,0,1,0.0,2.2234359698052886e-05
Hanhula,0,1,0.0,2.2234359698052886e-05
UserAccountBanned,0,1,0.0,2.2234359698052886e-05
juliuspepperwoodchi,0,1,0.0,2.2234359698052886e-05
Madeyoublockme,0,3,0.00019014757690568834,2.2234359698052886e-05
Pokemon_Trainer_May,0,1,0.0,2.2234359698052886e-05
Deathstroke317,0,1,0.0,2.2234359698052886e-05
axecalibur,0,1,0.0,2.2234359698052886e-05
PeterIanStaker,0,1,0.0,2.2234359698052886e-05
Outrageous_Pie_5640,0,1,0.0,2.2234359698052886e-05
Jellycat89,0,1,0.0,2.2234359698052886e-05
baseballtrx,0,1,0.0,2.2234359698052886e-05
Ok-Treat7272,0,1,0.0,2.2234359698052886e-05
Tweakler57,0,1,0.0,2.2234359698052886e-05
Eastern-Hamster-5050,0,1,0.0,2.2234359698052886e-05
JinyoungBlack,0,1,0.0,2.2234359698052886e-05
BiscoBiscuit,0,1,0.0,2.2234359698052886e-05
geoffryb,0,2,0.0,2.2234359698052886e-05
excitedprotons,0,2,1.3453866680723919e-05,2.2234359698052886e-05
rustyb42,0,1,0.0,2.2234359698052886e-05
tenzindolma2047,0,1,0.0,2.2234359698052886e-05
MorningRooster,0,1,0.0,2.2234359698052886e-05
punkdrummer22,0,1,0.0,2.2234359698052886e-05
Delicious-Income2162,0,1,0.0,2.2234359698052886e-05
spurcap29,0,1,0.0,2.2234359698052886e-05
misplaced_islander,0,1,0.0,2.2234359698052886e-05
marshalofthemark,0,2,1.6766815445195395e-05,2.2234359698052886e-05
Dora-Vee,0,1,0.0,2.2234359698052886e-05
thelakesfolklore,0,1,0.0,2.2234359698052886e-05
GenJohnnyRico,0,2,0.00011947431302270011,2.2234359698052886e-05
Necessary_Winter_808,0,1,0.0,2.2234359698052886e-05
Loose_Towel_3502,0,1,0.0,2.2234359698052886e-05
BrusselSproutsLove,0,1,0.0,2.2234359698052886e-05
TevecQ,0,1,0.0,2.2234359698052886e-05
Hyphophysis,0,1,0.0,2.2234359698052886e-05
Donner_Par_Tea_House,0,1,0.0,2.2234359698052886e-05
Orionite,0,3,4.125628851900634e-05,2.2234359698052886e-05
Usernome1,0,1,0.0,2.2234359698052886e-05
eltuna3636,0,1,0.0,2.2234359698052886e-05
Ok_Passage_7151,0,1,0.0,2.2234359698052886e-05
evasive_tautology,0,2,2.986857825567503e-08,2.2234359698052886e-05
tetiu,0,1,0.0,2.2234359698052886e-05
JohnStoppable,0,1,0.0,2.2234359698052886e-05
No_Shallot9037,0,1,0.0,2.2234359698052886e-05
Sherlock_117,0,1,0.0,2.2234359698052886e-05
Top-Ear-7959,0,1,0.0,2.2234359698052886e-05
Harachel,0,2,0.00016207372337093218,2.2234359698052886e-05
frequent_changeling,0,1,0.0,2.2234359698052886e-05
EmTeeEl,0,1,0.0,2.2234359698052886e-05
think_long,0,1,0.0,2.2234359698052886e-05
Richdark,0,1,0.0,2.2234359698052886e-05
kloti38,0,1,0.0,2.2234359698052886e-05
Asto_Vidatu,0,1,0.0,2.2234359698052886e-05
Outside-Net-2655,0,1,0.0,2.2234359698052886e-05
florange7,0,1,0.0,2.2234359698052886e-05
miraclesofthursday,0,1,0.0,2.2234359698052886e-05
Double_Resort_9223,0,1,0.0,2.2234359698052886e-05
kokokobop,0,2,0.00012534592988099812,2.2234359698052886e-05
DoubleDimension,0,1,0.0,2.2234359698052886e-05
No_Fee1458,0,1,0.0,2.2234359698052886e-05
ExtensionParsley4205,0,2,0.0005808246732945141,2.2234359698052886e-05
Mato12703,0,1,0.0,2.2234359698052886e-05
POGtastic,0,2,8.583227683733848e-06,2.2234359698052886e-05
Neamow,0,1,0.0,2.2234359698052886e-05
hotstickywaffle,0,1,0.0,2.2234359698052886e-05
ViperRaven,0,1,0.0,2.2234359698052886e-05
us_against_the_world,0,1,0.0,2.2234359698052886e-05
just_reading_along1,0,1,0.0,2.2234359698052886e-05
Darth-Decimus,0,1,0.0,2.2234359698052886e-05
Giraffes__Neck,0,1,0.0,2.2234359698052886e-05
Lightning_Driver,0,2,0.0,2.2234359698052886e-05
jbjr3,0,1,0.0,2.2234359698052886e-05
Weakness_Infinite,0,1,0.0,2.2234359698052886e-05
ratapignata,0,1,0.0,2.2234359698052886e-05
GurraJG,0,1,0.0,2.2234359698052886e-05
CompetitiveArtichoke,0,1,0.0,2.2234359698052886e-05
Pretty_Marsh,0,1,0.0,2.2234359698052886e-05
number1alien,0,1,0.0,2.2234359698052886e-05
KoalaBackground1865,0,1,0.0,2.2234359698052886e-05
Diarygirl,0,1,0.0,2.2234359698052886e-05
avaacc77,0,2,0.00023192412988023533,2.2234359698052886e-05
SDBadKitty,0,1,0.0,2.2234359698052886e-05
AndAwayWeGo_,0,1,0.0,2.2234359698052886e-05
lillyjoyce2000,0,1,0.0,2.2234359698052886e-05
ArrivalActual,0,1,0.0,2.2234359698052886e-05
RealPoochZie,0,1,0.0,2.2234359698052886e-05
assaub,0,1,0.0,2.2234359698052886e-05
ParsnipNaive8494,0,1,0.0,2.2234359698052886e-05
Laura_2222,0,1,0.0,2.2234359698052886e-05
RoniaRobbersDaughter,0,1,0.0,2.2234359698052886e-05
Affectionate-Panic-1,0,1,0.0,2.2234359698052886e-05
CookSoooGood,0,1,0.0,2.2234359698052886e-05
Euphoric-Loan6252,0,1,0.0,2.2234359698052886e-05
Mobile-Thanks-9598,0,3,0.0,2.2234359698052886e-05
Himera71,0,1,0.0,2.2234359698052886e-05
29kk,0,4,0.0003479987589807557,2.2234359698052886e-05
YukiOnnaLake,0,1,0.0,2.2234359698052886e-05
Hiddespaan,0,1,0.0,2.2234359698052886e-05
hadenthefox,0,1,0.0,2.2234359698052886e-05
RebootJobs,0,3,0.0018658849759073377,2.2234359698052886e-05
owleaf,0,1,0.0,2.2234359698052886e-05
Free_Farm_7736,0,1,0.0,2.2234359698052886e-05
miserlou,0,1,0.0,2.2234359698052886e-05
956chubbs,0,1,0.0,2.2234359698052886e-05
Lyderhorn,0,1,0.0,2.2234359698052886e-05
AppealToReason16,0,1,0.0,2.2234359698052886e-05
TattleTits22,0,1,0.0,2.2234359698052886e-05
Bremics,0,1,0.0,2.2234359698052886e-05
roozer94,0,1,0.0,2.2234359698052886e-05
Lextasy_401,0,2,7.099944606455831e-05,2.2234359698052886e-05
kiimnu,0,2,1.8592764675776195e-05,2.2234359698052886e-05
2014olympicgold,0,1,0.0,2.2234359698052886e-05
EweCantTouchThis,0,3,0.00494268658312768,2.2234359698052886e-05
haseks_adductor,0,1,0.0,2.2234359698052886e-05
SetLevel4821,0,1,0.0,2.2234359698052886e-05
Gravien,0,1,0.0,2.2234359698052886e-05
Hansemannn,0,1,0.0,2.2234359698052886e-05
Mida5Touch,0,2,0.0,2.2234359698052886e-05
The_Blue_Rooster,0,1,0.0,2.2234359698052886e-05
PersimmonNo3558,0,1,0.0,2.2234359698052886e-05
cft4nh,0,1,0.0,2.2234359698052886e-05
musicandsex,0,1,0.0,2.2234359698052886e-05
Kolbin8tor,0,1,0.0,2.2234359698052886e-05
chewbawkaw,0,1,0.0,2.2234359698052886e-05
GentleWhiteGiant,0,1,0.0,2.2234359698052886e-05
Rossum81,0,1,0.0,2.2234359698052886e-05
labtech67,0,1,0.0,2.2234359698052886e-05
SugarVast,0,1,0.0,2.2234359698052886e-05
Northeast-Ninja,0,1,0.0,2.2234359698052886e-05
mw_a,0,1,0.0,2.2234359698052886e-05
oldmantutters,0,1,0.0,2.2234359698052886e-05
MegaTimX,0,1,0.0,2.2234359698052886e-05
rhineo007,0,1,0.0,2.2234359698052886e-05
yelleknave,0,1,0.0,2.2234359698052886e-05
AUGUST_BURNS_REDDIT,0,1,0.0,2.2234359698052886e-05
treyquartista,0,1,0.0,2.2234359698052886e-05
Environmental_Dig335,0,1,0.0,2.2234359698052886e-05
Shermdonor,0,3,7.56078301713642e-05,2.2234359698052886e-05
atomiicpumpkiin,0,3,1.108187675568765e-05,2.2234359698052886e-05
ohhitherewhatsupp,0,1,0.0,2.2234359698052886e-05
xHOLOxTHExWOLFx,0,1,0.0,2.2234359698052886e-05
OhThatsAustin,0,1,0.0,2.2234359698052886e-05
CatLords,0,1,0.0,2.2234359698052886e-05
whudaht,0,1,0.0,2.2234359698052886e-05
bigowies,0,1,0.0,2.2234359698052886e-05
BigE429,0,1,0.0,2.2234359698052886e-05
anglophile20,0,1,0.0,2.2234359698052886e-05
Pseudonova,0,1,0.0,2.2234359698052886e-05
szedina,0,1,0.0,2.2234359698052886e-05
Phantom_Pain_Sux,0,1,0.0,2.2234359698052886e-05
Sodapop3_,0,1,0.0,2.2234359698052886e-05
JohnnyTZone,0,1,0.0,2.2234359698052886e-05
Extreme-Emu-4336,0,1,0.0,2.2234359698052886e-05
Worldly_Project_233,0,1,0.0,2.2234359698052886e-05
fsl3,0,1,0.0,2.2234359698052886e-05
bsaures,0,1,0.0,2.2234359698052886e-05
EcksEcks,0,1,0.0,2.2234359698052886e-05
Bahamas_is_relevant,0,3,0.0009576660667203263,2.2234359698052886e-05
dust_buster172,0,1,0.0,2.2234359698052886e-05
schlizschlemon,0,1,0.0,2.2234359698052886e-05
internetlad,0,3,2.5455955707940735e-06,2.2234359698052886e-05
Humillionaire,0,1,0.0,2.2234359698052886e-05
Aromatic-Deer3886,0,1,0.0,2.2234359698052886e-05
l_m_m048,0,1,0.0,2.2234359698052886e-05
Rickydada,0,1,0.0,2.2234359698052886e-05
NineIntsNails,0,1,0.0,2.2234359698052886e-05
susususussudio,0,1,0.0,2.2234359698052886e-05
Single_Air_5276,0,1,0.0,2.2234359698052886e-05
grunt1533894,0,1,0.0,2.2234359698052886e-05
Turbulent_Gift_7297,0,1,0.0,2.2234359698052886e-05
Fantastic_Fig_8559,0,1,0.0,2.2234359698052886e-05
pocptz,0,2,5.122721552258389e-06,2.2234359698052886e-05
skategr8_65,0,1,0.0,2.2234359698052886e-05
Layla_Fox2,0,1,0.0,2.2234359698052886e-05
Educational_Lynx_142,0,1,0.0,2.2234359698052886e-05
DickieJoJo,0,2,0.00012073469883286563,2.2234359698052886e-05
CompetitiveAd1226,0,1,0.0,2.2234359698052886e-05
FleetSeb,0,2,3.319796491839503e-06,2.2234359698052886e-05
Spiritual_Worth8771,0,1,0.0,2.2234359698052886e-05
ragejay_,0,1,0.0,2.2234359698052886e-05
That-Ad-4791,0,1,0.0,2.2234359698052886e-05
jacqueminots,0,1,0.0,2.2234359698052886e-05
Altruistic_Nail_3467,0,1,0.0,2.2234359698052886e-05
PeachnPeace,0,1,0.0,2.2234359698052886e-05
crs0268910,0,1,0.0,2.2234359698052886e-05
hollowbastion36,0,1,0.0,2.2234359698052886e-05
MssrsTuxedo,0,1,0.0,2.2234359698052886e-05
Angry_Phoenix887,0,1,0.0,2.2234359698052886e-05
M_A__N___I___A,0,1,0.0,2.2234359698052886e-05
LIL_KEEKS,0,1,0.0,2.2234359698052886e-05
Hrafn2,0,1,0.0,2.2234359698052886e-05
Thu66,0,1,0.0,2.2234359698052886e-05
CDNinWA,0,1,0.0,2.2234359698052886e-05
Confident_Goat8992,0,3,0.0,2.2234359698052886e-05
oswaldkarr,0,1,0.0,2.2234359698052886e-05
MathematicianLong880,0,1,0.0,2.2234359698052886e-05
RuSTeR1971,0,1,0.0,2.2234359698052886e-05
flyingflail,0,1,0.0,2.2234359698052886e-05
szazzafrazz,0,1,0.0,2.2234359698052886e-05
seraphultima,0,1,0.0,2.2234359698052886e-05
CAGolf8,0,1,0.0,2.2234359698052886e-05
Diaperedsnowy,0,1,0.0,2.2234359698052886e-05
TheGambit,0,1,0.0,2.2234359698052886e-05
Niptacular_Nips,0,1,0.0,2.2234359698052886e-05
PuddleCrank,0,1,0.0,2.2234359698052886e-05
Several-Tip-9814,0,1,0.0,2.2234359698052886e-05
SeeYouInHellCandyBoy,0,3,3.8336745291407935e-06,2.2234359698052886e-05
modernjaneausten,0,1,0.0,2.2234359698052886e-05
CoffeeCat77,0,2,6.337022085596411e-06,2.2234359698052886e-05
mandalf3000,0,2,0.0,2.2234359698052886e-05
kylohkay,0,1,0.0,2.2234359698052886e-05
Interesting_Fly1696,0,1,0.0,2.2234359698052886e-05
Ordinary_Bid_7053,0,1,0.0,2.2234359698052886e-05
Blue_colors25,0,1,0.0,2.2234359698052886e-05
segacs2,0,1,0.0,2.2234359698052886e-05
Ok-Cold-3346,0,1,0.0,2.2234359698052886e-05
3rd_Coast,0,1,0.0,2.2234359698052886e-05
BTornado14,0,1,0.0,2.2234359698052886e-05
Akita51,0,2,0.00564273920947961,2.2234359698052886e-05
Awwkaw,0,1,0.0,2.2234359698052886e-05
10AMinUzbekistan,0,1,0.0,2.2234359698052886e-05
ThisParkTheseHouses,0,2,0.00019048001514548361,2.2234359698052886e-05
Distinct_Meringue,0,1,0.0,2.2234359698052886e-05
Warm_Firefighter_811,0,1,0.0,2.2234359698052886e-05
LarryTheTerrier,0,1,0.0,2.2234359698052886e-05
mllegisele,0,1,0.0,2.2234359698052886e-05
ProtonPizza,0,1,0.0,2.2234359698052886e-05
OrganizationGood9676,0,2,8.399864982613165e-06,2.2234359698052886e-05
Shortfitking,0,1,0.0,2.2234359698052886e-05
everythingwillbe-aok,0,1,0.0,2.2234359698052886e-05
rushfolk,0,1,0.0,2.2234359698052886e-05
Prestigious-Pea-3453,0,1,0.0,2.2234359698052886e-05
Civil-Championship74,0,1,0.0,2.2234359698052886e-05
Chu1223,0,3,7.366006165116136e-05,2.2234359698052886e-05
kasisma,0,1,0.0,2.2234359698052886e-05
schattendesschicksal,0,1,0.0,2.2234359698052886e-05
Independent-Cup5720,0,1,0.0,2.2234359698052886e-05
Far-Independent-1021,0,1,0.0,2.2234359698052886e-05
Ok_Barnacle_1606,0,1,0.0,2.2234359698052886e-05
burner-throw_away,0,1,0.0,2.2234359698052886e-05
spcmnsph,0,1,0.0,2.2234359698052886e-05
Avaelectric,0,1,0.0,2.2234359698052886e-05
Giudittagrabsasword,0,1,0.0,2.2234359698052886e-05
espressopatronum,0,1,0.0,2.2234359698052886e-05
KBPT1998,0,1,0.0,2.2234359698052886e-05
Original_Opposite_40,0,2,2.6277875725298405e-05,2.2234359698052886e-05
Designer_Ad_6990,0,3,0.00014575218874799854,2.2234359698052886e-05
Flat_Economics_4562,0,1,0.0,2.2234359698052886e-05
Ordinary-Coconut-715,0,1,0.0,2.2234359698052886e-05
EngineAnnual,0,1,0.0,2.2234359698052886e-05
octopimythoughts,0,1,0.0,2.2234359698052886e-05
DontalerttheFBI,0,1,0.0,2.2234359698052886e-05
EasyE1979,0,1,0.0,2.2234359698052886e-05
Slight_Impress_1559,0,4,4.3220192179624756e-05,2.2234359698052886e-05
Cautious_Ad7042,0,2,0.0,2.2234359698052886e-05
wildbeest55,0,2,0.0,2.2234359698052886e-05
Relative-Fox7079,0,1,0.0,2.2234359698052886e-05
Money_Assist4722,0,1,0.0,2.2234359698052886e-05
lwgu,0,1,0.0,2.2234359698052886e-05
Mysterious-Bee-9792,0,1,0.0,2.2234359698052886e-05
Cute_Helicopter_2406,0,1,0.0,2.2234359698052886e-05
lewisjz,0,3,0.0,2.2234359698052886e-05
RapsStudSpotter,0,1,0.0,2.2234359698052886e-05
SailorPizza1107,0,1,0.0,2.2234359698052886e-05
Agamar13,0,1,0.0,2.2234359698052886e-05
OwnCartographer5498,0,1,0.0,2.2234359698052886e-05
BigusG33kus,0,1,0.0,2.2234359698052886e-05
hion_8978,0,1,0.0,2.2234359698052886e-05
Athenasumeru,0,1,0.0,2.2234359698052886e-05
CelestialKitty7,0,2,0.0,2.2234359698052886e-05
Smobasaurus,0,1,0.0,2.2234359698052886e-05
notnotblonde,0,1,0.0,2.2234359698052886e-05
laffytaffy55,0,1,0.0,2.2234359698052886e-05
Peaceandpeas999,0,1,0.0,2.2234359698052886e-05
x_Leolle_x,0,1,0.0,2.2234359698052886e-05
Budget_Insurance329,0,1,0.0,2.2234359698052886e-05
ZealousidealFee927,0,1,0.0,2.2234359698052886e-05
lovo17,0,1,0.0,2.2234359698052886e-05
EDEN876,0,1,0.0,2.2234359698052886e-05
absolutely_not_spock,0,2,0.00014835576141674804,2.2234359698052886e-05
watersnakebro,0,2,0.00015638402145778412,2.2234359698052886e-05
vilhelmlin,0,1,0.0,2.2234359698052886e-05
Pez613,0,1,0.0,2.2234359698052886e-05
ivemetu,0,2,3.4915057833976046e-05,2.2234359698052886e-05
IKabobI,0,1,0.0,2.2234359698052886e-05
MHPengwingz,0,2,0.0001383358004312657,2.2234359698052886e-05
Stardustmoonniff,0,1,0.0,2.2234359698052886e-05
DreamLand2269,0,1,0.0,2.2234359698052886e-05
SuchPerformance459,0,1,0.0,2.2234359698052886e-05
_WEIRDEST_WIZARD_,0,1,0.0,2.2234359698052886e-05
YoloBrunoSp,0,1,0.0,2.2234359698052886e-05
PureProteinPussi,0,1,0.0,2.2234359698052886e-05
JustARedditAccoumt,0,1,0.0,2.2234359698052886e-05
darthfracas,0,1,0.0,2.2234359698052886e-05
Sniper_Wolf_,0,1,0.0,2.2234359698052886e-05
ChoiceTaro3850,0,1,0.0,2.2234359698052886e-05
FFG201FUD,0,1,0.0,2.2234359698052886e-05
MonsterIslandMed,0,1,0.0,2.2234359698052886e-05
DennisR1283,0,1,0.0,2.2234359698052886e-05
_theMAUCHO_,0,1,0.0,2.2234359698052886e-05
Desperate_Nothing152,0,1,0.0,2.2234359698052886e-05
b17b20,0,1,0.0,2.2234359698052886e-05
TomBombomb,0,2,4.270732586144772e-07,2.2234359698052886e-05
halbowitz,0,1,0.0,2.2234359698052886e-05
winterwhispering,0,1,0.0,2.2234359698052886e-05
novadova2020,0,1,0.0,2.2234359698052886e-05
trollshep,0,1,0.0,2.2234359698052886e-05
Shoddy-Swordfish8949,0,1,0.0,2.2234359698052886e-05
GreenTfan,0,1,0.0,2.2234359698052886e-05
am8rcartographer,0,1,0.0,2.2234359698052886e-05
wetbogbrew,0,1,0.0,2.2234359698052886e-05
Listener-Learner,0,1,0.0,2.2234359698052886e-05
cited,0,1,0.0,2.2234359698052886e-05
craigalanche,0,1,0.0,2.2234359698052886e-05
Ajkrouse,0,1,0.0,2.2234359698052886e-05
mattb2014,0,1,0.0,2.2234359698052886e-05
Dim_e,0,1,0.0,2.2234359698052886e-05
Testo69420,0,2,6.0292177624789116e-05,2.2234359698052886e-05
malin-moana,0,1,0.0,2.2234359698052886e-05
YasielPuigsWeed,0,2,7.856607469541044e-05,2.2234359698052886e-05
AloneNeighborhood379,0,1,0.0,2.2234359698052886e-05
artisinal_lethargy,0,1,0.0,2.2234359698052886e-05
-D-e-e-,0,1,0.0,2.2234359698052886e-05
JMBrown32,0,1,0.0,2.2234359698052886e-05
xmjm424,0,2,0.0,2.2234359698052886e-05
Key-Association3479,0,1,0.0,2.2234359698052886e-05
MoulinSarah,0,1,0.0,2.2234359698052886e-05
Own_Plenty_2011,0,1,0.0,2.2234359698052886e-05
All_will_be_Juan,0,3,0.0013747651376072691,2.2234359698052886e-05
LordGranthamofDonk,0,1,0.0,2.2234359698052886e-05
SeizuringFish,0,1,0.0,2.2234359698052886e-05
SpoofExcel,0,2,0.0,2.2234359698052886e-05
top_of_the_table,0,1,0.0,2.2234359698052886e-05
yarshigirl18,0,1,0.0,2.2234359698052886e-05
flip-mode916,0,1,0.0,2.2234359698052886e-05
SaveVideo,0,1,0.0,2.2234359698052886e-05
Hachimitsu-,0,1,0.0,2.2234359698052886e-05
Brill000,0,1,0.0,2.2234359698052886e-05
shoxjr,0,1,0.0,2.2234359698052886e-05
Zieta,0,2,0.0,2.2234359698052886e-05
flisiy,0,1,0.0,2.2234359698052886e-05
skinte1,0,1,0.0,2.2234359698052886e-05
ban1208,0,1,0.0,2.2234359698052886e-05
webaddictress,0,2,0.00015395959623527473,2.2234359698052886e-05
Astropolitika,0,1,0.0,2.2234359698052886e-05
SofaAssassin,0,1,0.0,2.2234359698052886e-05
sebsasour,0,1,0.0,2.2234359698052886e-05
France2Germany0,0,3,2.7880164681411293e-05,2.2234359698052886e-05
ochgerm,0,2,0.0,2.2234359698052886e-05
bunnyknux54,0,3,0.0,2.2234359698052886e-05
HyruleanVictini,0,1,0.0,2.2234359698052886e-05
Electrical_Mayhem,0,1,0.0,2.2234359698052886e-05
Vin-Metal,0,2,0.000852768772122449,2.2234359698052886e-05
Loud_Cream_4306,0,1,0.0,2.2234359698052886e-05
Sweet-Track-2801,0,2,0.0010526567653662534,2.2234359698052886e-05
sabotabo,0,1,0.0,2.2234359698052886e-05
blood_wraith,0,1,0.0,2.2234359698052886e-05
carltanzler,0,1,0.0,2.2234359698052886e-05
lazy_daisy66,0,2,0.0,2.2234359698052886e-05
ZealousidealGuard929,0,1,0.0,2.2234359698052886e-05
mikmik555,0,1,0.0,2.2234359698052886e-05
Relative-Jello2589,0,1,0.0,2.2234359698052886e-05
9yorgos,0,1,0.0,2.2234359698052886e-05
nimbus_KO,0,3,0.00023894862604540023,2.2234359698052886e-05
queenjuli1,0,1,0.0,2.2234359698052886e-05
No-Arm-6775,0,1,0.0,2.2234359698052886e-05
Equal-Record6513,0,4,9.119785130969566e-05,2.2234359698052886e-05
Snoo42225,0,5,0.0018900774707321015,2.2234359698052886e-05
Recent-Use-9140,0,3,0.0,2.2234359698052886e-05
Gratin_de_chicons,0,1,0.0,2.2234359698052886e-05
RenaissanceGuy86,0,1,0.0,2.2234359698052886e-05
mangiafrutta,0,1,0.0,2.2234359698052886e-05
SpiritualSapphire,0,1,0.0,2.2234359698052886e-05
dirtymouthariel,0,1,0.0,2.2234359698052886e-05
vaporgege,0,1,0.0,2.2234359698052886e-05
drnktgr,0,1,0.0,2.2234359698052886e-05
Amdusiasparagus,0,1,0.0,2.2234359698052886e-05
Sombra_Blue,0,1,0.0,2.2234359698052886e-05
TheGlobalGooner,0,1,0.0,2.2234359698052886e-05
Slight_Breakfast6198,0,1,0.0,2.2234359698052886e-05
bptkr13,0,1,0.0,2.2234359698052886e-05
New-Section-766,0,1,0.0,2.2234359698052886e-05
Southern_Outcome_440,0,1,0.0,2.2234359698052886e-05
Erintheprince,0,1,0.0,2.2234359698052886e-05
zedasd,0,1,0.0,2.2234359698052886e-05
octagon2356,0,1,0.0,2.2234359698052886e-05
Mike_Kermin,0,1,0.0,2.2234359698052886e-05
Strong_Industry_943,0,1,0.0,2.2234359698052886e-05
AccomplishedLeek1329,0,2,9.08825066309419e-06,2.2234359698052886e-05
Toni1805,0,1,0.0,2.2234359698052886e-05
knitace21,0,2,1.091526267523674e-05,2.2234359698052886e-05
normalMonsterChika,0,1,0.0,2.2234359698052886e-05
Keanu990321,0,1,0.0,2.2234359698052886e-05
Adorable-Army5009,0,1,0.0,2.2234359698052886e-05
Chicenomics,0,1,0.0,2.2234359698052886e-05
Square_Post_380,0,1,0.0,2.2234359698052886e-05
DR0516,0,1,0.0,2.2234359698052886e-05
feintplus1,0,1,0.0,2.2234359698052886e-05
Traditional_Ad2673,0,1,0.0,2.2234359698052886e-05
fishflo,0,2,5.973715651135006e-05,2.2234359698052886e-05
theorangecrush10,0,1,0.0,2.2234359698052886e-05
No-Presentation-2320,0,1,0.0,2.2234359698052886e-05
WantToBreak80,0,1,0.0,2.2234359698052886e-05
BuzzCutBabes_,0,2,0.0,2.2234359698052886e-05
Tallywort,0,1,0.0,2.2234359698052886e-05
PalmerSquarer,0,1,0.0,2.2234359698052886e-05
DoubleFroggin,0,1,0.0,2.2234359698052886e-05
98G3LRU,0,1,0.0,2.2234359698052886e-05
JTD177,0,3,0.0,2.2234359698052886e-05
puma4487,0,1,0.0,2.2234359698052886e-05
JcGoCrazy-,0,1,0.0,2.2234359698052886e-05
thefisharedying65,0,1,0.0,2.2234359698052886e-05
I-Argue-With-Myself,0,1,0.0,2.2234359698052886e-05
ActivePlateau,0,1,0.0,2.2234359698052886e-05
one-hour-photo,0,1,0.0,2.2234359698052886e-05
Starfall9908,0,1,0.0,2.2234359698052886e-05
todaomg-what-is-that,0,1,0.0,2.2234359698052886e-05
idoubledareya,0,1,0.0,2.2234359698052886e-05
Shanna_ian,0,1,0.0,2.2234359698052886e-05
WorldlinessEasy4240,0,3,0.0,2.2234359698052886e-05
cammforme,0,1,0.0,2.2234359698052886e-05
slavetothecause,0,1,0.0,2.2234359698052886e-05
Born-Discount3938,0,1,0.0,2.2234359698052886e-05
Ok_ivy_14,0,1,0.0,2.2234359698052886e-05
butforevernow,0,1,0.0,2.2234359698052886e-05
ricaticatraveler,0,1,0.0,2.2234359698052886e-05
Psychological-Map516,0,4,1.4545914396094205e-06,2.2234359698052886e-05
Guilty-Vermicelli320,0,1,0.0,2.2234359698052886e-05
Much_Dog_4591,0,4,0.00014358180050795145,2.2234359698052886e-05
mmilky_wayy,0,1,0.0,2.2234359698052886e-05
Significant_Fox_6525,0,1,0.0,2.2234359698052886e-05
PresidentBearCub,0,1,0.0,2.2234359698052886e-05
victimofmygreatness,0,1,0.0,2.2234359698052886e-05
stargazer1101,0,1,0.0,2.2234359698052886e-05
Makkaroni_100,0,1,0.0,2.2234359698052886e-05
Different-Dealer-753,0,2,0.00011947431302270011,2.2234359698052886e-05
Baefriend,0,2,2.4256064807941057e-05,2.2234359698052886e-05
Smart-Marionberry189,0,4,6.356422568306271e-07,2.2234359698052886e-05
Sad_Metal7290,0,1,0.0,2.2234359698052886e-05
suzukigun4life,0,2,0.0,2.2234359698052886e-05
pi-by-two,0,1,0.0,2.2234359698052886e-05
Rich-Introduction940,0,1,0.0,2.2234359698052886e-05
hotshit,0,1,0.0,2.2234359698052886e-05
IntheTimeofMonsters,0,1,0.0,2.2234359698052886e-05
daKrut,0,1,0.0,2.2234359698052886e-05
Limp-Pollution-4866,0,1,0.0,2.2234359698052886e-05
binxkingdom,0,1,0.0,2.2234359698052886e-05
peridotpanther,0,1,0.0,2.2234359698052886e-05
shylittleshrimpie,0,2,5.5845932256401767e-05,2.2234359698052886e-05
chula198705,0,1,0.0,2.2234359698052886e-05
ImportanceFrequent77,0,1,0.0,2.2234359698052886e-05
Icy-Calendar-3135,0,1,0.0,2.2234359698052886e-05
blueberryJan,0,1,0.0,2.2234359698052886e-05
_Tursiops_,0,1,0.0,2.2234359698052886e-05
JonatasA,0,1,0.0,2.2234359698052886e-05
ScottPetersonsWiener,0,1,0.0,2.2234359698052886e-05
abaguettewithaface,0,2,0.0010593787335722816,2.2234359698052886e-05
MightyPlasticGuy,0,1,0.0,2.2234359698052886e-05
HolidayWallaby,0,1,0.0,2.2234359698052886e-05
ButterscotchOk5339,0,1,0.0,2.2234359698052886e-05
three_st1cks,0,1,0.0,2.2234359698052886e-05
division23,0,1,0.0,2.2234359698052886e-05
lonbordin,0,1,0.0,2.2234359698052886e-05
kolnidur,0,1,0.0,2.2234359698052886e-05
xTooNice,0,2,0.0019115890083632018,2.2234359698052886e-05
siestayfiesta,0,1,0.0,2.2234359698052886e-05
Free-Many799,0,1,0.0,2.2234359698052886e-05
CommissionNo3638,0,1,0.0,2.2234359698052886e-05
La_paure_cavaliere,0,4,0.0012193175149975114,2.2234359698052886e-05
Virtual_Soil_7247,0,1,0.0,2.2234359698052886e-05
DazzlerPlus,0,1,0.0,2.2234359698052886e-05
Basic-Collection5416,0,1,0.0,2.2234359698052886e-05
Candy_Stars,0,1,0.0,2.2234359698052886e-05
DOGerDAWG,0,1,0.0,2.2234359698052886e-05
Age_AgainstThMachine,0,1,0.0,2.2234359698052886e-05
verholies,0,3,0.0026654741586033424,2.2234359698052886e-05
Wintry2424,0,1,0.0,2.2234359698052886e-05
Entire_Heat278,0,1,0.0,2.2234359698052886e-05
SteveDougson,0,1,0.0,2.2234359698052886e-05
Designer-Roof-2118,0,1,0.0,2.2234359698052886e-05
tsumtor,0,1,0.0,2.2234359698052886e-05
Phadin,0,1,0.0,2.2234359698052886e-05
seraaa_123,0,1,0.0,2.2234359698052886e-05
Agitated_Act_520,0,1,0.0,2.2234359698052886e-05
wilers,0,1,0.0,2.2234359698052886e-05
gagrushenka,0,1,0.0,2.2234359698052886e-05
OriginalFirefighter8,0,1,0.0,2.2234359698052886e-05
throwiesixnine,0,1,0.0,2.2234359698052886e-05
GenXNell,0,1,0.0,2.2234359698052886e-05
AgeOk3642,0,1,0.0,2.2234359698052886e-05
q120,0,2,7.373092736911118e-05,2.2234359698052886e-05
Boring_Bad8173,0,1,0.0,2.2234359698052886e-05
MathematicianSafe706,0,1,0.0,2.2234359698052886e-05
havenisheaven8,0,1,0.0,2.2234359698052886e-05
captaincanada96,0,2,3.153823120099583e-07,2.2234359698052886e-05
apprehensively_human,0,1,0.0,2.2234359698052886e-05
solo1poco,0,1,0.0,2.2234359698052886e-05
valgalder,0,1,0.0,2.2234359698052886e-05
Impossible-Archer-93,0,1,0.0,2.2234359698052886e-05
claire_lucem,0,1,0.0,2.2234359698052886e-05
lezardterrible,0,1,0.0,2.2234359698052886e-05
Complex_Narwhal_8924,0,3,2.2552036734060042e-05,2.2234359698052886e-05
TheBB,0,1,0.0,2.2234359698052886e-05
PreferenceDowntown37,0,1,0.0,2.2234359698052886e-05
namtabanananananan,0,1,0.0,2.2234359698052886e-05
Striking-Fondant-956,0,1,0.0,2.2234359698052886e-05
dddonkers,0,1,0.0,2.2234359698052886e-05
Sababa180,0,2,0.0029678302233468777,2.2234359698052886e-05
MurricanDream,0,1,0.0,2.2234359698052886e-05
nameIessV,0,1,0.0,2.2234359698052886e-05
Jasmisne,0,1,0.0,2.2234359698052886e-05
lrozzz,0,1,0.0,2.2234359698052886e-05
PsychologicalTap4646,0,3,0.0001236556298665013,2.2234359698052886e-05
Lilly7799,0,4,0.00029481322728255703,2.2234359698052886e-05
Awkward-Muffin5411,0,2,0.0,2.2234359698052886e-05
No-Case-4938,0,2,1.2478421201911441e-05,2.2234359698052886e-05
jace_in_space,0,1,0.0,2.2234359698052886e-05
4evrnalways,0,1,0.0,2.2234359698052886e-05
seattlejoyjoy,0,1,0.0,2.2234359698052886e-05
Cheziscool,0,1,0.0,2.2234359698052886e-05
Trick-Estate-3419,0,1,0.0,2.2234359698052886e-05
Dahlia-la-la-la,0,3,2.5554324629243636e-06,2.2234359698052886e-05
lqloveclub,0,1,0.0,2.2234359698052886e-05
AbstractKing,0,1,0.0,2.2234359698052886e-05
Educational_Lead3319,0,1,0.0,2.2234359698052886e-05
Spiritual-Berry-7423,0,1,0.0,2.2234359698052886e-05
peachyy13,0,1,0.0,2.2234359698052886e-05
shachu,0,1,0.0,2.2234359698052886e-05
Bitter_Put_8254,0,1,0.0,2.2234359698052886e-05
Brilliant_Air4484,0,1,0.0,2.2234359698052886e-05
modtang,0,1,0.0,2.2234359698052886e-05
Legendary__Beaver,0,1,0.0,2.2234359698052886e-05
ChiefBobbert,0,1,0.0,2.2234359698052886e-05
Sharcbait,0,1,0.0,2.2234359698052886e-05
seclusivebeauty,0,1,0.0,2.2234359698052886e-05
fhcky,0,1,0.0,2.2234359698052886e-05
Disallowed_username,0,1,0.0,2.2234359698052886e-05
1000thusername,0,2,0.0,2.2234359698052886e-05
O--rust,0,1,0.0,2.2234359698052886e-05
SavingsFew3440,0,2,4.405025751396159e-05,2.2234359698052886e-05
Sotmmots,0,1,0.0,2.2234359698052886e-05
BIGBADLENIN,0,2,1.057772738419257e-05,2.2234359698052886e-05
HumansNeedNotApply1,0,4,0.0020243982012295055,2.2234359698052886e-05
tissotti,0,1,0.0,2.2234359698052886e-05
Disastrous_Sun5999,0,1,0.0,2.2234359698052886e-05
SecondDumbUsername,0,2,1.5296625569740127e-05,2.2234359698052886e-05
Landaloriam,0,1,0.0,2.2234359698052886e-05
jimjhart,0,1,0.0,2.2234359698052886e-05
Scarlet_Vixen07,0,1,0.0,2.2234359698052886e-05
Psyduck1127,0,1,0.0,2.2234359698052886e-05
marcinski,0,1,0.0,2.2234359698052886e-05
Zajac19,0,1,0.0,2.2234359698052886e-05
RealToemen,0,1,0.0,2.2234359698052886e-05
deimos289,0,1,0.0,2.2234359698052886e-05
SupRhysing,0,1,0.0,2.2234359698052886e-05
Wolfatrix,0,1,0.0,2.2234359698052886e-05
schewbacca,0,1,0.0,2.2234359698052886e-05
OpenBuilder2506,0,1,0.0,2.2234359698052886e-05
Tabarnacx,0,1,0.0,2.2234359698052886e-05
DragPullCheese,0,2,0.00011947431302270011,2.2234359698052886e-05
jjtsfca,0,1,0.0,2.2234359698052886e-05
Interesting-Rate,0,1,0.0,2.2234359698052886e-05
BetLeast4943,0,1,0.0,2.2234359698052886e-05
anaskinwalker4745,0,2,0.00011947431302270013,2.2234359698052886e-05
kindaCringey69,0,1,0.0,2.2234359698052886e-05
Maleficent-Block5211,0,1,0.0,2.2234359698052886e-05
mmulr072,0,1,0.0,2.2234359698052886e-05
stavroszaras,0,1,0.0,2.2234359698052886e-05
zoom518,0,1,0.0,2.2234359698052886e-05
skorsak,0,1,0.0,2.2234359698052886e-05
Nicklord,0,2,0.00028073991718164786,2.2234359698052886e-05
Ok_Light_6977,0,2,0.0002118453649541137,2.2234359698052886e-05
Gold_Name_3287,0,1,0.0,2.2234359698052886e-05
Bullet_Train_To_Iowa,0,1,0.0,2.2234359698052886e-05
Lazy0ak,0,1,0.0,2.2234359698052886e-05
jamesneysmith,0,1,0.0,2.2234359698052886e-05
MrDohh,0,1,0.0,2.2234359698052886e-05
CoffeePlusFive,0,2,2.7142264799323716e-05,2.2234359698052886e-05
Edgecased,0,1,0.0,2.2234359698052886e-05
imaconnect4guy,0,1,0.0,2.2234359698052886e-05
xotorames,0,2,1.5099856848059335e-05,2.2234359698052886e-05
Standard_Structure_9,0,1,0.0,2.2234359698052886e-05
Remarkable_Ad_7304,0,2,0.00011947431302270011,2.2234359698052886e-05
dinozombiesaur,0,1,0.0,2.2234359698052886e-05
rkvinyl,0,1,0.0,2.2234359698052886e-05
Ancient-Common-9913,0,1,0.0,2.2234359698052886e-05
toolschism,0,1,0.0,2.2234359698052886e-05
Scrubosaurus13,0,2,0.006726403823178016,2.2234359698052886e-05
420prettywise,0,1,0.0,2.2234359698052886e-05
Jrkrey92,0,1,0.0,2.2234359698052886e-05
xSmacktrick,0,1,0.0,2.2234359698052886e-05
Grunzzo,0,1,0.0,2.2234359698052886e-05
mudrudrzbr,0,1,0.0,2.2234359698052886e-05
LobsterPotatoes,0,1,0.0,2.2234359698052886e-05
bobbdac7894,0,1,0.0,2.2234359698052886e-05
Interesting_Case6737,0,1,0.0,2.2234359698052886e-05
ConsistentPastaSauce,0,1,0.0,2.2234359698052886e-05
bailey_jameson,0,1,0.0,2.2234359698052886e-05
FickleHound2025,0,1,0.0,2.2234359698052886e-05
Educational_Milk2726,0,2,0.00011947431302270011,2.2234359698052886e-05
acllive,0,1,0.0,2.2234359698052886e-05
Hotdoge42,0,1,0.0,2.2234359698052886e-05
vlad_the_impaler13,0,1,0.0,2.2234359698052886e-05
Ardenwenn,0,1,0.0,2.2234359698052886e-05
AranasLatrain,0,1,0.0,2.2234359698052886e-05
WhackadoodleSandwich,0,1,0.0,2.2234359698052886e-05
XRPX008,0,1,0.0,2.2234359698052886e-05
brasidasvi,0,1,0.0,2.2234359698052886e-05
BeppoFez,0,1,0.0,2.2234359698052886e-05
terminal__object,0,1,0.0,2.2234359698052886e-05
EyreForce1,0,2,0.0,2.2234359698052886e-05
K_the_farmer,0,1,0.0,2.2234359698052886e-05
shoshpd,0,1,0.0,2.2234359698052886e-05
laura_rachelle,0,1,0.0,2.2234359698052886e-05
Minnesota_MiracleMan,0,2,0.001514537397120858,2.2234359698052886e-05
Baelzabub,0,1,0.0,2.2234359698052886e-05
eddiewachowski,0,1,0.0,2.2234359698052886e-05
Chewblacka_,0,1,0.0,2.2234359698052886e-05
benchley,0,1,0.0,2.2234359698052886e-05
tommhans,0,1,0.0,2.2234359698052886e-05
MeatTornado25,0,2,0.0001557779105105228,2.2234359698052886e-05
jettmann22,0,1,0.0,2.2234359698052886e-05
geeweeze,0,2,1.7320854912611762e-05,2.2234359698052886e-05
stockybloke,0,1,0.0,2.2234359698052886e-05
Personal_Camel_2417,0,1,0.0,2.2234359698052886e-05
Prestisjebig,0,1,0.0,2.2234359698052886e-05
Slight_Literature_67,0,1,0.0,2.2234359698052886e-05
Geochic03,0,1,0.0,2.2234359698052886e-05
sunnynbright5,0,1,0.0,2.2234359698052886e-05
Kamikazecat1,0,1,0.0,2.2234359698052886e-05
adevine321,0,1,0.0,2.2234359698052886e-05
Sad-Mixture6782,0,1,0.0,2.2234359698052886e-05
Catharas,0,1,0.0,2.2234359698052886e-05
redpandasan,0,1,0.0,2.2234359698052886e-05
StephanieSews,0,2,0.0,2.2234359698052886e-05
ttr88,0,1,0.0,2.2234359698052886e-05
UnKnOwN769,0,1,0.0,2.2234359698052886e-05
Fuzzy_Protection1526,0,1,0.0,2.2234359698052886e-05
AnEagleisnotme,0,1,0.0,2.2234359698052886e-05
Kickflipindi,0,1,0.0,2.2234359698052886e-05
fleurxalana,0,1,0.0,2.2234359698052886e-05
jasmine24601,0,1,0.0,2.2234359698052886e-05
Jnw1997,0,1,0.0,2.2234359698052886e-05
papermountainwoman,0,2,0.0,2.2234359698052886e-05
lachatnegra,0,1,0.0,2.2234359698052886e-05
Efficient-Mud3799,0,1,0.0,2.2234359698052886e-05
No-Significance5659,0,1,0.0,2.2234359698052886e-05
MichaelSonOfMike,0,1,0.0,2.2234359698052886e-05
KimJongArve,0,1,0.0,2.2234359698052886e-05
MoKelic32,0,1,0.0,2.2234359698052886e-05
Pinkhairedprincess15,0,1,0.0,2.2234359698052886e-05
9CF8,0,2,0.00011947431302270011,2.2234359698052886e-05
Neat-Year555,0,2,0.0,2.2234359698052886e-05
Pendejeta_,0,7,0.0,2.2234359698052886e-05
jipsssss,0,7,0.0006287601653003903,2.2234359698052886e-05
icredevirra,0,5,0.0005810499874228096,2.2234359698052886e-05
_tehol_,0,2,3.053540558614517e-06,2.2234359698052886e-05
scenesandplots,0,1,0.0,2.2234359698052886e-05
moonlightttbae,0,1,0.0,2.2234359698052886e-05
Nyanek,0,2,0.000262313618643871,2.2234359698052886e-05
stargirlxoxo,0,1,0.0,2.2234359698052886e-05
Auslyer,0,1,0.0,2.2234359698052886e-05
eraser3000,0,1,0.0,2.2234359698052886e-05
Better_Wrongdoer494,0,1,0.0,2.2234359698052886e-05
Beachacess,0,1,0.0,2.2234359698052886e-05
TheOnlyFallenCookie,0,1,0.0,2.2234359698052886e-05
Tellingitlikeitis23,0,1,0.0,2.2234359698052886e-05
ReallyLetsGoBrandon,0,2,0.00019125697476795323,2.2234359698052886e-05
veryuniqueredditname,0,1,0.0,2.2234359698052886e-05
JeroneSmith,0,1,0.0,2.2234359698052886e-05
No-Organization7411,0,1,0.0,2.2234359698052886e-05
Bubbly-Trainer-5297,0,1,0.0,2.2234359698052886e-05
moareset,0,1,0.0,2.2234359698052886e-05
Feisty_Wind_2090,0,1,0.0,2.2234359698052886e-05
ZhongLiGODTier,0,1,0.0,2.2234359698052886e-05
Jesus_This_Is_Iggy,0,1,0.0,2.2234359698052886e-05
Educational_Pop6445,0,1,0.0,2.2234359698052886e-05
CommissionStrong6305,0,1,0.0,2.2234359698052886e-05
TheBigBdouMachine,0,1,0.0,2.2234359698052886e-05
Sufficient-News-3600,0,1,0.0,2.2234359698052886e-05
Ok_Trifle_3451,0,1,0.0,2.2234359698052886e-05
swordthroughtheduck,0,1,0.0,2.2234359698052886e-05
YesterdayIcy1963,0,1,0.0,2.2234359698052886e-05
wildwildwaste,0,1,0.0,2.2234359698052886e-05
ClaudeLemieux,0,1,0.0,2.2234359698052886e-05
Classic-Log-6393,0,1,0.0,2.2234359698052886e-05
ClarityNHZach,0,1,0.0,2.2234359698052886e-05
CaulkConnoisseur,0,1,0.0,2.2234359698052886e-05
Alarming_Condition27,0,1,0.0,2.2234359698052886e-05
sentry_87,0,1,0.0,2.2234359698052886e-05
El-duderinoh,0,1,0.0,2.2234359698052886e-05
Significant-Voice811,0,1,0.0,2.2234359698052886e-05
Peds12,0,1,0.0,2.2234359698052886e-05
Legitimate_Week_7680,0,1,0.0,2.2234359698052886e-05
Gudson_,0,2,5.437842945231633e-06,2.2234359698052886e-05
Time4Timmy,0,1,0.0,2.2234359698052886e-05
allgravy99,0,1,0.0,2.2234359698052886e-05
eatingasspatties,0,2,5.869294269804738e-05,2.2234359698052886e-05
dasuave,0,1,0.0,2.2234359698052886e-05
Thrallsbuttplug,0,1,0.0,2.2234359698052886e-05
samwild,0,1,0.0,2.2234359698052886e-05
NatureLovingDad89,0,1,0.0,2.2234359698052886e-05
Ok-Huckleberry-3343,0,1,0.0,2.2234359698052886e-05
RedditZhangHao,0,1,0.0,2.2234359698052886e-05
Password-is-Tac0,0,1,0.0,2.2234359698052886e-05
crownpr1nce,0,1,0.0,2.2234359698052886e-05
jobirg88,0,1,0.0,2.2234359698052886e-05
WearingComb1050,0,1,0.0,2.2234359698052886e-05
FeelingHumble7438,0,1,0.0,2.2234359698052886e-05
ilmunita,0,1,0.0,2.2234359698052886e-05
TonyTellum,0,1,0.0,2.2234359698052886e-05
AdministrativeEnd606,0,5,0.0,2.2234359698052886e-05
Superarces,0,1,0.0,2.2234359698052886e-05
fillyflow,0,2,3.606570023276558e-05,2.2234359698052886e-05
DesertPrincess5,0,1,0.0,2.2234359698052886e-05
Straight-Shelter8938,0,1,0.0,2.2234359698052886e-05
RevWaldo,0,1,0.0,2.2234359698052886e-05
X_XRadarX_X,0,3,0.003158263880288254,2.2234359698052886e-05
No-Nature7955,0,1,0.0,2.2234359698052886e-05
Feri-Doamne2151,0,1,0.0,2.2234359698052886e-05
Daddysgirl690,0,1,0.0,2.2234359698052886e-05
Headlesshorsman02,0,1,0.0,2.2234359698052886e-05
ImthaDatsyukian,0,1,0.0,2.2234359698052886e-05
WatchWatcher25,0,1,0.0,2.2234359698052886e-05
Sailcosmos,0,1,0.0,2.2234359698052886e-05
ThePawn00,0,1,0.0,2.2234359698052886e-05
spectrum-in,0,1,0.0,2.2234359698052886e-05
Axe_Guy255,0,2,0.00023894862604540023,2.2234359698052886e-05
Vanilla_Ice_Jr,0,1,0.0,2.2234359698052886e-05
nonblinddaredevil,0,1,0.0,2.2234359698052886e-05
logicalnutty,0,1,0.0,2.2234359698052886e-05
blonde_bellebabett,0,1,0.0,2.2234359698052886e-05
cum_holding_foreskin,0,1,0.0,2.2234359698052886e-05
PockDoc,0,1,0.0,2.2234359698052886e-05
saxorino,0,1,0.0,2.2234359698052886e-05
Sure-Statement-7278,0,1,0.0,2.2234359698052886e-05
whatadaytobealive,0,1,0.0,2.2234359698052886e-05
WorldsOkayestPastor,0,1,0.0,2.2234359698052886e-05
abgry_krakow87,0,2,1.2974411221243345e-05,2.2234359698052886e-05
No_Conversation_220,0,1,0.0,2.2234359698052886e-05
I_Saw_Your_Underware,0,1,0.0,2.2234359698052886e-05
kirbysdream,0,2,2.76102934872809e-05,2.2234359698052886e-05
Ravekat1,0,1,0.0,2.2234359698052886e-05
CojanglesDMK,0,1,0.0,2.2234359698052886e-05
rererexed,0,1,0.0,2.2234359698052886e-05
Longjumping-Tale-394,0,1,0.0,2.2234359698052886e-05
CaramelHappyTree,0,1,0.0,2.2234359698052886e-05
Visual_Cucumber_5365,0,1,0.0,2.2234359698052886e-05
ica_basic_gin,0,1,0.0,2.2234359698052886e-05
Curling-ModTeam,0,1,0.0,2.2234359698052886e-05
jakota_doshua,0,1,0.0,2.2234359698052886e-05
VladTheUnpeeler,0,1,0.0,2.2234359698052886e-05
PakG1,0,1,0.0,2.2234359698052886e-05
JesusJohn,0,1,0.0,2.2234359698052886e-05
VR_p0rn,0,1,0.0,2.2234359698052886e-05
hyakumanben,0,2,0.000153412578426654,2.2234359698052886e-05
ned48,0,1,0.0,2.2234359698052886e-05
Cheap-Coffee-2198,0,1,0.0,2.2234359698052886e-05
GoblinDiplomat,0,1,0.0,2.2234359698052886e-05
bugphantom,0,1,0.0,2.2234359698052886e-05
Canuck254,0,1,0.0,2.2234359698052886e-05
crazy_cat90,0,2,0.0003096128910617887,2.2234359698052886e-05
zee920four,0,1,0.0,2.2234359698052886e-05
sublimecenturies,0,1,0.0,2.2234359698052886e-05
YorkvilleWalker,0,1,0.0,2.2234359698052886e-05
Snarwib,0,1,0.0,2.2234359698052886e-05
_dictatorish_,0,1,0.0,2.2234359698052886e-05
Aploki,0,1,0.0,2.2234359698052886e-05
CanChong,0,1,0.0,2.2234359698052886e-05
AndSimonSaid,0,1,0.0,2.2234359698052886e-05
veldor60,0,1,0.0,2.2234359698052886e-05
MrInopportune,0,1,0.0,2.2234359698052886e-05
Marsymars,0,3,0.005732416386659685,2.2234359698052886e-05
TheMcG,0,1,0.0,2.2234359698052886e-05
HaveNoClueBro,0,1,0.0,2.2234359698052886e-05
DSore22,0,1,0.0,2.2234359698052886e-05
Bigking00,0,1,0.0,2.2234359698052886e-05
phoenics1908,0,1,0.0,2.2234359698052886e-05
Unyazi,0,1,0.0,2.2234359698052886e-05
MiaInAmerica,0,1,0.0,2.2234359698052886e-05
aiicaramba,0,1,0.0,2.2234359698052886e-05
_onyx21,0,1,0.0,2.2234359698052886e-05
infinitemonkeytyping,0,1,0.0,2.2234359698052886e-05
pinkrosies,0,1,0.0,2.2234359698052886e-05
Illustrious-Law-2726,0,1,0.0,2.2234359698052886e-05
Towerofgobert,0,1,0.0,2.2234359698052886e-05
Exciting-Ad4970,0,1,0.0,2.2234359698052886e-05
Daena_Rose,0,2,0.00016555620540419794,2.2234359698052886e-05
mattijn13,0,1,0.0,2.2234359698052886e-05
Hmmdoiknow,0,1,0.0,2.2234359698052886e-05
Janusz_Wunderbrum,0,1,0.0,2.2234359698052886e-05
TrickyHead1774,0,1,0.0,2.2234359698052886e-05
venus_arises,0,1,0.0,2.2234359698052886e-05
sailorfish27,0,1,0.0,2.2234359698052886e-05
Complete_Area_2487,0,2,3.1488929071482685e-05,2.2234359698052886e-05
LordJonathanChobani,0,1,0.0,2.2234359698052886e-05
Great_Ad_9718,0,1,0.0,2.2234359698052886e-05
Due_Connection179,0,1,0.0,2.2234359698052886e-05
GlassesOfUrza,0,2,2.893609472971332e-05,2.2234359698052886e-05
David93k,0,1,0.0,2.2234359698052886e-05
Lepoprint,0,1,0.0,2.2234359698052886e-05
4Lo3Lo,0,1,0.0,2.2234359698052886e-05
_Mulberry__,0,1,0.0,2.2234359698052886e-05
Narpity,0,1,0.0,2.2234359698052886e-05
Merlin_117,0,1,0.0,2.2234359698052886e-05
hungryjerks,0,1,0.0,2.2234359698052886e-05
GIANTG,0,1,0.0,2.2234359698052886e-05
Gor-texCondom,0,1,0.0,2.2234359698052886e-05
a_b_c__def,0,1,0.0,2.2234359698052886e-05
AfroInfo,0,1,0.0,2.2234359698052886e-05
Apart-Put-9392,0,1,0.0,2.2234359698052886e-05
Prof_Scott_Steiner,0,1,0.0,2.2234359698052886e-05
Status_Car8495,0,1,0.0,2.2234359698052886e-05
bearskito,0,1,0.0,2.2234359698052886e-05
BigUptokes,0,1,0.0,2.2234359698052886e-05
klitchell,0,1,0.0,2.2234359698052886e-05
Aigiokhos,0,1,0.0,2.2234359698052886e-05
fane_above_all,0,1,0.0,2.2234359698052886e-05
jenushkask8s,0,3,0.0,2.2234359698052886e-05
Sneebmelia,0,1,0.0,2.2234359698052886e-05
Malvania,0,1,0.0,2.2234359698052886e-05
bamsebomsen,0,1,0.0,2.2234359698052886e-05
Ordinary_Rhubarb5064,0,1,0.0,2.2234359698052886e-05
Masu_dur,0,1,0.0,2.2234359698052886e-05
AnnieByniaeth,0,1,0.0,2.2234359698052886e-05
AutomaticAccount6832,0,2,0.0,2.2234359698052886e-05
TechnicianUpstairs53,0,1,0.0,2.2234359698052886e-05
ryuseitia,0,1,0.0,2.2234359698052886e-05
pumpernick3l,0,1,0.0,2.2234359698052886e-05
Environmental-State3,0,1,0.0,2.2234359698052886e-05
TheFlame8,0,1,0.0,2.2234359698052886e-05
Will_sue_when_angry,0,1,0.0,2.2234359698052886e-05
Belle_Noir8,0,1,0.0,2.2234359698052886e-05
FeanorOath,0,1,0.0,2.2234359698052886e-05
CL-Lycaon,0,1,0.0,2.2234359698052886e-05
ladyofthemarshes,0,1,0.0,2.2234359698052886e-05
Missy246,0,1,0.0,2.2234359698052886e-05
real_agent_99,0,1,0.0,2.2234359698052886e-05
Environmental-Cod801,0,1,0.0,2.2234359698052886e-05
PapaPatchesxd,0,1,0.0,2.2234359698052886e-05
SwampYankee,0,1,0.0,2.2234359698052886e-05
whencometscollide,0,2,0.0003172055583560879,2.2234359698052886e-05
Jarita12,0,1,0.0,2.2234359698052886e-05
oslo-by,0,1,0.0,2.2234359698052886e-05
mnaylor375,0,1,0.0,2.2234359698052886e-05
klp80mania,0,1,0.0,2.2234359698052886e-05
AlexZas,0,1,0.0,2.2234359698052886e-05
Electrical-End7868,0,1,0.0,2.2234359698052886e-05
kratomdevil,0,1,0.0,2.2234359698052886e-05
Dock74320,0,1,0.0,2.2234359698052886e-05
starswtt,0,1,0.0,2.2234359698052886e-05
Jaded-Cable8685,0,1,0.0,2.2234359698052886e-05
Portia2024,0,1,0.0,2.2234359698052886e-05
Extension_Sun_3536,0,1,0.0,2.2234359698052886e-05
Ok-Bonus5805,0,1,0.0,2.2234359698052886e-05
Ok-Adeptness-5834,0,1,0.0,2.2234359698052886e-05
Pale_Blackberry_4025,0,1,0.0,2.2234359698052886e-05
justwannafuckmywife,0,1,0.0,2.2234359698052886e-05
WBCSMFer,0,1,0.0,2.2234359698052886e-05
Zaphod424,0,1,0.0,2.2234359698052886e-05
_mogulman31,0,1,0.0,2.2234359698052886e-05
noh2onolife,0,1,0.0,2.2234359698052886e-05
Reasonable_Orange_73,0,1,0.0,2.2234359698052886e-05
Opening_Bed3302,0,1,0.0,2.2234359698052886e-05
akrafos,0,1,0.0,2.2234359698052886e-05
Kitten-Cat-,0,1,0.0,2.2234359698052886e-05
Long_North_3472,0,1,0.0,2.2234359698052886e-05
Organic-Vermicelli47,0,1,0.0,2.2234359698052886e-05
purpleprin6,0,1,0.0,2.2234359698052886e-05
lorriell1959,0,2,0.0001277720267537078,2.2234359698052886e-05
smohyee,0,1,0.0,2.2234359698052886e-05
geoltechnician,0,1,0.0,2.2234359698052886e-05
BothVermicelli1576,0,1,0.0,2.2234359698052886e-05
Winkydinker,0,1,0.0,2.2234359698052886e-05
Apprehensive_Web7609,0,1,0.0,2.2234359698052886e-05
HardballBD,0,1,0.0,2.2234359698052886e-05
KickerOfThyAss,0,1,0.0,2.2234359698052886e-05
Ok-Snow48,0,2,0.0,2.2234359698052886e-05
homeracker,0,2,0.0,2.2234359698052886e-05
JuicyNoodle,0,4,3.241274491792399e-05,2.2234359698052886e-05
drumstar8339,0,1,0.0,2.2234359698052886e-05
clandestino123,0,1,0.0,2.2234359698052886e-05
Dr_loose,0,2,0.0,2.2234359698052886e-05
Chimeyutso,0,2,9.424820973399309e-06,2.2234359698052886e-05
Aromatic-Relative-23,0,1,0.0,2.2234359698052886e-05
Lysafleur,0,1,0.0,2.2234359698052886e-05
TwoBuckExacta,0,1,0.0,2.2234359698052886e-05
Dry-Device-4098,0,1,0.0,2.2234359698052886e-05
AppropriateAd2334,0,1,0.0,2.2234359698052886e-05
feverdreamr,0,2,6.629522460456156e-06,2.2234359698052886e-05
Express_Geologist_68,0,1,0.0,2.2234359698052886e-05
dr_kvist,0,1,0.0,2.2234359698052886e-05
Visual-Owl745,0,1,0.0,2.2234359698052886e-05
quarter_cask,0,1,0.0,2.2234359698052886e-05
Fantastic_Charge7118,0,1,0.0,2.2234359698052886e-05
technobeeble,0,1,0.0,2.2234359698052886e-05
TallRefrigerator5322,0,1,0.0,2.2234359698052886e-05
matthew_sch,0,1,0.0,2.2234359698052886e-05
mom_of_a_19yo,0,1,0.0,2.2234359698052886e-05
K551L,0,1,0.0,2.2234359698052886e-05
atomikkiller,0,1,0.0,2.2234359698052886e-05
Go_touch_sum_grass,0,1,0.0,2.2234359698052886e-05
JustASingleHorn,0,1,0.0,2.2234359698052886e-05
Stayoffwettrails,0,1,0.0,2.2234359698052886e-05
All__Of_The_Hobbies,0,1,0.0,2.2234359698052886e-05
discardedbubble,0,1,0.0,2.2234359698052886e-05
Sorry_U_R_Wrong,0,1,0.0,2.2234359698052886e-05
TrixeeTrue,0,1,0.0,2.2234359698052886e-05
SpyOfMystery,0,2,4.4794209824597854e-07,2.2234359698052886e-05
FoCoBilbo,0,1,0.0,2.2234359698052886e-05
MaterialAd1995,0,1,0.0,2.2234359698052886e-05
DrCalFun,0,1,0.0,2.2234359698052886e-05
ch4nt,0,1,0.0,2.2234359698052886e-05
Nuggzy_News,0,1,0.0,2.2234359698052886e-05
Drexer_,0,1,0.0,2.2234359698052886e-05
xjpmhxjo,0,1,0.0,2.2234359698052886e-05
RueBourque,0,1,0.0,2.2234359698052886e-05
down_with_the_birds,0,1,0.0,2.2234359698052886e-05
qoenfi,0,1,0.0,2.2234359698052886e-05
painterwannabe,0,1,0.0,2.2234359698052886e-05
rayrockray,0,1,0.0,2.2234359698052886e-05
BagKingGary,0,1,0.0,2.2234359698052886e-05
PhishPhanKara,0,1,0.0,2.2234359698052886e-05
DependentFeature3028,0,1,0.0,2.2234359698052886e-05
HotStickyMoist,0,1,0.0,2.2234359698052886e-05
gaanmetde,0,1,0.0,2.2234359698052886e-05
Mclindabelcher,0,1,0.0,2.2234359698052886e-05
stlm599,0,1,0.0,2.2234359698052886e-05
cranberrydudz,0,1,0.0,2.2234359698052886e-05
Elegant_Discussion61,0,1,0.0,2.2234359698052886e-05
SirOdAlexFergusona_,0,2,0.0,2.2234359698052886e-05
randomlypeachy,0,1,0.0,2.2234359698052886e-05
Bunktavious,0,2,0.0,2.2234359698052886e-05
Bloody_Nine,0,4,0.0001923442951217554,2.2234359698052886e-05
nfg-status-alpha9,0,1,0.0,2.2234359698052886e-05
MikkelR1,0,1,0.0,2.2234359698052886e-05
Weekly_Kitchen_4942,0,1,0.0,2.2234359698052886e-05
United_Librarian5491,0,1,0.0,2.2234359698052886e-05
IronSlanginRed,0,1,0.0,2.2234359698052886e-05
Atalanta8,0,1,0.0,2.2234359698052886e-05
yomamma3399,0,1,0.0,2.2234359698052886e-05
FindingWinter8937,0,1,0.0,2.2234359698052886e-05
Mean_Stick_4956,0,1,0.0,2.2234359698052886e-05
Prior-Reply2271,0,1,0.0,2.2234359698052886e-05
Fancy_Department_416,0,2,0.0,2.2234359698052886e-05
Bennely,0,1,0.0,2.2234359698052886e-05
bankrobba,0,1,0.0,2.2234359698052886e-05
chocotripchip,0,1,0.0,2.2234359698052886e-05
Big_Mudd,0,2,2.6476240037484903e-05,2.2234359698052886e-05
DontFinkFeeeel,0,1,0.0,2.2234359698052886e-05
Intellxual,0,1,0.0,2.2234359698052886e-05
Neito-Metal-1227,0,1,0.0,2.2234359698052886e-05
wjdoge,0,1,0.0,2.2234359698052886e-05
HosaJim666,0,1,0.0,2.2234359698052886e-05
Initial_Start_1880,0,1,0.0,2.2234359698052886e-05
jetpilots1,0,1,0.0,2.2234359698052886e-05
AdvancedCheek7795,0,1,0.0,2.2234359698052886e-05
Apolnyo,0,1,0.0,2.2234359698052886e-05
racingskater,0,1,0.0,2.2234359698052886e-05
Friesian_Horse,0,1,0.0,2.2234359698052886e-05
Difficult_Fruit8096,0,1,0.0,2.2234359698052886e-05
rainydays028,0,1,0.0,2.2234359698052886e-05
Livid-Sound6356,0,1,0.0,2.2234359698052886e-05
estoyhartodeusers,0,1,0.0,2.2234359698052886e-05
paxparty,0,1,0.0,2.2234359698052886e-05
House-Business,0,1,0.0,2.2234359698052886e-05
CommercialMoment5987,0,1,0.0,2.2234359698052886e-05
Beleth27,0,1,0.0,2.2234359698052886e-05
GrumpyLantern7305,0,1,0.0,2.2234359698052886e-05
BigHowlingWolf,0,1,0.0,2.2234359698052886e-05
username_taker,0,1,0.0,2.2234359698052886e-05
azmadame_x,0,1,0.0,2.2234359698052886e-05
EloyRamirez890,0,1,0.0,2.2234359698052886e-05
cycling-expat,0,1,0.0,2.2234359698052886e-05
Larabees3,0,1,0.0,2.2234359698052886e-05
redditstark,0,1,0.0,2.2234359698052886e-05
SgtT11B,0,1,0.0,2.2234359698052886e-05
Patient-Example3190,0,1,0.0,2.2234359698052886e-05
hirudoredo,0,1,0.0,2.2234359698052886e-05
WolfenSkin-,0,1,0.0,2.2234359698052886e-05
SnacksAttack24,0,1,0.0,2.2234359698052886e-05
Low_Insurance_1603,0,1,0.0,2.2234359698052886e-05
Realistic_March_8838,0,1,0.0,2.2234359698052886e-05
fanfic_enthusiast2,0,1,0.0,2.2234359698052886e-05
biathlon-ModTeam,0,3,1.861534697115109e-06,2.2234359698052886e-05
NOTtigerking,0,1,0.0,2.2234359698052886e-05
MoRi86,0,2,1.2769466632005603e-05,2.2234359698052886e-05
SteveYunnan,0,2,6.455114528518136e-05,2.2234359698052886e-05
Straight_One_5042,0,1,0.0,2.2234359698052886e-05
SwiftieSiaoHimFa30,0,1,0.0,2.2234359698052886e-05
shozuru,0,1,0.0,2.2234359698052886e-05
____QuadAxel____,0,1,0.0,2.2234359698052886e-05
kedfrad,0,2,0.00019758472861204111,2.2234359698052886e-05
LuTenJohnSun,0,1,0.0,2.2234359698052886e-05
shrikeandthorn,0,1,0.0,2.2234359698052886e-05
decorativeprint,0,1,0.0,2.2234359698052886e-05
editamuhaxhiri,0,1,0.0,2.2234359698052886e-05
TheDogerus,0,2,0.00012071148879540403,2.2234359698052886e-05
kkrko,0,1,0.0,2.2234359698052886e-05
disaster101,0,2,0.0,2.2234359698052886e-05
Both-Okra4634,0,2,0.004315073850728946,2.2234359698052886e-05
TryingtoKeepGoing1,0,3,0.000820234755126732,2.2234359698052886e-05
OurSundayKindOfLove,0,1,0.0,2.2234359698052886e-05
prophetofgreed,0,1,0.0,2.2234359698052886e-05
ComfortableGuide3232,0,1,0.0,2.2234359698052886e-05
Gorillaz2189,0,1,0.0,2.2234359698052886e-05
SnowOnCinders,0,2,6.359825391029267e-06,2.2234359698052886e-05
Grungemaster,0,2,0.00016016404892044112,2.2234359698052886e-05
loochadorrr,0,1,0.0,2.2234359698052886e-05
Krizo1,0,1,0.0,2.2234359698052886e-05
MiaBearCat,0,1,0.0,2.2234359698052886e-05
JaydedHorror,0,1,0.0,2.2234359698052886e-05
5nwmn,0,1,0.0,2.2234359698052886e-05
HotWineGirl,0,3,0.0,2.2234359698052886e-05
Emz423,0,1,0.0,2.2234359698052886e-05
Princess-14,0,1,0.0,2.2234359698052886e-05
my_one_and_lonely,0,1,0.0,2.2234359698052886e-05
h2o_girl,0,1,0.0,2.2234359698052886e-05
griffWWK,0,1,0.0,2.2234359698052886e-05
exegesis1611,0,1,0.0,2.2234359698052886e-05
MemeWatcher00,0,1,0.0,2.2234359698052886e-05
krlights,0,1,0.0,2.2234359698052886e-05
megaholt2,0,1,0.0,2.2234359698052886e-05
dmgirl101,0,1,0.0,2.2234359698052886e-05
UmpireNegative7068,0,1,0.0,2.2234359698052886e-05
Warm-Gear197,0,1,0.0,2.2234359698052886e-05
tracierene,0,2,0.0001604998629665085,2.2234359698052886e-05
TLMAriel1989,0,1,0.0,2.2234359698052886e-05
Barbareed,0,2,1.57315258428634e-06,2.2234359698052886e-05
Delicious_Demand_747,0,2,7.453733505938193e-07,2.2234359698052886e-05
Bisquare_cycle_thing,0,1,0.0,2.2234359698052886e-05
Confident_Collar_621,0,1,0.0,2.2234359698052886e-05
guyincognito365,0,1,0.0,2.2234359698052886e-05
Adventurelynd,0,1,0.0,2.2234359698052886e-05
cstrande7,0,1,0.0,2.2234359698052886e-05
WhereIsTheCaveman,0,1,0.0,2.2234359698052886e-05
VisorX,0,1,0.0,2.2234359698052886e-05
kerryfinchelhillary,0,2,0.00019758472861204111,2.2234359698052886e-05
maxutilsperusd,0,2,0.0,2.2234359698052886e-05
gloosticky,0,1,0.0,2.2234359698052886e-05
Salty-Assumption5392,0,2,8.190271910455729e-05,2.2234359698052886e-05
SailTemporary8644,0,1,0.0,2.2234359698052886e-05
Vast_Syllabub_9297,0,2,0.0,2.2234359698052886e-05
ConfederacyOfDunces_,0,1,0.0,2.2234359698052886e-05
glitzergewitter,0,1,0.0,2.2234359698052886e-05
starryskies3,0,1,0.0,2.2234359698052886e-05
Bungled_Bengal,0,1,0.0,2.2234359698052886e-05
ace-510,0,1,0.0,2.2234359698052886e-05
FourYaksandaDog,0,1,0.0,2.2234359698052886e-05
ZeroOhblighation,0,2,0.0004909572056573664,2.2234359698052886e-05
SuperDan000,0,1,0.0,2.2234359698052886e-05
Dirt-Southern,0,1,0.0,2.2234359698052886e-05
andeethenks,0,1,0.0,2.2234359698052886e-05
NilesCraneFan27,0,1,0.0,2.2234359698052886e-05
Magical_Mariposa,0,1,0.0,2.2234359698052886e-05
Event_Horizon753,0,1,0.0,2.2234359698052886e-05
PrayingForACup,0,1,0.0,2.2234359698052886e-05
Leftwiththecow,0,1,0.0,2.2234359698052886e-05
seizurevictim,0,1,0.0,2.2234359698052886e-05
xtothewhy,0,1,0.0,2.2234359698052886e-05
Matt_Landers,0,1,0.0,2.2234359698052886e-05
infinitebest,0,1,0.0,2.2234359698052886e-05
11s-Eggos,0,1,0.0,2.2234359698052886e-05
MyGoodPersona,0,1,0.0,2.2234359698052886e-05
foolishbeat,0,1,0.0,2.2234359698052886e-05
artemisiaa12,0,1,0.0,2.2234359698052886e-05
VBChristina2000,0,1,0.0,2.2234359698052886e-05
C4m1l4x,0,1,0.0,2.2234359698052886e-05
shrimpcookie,0,1,0.0,2.2234359698052886e-05
noplacelhome,0,1,0.0,2.2234359698052886e-05
minzwashere,0,1,0.0,2.2234359698052886e-05
JohnnyUtah100000,0,2,0.0,2.2234359698052886e-05
RockMonstrr,0,1,0.0,2.2234359698052886e-05
ZenithRepairman,0,1,0.0,2.2234359698052886e-05
WonkWonkWonkWonkWonk,0,1,0.0,2.2234359698052886e-05
sparkcan,0,1,0.0,2.2234359698052886e-05
ARTICUNO_59,0,1,0.0,2.2234359698052886e-05
YlaFla71,0,1,0.0,2.2234359698052886e-05
jukejuke57,0,1,0.0,2.2234359698052886e-05
Edwyth,0,2,2.1086613823906195e-06,2.2234359698052886e-05
ShroomTopsInTheSun,0,1,0.0,2.2234359698052886e-05
mentallynapping,0,2,6.408545943435531e-05,2.2234359698052886e-05
peepdabidness,0,1,0.0,2.2234359698052886e-05
yesat,0,1,0.0,2.2234359698052886e-05
--FuckYouSpez--,0,1,0.0,2.2234359698052886e-05
dolphin012345,0,1,0.0,2.2234359698052886e-05
Confident-Wonder6644,0,3,4.11324091043261e-05,2.2234359698052886e-05
phroggerz_,0,1,0.0,2.2234359698052886e-05
StudyEmotional4527,0,1,0.0,2.2234359698052886e-05
Either-Natural-5758,0,1,0.0,2.2234359698052886e-05
Davidspell,0,1,0.0,2.2234359698052886e-05
WeR1UnitedWeStand,0,1,0.0,2.2234359698052886e-05
thesuperdug,0,1,0.0,2.2234359698052886e-05
No_Comfortable1780,0,1,0.0,2.2234359698052886e-05
Tall_Dimension_6764,0,1,0.0,2.2234359698052886e-05
TrevorMJB,0,1,0.0,2.2234359698052886e-05
Gloomy_Ebb9923,0,1,0.0,2.2234359698052886e-05
scoredonu,0,1,0.0,2.2234359698052886e-05
0btuse_0val,0,1,0.0,2.2234359698052886e-05
norrisdt,0,1,0.0,2.2234359698052886e-05
kraysys,0,1,0.0,2.2234359698052886e-05
medhelan,0,2,4.691234279629614e-05,2.2234359698052886e-05
crystalsnow25,0,1,0.0,2.2234359698052886e-05
Relevant-Duck5784,0,1,0.0,2.2234359698052886e-05
sosaluvva29,0,1,0.0,2.2234359698052886e-05
shieldxex,0,1,0.0,2.2234359698052886e-05
Hot_Seaweed_8819,0,1,0.0,2.2234359698052886e-05
Possible-Duty3310,0,1,0.0,2.2234359698052886e-05
Halfonion,0,1,0.0,2.2234359698052886e-05
saryphx,0,1,0.0,2.2234359698052886e-05
brainspl0ad,0,1,0.0,2.2234359698052886e-05
ChickenDestruction,0,1,0.0,2.2234359698052886e-05
Sammysteelefit,0,1,0.0,2.2234359698052886e-05
ReleaseTheTrumpFiles,0,1,0.0,2.2234359698052886e-05
ime1em,0,1,0.0,2.2234359698052886e-05
Confident_Access6498,0,1,0.0,2.2234359698052886e-05
julzibobz,0,2,6.910986688641606e-05,2.2234359698052886e-05
Muskolotive,0,1,0.0,2.2234359698052886e-05
iamakangaroo,0,1,0.0,2.2234359698052886e-05
Mialla,0,1,0.0,2.2234359698052886e-05
Educational-Hotel-71,0,1,0.0,2.2234359698052886e-05
NeedyPudding,0,1,0.0,2.2234359698052886e-05
Vanliv,0,1,0.0,2.2234359698052886e-05
CurbFlowerCutie,0,1,0.0,2.2234359698052886e-05
inv3rtebr8te,0,3,8.81082445644887e-05,2.2234359698052886e-05
PlaguingYou,0,1,0.0,2.2234359698052886e-05
No-Dealer9396,0,1,0.0,2.2234359698052886e-05
ForeverMiru,0,1,0.0,2.2234359698052886e-05
cultured_vulture,0,1,0.0,2.2234359698052886e-05
01110011-8,0,2,0.0,2.2234359698052886e-05
getafrigginggrip,0,2,4.4234614114252015e-05,2.2234359698052886e-05
Ookvad,0,1,0.0,2.2234359698052886e-05
fionnly,0,1,0.0,2.2234359698052886e-05
TI_89Titanium,0,1,0.0,2.2234359698052886e-05
princeluvr625,0,6,0.0009909121405281504,2.2234359698052886e-05
pinoy_dude24,0,1,0.0,2.2234359698052886e-05
Wrong-Lever22,0,1,0.0,2.2234359698052886e-05
Legoshi-Baby,0,1,0.0,2.2234359698052886e-05
sweet208,0,2,0.0,2.2234359698052886e-05
nonamenomonet,0,1,0.0,2.2234359698052886e-05
ferdiazgonzalez,0,1,0.0,2.2234359698052886e-05
confusingphilosopher,0,1,0.0,2.2234359698052886e-05
Ohmnivorax,0,1,0.0,2.2234359698052886e-05
Specialist_Skill_331,0,1,0.0,2.2234359698052886e-05
Roo87,0,1,0.0,2.2234359698052886e-05
Keiraskinder,0,1,0.0,2.2234359698052886e-05
JSPepper23,0,1,0.0,2.2234359698052886e-05
ConstructionFlaky640,0,1,0.0,2.2234359698052886e-05
kaen,0,1,0.0,2.2234359698052886e-05
MAT-HAR,0,2,0.0,2.2234359698052886e-05
mikazukirock,0,1,0.0,2.2234359698052886e-05
britneys_topknot,0,3,0.000556586315269934,2.2234359698052886e-05
sunflwr36,0,1,0.0,2.2234359698052886e-05
v-punen,0,1,0.0,2.2234359698052886e-05
Revolutionary-Ad6106,0,1,0.0,2.2234359698052886e-05
Tamarenda,0,1,0.0,2.2234359698052886e-05
zaraoneone,0,1,0.0,2.2234359698052886e-05
Then_Discipline971,0,1,0.0,2.2234359698052886e-05
No-Wait192,0,1,0.0,2.2234359698052886e-05
Slow-Committee-7851,0,1,0.0,2.2234359698052886e-05
witchyweeby,0,1,0.0,2.2234359698052886e-05
Quendillar3245,0,1,0.0,2.2234359698052886e-05
Spare_Echidna_4330,0,1,0.0,2.2234359698052886e-05
beccalarry,0,1,0.0,2.2234359698052886e-05
ProfessionWeary8188,0,1,0.0,2.2234359698052886e-05
mollyxvegas,0,1,0.0,2.2234359698052886e-05
Playful_Annual6267,0,1,0.0,2.2234359698052886e-05
RecentStrawberry122,0,1,0.0,2.2234359698052886e-05
Rimno23,0,1,0.0,2.2234359698052886e-05
peachhoneymango,0,1,0.0,2.2234359698052886e-05
strugglingwell,0,1,0.0,2.2234359698052886e-05
ThespisKeaton,0,2,2.371592636468802e-06,2.2234359698052886e-05
fran_glass,0,2,0.00018307603349672122,2.2234359698052886e-05
Hesneri,0,1,0.0,2.2234359698052886e-05
BCostello76,0,1,0.0,2.2234359698052886e-05
NotMirandaCrosgrove,0,2,0.00025581756589568424,2.2234359698052886e-05
Content-Inspector993,0,3,0.00043714220368552077,2.2234359698052886e-05
One-Airport-497,0,1,0.0,2.2234359698052886e-05
thankyoupapa,0,1,0.0,2.2234359698052886e-05
blahblahlifeishard,0,1,0.0,2.2234359698052886e-05
etherealemlyn,0,1,0.0,2.2234359698052886e-05
Bubbly-Newspaper-239,0,1,0.0,2.2234359698052886e-05
HilMir_Kar,0,1,0.0,2.2234359698052886e-05
thegreatbasket,0,1,0.0,2.2234359698052886e-05
chrissie_boy,0,1,0.0,2.2234359698052886e-05
anonymous_writer123,0,1,0.0,2.2234359698052886e-05
Express_Victory1950,0,1,0.0,2.2234359698052886e-05
starsintheocean12,0,1,0.0,2.2234359698052886e-05
wanderlustenrose,0,1,0.0,2.2234359698052886e-05
Hyeon-a,0,7,2.7418281293578458e-05,2.2234359698052886e-05
Less_Fisherman_7720,0,1,0.0,2.2234359698052886e-05
Iceberg_Captain,0,1,0.0,2.2234359698052886e-05
ArtVandelay99999,0,1,0.0,2.2234359698052886e-05
DennD333,0,1,0.0,2.2234359698052886e-05
onemoreround,0,1,0.0,2.2234359698052886e-05
TwilekDancer,0,1,0.0,2.2234359698052886e-05
Usernameoverloaded,0,1,0.0,2.2234359698052886e-05
Mindless-Attempt-126,0,1,0.0,2.2234359698052886e-05
cookiedough5200,0,1,0.0,2.2234359698052886e-05
Inevitable-Garden273,0,1,0.0,2.2234359698052886e-05
hanibalz,0,1,0.0,2.2234359698052886e-05
Smooth_Aspect_7883,0,4,2.1230990789679516e-05,2.2234359698052886e-05
aceinnatailsuit,0,1,0.0,2.2234359698052886e-05
WinterOld3060,0,1,0.0,2.2234359698052886e-05
CrimeAndPunctuation,0,1,0.0,2.2234359698052886e-05
jujubeans8500,0,4,3.2552422293496486e-05,2.2234359698052886e-05
fogonogododo,0,1,0.0,2.2234359698052886e-05
candybeach,0,1,0.0,2.2234359698052886e-05
OkOutlandishness6834,0,1,0.0,2.2234359698052886e-05
colonelrebsmuff69,0,1,0.0,2.2234359698052886e-05
JasperJue,0,1,0.0,2.2234359698052886e-05
yonderTheGreat,0,1,0.0,2.2234359698052886e-05
anonymous_gaymer,0,1,0.0,2.2234359698052886e-05
likeslululemon,0,1,0.0,2.2234359698052886e-05
dd42949,0,1,0.0,2.2234359698052886e-05
lumi_snowy,0,1,0.0,2.2234359698052886e-05
Unhappy_Cheek_2281,0,1,0.0,2.2234359698052886e-05
bbcversus,0,2,1.1866270102550775e-05,2.2234359698052886e-05
omgftwbbqsauce,0,1,0.0,2.2234359698052886e-05
dwbaz01,0,1,0.0,2.2234359698052886e-05
mongster03_,0,1,0.0,2.2234359698052886e-05
Chrisyteen,0,1,0.0,2.2234359698052886e-05
LivingPlum1315,0,1,0.0,2.2234359698052886e-05
formal_studio1,0,1,0.0,2.2234359698052886e-05
MBolero,0,1,0.0,2.2234359698052886e-05
Reyrith,0,1,0.0,2.2234359698052886e-05
Worldly1998,0,1,0.0,2.2234359698052886e-05
Lexibee3,0,1,0.0,2.2234359698052886e-05
sthsthsth,0,1,0.0,2.2234359698052886e-05
Changeup2020,0,1,0.0,2.2234359698052886e-05
SattinSirennn,0,1,0.0,2.2234359698052886e-05
Shinkopeshon,0,1,0.0,2.2234359698052886e-05
Safe-Acanthaceae8951,0,1,0.0,2.2234359698052886e-05
glutenfreedough,0,1,0.0,2.2234359698052886e-05
Hereforthev1bes,0,1,0.0,2.2234359698052886e-05
copperfreak,0,1,0.0,2.2234359698052886e-05
leonor3362,0,1,0.0,2.2234359698052886e-05
Aniechu,0,1,0.0,2.2234359698052886e-05
Otherwise_Bowler_292,0,1,0.0,2.2234359698052886e-05
mrsk145,0,1,0.0,2.2234359698052886e-05
PastPerfekt,0,1,0.0,2.2234359698052886e-05
LazySleepyCat,0,1,0.0,2.2234359698052886e-05
IntentionDeep651,0,1,0.0,2.2234359698052886e-05
Le_Nabs,0,1,0.0,2.2234359698052886e-05
SilvermistWitch,0,1,0.0,2.2234359698052886e-05
Mental_Banana_9694,0,1,0.0,2.2234359698052886e-05
technicolorsleep,0,1,0.0,2.2234359698052886e-05
themehster,0,1,0.0,2.2234359698052886e-05
Oskarikali,0,1,0.0,2.2234359698052886e-05
Hazuusan,0,1,0.0,2.2234359698052886e-05
_kdws,0,1,0.0,2.2234359698052886e-05
korko,0,1,0.0,2.2234359698052886e-05
Time-Ad-3134,0,3,0.0012312972381065294,2.2234359698052886e-05
UtilisateurMoyen99,0,1,0.0,2.2234359698052886e-05
GirlnextDior,0,1,0.0,2.2234359698052886e-05
AggressiveAnything,0,1,0.0,2.2234359698052886e-05
Apennatie,0,1,0.0,2.2234359698052886e-05
Natural_Bumblebee920,0,3,0.0001496902645162598,2.2234359698052886e-05
phatninjas,0,1,0.0,2.2234359698052886e-05
Zblancos,0,1,0.0,2.2234359698052886e-05
Ok-Recording-6687,0,1,0.0,2.2234359698052886e-05
imc225,0,1,0.0,2.2234359698052886e-05
MakeItTrizzle,0,1,0.0,2.2234359698052886e-05
fly4everwild,0,1,0.0,2.2234359698052886e-05
zebbersVT,0,1,0.0,2.2234359698052886e-05
Remarkable_Stage_851,0,1,0.0,2.2234359698052886e-05
ZealousidealBend9829,0,1,0.0,2.2234359698052886e-05
magnolia2010,0,1,0.0,2.2234359698052886e-05
SmashRadish,0,1,0.0,2.2234359698052886e-05
CW1DR5H5I64A,0,1,0.0,2.2234359698052886e-05
BeBenNova,0,1,0.0,2.2234359698052886e-05
fufluns12,0,1,0.0,2.2234359698052886e-05
SpaceBall330,0,1,0.0,2.2234359698052886e-05
alexut7,0,1,0.0,2.2234359698052886e-05
unreedemed1,0,2,1.764801044145251e-05,2.2234359698052886e-05
pipoescomo,0,1,0.0,2.2234359698052886e-05
XanaxMetotheMoon,0,1,0.0,2.2234359698052886e-05
onthefrickinmeatbone,0,1,0.0,2.2234359698052886e-05
True-Conversation-71,0,1,0.0,2.2234359698052886e-05
Dry-World5272,0,1,0.0,2.2234359698052886e-05
Acrobatic-Newt-351,0,1,0.0,2.2234359698052886e-05
227a,0,1,0.0,2.2234359698052886e-05
AccomplishedWalk-22,0,1,0.0,2.2234359698052886e-05
marinajk21,0,1,0.0,2.2234359698052886e-05
Dry_Medicine_6491,0,1,0.0,2.2234359698052886e-05
zaparthes,0,1,0.0,2.2234359698052886e-05
Dictionarycollector,0,1,0.0,2.2234359698052886e-05
Moist_Transition_755,0,1,0.0,2.2234359698052886e-05
pack1fan4life,0,1,0.0,2.2234359698052886e-05
ghost_jamm,0,1,0.0,2.2234359698052886e-05
kushdogg20,0,1,0.0,2.2234359698052886e-05
CanarioFalante,0,1,0.0,2.2234359698052886e-05
DryProgress4393,0,1,0.0,2.2234359698052886e-05
chaz_wazzerz,0,1,0.0,2.2234359698052886e-05
West_Description1217,0,1,0.0,2.2234359698052886e-05
shimmy_kimmel,0,1,0.0,2.2234359698052886e-05
dontleaveyourbananas,0,1,0.0,2.2234359698052886e-05
Prestigious-Cold-794,0,1,0.0,2.2234359698052886e-05
Arctic_Circle_,0,1,0.0,2.2234359698052886e-05
EatMoreSleepMore,0,1,0.0,2.2234359698052886e-05
Rohkey,0,1,0.0,2.2234359698052886e-05
Suitable-Site6584,0,1,0.0,2.2234359698052886e-05
i-texted-alexis,0,3,0.00014137320372146998,2.2234359698052886e-05
Ulsterman24,0,1,0.0,2.2234359698052886e-05
Larshei,0,1,0.0,2.2234359698052886e-05
JazeevaGaming,0,1,0.0,2.2234359698052886e-05
