user,community
Agreeable_Hold341,0
jjgm21,0
coconutdreams55,0
ur_too_slooow,0
LeisurelyLoner,0
bluebelle08,0
MedievalHag,0
Happy-Hurry8126,0
Confident-Wonder6644,0
mermaidshrooms,0
lostkoalas,0
Main_Following1881,0
MarvelMind,0
ManaM13,0
DontalerttheFBI,0
lafm9000,0
unheardnoon,0
Beginning-Window-676,0
Mundiane,0
freddythepole19,0
LegoSaber,0
BackgroundHeater,0
suelikesfrogs,0
Relative_Papaya_6702,0
Express-Street3383,0
yanabanana311,0
exceenly,0
michelangeloroseni,0
Musiclover86,0
justbrowzingthru,0
ParamountHat,0
osvimonello,0
tkath17,0
PsychologicalPlum961,0
No_Shoe7056,0
Savings-Studio-2779,0
BroadwayBean,0
carlyj18,0
lucillep,0
CharacterIcy9002,0
Lambily,0
Toni1805,0
Academic_Shift2702,0
BettyFosterRamsey,0
Ying87,0
Vast_Syllabub_9297,0
No-Case-4938,0
ConfederacyOfDunces_,0
sandraskates,0
WaferOwn9473,0
Kris7531,0
SimpleVast9215,0
theusedlu,0
Hyeon-a,0
ForeignBazaar,0
LaLegende35,0
dasheeshblahzen,0
schmigglies,0
lemonsugarhigh,0
florange7,0
chickenboi8008,0
the_femternational,0
vida_tombola,0
KawaiiChan68,0
moonlit_reveriee,0
bennetinoz,0
Jakie_31_46,0
Ok_Significance9925,0
bobcat242,0
parallelbarchart,0
nika817,0
Azula_Rey,0
Lucky_Owl_4524,0
cuntinspring,0
First-Big2161,0
DelaraPorter,0
AddendumOk2694,0
strawberrymidnights,0
andeethenks,0
EdTMasterZ,0
v-punen,0
Raumfahrerin,0
Miserable_Aardvark_3,0
matilza,0
Dry-Ad189,0
unlikelywin,0
picklesatmidnight1,0
annieca2016,0
henrywhitfordstears,0
Agamar13,0
merkorn,0
GnomeAndGarden,0
MarsupialUnable9295,0
piratesswoop,0
BrialaNovera,0
sofastsomaybe,0
Xagzan,0
Tiny-Acanthaceae1656,0
angel_kink,0
PerspectiveEven9928,0
vegas_gal,0
No-Condition8561,0
Anniechon,0
MtnVw43,0
suexo66,0
PandemicPiglet,0
jqj29,0
viennawaits94,0
29kk,0
zaraoneone,0
No-Aioli-4960,0
devoncarrots,0
Soggy_Iron_5350,0
2greenlimes,0
Mysterious_West9231,0
p-hantasmagoria,0
Tgig0396,0
NanoRabbit,0
ShortAd9621,0
4evrnalways,0
deadblossom,0
The1_with_the_force,0
SassySandwiches,0
Specialist_Error_845,0
Pure_Pay9323,0
KBPT1998,0
Melodic_Ad_783,0
klein_four_group,0
wawrinkle,0
Norcalnappy,0
fswhore,0
Busy-Doughnut6180,0
theburbankian,0
Accomplished-Cow9105,0
Odd-Habit-4223,0
oneuglygeek,0
Princeton0526,0
Ocelotstar,0
StellafromVienna,0
a-mathemagician,0
Difficult_Fruit8096,0
Original_Opposite_40,0
Living_Current815,0
venusflytrap6231,0
PrestigiousLack88,0
HousingBackground819,0
charlottelucas27,0
Econ_Girl94,0
Stlavsa,0
sapphicmage,0
techsamurai11,0
Aggravating_Candle38,0
misterflyer,0
Money_Assist4722,0
Silent_Navigator8796,0
Nice_Insect3525,0
Staublaeufer,0
LIL_KEEKS,0
Several-Initiative48,0
AnxietyExpert2211,0
Great_Ad_9718,0
alcyonewinter,0
Handsome_Bread_Roll,0
Euphoric_Gene_2103,0
postcardpopsicle,0
yeehaw-girl,0
qwerty1195,0
s0xmonstr,0
areongie,0
alliownisbroken,0
MurricanDream,0
Connect-Researcher39,0
Trick-Juggernaut3747,0
jjtsfca,0
uninspired_oblivion,0
Novel_Surprise_7318,0
Counter_Mysterious,0
Hot-Site-1882,0
Scorpioking1114,0
GoodNewsorBad,0
Few-Decision-774,0
treeface999,0
Rude_Tough485,0
mainlywatching,0
motionbean,0
NewspaperBanana,0
aleksandrnevskii,0
Freak0nLeash,0
ArtVandelay99999,0
Awkward-Muffin5411,0
Kombiniertanz,0
AoiTsukino,0
wanderindreamr,0
mcsangel2,0
ThunderBayOPP,0
StrengthWise3194,0
Intelligent_Toe_2115,0
KarmicCT,0
Loose_Towel_3502,0
spiciestmeatball2,0
cranraspberry96,0
Available-Error1658,0
-kosto-,0
ReallyAMiddleAgedMan,0
adevine321,0
BlueberryNo6811,0
coolaroni123,0
vareliya,0
DamnDingos,0
Rez125,0
katmizouni,0
BlackGirlonMountain,0
Churlishbeast,0
Turbulent-Piccolo429,0
Bitca99,0
Level_Music_8693,0
Relative_Nebula_9772,0
GreatSeesaw,0
DragonFireHeart1507,0
BasilNext2476,0
JesLB,0
Triss-Nguyen-03,0
thelorelai,0
gnomeglow_,0
msolelh,0
BloodyBaronsBFF,0
abigailrose16,0
TwoBuckExacta,0
daonchik,0
Rad_Atmosphere974,0
idkcat23,0
Hummingbird136,0
AnxiousAnonEh,0
DiminutiveLizard87,0
Ordinary_Pattern_168,0
ThespisKeaton,0
floppypiranna,0
PowerSniffer,0
Ambitious_Emotion30,0
Simple-Narwhal6035,0
unicorninclosets,0
Suitable-Training661,0
qiaozhina,0
CBowdidge,0
Brilliant-Sea-2015,0
Miserable-Maximum125,0
sarka121,0
ivemetu,0
maladaptivedaydream4,0
thrak1,0
Obi-Wan_Bon-Jovi,0
Udont_knowme00,0
Much_Dog_4591,0
Being_Pink,0
Featureless_Bug,0
maigsy,0
mmilky_wayy,0
PossibleAcademic523,0
kmw22799,0
let_me_sleep_on_it,0
ofstoriesandsongs,0
ChompingCucumber4,0
Historical_Light_730,0
lilix15,0
THEonlyDAN_____6,0
JSPepper23,0
fit_graphis_va,0
mimaluna,0
SuspiciousMoney973,0
Requiem_13,0
clariwench,0
mrsdarkstar,0
yuzurujenn,0
Tchaikovskygirl356,0
Agitated_Weight_6481,0
Chiowl333,0
Affectionate-Feed253,0
Difficult-Tough-5680,0
Munchnello,0
Avaelectric,0
Dry_Light_5691,0
freshraininspain,0
avboden,0
Smart-Illustrator277,0
pastadudde,0
iamalittlebear,0
citation-found,0
Stelmie,0
redrunsnsings,0
SnapCasterDANK,0
MasterpieceSea7722,0
SnooDoubts6155,0
amara90,0
Ok-Count8492,0
rowsoflark,0
Samurai_Rey,0
lyssabean617,0
Impossible-Archer-93,0
KaeIsUrGirl_,0
loveofb,0
ocean_888_,0
Admirable-Bluejay956,0
Corran105,0
Warm-Gear197,0
SnooMaps7755,0
Happypawswaggytails,0
intlcap30,0
Actual_Spirit7236,0
mandalf3000,0
emaline5678,0
Odd_Brief4522,0
Professional-Belt573,0
No-Presentation-2320,0
mimi10010305,0
CDNinWA,0
whippedcreamtomato,0
DragonRage7014,0
churro66651,0
amycouldntcareless,0
EarlyNeighborhood901,0
Busy-Cartoonist9626,0
croc-roc,0
ATeenTalksSkating,0
Remming1917,0
Dim_e,0
Ambitious_Waltz_5927,0
KimberParoo,0
Revolutionary-Ad6106,0
HeretoFore200,0
ArsPain,0
AnitaSandwich69XXX,0
No_Storage5184,0
Fit-Swimmer1322,0
facingmyselfie,0
shrimpcookie,0
True-Bear-2561,0
RaidherApe,0
NewspaperNeither6787,0
Superb-Okra,0
louwhogames,0
H0MES1CKAL1EN,0
Dull_Expression_4575,0
snowstealth,0
Doppleflooner,0
Civil-Championship74,0
Sensitive_House_9770,0
plus5podcast,0
skategr8_65,0
Rvsone,0
CaramelHappyTree,0
forwardaboveallelse,0
ReachComprehensive90,0
Existing-Maize-2082,0
WinterBrilliant5186,0
blahblahlifeishard,0
BBarrRN,0
QualityPenguin,0
remoteworker9,0
runningvampire_,0
Otter-Egg30,0
dakikibe,0
port_okali,0
ChristmasClimber2009,0
kami_kaz_e,0
no_sheds_jackson,0
Apprehensive_Disk_16,0
azssf,0
MediocreStorm599,0
Tall-Branch-2321,0
OilWorried41,0
IlSace,0
alternativeedge7,0
5919821077131829,0
Apprehensive-Cat-163,0
Wickie_Stan_8764,0
emmeline05,0
Peanut_Noyurr,0
wawasan2020BC,0
Huge-Government4981,0
zebbersVT,0
Hot_Bad409,0
ponypav,0
randomizedcat,0
lovestostayathome,0
ethicalpickle,0
moonfairy44,0
malachaiville,0
Acceptable-Bit-2456,0
stressedgeologist22,0
XanaxMetotheMoon,0
Mysterious-Bee-9792,0
RueBourque,0
Future-Addition9436,0
StephLSmith,0
Sorry_Truck9897,0
kiimnu,0
JuliasTooSmallTutu,0
Many_a_Broomstick,0
coach_cryptid,0
jipsssss,0
chenchenhuo,0
Guilty-Vermicelli320,0
Copy_Responsible,0
Ok-Copy3121,0
beccalarry,0
skinnamarinky,0
Feisty-Donkey,0
babvbc,0
LeoisLionlol,0
starryskies3,0
fearlessAppetite,0
SnowOnCinders,0
Famous_Act4164,0
sublimecenturies,0
angelfatal,0
Nopenopenope00000001,0
oswaldkarr,0
serawyo,0
daisyviolet,0
kemmes7,0
CauseNo2813,0
Beautiful_Shine_8494,0
PlantNerd_Southpaw,0
Esteraceae,0
No-Orange-5879,0
Strawberrycow2789,0
Beautiful-Promise966,0
glossedrock,0
Vegetable_Ear_8440,0
Smobasaurus,0
tchaikovskys_nostril,0
jkmiami89,0
rubyjester,0
brienneofbark,0
After-Economist,0
livinginanutshell02,0
Newoutlookonlife1,0
PartyQuiet5065,0
Excel-Block-Tango,0
Chrustykrabpizza,0
not_so_plausible,0
Cautious_Platypus244,0
30flirty_thriving,0
CelestialKitty7,0
NegotiationFeisty936,0
AssumptionKlutzy9314,0
OveremotionalCatLady,0
Spiritual-Brain7547,0
jparkarts,0
agent-assbutt,0
fzztsimmons,0
SickandTiredofItAll2,0
connectionsea91,0
kedfrad,0
GabrielMcDonough,0
____QuadAxel____,0
timemagazine,0
Normal-Reputation911,0
Intellxual,0
No-Efficiency7978,0
gimmesomespace,0
willowsieb,0
infinite_burrito,0
Responsible_Bad_4846,0
TailorFalse3848,0
some-mad-shit,0
Junior_Fig_2274,0
ObjectiveSnake111,0
helloiamliana,0
spiralsequences,0
tsumtor,0
Dry-World5272,0
Quick-Tale9105,0
Keiraskinder,0
qathran,0
Firm_Raccoon_1727,0
athicketofmusings,0
ButchUnicorn,0
gaimzredy,0
RevolutionaryKey698,0
Asleep-Project3434,0
tolstoysleftkidney,0
Agitated-Minimum-967,0
targayenprincess,0
nicebrows9,0
ImaginaryAd5855,0
Extreme-Progress8379,0
Ok-Explanation-4128,0
whitehouses,0
Superb_Anxiety_1464,0
PixiResinworks1,0
jromansz,0
ProfessionWeary8188,0
ZiaLadybird,0
blu9456am,0
Kickflipindi,0
Resipsaloquiturtle16,0
Maybe-Cool,0
Motor_Rice_3291,0
onemoreround,0
Lilly7799,0
notnotblonde,0
AccomplishedWalk-22,0
Thumper13,0
hion_8978,0
Captain_Swordfish,0
garlicmayochilli,0
InsideMembership4015,0
Twothounsand-2022,0
emrys333,0
Early_Code812,0
mollyxvegas,0
NilesCraneFan27,0
kuroi_suzume,0
shrikeandthorn,0
hockat,0
copperfreak,0
Mainecoon0805,0
Frosty-Insurance-219,0
roionsteroids,0
TwirlingPotatoes,0
TooObsessedWithOtoge,0
CoffeeAndCurls76,0
Safe-Designer-1290,0
KitchenStraight2922,0
TransitionUsed4092,0
Big_One_Bitey_,0
Acrobatic-Nectarine,0
Karm0112,0
Ok_Philosopher_5090,0
Intelligent_Fox_1287,0
Missworld_12308,0
Straight_One_5042,0
Jumpy_Boysenberry919,0
summerofsnow,0
gigimarie90,0
marievarsovie,0
Civil-Tumbleweed-257,0
queenofday,0
play_by_cdg,0
Professional-Steak-5,0
alexut7,0
glitzergewitter,0
waltzthrees,0
two-teachers,0
kat_stratford,0
Plato-your-strengths,0
gadeais,0
Distinct_Poetry_7869,0
crs0268910,0
Haunting_Lab5348,0
emma_fsvideo,0
NameCareful9547,0
iwantedanotherpfp,0
CRAZY_BROCC0LI77,0
Necessary-Egg-759,0
purpleprin6,0
sc0998,0
aspennfairy,0
notthebesthuh,0
BlahVans,0
Ok_Opportunity_4651,0
13wisdome,0
pocptz,0
Slight_While_1538,0
jshopc,0
Putrid-Nebula-8660,0
Longjumping-Walk-418,0
PossessionCapital983,0
Spiritual_Ear7787,0
Acrobatic-Newt-351,0
Rude-Mission-8907,0
ShouldBeASavage,0
SlightTemporary2954,0
sarah_sexy,0
j_tothemoon,0
yurerukizashi,0
Excellent-Delay8784,0
TheEmulat0r,0
PlaguingYou,0
Melodic-Income-3753,0
alexarbusto,0
bondcliff,0
life_is_loud,0
jellocupz,0
LordZZZ12345,0
darthkardashian,0
verholies,0
There_is_sarna,0
ImplementDense2097,0
Sad-Mixture6782,0
Strawrose,0
BadAspie,0
Hot-Hospital4112,0
WhiteOleander1992,0
AsianWADA,0
Miserable_Touch_8743,0
donutcapriccio,0
tinaoe,0
hopelessromantic1340,0
jacknicholscum,0
No-Process-6474,0
waitingformorning,0
WitnessEntire,0
bloop7676,0
OneLittleMoment,0
resb,0
Pendejeta_,0
Fancy-Neighborhood74,0
shylittleshrimpie,0
spacereading,0
Glittering_Nerve_648,0
Downtown-Ice-5031,0
raywalker212,0
Barbareed,0
space_rated,0
musea00,0
Erintheprince,0
jquailJ36,0
Available-Tradition8,0
NefariousnessNo9202,0
Asleep-Technology-13,0
Darnbeasties,0
Vision9074,0
Pinkhairedprincess15,0
WildAd9127,0
Internal-Weekend-910,0
DannyC-5430,0
Efficient-Mud3799,0
ttr88,0
redtantsor,0
FigureSkating-ModTeam,0
sapphic-nova,0
mulderitsme,0
berryme1223,0
Worried_North1870,0
Fierce_GameBG,0
Fine-Independent1848,0
afloatingpoint,0
elena-2354,0
Avocado_Birdie,0
Hungry-Skater-1010,0
amelywin,0
SolidAd5223,0
Arvea_,0
ItIsL,0
CryptographerShot213,0
bluenightshinee,0
Focus-Agile,0
MarcoCornelio,0
knitace21,0
Ottawa_points,0
hermoomin,0
VOvercaffeinated,0
Shanna_ian,0
DSQ,0
ConfectionInformal25,0
Thevintageandvanity,0
Sh1raz51,0
Beatana,0
schattendesschicksal,0
uselesssociologygirl,0
mrhenrypeacock,0
sk8mod,0
Human_Assistance7849,0
Imaginary-Chard-8037,0
Mike_Kermin,0
BestUsernameEverOwO,0
AlexZas,0
icredevirra,0
Fun_Emergency_6680,0
anilop1223,0
reichya,0
AShighashonor1,0
YoongiGucci,0
TLMAriel1989,0
RecentStrawberry122,0
Comfortable-Side7018,0
Flat_Broccoli_3801,0
bjorkabjork,0
Apprehensive_Sea_585,0
01110011-8,0
Ordinary_Bid_7053,0
WTHManWhy,0
Keyblader1412,0
grunt1533894,0
DjangoPony84,0
todaomg-what-is-that,0
Tough-Reflection6722,0
Magical_Mariposa,0
shachu,0
Angry_Phoenix887,0
TheGooseArmada,0
Motor-Ad2347,0
Flashy_Operation9891,0
ConsciousStatus5083,0
Brainless_flannel09,0
MangoMonkey22,0
Suspicious-Peace9233,0
RoutineSpiritual8917,0
Catharas,0
bnyancat,0
Outrageous_Face_2543,0
Key_Hospital_10,0
justadjie,0
Suzfindsnyapts,0
LAFoodiePanda,0
AdRich4771,0
Vivid-Ad1372,0
Radiant-Banana161,0
Rare_Reception_6166,0
IsakBlixen,0
Crime-raider-poopy42,0
CoffeeCat77,0
InternationalBat4946,0
chelseakaye8,0
Annual_Interest3951,0
Alternative-Key-7944,0
lenimph,0
KatrinaPez,0
Intelligent-Wear-114,0
jonquil_dress,0
EllieHarmony,0
StarfallGalaxy,0
Psyduck1127,0
Claidissa,0
EasiBreezi,0
Proper-Background-70,0
stargazer1101,0
DanielleEllina,0
summer993,0
Educational-Hotel-71,0
Maleficent-Total2738,0
olive_2319,0
pinchyourelbow,0
SofaAssassin,0
Any-Papaya678,0
dd42949,0
Lopsided-Coat7504,0
Dry_Medicine_6491,0
NeighborhoodOne7987,0
sevenpleiades,0
bluejaysmandy,0
Dian7777,0
Acrobatic_Act4976,0
coiler119,0
Ohmnivorax,0
Delicious_Welder9027,0
Noncrediblepigeon,0
Upstairs_Travel4128,0
misstwizzle,0
Think_Imagination_28,0
tits_mcgee0123,0
pink_faerie_kitten,0
pinoy_dude24,0
LowComfortable5676,0
Inevitable-Garden273,0
EquivalentJacket7,0
margothartley,0
bambola99,0
novaonthetop,0
LateAdhesiveness6926,0
laughingwater77,0
survivoorhees,0
Chance_Winner2029,0
Alone_Manager_9106,0
Lazy-Ability-3196,0
RollLongjumping6920,0
Artistic-Luna-6000,0
Giudittagrabsasword,0
whowhogis,0
siestayfiesta,0
Butters5768,0
Chemical-Ocelot-9105,0
jace_in_space,0
Astraea802,0
Thunderball85,0
Writer_Elliot,0
ProcedureOwn9395,0
Frankenllips,0
nolechica,0
Crow-Sea,0
churningseaofpoppies,0
Strycht,0
tottie_fay,0
parisinsalem,0
Few-Spirit4962,0
bejewelledskeletons,0
Mialla,0
sabriffle,0
ElegantFootball8741,0
Hour-Friend-4106,0
redirectredirect,0
New-Possible1575,0
GrayMareCabal,0
sourcherry92,0
Coot_Bandi_Crash422,0
Visual_Cucumber_5365,0
Adventurous-Hand3942,0
met123456789,0
Candid_Jello5188,0
Shortfitking,0
Lyverbird1,0
DennD333,0
Feisty-Life-6555,0
lily-kuchel,0
GoodAmbassador297,0
Wegzuwerfendes_Konto,0
frenchie-fanatic,0
DST-NYR_LL2,0
NothingNumerous5477,0
CommissionIcy,0
AthenaReignsHere,0
InnerAdhesiveness666,0
GhostofLolaMontez,0
Todayis_aday,0
pipoescomo,0
berryblue69,0
rogeryocheng,0
daIIiance,0
TaleAccurate2056,0
kmsteg15,0
Slabbershan,0
NewbieQuestions1,0
SeeTheSeaInUDP,0
Alessio_Marchesi,0
luckyseatMR,0
genetierneys,0
elocin__aicilef,0
boomclap15,0
szedina,0
Skaterade3,0
Strwb_Beri,0
DapperRomanesco,0
Brilliant_Air4484,0
NetheriteTiara,0
ttatm,0
amyel26,0
CMMVS09,0
pundromeda,0
GraysonQ,0
noplacelhome,0
laura_holt,0
EngineAnnual,0
kitstiko,0
candybeach,0
Remarkable_Owl_258,0
nizari-spirit,0
depressedArmeniafan,0
rongricker,0
shozuru,0
PurpleChannel2080,0
Less_Fisherman_7720,0
Whole-Fly,0
FrozenRose_816,0
FinalMidnight4670,0
LiveToTravel84119,0
exquisitecrab24,0
Admirable_Command_10,0
Amastarism,0
ConsistentPastaSauce,0
Longjumping_Crab_345,0
GayDrWhoNut,0
tothepointe,0
logophile98,0
Used_Price8763,0
windwires,0
Raebelle1981,0
Guilty_Treasures,0
slavetothecause,0
oh-oh-livinonaprayer,0
lulu_apple,0
smartdehumidifier,0
StinKy_pOo27,0
Spare_Drink_5492,0
Uno-Flip,0
peliss,0
CeleryDue1741,0
PghDylan,0
Lextasy_401,0
entoure-loupe,0
Unlikely_Intern1271,0
JJ-Bittenbinder,0
_Exegy_,0
papermountainwoman,0
multiequations,0
veenadaiya,0
Own-Adhesiveness5723,0
komplicirana,0
shiftshinee,0
Complete_Area_2487,0
hitch42hiker,0
Dimashfan,0
TryingtoKeepGoing1,0
Cactopus47,0
nickyskater,0
Exact-Proposal-5562,0
_joons,0
fam-squad-lit,0
Loaf713,0
milasara,0
Exciting-Engineer649,0
earlgreyalmondmilk,0
Mokkaza,0
Timely_Wait_3404,0
Ancient-Leg-8261,0
KZavi,0
xSamuraiDom,0
Ok-Calm-Narwhal,0
linzerrr24,0
iamrichandbeautiful,0
petiteodessa,0
Haunting_Onion_7866,0
Internet-Dick-Joke,0
rdg68,0
Defiant_Surround_95,0
Embers_Are_Out,0
just_anotherperson98,0
Single_Air_5276,0
darkprairierose,0
moseisley99,0
decorativeprint,0
ArrivalActual,0
black-turtlenecks,0
NyxPetalSpike,0
Owli-1,0
mentallynapping,0
NoseHillRhino,0
GovernmentCandid95,0
Electrical-Count5385,0
petmink,0
_kapeesh_,0
GolfOk7579,0
bertrandrussell2,0
Adorable_Edge_8358,0
sailorfish27,0
mom_of_a_19yo,0
dreamer_dw,0
ceylonblue,0
courtneywrites85,0
Environmental-Let435,0
Forward-Plankton-108,0
Daisydogdoughnut,0
JoshTHX,0
starry101,0
Scarlet_Vixen07,0
Larabees3,0
silvershade8,0
Overtea41,0
Karotyna,0
TI_89Titanium,0
Past-Feature3968,0
allisonhanj,0
beforedinnermints,0
daisykat,0
Express_Victory1950,0
Admirable-Job7758,0
sunnynbright5,0
lorenacorina,0
youateallthepies,0
Delicious-Leave5697,0
wundernerd,0
terra_degli_angeli1,0
BuyingStuffIShouIdnt,0
niakasi,0
Bagheera526,0
griffingirl92,0
SnooStrawberries1862,0
AppropriateAd2334,0
sleepy-worrier,0
Chuuucky24,0
jasperulilshit,0
indeedy71,0
Automatic-Truck4908,0
llinstitutesynthll,0
Spiritual-Berry-7423,0
Dear_Can_3536,0
EffectiveCycle,0
Nastypav12,0
Zealousideal-Fox3893,0
swiftie444,0
epeilan,0
This_Cryptographer76,0
segacs2,0
Ok_ivy_14,0
Krazy121,0
Responsible_Order_55,0
One_Adagio4729,0
Inner_Sun_8191,0
fran_glass,0
FrostAndTheForest,0
michaelplk,0
nameIessV,0
lewisjz,0
shoshpd,0
chrisabulium,0
seattlejoyjoy,0
GalateaPygmalion,0
Ambitious_Bullfrog31,0
murderdocks,0
4247407,0
kaleidocute,0
Fem-Picasso,0
yourmom248,0
eraisin,0
vilhelmlin,0
Illustrious-Meat-313,0
ourferocity,0
npmartinauthor,0
Delicious_Tip_8678,0
PrinzRagoczy,0
midnightphoton,0
No-Good-6538,0
DontHitDaddy,0
Longjumping-Ad-1282,0
nicholez3sty9228,0
TrickyHead1774,0
catsplantsandbakes,0
nmtv_04,0
galaxie_catto,0
Fs-Fan-800,0
wanderlustenrose,0
zilmc,0
dolphin012345,0
inv3rtebr8te,0
wildbeest55,0
TwistyBunny,0
rainydays028,0
Original-Number-314,0
Nice-Trust-1541,0
Illustrious_Cut1730,0
Human25920,0
wandrlustx,0
Awesome_Squirrel,0
sinsoldseparately,0
_tehol_,0
penicilliumm,0
amygym,0
romremsyl,0
envy-adams,0
DisastrousTax3805,0
CherryCokeAndFanfic,0
Astaer_,0
Inevitable-Ad-8522,0
BBQ_Becky,0
singinglupines,0
AdDry7306,0
tinweling,0
emtuts,0
fiftyshadesofroses,0
cukepatch,0
invenice,0
double_sal_gal,0
bmcthomas,0
Effective_Fall_5225,0
AdAutomatic1442,0
Medium-Crazy5330,0
bexarama,0
AsianInfiltration,0
seldom4,0
fliccolo,0
Kindly-Plate-5785,0
ellapolls,0
volcano_roll,0
Impossible-Repeat577,0
MundaneRazzmatazz844,0
jasmine24601,0
diotticarla,0
CraftLass,0
Beautiful-Top-8297,0
will999909,0
battlestarvalk,0
Independent_Cycle837,0
lividchocoholic,0
Faceplant678,0
AcceptableTea1460,0
Bunnies23456,0
cilucia,0
LittleLotte29,0
Which_Bug2163,0
pistoldottir,0
Pho_Supremacist,0
buffbebe,0
The_Darling_Starling,0
voidwhales,0
sumerislemy,0
makingburritos,0
glutenfreedough,0
Specialist_Skill_331,0
No-Dealer9396,0
summerjoe45,0
Educational_Lead3319,0
FibonacciSequester,0
thecdiary,0
ChannelVast2822,0
laffytaffy55,0
violaki,0
Cheziscool,0
scenesandplots,0
Better_Ad_4743,0
LauraKS94,0
Yuna317,0
mimib101,0
DayUp3,0
almiranara,0
pumacatrun2,0
sadcoffee1256,0
strugglingwell,0
SkaterLady,0
Jaguarcatkat,0
sk8tergater,0
EveRomi,0
dllyn,0
Vanliv,0
Savings-Material7706,0
Maximum_Fortune_4800,0
minzwashere,0
CellOk4165,0
Chicenomics,0
Howtothnkofusername,0
Sweetcarolinelove,0
ConsistentReaction6,0
SorayaAmythest,0
oosajee,0
whoopiecushions,0
dasrod,0
Born-Discount3938,0
catlover3230,0
JuniorAd1210,0
Anonymous123_59,0
thatnurselifts,0
NeedyPudding,0
mycabbages_,0
Suitable-Soup-42,0
Any_Coconut4363,0
plumblossomhours,0
collectingviolets,0
Annulus3Lz3Lo,0
scribbledletters,0
Daena_Rose,0
Limp_Aerie_6003,0
5moreminutesofsleep,0
Inari68N,0
TsarinaJissa,0
Adariel,0
CoolCatBlue321,0
JediPanda227,0
thisthatbothnone,0
ChavaAyanna,0
MontanaJoev,0
ContractOk4317,0
pumpernick3l,0
Unlucky_Apple_3907,0
Lindsaydoodles,0
bstark97,0
birdtummy717,0
OriginalNo2873,0
Invorvial,0
bronglebongle,0
starsintheocean12,0
_driverpicksthemusic,0
Salty-Assumption5392,0
Adorable-Army5009,0
margosaur,0
helloblan123,0
HenryClay1850,0
ThreeTreesForTheePls,0
Suitable-Site6584,0
Fanonscudd,0
lancernolancing,0
Equivalent_Bet_8497,0
hamletgoessafari,0
kaesura,0
manifesting2026a,0
Neito-Metal-1227,0
ricaticatraveler,0
Flat_Economics_4562,0
renjunation,0
genesis912,0
idwtpaun,0
Own_Look_7906,0
Potential_Buddy6063,0
Powerful_Vanilla_235,0
Sara_C_Nya,0
fruitsnacky,0
Rhys2427,0
Impossible-Tiger3424,0
HyphyStarchild,0
Exotic_Potential9131,0
beeryan89,0
PurpleLilyEsq,0
emptycanofhairspray,0
LordJonathanChobani,0
dinosaurs-behind-you,0
Complex_Musician_453,0
Jumpy-Improvement-97,0
lemasei,0
UnnaturalSelection13,0
Perfect_Peace3829,0
Hiddespaan,0
goddisguisedinacat,0
HotWineGirl,0
Dear_Stock_4655,0
EyreForce1,0
speda523,0
YukiOnnaLake,0
Dry_Performer6859,0
LegendaryOrangeEater,0
NearbyConference5242,0
HotelLima6,0
kylohkay,0
phedrebeth,0
Shorb-o-rino,0
Iwillbringher,0
lastreaderontheleft,0
lizaholec,0
Ryusevi,0
Lille_8,0
abf_1994,0
disaster101,0
bunnyreads,0
OhMyYes82,0
britneys_topknot,0
Bitter_Put_8254,0
vancity-chick,0
Strong_Industry_943,0
trueinsideedge,0
WickedLush,0
Dependent-Income5090,0
artstoria99,0
StephanieSews,0
hollowbastion36,0
INS091077,0
Aromatic-Fennel-2287,0
JJInTheCity,0
feikex,0
Former-Complaint-336,0
SoldierHawk,0
hellokaykay,0
princeluvr625,0
Moon_Flowers420,0
eleanor939,0
lrozzz,0
Altruistic-Prior3482,0
RachReads1898,0
AGOEsLois,0
EnvironmentProof6104,0
Seafinluver,0
Friendly_Meringue809,0
harrlumm_tzz,0
jellynailz,0
ASpurkofgenius,0
FalseData989,0
SunInevitable2179,0
heyhelloyuyu,0
sodappend,0
forevertrueblue,0
CynicElle,0
Lintobean,0
Mannon_Blackbeak,0
Squid_A,0
Comfortable-Iron-250,0
anarchycupcake,0
te-mc,0
Tasty_Asparagus_2006,0
Repulsive_Drink3427,0
Cold-Investigator776,0
No_Cry_8905,0
LauraKl10,0
ok_soooo,0
neengenyt,0
Geaux_1210,0
LeslieBird12,0
Cute_Reality_3759,0
BibiannaRacuch,0
lolaola1,0
Captain_Thor27,0
Daybreaq,0
Deep-Ad4741,0
looneylooser24,0
Confident-Debate-914,0
K551L,0
Complex_Can_7540,0
etherealemlyn,0
Hopeful-Big6843,0
rossodiserax,0
InitialMango4742,0
yellowandpeople,0
thisisntmyday,0
jprice455,0
enseela,0
CraftierCrafty,0
ForeverMiru,0
WhileTime5770,0
kasisma,0
FickleHound2025,0
helianthus_0,0
nomanoid_is_ALIVE,0
btokendown,0
Outrageous_Pause2108,0
Usernameoverloaded,0
PinappBaby,0
Icy_Childhood9941,0
Micopedia,0
Dragoorna,0
Impressive_Secret907,0
Your_Marinette,0
OwlCatPoptart,0
Affectionate-Item603,0
Teerunesh,0
RollinOnAgain,0
Vereno13,0
tofucatskates,0
lumi_snowy,0
thatkrazykat,0
Responsible_Ask_4394,0
Legoshi-Baby,0
Significant_Sundae18,0
tafattsbarn,0
Gymfan15,0
jbworth,0
RainbowBriteGlasses,0
Organic-Ad-6503,0
Athenasumeru,0
HumansNeedNotApply1,0
izannunciation,0
ZigCherry027,0
QueenAlys88,0
Dizzy-Trip5539,0
potatocakes898,0
jvvrarts,0
cultured_vulture,0
nestlejonida,0
bangtangry,0
Jasmisne,0
Radiant-Program-305,0
Icy-Action2121,0
iyesshirai,0
EzraLevinson,0
ryuseitia,0
StrangelyAfoot,0
Legitimate_Week_7680,0
thereia,0
shrimp99991,0
No_Discussion3593,0
Tsagana_,0
bryse0n,0
Ok_Breadfruit_8241,0
Cassandrae_Gemini,0
SimilarAd2308,0
Lysafleur,0
mediocre-spice,0
komugis,0
cloudylemo,0
kerryfinchelhillary,0
gdmaria,0
LuTenJohnSun,0
BeneficialSeat4425,0
redpandasan,0
moonlightttbae,0
EasyE1979,0
CreepyPlankton6489,0
Fiveby21,0
amazona_voladora,0
Inner_Nectarine7763,0
PerplexAlexa,0
Vast-Thing7516,0
Fabulous_Gold1745,0
fleurxalana,0
fleuretlune,0
Unlikely_Candidate_1,0
das4111,0
Existing-Astronaut80,0
UBIcurious,0
Dry-Exchange2030,0
bobatoastie,0
Vast_Law2234,0
AWholeBagofJellyBnz,0
altrockforlovesongs,0
More_Television_2646,0
giant_ice_asteroid,0
sinlivenial,0
Ok-Cicada51,0
Mindless-Attempt-126,0
DisplayPractical8018,0
Kamikazecat1,0
Mathisbase,0
Wrong-Lever22,0
zi9g,0
PeachnPeace,0
Cool-Lake0810,0
Ookvad,0
Chickatey,0
FalseDog4750,0
DentateGyros,0
ConstructionFlaky640,0
misswhateverok,0
evenstarcirce,0
beansmouse,0
kajam13,0
01on,0
Fated777,0
NerdgirlfromTX,0
Whimsical89,0
The-Oricle,0
SpyOfMystery,0
Crazy-Detective7736,0
DeepStateA,0
AmbitiousSpring5214,0
knight_380394780,0
Acrobatic-Capital346,0
gdmcrjunkie,0
seaportair,0
Rhakhelle,0
snarkmoo,0
modernjaneausten,0
Vanessa_vjc,0
flowersandpen,0
pre-raphaelitic_smut,0
m_ayannk,0
goodsprigatito,0
MoogleyWoogley,0
ClemWoollysocks,0
Flimsy_Reference_799,0
GodTierGasly,0
halszkap,0
tennisspeechie,0
cinderthegreat,0
ImpossibleGeometri,0
mulled-whine,0
leonor3362,0
wisusececss,0
TopButterscotch4196,0
Electrical-Earth743,0
Quiet-Condition2536,0
carpenoctemx,0
Dahlia-la-la-la,0
Legitimate-Tart-2025,0
caviarbentley,0
420StAcY,0
PlasticDry2697,0
neeah98,0
Adexiii,0
Particular_Union1029,0
daaaaarius,0
TheWuTangFlan_,0
docfeelgood12,0
pickle-juice-335,0
Lopsided_Board_9011,0
pele_star,0
Foxenfre,0
dmitrievschaotic4A,0
Old_Specialist8253,0
uglyface47,0
pusheen8888,0
pretty_peacock_987,0
Tall_Pumpkin_4298,0
malin-moana,0
Sufficient-Egg-5577,0
alysaspromise,0
kittynarwhal,0
Any_Special5721,0
binxkingdom,0
magnetbirds,0
SylvreKat,0
Former-Counter-9588,0
777anastasia777,0
tatianalarina1,0
Spirited-Plankton821,0
normalMonsterChika,0
Own_Archer_9052,0
topazgirl170,0
PsychologicalTap4646,0
Puzzle__head,0
New_Complaint5282,0
Mundane_Truth9507,0
humanconnection101,0
P_oneofthree,0
nocureforinsomnia,0
FireFlamesFrost,0
nommabelle,0
lecarolina,0
According-Box-4959,0
gmd24,0
Objective-Breath4863,0
Inside-Box-4274,0
Astropolitika,0
Slight_Impress_1559,0
jendet010,0
zach_tylerr,0
ManagerEvening4867,0
NightmareValentineee,0
yuzurupooh,0
Dry_Load_9956,0
TheLizzerNB,0
Mysterious_Seat9844,0
lesterine77,0
Tamarenda,0
ATLmattGT,0
AccidentalSoapDrop,0
kjong3546,0
227a,0
Acrobatic_Sense7675,0
DozingUnderTheSun,0
justafleecehoodie,0
Late-Surprise2945,0
t_avalon85,0
Cool-Kangaroo-8343,0
Accomplished-Pen-394,0
deluca-,0
AbsurdistWordist,0
anonymous_writer123,0
Ok-Awareness-9646,0
Aniechu,0
89Rae,0
unreedemed1,0
CommissionNo3638,0
ivy-covered,0
girlwhyumad,0
Something_witty_23,0
Remarkable_Stage_851,0
NinjaJawz,0
looorrn,0
qoenfi,0
Limp-Pollution-4866,0
Extra_Gap_176,0
OkAppointment3092,0
starchelles,0
eebee8,0
Key_Account_6591,0
lorenoline,0
Murky-Tadpole81,0
starryfish99,0
Ok-Fun3446,0
lwgu,0
padofpie,0
SuchPerformance459,0
Himtiffant,0
Relative-Fox7079,0
ElasticCrow393,0
alchemycoast,0
Edlo9596,0
editamuhaxhiri,0
Serononin,0
Puzzleheaded-Ad5552,0
am8rcartographer,0
Neat-Primary9836,0
hopitopp,0
Iammeandyouareme,0
Lionclaw21,0
Vanderwaals_,0
gagrushenka,0
Icy-Calendar-3135,0
HecateCleric,0
Visible-Influence856,0
artemisiaa12,0
NoMotion-4887,0
happykindofeeyore,0
Standard_Wedding,0
Brilliant_Style6105,0
acc8forstuff,0
vv8689,0
Asterid_dove,0
Emisonreddit,0
Material_Garden1223,0
quinteleven,0
berrywithaberet,0
Ambreigns,0
Zelbonzo,0
TemporalPincerMove,0
manuredujour,0
PerpetuallyConfused_,0
ohbother12345,0
Loving_bird24,0
KlutzyAstronaut601,0
Huge_Hotel824,0
ft_wanderer,0
Ceressie,0
readandrant,0
cookieaddictions,0
MrsAnteater,0
Choice_Ostrich_6617,0
MapEducational5058,0
LittleBird35,0
AlohomoraFS,0
capercrohnie,0
Lost-Copy867,0
quadtrixel,0
Any-Marzipan-4421,0
woo7,0
mshell734,0
snug97,0
laura_rachelle,0
Virtual_Soil_7247,0
Divisadero,0
fionnly,0
TannisWaW,0
orangery3,0
lezardterrible,0
essiefraquora,0
Smooth_Aspect_7883,0
Weareall_humanbeings,0
sean_psc,0
TsarinaOfHearts,0
ddan_sch,0
zakuropan,0
litenkyckling,0
violetsanddatedmemes,0
Cute_Helicopter_2406,0
crystalsnow25,0
Designer_Ad_6990,0
Longjumping-Apple-41,0
d1psh1t_mcgee,0
augustlyre,0
Good-Night-3736,0
Last-Funny125,0
Blue_colors25,0
Select_Jelly_5820,0
DoubleLayout,0
aladnamedbrad,0
Artistic_Active_820,0
Pez613,0
CobblerCandid998,0
ThePopojijo,0
Dramatic-Purple7398,0
Psychological-Map516,0
petuniar,0
_xoxojoyce,0
ArimessAri,0
klp80mania,0
ZeffieJ,0
calliopecalliope,0
Filtrixxx,0
CruisinThruLife2,0
dickery_dockery,0
memoirsofanidealist,0
throwaway891369,0
Ordinary-Coconut-715,0
pursuitofmin,0
This-Ad7040,0
Crazy_Logician,0
Libellule808,0
Pasco08,0
fromtelegraphlines7,0
ProposalNearby3113,0
the4thdragonrider,0
mindandmotion,0
Ponytailbot,0
fun_mak21,0
PerformerRich5449,0
VoxBalaeNae,0
tulpachtig,0
Zestyclose_Magazine2,0
tequilasweatshirt,0
CynicalOne_313,0
Single-Negotiation41,0
Sambarksdimples,0
Calamari_is_Good,0
Right_Pack_6346,0
toochgirl,0
Complete_Item9216,0
iPoseidon_xii,0
miraclesofthursday,0
Sliverpink,0
Cautious_Ad7042,0
Relevant-Duck5784,0
nancy_002,0
haf2go,0
PsychologicalGur9931,0
jd2004user,0
Spare_Echidna_4330,0
VBChristina2000,0
Ok-Cold-3346,0
Remarkable-Pair-3840,0
PravdaLibrae,0
Straight_Number5661,0
peachhoneymango,0
Difficult_Iron2747,0
M_A__N___I___A,0
Trick-Estate-3419,0
lachatnegra,0
No-Armadillo-2983,0
kryptokitty2003,0
missgirlipop,0
yoghurt_duck3110,0
ChestnutMareGrazing,0
FITTB85,0
E_lenaa,0
NeonPistacchio,0
virgoaliensuperstar,0
ChanelNo50,0
TheFaceo,0
perusingbee,0
Interesting-Rate,0
thatonekim,0
aromaticchicken,0
optionping,0
illachrymableness,0
Constant-Committee35,0
Penguin_Green,0
Weak-Faithlessness48,0
blanchstain,0
1CatWoman,0
Aglaea22,0
riointhesky,0
ResolutionNo5039,0
Visual_Transition_95,0
lyra-s1lvertongue,0
SailTemporary8644,0
roseofjuly,0
jhll2456,0
sarahz04,0
Crispy_Fish_Fingers,0
abwaters97,0
Angrydwarf99,0
Fluid_Match_888,0
Brilliant-Worker-454,0
CoolPhoto568,0
iill_communication,0
Ok_Alternative2885,0
gatherallcats,0
Interesting_Fly1696,0
Puddyrama,0
Neat-Year555,0
DelayHopeful7228,0
Able-Leek1505,0
bolero_bolero_bolero,0
Phantom_Pain_Sux,0
Hrafn2,0
Appropriate_Bat439,0
onyxrose81,0
Author_Noelle_A,0
nocturnalis,0
Ok_Dragonfruit886,0
Scotchball,0
New-Editor-5667,0
sweet208,0
Fantastic_Fig_8559,0
Beleth27,0
z3nnies,0
thankyoupapa,0
MasterOfVoice,0
kaen,0
Targaryenation,0
getafrigginggrip,0
AdWeary5756,0
SwiftieSiaoHimFa30,0
sealightflower,0
Friendly_Coconut,0
lizzy-stix,0
dogdaysindurham,0
notladyinred,0
Kamila_222,0
imyellowb,0
Peachy_Clean_Pirate,0
Sangy101,0
JustP2,0
Airtempesttrash,0
Independent-Rope-596,0
just_be123,0
yomts,0
ssamdog,0
LuisaAz,0
ruthimorg,0
butforevernow,0
styrofoamdreamer,0
a_baby_bumblebee,0
AWarMaideness,0
Current-Actuator-864,0
hitherexxxxx,0
pagomania,0
Medium_Funny_2293,0
Cvspartan,0
simina-93,0
CatMarine1,0
Complex_Narwhal_8924,0
RapsStudSpotter,0
EnthusiasmRecent,0
Whimsically-Messy,0
Screweditupagain,0
snowfjell,0
figureskater_,0
worldly_mushroom9432,0
lunalooneymoon,0
Turbulent_Gift_7297,0
No-Possible-8160,0
Stock-Quantity-9955,0
Fullthrottle-,0
Geochic03,0
isabella_fitzwilliam,0
amexredit,0
Sad_Front6853,0
onefeatherplume,0
sabisabiko,0
hanibalz,0
C4m1l4x,0
Hereforthev1bes,0
Wise-Creme6221,0
NoSmile5007,0
karinablue22,0
historyspwn,0
AdvisorDefiant1934,0
Rimno23,0
aeriiths,0
kkmockingbird,0
apetersen1,0
defib_the_dead,0
Silver_Chickens,0
xx_purplehalo_xx,0
printerpaperwaste,0
PsychedelicHaru,0
AliTwin601,0
Mobile-Thanks-9598,0
Revolutionary-Bat637,0
southofnowhere,0
CurbFlowerCutie,0
Alternative-Tart6275,0
Wintry2424,0
tinapia,0
peachyy13,0
Icy_Refuse3028,0
MssrsTuxedo,0
NewGuitar4249,0
a-world-of-no,0
dwolfand,0
Mordo80,0
VenusHalley,0
Hackmops,0
00camadeo,0
bassandkitties,0
sparklypavements,0
interludek,0
TwilekDancer,0
hihelloneighboroonie,0
babypops81,0
whentheworldwasatwar,0
el-duckie,0
lamyH,0
Lost-Director5618,0
Stunning-Note,0
Kitchen_Pattern4945,0
anna_sofia98,0
Filing_chapter11,0
Then_Discipline971,0
Longjumping_Room1659,0
lilacdawn,0
peridotpanther,0
Free-Many799,0
BrusselSproutsLove,0
nualabelle,0
hahakafka,0
gingerrb7,0
Past_Realites_,0
Lisbeth78,0
Ok_Bluebird4094,0
Gudson_,0
onthefrickinmeatbone,0
LadybugGirltheFirst,0
Any-Ad-446,0
lokicat31,0
whimsicism,0
Key_Employment4536,0
sunnyp624,0
dawgcholla_000,0
Jupiterrhapsody,0
Any_Replacement4087,0
sugarcola16,0
GroovyCopepod,0
Strong_Astronomer_97,0
Legal_Sport_2399,0
KotomiPapa,0
tuerush,0
LyraMusica,0
tiddymctitface,0
Dry-Device-4098,0
Alone-Chard-5836,0
PlanktonForward7198,0
VegetableMix5362,0
marronmae,0
ImportanceFrequent77,0
MELPDY707,0
Aggravating_Line_537,0
Confident_Goat8992,0
EducationalOne2570,0
VenusPom,0
No_Comfortable1780,0
tigerga1,0
kkrko,0
realeuropeangeek,0
MostlyHarmlessBloke,0
Fredmans74,0
SensitiveConstant956,0
moonwalkinginlowes,0
rabidline,0
zzZZzz_idk,0
pantherscheer2010,0
swissmiss_76,0
Due-Swordfish-8833,0
Celendrial-tears,0
bailey_jameson,0
RunStomp,0
AdamRipponFan_01,0
LottieTalkie,0
paprika_13,0
Sodapop3_,0
Cr8ger,0
SweetDuckling,0
just_one_diabete,0
Advanced-Clock8971,0
julitm,0
mimikyuns,0
uminji,0
fortunatelyso,0
greylady7,0
auroracalista1,0
Roo87,0
reemiess,0
Alarmed-Purchase-901,0
Catlady_Pilates,0
linguistchurroslover,0
DashOfDodo,0
atimidtempest,0
ExcuseYou-What,0
Conscious-Fruit-6190,0
StickNo3836,0
Gold-Ad9417,0
oratoriosilver,0
Interesting_Case6737,0
WhateverHime,0
tracierene,0
Mundane-Bug-4962,0
venus_arises,0
dqbtc,0
ClaymoreDrive,0
DRJT,0
IndividualAnt7176,0
fibonaccisequence135,0
Zed456,0
cssc201,0
aseltee,0
flynnsmom,0
incompletesong,0
ma5hal,0
l57y,0
brackish-moon,0
Friendly-Bug-5075,0
Adam-Seattle,0
mumitheduchess,0
Haven_Writes,0
reikirunner,0
SailorPizza1107,0
an__ski,0
Sleazless_synths,0
ItsAChasseNotATombe,0
sunflwr36,0
Hippo_n_Elephant,0
rollergirl77,0
OwnCartographer5498,0
Night-Cheese11,0
jminnie15,0
androidgirl,0
Own-Recording-4516,0
No-Solution-6407,0
Green_Run2265,0
smalltittyfakeginger,0
Thobud,1
Basedshark01,1
SJSragequit,1
OneChet,1
Technical_Drawing898,1
eh_toque,1
Halfonion,1
TexasRoadhead,1
Siwix,1
iusedtogotodigg,1
Brady331,1
TallRefrigerator5322,1
Thrallsbuttplug,1
Tex_Was_Here,1
ElevenBeaver,1
FinnSkk93,1
Cleonicus,1
sprashoo,1
LarsSven,1
EcksEcks,1
manhattansinks,1
FrmrPresJamesTaylor,1
Rengars_Prey,1
Thick_Cap9724,1
UncleTrapspringer,1
shrederick,1
BeerLeagueHallOfAvg,1
TheGreatDudebino,1
Trumpets5,1
7Streetfreak6,1
MikeMac999,1
freezysw,1
Ok_Passage_7151,1
thotswhathesaid,1
FloralAlyssa,1
Naive-Routine9332,1
Sebastian4365,1
internetlad,1
Okaywhy10,1
masterchief0587,1
Radiant_Sherbert7272,1
benjowtm,1
lordexorr,1
Barraind,1
Aromatic-Deer3886,1
Academic-Style-6105,1
Dr_Colossus,1
_SkellyBeans,1
SwagFondue,1
fanconic,1
epok3p0k,1
blue_friend,1
_GregTheGreat_,1
dessanct,1
DrScampi,1
eukomos,1
Bruins01,1
treple13,1
workthrowawaybro,1
All_the_dinohorses,1
Nice-End-4742,1
poster4521,1
Firebitez,1
stuckandoutofluck,1
BearsFan3417,1
emwashe,1
onthelongrun,1
PayneTrain181999,1
One-Mall-624,1
DeusMexMachina,1
swonebros,1
DashLibor,1
vegetapinkshirt,1
Leading_Dentist_5563,1
EkbyBjarnum,1
_kdws,1
scoutcjustice,1
MartyBro30,1
Poughy,1
cuprian,1
chiddie,1
average_waffle,1
redplasticbowl,1
JellyPast1522,1
Salt-Ride1026,1
69WeinerPenis,1
Bennely,1
corvuscamillus,1
NYIsles55,1
MasterDeagle,1
valueofaloonie,1
Haluxe,1
PlatypusOld257,1
misfittroy,1
JustFred24,1
AVolantScheme,1
PicklesMcGraw,1
TevecQ,1
TharixGaming,1
grateful_john,1
Rhomya,1
Leto1974,1
pokesnail,1
turbulentcounselor,1
Goose312,1
saryphx,1
elmercoonhound,1
TheDonutCrew,1
New_Inflation_8419,1
FlareEK,1
Jwarrior521,1
FrenchPagan,1
CrunchyKorm,1
derRaiden,1
IntelligentOlive4415,1
Anistappi,1
TheUnknown71,1
OverLordJezus,1
bugphantom,1
Garland68,1
darthfox12,1
Edman8,1
chestbumpsandbeer,1
eltuna3636,1
Natural-Tree-5107,1
buckwheatbondsman,1
togocann49,1
Creative-Freedom-726,1
themapleleaf6ix,1
anonymous_gaymer,1
buzzmemello520,1
doggos4house2020,1
iwantedCheerios,1
debotehzombie,1
daft_punked,1
Lo0niegardner10,1
metrichustle,1
perat0,1
lobmxxx,1
commodore_stab1789,1
honcooge,1
Snackatttack,1
Beautiful_Baseball76,1
christmastree47,1
WhipTheLlama,1
CleansingBroccoli,1
Peeniskatteus,1
thisonecassie,1
TheRealNuzaq,1
HopelesslyHuman,1
callmejohndy,1
krunchwrap2010,1
keeeeener,1
SteveFirehawk7,1
Naive_Butterscotch73,1
sjrotella,1
CivilGrowth3,1
oskich,1
Sir_KnowItAll,1
TheoverlyloadTuba,1
Adventurous-Tea-876,1
Strikesuit,1
MooseFlyer,1
Fragrant_Art_3659,1
CapriciousnArbitrary,1
DrapersSmellyGlove,1
ter_ehh,1
Middle_External707,1
Area51_Spurs,1
zebrainatux,1
WHLZ,1
matthew_sch,1
_tarla_,1
jonpictogramjones,1
Yogurtproducer,1
Baboshinu,1
steph-was-here,1
NickdoesnthaveReddit,1
JohnmcFox,1
wingsfan95,1
The_Bat_Voice,1
PaddyMayonaise,1
PapaNixon,1
redittjoe,1
spiral_out462,1
JSnats65,1
AmeriCanada98,1
accidentprone2,1
Fine_Lingonberry_613,1
hockey-ModTeam,1
Bubbly-Leek-6567,1
bongrips19,1
Nickis1021,1
fane_above_all,1
TheGreatestOrator,1
JohnCoutu,1
zombiejim7471,1
R-U-ME-OR-M-I-U,1
Dear_Trip_5655,1
Icekommander,1
minor_thing2022,1
oceanic8675,1
tylerhk93,1
athousandpardons,1
Southern-Ad-302,1
superbuttpiss,1
CalebosO4,1
OffTheBar2017,1
cubsfan85,1
NtBtFan,1
VR_p0rn,1
9yr0ld,1
previouslyonimgur,1
Fresh_Extension_3605,1
hexametric_,1
lymnaea,1
Anglerfish87,1
AssociateAwesome9,1
Eyebleedorange,1
No-Wait192,1
Spiritual_Battle_769,1
Dangerous_Ad5039,1
VladTheUnpeeler,1
koca1508,1
NoXEEEQwLL,1
Gnome_de_Plume,1
ImperatorBTW,1
howlincoyote2k1,1
DaGiants,1
UnlimitedSoupandRHCP,1
lunasilvia,1
suzukigun4life,1
queuedUp,1
Difficult_Squirrel22,1
theguyishere16,1
SAJewers,1
moxyfloxacin91,1
drowsylacuna,1
sleepyknight66,1
ComfortDismal493,1
Ok-Tie-2448,1
lakubisnes,1
Ripulikikka,1
Canuck254,1
MartinCarterSZ,1
GardinerExpressway,1
Responsible_Bar3957,1
FeePretty447,1
jdh2112,1
plaverty9,1
BigTreeSmallBranch,1
EckhartsLadder,1
ADK-high-peeks,1
mister-noggin,1
TastefullySwollen,1
I_Am_Vladimir_Putin,1
Traditional_Ad2673,1
VegasKL,1
Tranquilizrr,1
MacTheZaf,1
The_Art_of_Dying,1
uberklaus15,1
erevans444,1
Vadered,1
Rhysing,1
Justread-5057,1
wildwildwaste,1
Last-Classroom-5400,1
HowIsBabbySharkMade,1
Man_Bear_Pig89,1
Far_Nectarine293,1
EatUpBonehead,1
Aramis21_TG,1
frequent_changeling,1
crazycanucks77,1
ghenghy26,1
timmablimma,1
Major_Hovercraft4471,1
skathe69,1
Ichbinian,1
eliarbss,1
-forsen_,1
Extension-End8421,1
jwheelerBC,1
Fawin86,1
Big_Mudd,1
blaqrushin,1
Oskarikali,1
Canadian_Waffleiron,1
hnglmkrnglbrry,1
fsl3,1
MassiveDefinition274,1
NLP19,1
letsgoToshio,1
IAmBizarroStormyAMA,1
SidewaysButtCheeks,1
BigUptokes,1
Heat-Limp,1
shawnglade,1
aflyingsquanch,1
ThickBootyEnjoyer,1
HonestDespot,1
RocksteadyNBeebop,1
Beechsack,1
jpcomicsny,1
Queltis6000,1
Hortondamon22,1
YouShallNotPass92,1
LogicPuzzleFail,1
AARM2000,1
Barcade,1
KevKevThePug,1
XPhazeX,1
starlightequilibrium,1
onlinepresenceofdan,1
Soggy_Head_4889,1
Ok-Huckleberry-3343,1
slinkocat,1
AdventurousRecord224,1
No_Hippo_8724,1
Patrick2701,1
CurrentFactor7466,1
StatisticianActual1,1
Detonation,1
bonk-the-honk,1
stoneman9284,1
sportsbunny33,1
bankrobba,1
Lanky_Inevitable9012,1
Patient_Virus366,1
Like17Badgers,1
DavieStBaconStan,1
Fancy_Star254,1
EmTeeEl,1
takesthebiscuit99,1
ChickenDestruction,1
NatureLovingDad89,1
Smorgas-board,1
Perryplat199,1
Ok-Ideal9009,1
TheYmmij1,1
Escalotes,1
SwedishEagle5,1
Dyl_Hutch,1
QuickUp14,1
BostonSucksatHockey,1
MIDAmultiCruel,1
Fantastic_Charge7118,1
Puzzled-Category-954,1
CantTakeMeSeriously,1
commonslogic,1
Equivalent-Leg-9697,1
PuddleCrank,1
mattfromjoisey,1
Sportslegend,1
RigidCounter12,1
jukejuke57,1
sololegend89,1
chocotripchip,1
Rossum81,1
yryp_,1
420BlzItRocko,1
walkingwake_,1
Chubaichaser,1
PLoxeus,1
AdvertisingNo8441,1
WeAllThrowBricks,1
BlizzardSloth92,1
SetLevel4821,1
shadowmaster132,1
CesareSomnambulist,1
nicebeanjuice,1
xtothewhy,1
frankensteinleftme,1
records_five_top,1
MTheadedandhearted,1
ChuckKiddman,1
FlyFishingTherapist,1
Favonianism,1
memedealer22,1
ZodiacError,1
2014olympicgold,1
gollumaniac,1
Sodass,1
VeryFewRules,1
Zblancos,1
Decoys_Leash_Handler,1
Kenevin,1
HeftyBox3580,1
JasonsPizza,1
Excellent-Medicine29,1
Snarffsnarff31,1
Cheeks_Klapanen,1
DragPullCheese,1
Sad_Metal7290,1
gauderyx,1
bearskito,1
JudgeSubstantial9562,1
somabokforlag,1
deliciousfishstick5,1
DegreeIllustrious174,1
ASmithFS,1
SlightlyOffWhiteFire,1
Prize_Efficiency_869,1
Time4Timmy,1
silly_booze,1
devereux619,1
NathanGa,1
Thetof91,1
hotstickywaffle,1
haseks_adductor,1
Dependent-Effect6077,1
ComfortableGuide3232,1
_stellapolaris,1
GrimRainbows,1
DanoPinyon,1
hrubous_,1
Altruistic_Finger669,1
TasteAutomatic4870,1
DelugeQc,1
Crafty-Regular-3212,1
appledanish,1
PakG1,1
allgravy99,1
NegatronThomas,1
MilesDavis_Stan,1
think_long,1
TestingLifeThrow1z,1
vlhube71,1
Ok-Recording-6687,1
3-car-garage,1
jaysanw,1
supermeatboy10,1
SleekD35,1
uFFxDa,1
Jusfiq,1
Brody1364112,1
CoolstorySteve,1
Adequate_Lizard,1
upvotesforsluts,1
DPitoLeMans,1
bokchoykn,1
WeR1UnitedWeStand,1
raziel686,1
pinkrosies,1
Baikken,1
MightyMiami,1
NotTheRocketman,1
Mr_Abe_Froman,1
easy89,1
SuperDan000,1
funkydinos,1
North_Plane_1219,1
Asto_Vidatu,1
littlebigpigg,1
jakovichontwitch,1
theorangecrush10,1
King-Harvest,1
BoRnIn2aTiTuDe,1
floodswimming,1
buerglermeister,1
ialo00130,1
The_Astros_Cheated,1
adsheppa,1
WonkWonkWonkWonkWonk,1
Oghamstoner,1
timpoakd,1
MikeChuk7121,1
SecretiveMop,1
DCS30,1
bigbobo33,1
naked_avenger,1
Far-Condition8586,1
Superarces,1
JanGuillosThrowaway,1
No_Spite5192,1
Historical-Run164,1
survivorbae3,1
potato-overlord-1845,1
Usernome1,1
TheDogerus,1
Aggravating-Rush9029,1
TheOtherMacCoy,1
Content-Use-3526,1
Deraj2004,1
Annual_Expression_48,1
thisisaname21,1
BumperToBumper2,1
TUSUYp,1
OldMashedpotatoes,1
ahuman1321,1
Familiar_Art2570,1
TJTrapJesus,1
Nomahs_Bettah,1
voltairesalias,1
pi-by-two,1
Stunted-Slime,1
crash_test,1
Ellestyx,1
-t-t-,1
kovalev23,1
AppropriateGrand6992,1
Cr00ky,1
JKray5_Reddit,1
zirky,1
vaulstuit,1
Pilige,1
GatorBolt,1
Niptacular_Nips,1
Over-Dig-2448,1
Gavin1453,1
t0t0zenerd,1
PsychopathicEmpath,1
Mogilny2000,1
atomiicpumpkiin,1
mister_hoot,1
WamKallis,1
hotbread1,1
salamiolivesonions,1
sourpatch1708,1
no_on_prop_305,1
Suspicious_Major_571,1
Escape-artist-43,1
charryglow,1
47rohin,1
TheHalfChubPrince,1
North_Moravian,1
popcarnie,1
sleep_m0de,1
rexsk1234,1
Roshy76,1
citizenkane86,1
mchaelproductions,1
shieldxex,1
Eberubensant,1
IShiddedMyPantaloons,1
Plumbsmasher,1
Lpreddit,1
SealyMcSeal,1
Zdub732,1
Rplix1,1
YEAHTOM,1
Better_Method3111,1
stickinrink,1
Valuable_Possible516,1
MasterMatt25,1
kashmerikmusic,1
aku89,1
Urban_Heretic,1
ninesalmon,1
Suomi964,1
lastlatvian,1
superhaus,1
ShellshockedLetsGo,1
Goochtoucher,1
Berry-Muncher,1
h8theh8ers,1
EddySea,1
justwannafuckmywife,1
dayumgurl1,1
TheBookOfTormund,1
rwags2024,1
Snatch_By_The_Pool,1
whatacharacter,1
Pale_Blackberry_4025,1
torpedostud99,1
KaiserCanton,1
chandler55,1
Khue,1
kilroy_wh,1
RedditZhangHao,1
ramzie,1
southernmanadork,1
Gold_Telephone_7192,1
SunTzu-,1
Izzo,1
iBossk,1
marimbaguy715,1
Jittys,1
Time-Ad-3134,1
ibexelf,1
TrueNorthStrong1898,1
Icy-Stock-5838,1
vanillaacid,1
technobeeble,1
karasins,1
mattcojo2,1
PsychoSaladSong,1
krind22,1
JMM123,1
Lady_Flashheart,1
NFLDataAnalysis,1
Yaroslav_Mudry,1
SteveSomers,1
potatoes_are_neat,1
StasisApparel,1
Randy_Magnum29,1
TellSloanISaidHi,1
Admirable-Scarcity-8,1
ProjectHarraseeket,1
Emergency_Ride_9276,1
korko,1
_granny64,1
GenericDesigns,1
Brys_Beddict,1
QuintonBendmeover,1
EweCantTouchThis,1
OneMoreAstronaut,1
Jesus_This_Is_Iggy,1
Catrocantor,1
TheHabChronicle,1
kayel090180,1
Bad_Idea_Hat,1
markjohnstonmusic,1
ZeuxOrphan,1
JDMintz718,1
John3192,1
hockeydiscussionbot,1
MindyS1719,1
NurdleTeck,1
ChampionShark1,1
daemon_primarch,1
mephnick,1
feintplus1,1
DCS_Ryan,1
Justaduderdude,1
OkImplement2459,1
WorldsOkayestPastor,1
Tall_Dimension_6764,1
Lumeton,1
Orionite,1
city-of-cold,1
Square_Post_380,1
northernpace,1
Busy_Construction764,1
Bahamas_is_relevant,1
elpis_z,1
TonyWyomey,1
ConstantBook6534,1
GenFatAss,1
Odd-Put-3988,1
fullyBOURQUED,1
zedemer,1
theazn35,1
Aliatris,1
Silent-Fishing-7937,1
MarsD9376,1
WayfarerCZ,1
g46152,1
Responsible_Oil3859,1
IDontWannaBeHere-WW,1
Okbutwhythat,1
stickyWithWhiskey,1
rossco7777,1
only-mansplains,1
HilMir_Kar,1
EgweneIsLit,1
Slow-Committee-7851,1
wingstophothoney,1
dustinyo_,1
Random0925,1
witchyweeby,1
Hazuusan,1
OurSundayKindOfLove,1
GritGrinder,1
darelylgl,1
ButWhyBlueCheese,1
Event_Horizon753,1
SurGeOsiris,1
Status_Comparison222,1
h_danielle,1
MekyZbirka13,1
Mercylas,1
DrDrozd12,1
GirlCoveredInBlood,1
monkeEgg,1
M1lkBoyz,1
smokeey,1
ParisGreenGretsch,1
Ok-Price-2337,1
asdechlpc,1
DevilishScript,1
Epere15,1
Avrg_Byfield_Enjoyer,1
BearShark9,1
Bojarzin,1
eatingasspatties,1
counterfitster,1
Aggressive-Ad7946,1
Malkinx,1
Muted-Lock-8300,1
LanikMan07,1
ResidentSpirit4220,1
TimeliestStorm,1
daifanshi,1
Xperr7,1
Wise_Parmaria,1
SchoolDazzling2646,1
Donner_Par_Tea_House,1
sofalek,1
Rangemon99,1
Excellent_Sector_463,1
flematic,1
FlyerN,1
AUGUST_BURNS_REDDIT,1
Help-me-name-my-pup,1
UniqueName15,1
DivisonNine,1
lifeisarichcarpet,1
ZBack3,1
NYLotteGiants,1
IESAirman,1
BurkeMi,1
iRacingTo300IR,1
Significant-Flow-412,1
yosoo,1
phroggerz_,1
defconQ,1
lazysoldier,1
beachy927,1
PrinciplesRK,1
ph1shstyx,1
Megelsen,1
Powerful-Stranger143,1
bandofgypsies,1
NoGiCollarChoke,1
IcariteMinor,1
CMCdaGoat,1
Commercial-Lake5862,1
AlstottsNeckGuard,1
ace-510,1
Radjage,1
Krisjanis8,1
MammothHusk,1
johal61,1
nationalmoose-1921,1
soccer-fanatic,1
Hesneri,1
Sharkhawk23,1
No_Culture9898,1
FatWreckords,1
EatonHass_247,1
arie_rosenstien,1
GoblinDiplomat,1
DeanersLastWeekend,1
LocksTheFox,1
SpringWinter2557,1
discofrislanders,1
icyDinosaur,1
JJJBLKRose,1
YeahFella,1
Hollow_Man_1919,1
Go_Habs_Go31,1
inreverie187,1
Key-Tip-7521,1
Hockeylovinghonky,1
Luke_Cold_Lyle,1
OpanaG76,1
Bdubby21,1
likeslululemon,1
islesrule224,1
fillyflow,1
Axe_Guy255,1
ProofByVerbosity,1
SirTropheus,1
Intelligent_Baby_812,1
PrimisClaidhaemh,1
mt_spaceman,1
MarlinManiac4,1
Tacosrule89,1
AutoModerator,1
stolpoz52,1
abbytarar,1
Tomcat848484,1
Josefstalion,1
Admirable-Listen5180,1
RougeRock170,1
hockeycross,1
_SCHULTZY_,1
V_T_H,1
Ketchupstew,1
O_C_Demon,1
asparagusbruh,1
golowgogolf,1
FarSightXR-20,1
Mavori,1
NandomRameGeneratorr,1
Silent_Dong,1
DontNeedBreakfast,1
Deadmanlex45,1
Paladad,1
XGuiltyofBeingMikeX,1
CaptStegs,1
TurdMcNugget69,1
ML00k3r,1
RealisticAd4054,1
red1215,1
c0sm0nautt,1
hornyforbrutalism,1
Sharcbait,1
Hammerschmittz,1
LanguageAntique9895,1
DrLivingst0ne,1
Phinweh,1
xeia66,1
BKong64,1
LarryTheTerrier,1
Ancient-Fuel-7861,1
bautista19,1
Scared-Arachnid6286,1
Baunchii,1
AsyanongAmbiguous,1
RustySheriffsBadge1,1
PavWrestlinGifs,1
RapsareChamps_Suckit,1
Sports_Lorry,1
nowheresville99,1
HuckleberryJazz,1
dronten_edvard,1
Fredbear_,1
elisamaldy,1
hotshit,1
Inevitable-Tea5772,1
footballfina,1
femmemmah,1
Jaydayy,1
the_fancy_Tophat,1
Quady_c95,1
DontBeWaves,1
thewolf9,1
SquidsCan,1
viewless25,1
Clean_Principle_2368,1
jeffjeep88,1
Auslyer,1
whichwitch9,1
daKrut,1
punkdrummer22,1
Black_Velvet_Band,1
Hot_Preparation4777,1
BCostello76,1
thepenguin12,1
hullkogan,1
Tenya-Iida0220,1
b0nkert0ns,1
Vegetable_Key_6576,1
weaselblinks,1
Unusual-Coast6252,1
jaysornotandhawks,1
Jimbo_Imperador,1
Comfortable_Two6943,1
fishflo,1
GMBarryTrotz,1
NikaReturns,1
Analogmon,1
Assignment_General,1
crownpr1nce,1
RandomDeezNutz,1
gotfcgo,1
LittleJeffyJeremy96,1
Gorillaz2189,1
HVCanuck,1
ytew6,1
Neamow,1
ukrainianhab,1
bluems22,1
JPmoneyman,1
Alone---Together,1
SamuliK96,1
smitty046,1
Academic-Chip5383,1
Kevin4938,1
Kronzor_,1
jamaicancovfefe,1
Leftwiththecow,1
CA_spur,1
Hyphophysis,1
Ryanlester5789,1
Tasden,1
solidprospect,1
DecentLurker96,1
19Detroit,1
Bloodraven23,1
stumbleupondingo,1
agk927,1
fruliojoman,1
bsaures,1
DontPanic_4242,1
Euphoric-Loan6252,1
BuyAllTheTaquitos,1
No-Arm-6775,1
-pooman-,1
eltree,1
Mean_Mister_Mustard,1
Funky-Feeling,1
ConvictedOgilthorpe,1
Humillionaire,1
mdlt97,1
fergatr,1
specifichero101,1
MajesticCrunch,1
fendermonkey,1
AdStrict3575,1
migsahoy,1
Top_Tension_1904,1
Iyerlicious,1
Smittysgreasymullet,1
Aromatic-Relative-23,1
Luckynumberlucas,1
Matt_Landers,1
antrage,1
MarstonX,1
Several-Tip-9814,1
RoarTheDinosuar,1
xHOLOxTHExWOLFx,1
Cleets11,1
Wide-Pop6050,1
Uterus_Executorus_,1
Nepalman230,1
MonsoonalRat,1
hoyadestroyer,1
AaronRodgersXoX42069,1
Curried_Orca,1
Phirane,1
knausea,1
SeaworthinessOpen190,1
Fair-Buffalo-9786,1
InspireDespair,1
dust_buster172,1
starryn19ht,1
AllDaveAllDay,1
Bingochips12,1
Cody667,1
StandYourGroundhog,1
xlf77,1
HockeyPowerRanker,1
JaqenHghar,1
mdb_la,1
Tyler_go_kipper,1
IntheTimeofMonsters,1
neoazayii,1
ManWithBag15,1
Minnesota_MiracleMan,1
DontUSlashMe,1
DoinWhale,1
MurkrowsRevenge,1
newtrainerblue,1
MinuteWhenNightFell,1
AlcoholicLesbian,1
Clean-Drop8283,1
M_sberry,1
SpreaditOnnn33,1
Neutron199,1
GentleLion2Tigress,1
NZafe,1
Teusaurus,1
neskire96,1
stargirlxoxo,1
glennis_the_menace,1
Menzingerr,1
Hiddenshadows57,1
No-Doctor-4396,1
nhogan84,1
PlatypusEgo,1
True-Source-6512,1
SunnyGods,1
DagetAwayMaN421,1
turkey45,1
raptorman556,1
BCEagle13,1
CritsandGravy,1
frecklebellymadtom,1
No_Fee1458,1
Various_Amoeba3638,1
ajpod,1
g1ng3rk1d5,1
sixinchitalian,1
Dr_Loke,1
madraykin86,1
the_gaymer_girl,1
WadeWilson34,1
center_apathy042,1
moshercycle,1
Himera71,1
LostMyEmailAccount,1
ApprehensiveDuck8898,1
Powerful_Rain2805,1
AggPuck-303,1
CodeA25,1
fianto_duri,1
rubyhawk204,1
danglesmcjangles,1
Naive_Proposal7422,1
Cultural_Stuffin,1
silentsirensongs,1
Elexeh,1
rTpure,1
mikeok1,1
klitchell,1
Rich-Introduction940,1
LocalBodybuilder7036,1
njdevils901,1
thebigsad72,1
1ToGreen3ToBasket,1
Practical_Price9500,1
ames_006,1
GsGenesis,1
maritimesNB,1
Kitiseva_lokki,1
NlghtmanCometh,1
granular-mood4,1
xPhsyko,1
Professor_Pajamas,1
Designer_Trouble_849,1
DDinoFartOnMyFace,1
homicidal_penguin,1
Bmayne,1
Timeman5,1
l_m_m048,1
CryptographerUsed841,1
endgrent,1
alldasmoke__,1
slayer828,1
Symmetrik,1
fungus_bunghole,1
ABirdOfParadise,1
HenrikCrown,1
andrewthemexican,1
j0n68,1
JesusJohn,1
prophetofgreed,1
jakota_doshua,1
Maxpowr9,1
Electronic-Ring5520,1
littleking42,1
aggrivatedcattery,1
NotCalvinTrillin,1
Massive-Reputation86,1
sparkcan,1
ThatMikeGuy429,1
Table_Coaster,1
templethot,1
rjhawkbooks,1
Aigiokhos,1
samwild,1
99Wolves17,1
backwardzhatz,1
slabby,1
FlamingDisaster_309,1
FormerCollegeDJ,1
KorppiC,1
dasuave,1
WEMATANYE93,1
halfmoonnights,1
burner-throw_away,1
groovystreet40,1
Soft-Tea-435,1
Own_Result3651,1
Balance47x,1
flannelish,1
Greenforaday,1
wildlyintangible,1
TempestSpirit,1
tullarisde,1
Tree_Mage,1
Amphibious_Fire,1
ParfaitEither284,1
actionparkranger,1
54580,1
CinnamonToast_Fuck,1
JarvisFunk,1
jimmy_three_shoes,1
rickayyy,1
Any-Video4464,1
WatchWatcher25,1
Ok-Working3714,1
DataDude00,1
JohnnyUtah100000,1
catsgr8rthanspoonies,1
a_la_nuit,1
Dirt-Southern,1
RhodyJim,1
vshun,1
SupRhysing,1
ZeroOhblighation,1
Emi_Ibarazakiii,1
Camdaman0530,1
ztothe4th,1
iggyfenton,1
scarlet_stormTrooper,1
SportsMOAB,1
hockeyjmac,1
Anton-sugar,1
Papercut6,1
DizzyBreath5625,1
Password-is-Tac0,1
Beneficial_Brief_759,1
WandererMount,1
Just4nsfwpics,1
ghost_curse123,1
Micah_JD,1
gingerale4345,1
Low_Contract7809,1
JumpEmbarrassed6389,1
DR0516,1
AuntGentleman,1
GameDoesntStop,1
No_Log4570,2
Zaidswith,2
aiicaramba,2
Bemith,2
metric-puppy,2
Next-Friendship-3542,2
No-Theory6270,2
Senior_Sentence_566,2
JazzlikeTradition436,2
after_tomorrow,2
memymomeddit,2
GMantis,2
JazeevaGaming,2
Rohkey,2
Haiku-On-My-Tatas,2
Ok-Trainer-1647,2
Tellingitlikeitis23,2
Coyote_Shepherd,2
MathematicianLong880,2
unacabron,2
food_scientist_,2
SinxSam,2
baseballtrx,2
M002,2
wombocombo27,2
fullback133,2
nimbus_KO,2
Lillemor_hei,2
Kriztauf,2
Infinite-Relation988,2
Pink-Ninja1,2
grungebob_scarepants,2
ShowdownValue,2
RustyKarma076,2
reinaldonehemiah,2
pumpkinspruce,2
SisterofGandalf,2
DilIsPickle,2
U-Gotta-Stop-Crying,2
Ill-Swordfish2650,2
Capital-Flow-1501,2
nai-ba,2
bbcversus,2
Schmidtvegas,2
Lina__Lamont,2
inefekt,2
tubthumping96,2
vrphotosguy55,2
ExpensiveFoodstuffs,2
clydem,2
JMoon33,2
Weary-Matter4247,2
carltanzler,2
Fun_With_Forks,2
Formal-Departure-311,2
AdministrativeEnd606,2
BiscoBiscuit,2
fre-ddo,2
AZWildk4t,2
SageLeaf1,2
Radiant_Mulberry3921,2
geoffryb,2
Smart-Marionberry189,2
_Happy_Sisyphus_,2
BASEBALLFURIES,2
SomethingPFC2020,2
Justmmmoore,2
EatMoreSleepMore,2
iGetBuckets3,2
Formal-Radish1413,2
fluffypuppycorn,2
EchidnaOk7537,2
Nards23,2
sandrakarr,2
Recent-Use-9140,2
supreme-jules,2
i_m_sherlocked,2
ZaneThePain,2
SavingsFew3440,2
nydayum,2
MakGuffey,2
nafraf,2
miller94,2
Potential_Twist3640,2
JesusRollerBlading,2
Pinewood74,2
France2Germany0,2
Limp_Anxiety_6449,2
Esb5415,2
DogmaticMagmaFox,2
Charlie_Runkle69,2
zedasd,2
cstrande7,2
Neither-Big-1545,2
whitetooth86,2
wuznme,2
SageSmellsSoGood,2
Neat-Bee-7880,2
Hopeful_Shock_944,2
Strong-Seaweed-8768,2
weirdpastanoki,2
CheezTips,2
ClimbRunRide,2
ManhattanChristmas25,2
pumpingbomba,2
MichaelJr175,2
Mindless_Badger_3789,2
Robten100,2
nava08al,2
Amberhp,2
0vindicator10,2
BreadFantastic6886,2
Aploki,2
Prestigious-Cold-794,2
ChocoboDave,2
The_Helmet_Catch,2
AuthorAltruistic3402,2
DRC_Michaels,2
grensley,2
drfrink85,2
nefhithiel,2
HyruleanVictini,2
AR_Harlock,2
BigE429,2
sciencep1e,2
gamertyp,2
Komatoasty,2
antdude,2
Ok_Barnacle_1606,2
PurulentPlacenta,2
Caratteraccio,2
ZealousidealFee927,2
Arkanie,2
Straight-Shelter8938,2
Grogu_friend,2
murahimu,2
HelpILostMyButthole,2
tcumber,2
EnvironmentalLion355,2
Comfortable-Tell-765,2
Jazzlike_Athlete8796,2
LivingPlum1315,2
WarshingtonisforWin,2
ReallyLetsGoBrandon,2
EnvironmentalWar,2
susususussudio,2
AmateurVasectomist,2
kwattsfo,2
3rd_Coast,2
Comprehensive-Win247,2
Lalakeahen,2
apeiron12,2
Tommy_Wisseau_burner,2
SeaKoe11,2
cats_love_lutefisk,2
redsox490,2
jabies,2
Whatonuranus,2
shrek_cena,2
BobaTeaFetish,2
photobomber96,2
Cheap-Coffee-2198,2
CanChong,2
DEFarnes,2
chronicglitter35,2
mjacksongt,2
Conscious-Garden-205,2
Plus_Inspection1431,2
sugarcoatedtear,2
e_Z_752,2
mamunipsaq,2
fitzgoldy,2
jujubeans8500,2
Independent-Cup5720,2
floppwaffled,2
ilikehockeyandguitar,2
Chrisyteen,2
Canadian_Z,2
Manuntdfan,2
guava_dog,2
Andy-Sipowitz,2
PaleConsideration516,2
Intelligent_Fish_541,2
Prestisjebig,2
DarkwingDuckHunt,2
thelastskier,2
GodDuckman,2
Patient_Tradition294,2
ContinuumGuy,2
fresh_daisies,2
Beachacess,2
OhanaUnited,2
chunt75,2
mbauer8286,2
Federico216,2
MistahPresidente,2
TNNSinnerFoxCult,2
monnurse7,2
sennais1,2
sounds_like_kong,2
Nintendo_Pro_03,2
Maverick721,2
TheOnlyFallenCookie,2
TourDuhFrance,2
ClapTwiceForUpvote,2
lovo17,2
Aussieomni,2
Tweazie,2
sesve,2
ahdareuu,2
Typical_Health_8294,2
-D-e-e-,2
thatslexi,2
ello_officer,2
bbart76,2
peterpeterllini,2
New_College360,2
Own-Independence8430,2
MrPete_Channel_Utoob,2
FoodCourtDruid,2
TPCC159,2
DamnitBobbehHill,2
bdzz,2
katimakittykat,2
bkat004,2
Beautiful_Coat_9294,2
messamessa,2
flumeo,2
P1mpathinor,2
ragejay_,2
warp-factor,2
vytrophn,2
AutographedSnorkel,2
VisorX,2
WWWYer22,2
northBlu01,2
Devourerofworlds_69,2
dolan313,2
pinetar,2
ClementineMontauk,2
Spaceman-006,2
MiaInAmerica,2
Low-Conflict9366,2
kayethx,2
Global-Act-5281,2
Train350,2
LNotsil,2
Specialist-Art5406,2
non_stop_19,2
JKC_due,2
ChesterJT,2
flyinbrian420,2
Outrageous_Pie_5640,2
luisapet,2
BeniCG,2
PompeyMagnus1,2
Gravien,2
RhymesWithOrange_,2
Dora-Vee,2
Skelevader,2
XPretzelyX,2
Fit_Bench7754,2
danjouswoodenhand,2
OhThatsAustin,2
EDEN876,2
stereoreal2,2
TheBigBdouMachine,2
Fit-Percentage3406,2
Lexibee3,2
Better_Wrongdoer494,2
brave-flying-toaster,2
Spiracle,2
FireVanGorder,2
Pasan90,2
Macklamore,2
Over_Function_58,2
snickelbetches,2
dexter311,2
Age_AgainstThMachine,2
RainingFireInTheSky,2
nardling_13,2
hanne2001,2
SergenteDan,2
Defiant-Youth5067,2
htt1258,2
southendgirl,2
wholalaa,2
sherrlon,2
Jellycat89,2
Ded279,2
throw23me,2
Hot_Occasion_4895,2
tastybiscuitenjoyer,2
OreoSpeedwaggon,2
queenjuli1,2
whogivesashirtdotca,2
Hansemannn,2
Rickrollyourmom,2
theentropydecreaser,2
undercoveroperation,2
Hungry-Promise-3032,2
grebeulous,2
GRTooCool,2
teaseblitz,2
serialragequitter,2
Mysterio7100,2
tissotti,2
SolarWind777,2
nugeythefloozey,2
Grammarhead-Shark,2
AstronautLive2340,2
_onyx21,2
TimelyBreadfruit5929,2
Confident_Collar_621,2
CrispyVibes,2
stuckmustafina,2
RevWaldo,2
Extra_Influence_343,2
LadyOlenna84,2
General-Law-7338,2
Lightning_Driver,2
liveforeachmoon,2
Arctic_Circle_,2
KongRahbek,2
natedoggcata,2
Damnpea,2
Savings_Ad_2532,2
LazyDocument4528,2
Gravitas_free,2
Abject-Jellyfish9382,2
udonbeatsramen,2
TheFlightlessPenguin,2
thelakesfolklore,2
absolutely_not_spock,2
No_Condition7374,2
lalalandbeforetime,2
PBS80,2
Fantastic-Coach-8130,2
LamarJacksonIsMyHero,2
GoodDayMyFineFellow,2
Jonabros,2
sonicice,2
Snarwib,2
Elizaboni,2
Electrical_Mayhem,2
Max_FI,2
sherapop80,2
theCroc,2
quidditchplayer1,2
Time-Magazine-249,2
Away_Philosopher_56,2
Cruisenut2001,2
Cheap-Secretary3729,2
Icy_Scar_1249,2
LehisChoi1,2
type_rex_,2
FlyingNachoz,2
Middle-Welder3931,2
BanishedMermaid,2
megankjones22,2
treyquartista,2
bloodyturtle,2
hstrylvr89,2
Sad_Violinist_7966,2
Schveen15,2
Slaidback,2
lazyness92,2
Whyevenaskyou,2
fragarianapus,2
NOTtigerking,2
DontFinkFeeeel,2
Ginkiba,2
YorkvilleWalker,2
DesertPrincess5,2
projectofsparethings,2
nomadicfangirl,2
pmgtihaco,2
Gandalf_from_3,2
Karma_code_,2
CaptainDrunkRedhead,2
CleoV3Selene,2
corndogshuffle,2
greenpowerranger,2
phoenics1908,2
Ange1ofD4rkness,2
william_fontaine,2
lynchmar6,2
jbjr3,2
Disastrous_Ad_5926,2
cheezfang,2
silverlegend,2
EmbarrassedBag3,2
Potato-Alien,2
randomrando0101,2
Zoidburger_,2
BryGuyHoosier,2
ThanosFan99,2
jmsy1,2
LionBig1760,2
gingerspeak,2
brainspl0ad,2
TIMPA9678,2
Glittering-Grand-513,2
AndSimonSaid,2
cantbelievethename,2
klauwaapje,2
FANGO,2
muffin_man84,2
HockeyDockey1234,2
Solly6788,2
adrianp07,2
aNanoMouseUser,2
oshinla,2
Yggdrasil-,2
originalusername4567,2
kuroruii,2
arashinoko,2
shoxjr,2
SAwfulBaconTaco,2
DMmesomeboobs,2
Lyderhorn,2
DisneyVista,2
UnchainUtopia,2
CodeArt_,2
technicolorsleep,2
astroromantic_,2
rpac62,2
Midnight_java,2
PhimoChub30,2
coldestclock,2
BlackenedGem,2
PDXDeck26,2
9yorgos,2
39MUsTanGs,2
Top-Scarcity5937,2
SidFields,2
Enshakushanna,2
Due-Impression8466,2
makayerandfang,2
griffWWK,2
Lilthisarry,2
Creepy_Vegetable6905,2
CantHugEveryPlatypus,2
Far-Independent-1021,2
Yuseichaaan13,2
PCMasterCucks,2
Dianagorgon,2
sticksnstone,2
1000Isand1,2
scintillatingseaweed,2
blood_wraith,2
PersimmonNo3558,2
medhat20005,2
Eiiiights,2
nephethys_telvanni,2
mongster03_,2
hellarios852,2
CatLords,2
firerosearien,2
Apptubrutae,2
ErikPielermusic,2
mallvvalking,2
ned48,2
LTPRWSG420,2
Historical_Youth4423,2
PeterIanStaker,2
princessleiasmom,2
TrevorMJB,2
wildtex-,2
Fast-Government-4366,2
tyderian,2
calabain,2
crowd79,2
Akiino,2
lancelot48,2
Ardui98,2
SunsetB,2
OwlEyes00,2
Digit00l,2
WatchOutIGotYou,2
hypnoticus103,2
BillsBowlBoundBaby,2
benivt,2
HoldingThunder,2
anniebelle330,2
GenJohnnyRico,2
Sad-Loquat5062,2
StoopSign,2
Waystar_BluthCo,2
rlangmit,2
Bigcheese1211,2
Pale_Land_5107,2
MoRi86,2
uberfish33,2
bunnyknux54,2
Double_Resort_9223,2
ImperialxWarlord,2
TwoHeadedBoyTwo,2
Pure-Horse-3749,2
ContentWerewolf810,2
Unyazi,2
rawchess,2
Riktrmai,2
manuelmay887,2
RandomDar,2
vaska00762,2
fjevehksn,2
ddjj3000,2
PretendEntrance1905,2
dhawerd,2
eekamuse,2
FeldsparSalamander,2
MaybeFuckYourselfBud,2
AndyMan1,2
CodyHodgsonAnon19,2
supadonut,2
553l8008,2
andrewmail,2
Reptar_4_Life,2
soundboythriller,2
Due_Collar2,2
Vike92,2
MooshCowZX,2
Ok_Impression8506,2
Alone_Consideration6,2
AdImpressive877,2
evil-poatotes,2
ChiefKelso,2
HermioneReynaChase,2
Frequent_Anteater_16,2
DuztyLipz,2
Broad_Kick_9425,2
firebolt816,2
Smart_Carrot_9320,2
bluediamondsm,2
Cosmic-burst,2
MyMartianRomance,2
RocketCat921,2
CooroSnowFox,2
tarrach,2
FarSheepherder1874,2
Brick-Foreign,2
TheDyeus,2
infinitemonkeytyping,2
yoknows,2
Ways_42,2
metroatlien,2
sardita,2
Old_General_6741,2
WhereIsTheCaveman,2
Familiar_Ad_4981,2
Glum_Effort6887,2
FamilyShoww,2
Zloggt,2
trisaroar,2
Celestetc,2
youllbebeautiful,2
Blockhead47,2
Content-Inspector993,2
pls-dont-banh-mi,2
BramptonBatallion,2
Throwaway-1033613373,2
ughedmund,2
pimfram,2
Feri-Doamne2151,2
skidmarkcollege,2
Seraphin_Lampion,2
PandaPop81,2
TheOctoBox,2
Amara-B,2
WiffyTheSuss,2
Kind_Eye_9567,2
Bungled_Bengal,2
sabotabo,2
Zunoth,2
RHunter892,2
mouser1991,2
lurkingeternally,2
OrangeRigby,2
madeyoucookies,2
CapitalIndividual270,2
Agreeable_Falcon1044,2
IncidentalIncidence,2
LycheeDependent4998,2
Opening_Ad7004,2
CurseTWD,2
hoopla161,2
___VIBEZ___,2
Wyolop,2
Bat8Rac,2
Bigking00,2
Lucky-Nightmare-4all,2
YoungandBeautifulll,2
TA818,2
Strange-Koala7989,2
Outside_Bobcat_6658,2
Chris_RB,2
skefmeister,2
Any_Stage_3072,2
octagon2356,2
Ecstatic-Ganache921,2
peedypapers,2
cfont288,2
jabbargofar,2
POGtastic,2
ECrispy,2
randomentity1,2
tphez,2
Rosebunse,2
iSharxx,2
-InconspicuousMoose-,2
OkraMountain9632,2
JinyoungBlack,2
yellowstone10,2
jonnydogma,2
omgftwbbqsauce,2
luffyuk,2
HE20002019,2
sebsasour,2
Individual_Coyote716,2
Bitter_Context_4067,2
VerifiedMother,2
betaich,2
manoman42,2
bouds19,2
x_Leolle_x,2
Artistic_DewDrop,2
Gr4fitti,2
mollyologist,2
tn_tacoma,2
felicityrorys,2
mylovelanguageiswine,2
Glum-Ad8210,2
Ravekat1,2
iitsyaboii_,2
chicagoredditer1,2
keyser1981,2
ahufana,2
Moist_Tofu,2
Paramedic293,2
LearnedElite,2
littlebev,2
The_Blue_Rooster,2
brianthelumberjack,2
Friesian_Horse,2
Mida5Touch,2
joeyy_4d,2
Obladamelanura,2
Current_Case7806,2
redzass1,2
slr1908,2
OptimusSublime,2
Strange_Shadows-45,2
Unwept_Skate_8829,2
SeeYouInHellCandyBoy,2
anglophile20,2
HollaNaomi,2
AnotherUnfunnyName,2
Unfair_Job_2028,2
zaparthes,2
TheJewBakka,2
escapetolight,2
Saucey-jack,2
ketamour,2
Impactor_07,2
Chemical-Idea-1294,2
Odd_Artichoke_3700,2
ponte92,2
DoubleCup8490,2
Reyna_girlie,2
heinous_anus-,2
iM-xx,2
moppethead,2
psgola2002,2
Holiday_Parsnip_9841,2
Kraaka_81,2
ebow77,2
Certainly_uncertain9,2
Fabulous-Chance372,2
Zestyclose_Ant_3039,2
endurance-animal,2
Bishop_Cornflake,2
k_oshi,2
cindylooboo,2
_dictatorish_,2
TripFarmer17,2
jaxbchjim,2
20070805,2
TalkativeRedPanda,2
Specialist-Hold-653,2
maxutilsperusd,2
bman9919,2
HermioneSly,2
TiffanyTwisted11,2
TheMostRandomPerson7,2
ConditionDefiant8653,2
MateosCollections,2
coffeeshopslut,2
Greenmonstaa,2
Bloody_Nine,2
Sveern,2
Fit_Feed_1307,2
euclid0472,2
Kryzl_,2
aaronman4772,2
InternationalSalt1,2
ochgerm,2
DangerousLack,2
veldor60,2
ZzzSleepyheadzzZ,2
1TBee,2
FlagellatedCitrid0,2
Solondthewookiee,2
bigowies,2
JMBrown32,2
Weakness_Infinite,2
EuroStepJam,2
JaydedHorror,2
cardboardbuddy,2
schlizschlemon,2
Ilikesports2432,2
Ch1mpy,2
IvyGold,2
Cypher1492,2
Brill000,2
jogarz,2
loewe67,2
TheRabb1ts,2
justfetus,2
ReactionExtension395,2
AffectionateAct5815,2
SubjectMystery,2
twbk,2
urkuri,2
msbtvxq,2
Parttime-Princess,2
Peak_Alternative,2
Loud_Cream_4306,2
CrimsonEnigma,2
Giraffes__Neck,2
ImRonBurgundy__,2
arnoldmuczynski,2
GiEnneE,2
AlbusStormgaard,2
BabeAlexandraBoik0va,2
JJD14,2
palikona,2
Mjones151208,2
goforth1457,2
LivingOof,2
doormouse1,2
jrainiersea,2
EuphoricZombie3276,2
icerooo,2
Thu66,2
ghost_jamm,2
truthseekerace,2
MircoRoss,2
tereyaglikedi,2
starmiesan,2
AznPerson33,2
WilloughbySerenity,2
BlackMagicMerlin,2
Safe_Dragonfly752,2
PrimaryItchy4493,2
james5007_nt,2
Hassadar,2
LudicrousPlatypus,2
Secret-Bluebird-972,3
ell_hou,3
Excellent_Ability793,3
NeatSuspicious655,3
cmiller4642,3
down_with_the_birds,3
Number1OchoaHater,3
birdy3133,3
cclarke1258,3
MyGoodPersona,3
bthompson04,3
GoodGovernment1,3
YourFriendSin,3
Critical_Gas_2590,3
CuteApproach,3
platyceps,3
crastle,3
Waste_Yak_990,3
ruinedbymovies,3
mukduk1994,3
thetrueGOAT,3
BellaPow,3
coinfanking,3
LonelyTreat3725,3
GrayBeardBoardGamer,3
ExistingAthlete6092,3
Lord_Olchu,3
PhilosoFishy2477,3
itjustkeepsongiving,3
MattTheKing23,3
LSanborn2,3
DotThis2542,3
Honest-Main7650,3
Educational_Milk2726,3
RmdRik,3
MammothWrongdoer1242,3
Pretend_Tower_2516,3
Obvious-Mix7527,3
No-Significance5659,3
Spaghettivreter96,3
acatgentleman,3
mexicanlizards,3
Eastern-Hamster-5050,3
RitaRaccoon,3
phatninjas,3
Darnell2070,3
dwartbg9,3
Celestial_Bagel,3
GaptistePlayer,3
ToweringTulips,3
swole-and-naked,3
Trent_Bennett,3
Basic-Foundation9237,3
BilSuger,3
Certain_Name_7952,3
Kooky_Equivalent3785,3
GenXNell,3
SnooHabits6008,3
ccboss69,3
axecalibur,3
Baksteen-13,3
casualroadtrip,3
SMVan,3
Mike71586,3
Admirable_Sherbet538,3
stockybloke,3
Cracovian_metro,3
immasayyes,3
Mountain-Pay9668,3
peanut_galleries,3
No_Sand_9290,3
NeedleGunMonkey,3
PsychologicalIce5384,3
jmg1621,3
owleaf,3
BlueRFR3100,3
EskilPotet,3
neveks,3
0tus,3
bradtheinvincible,3
hammocat,3
res0jyyt1,3
Yugifrolife,3
KawazakiMotorcycle,3
misterloaf8,3
nachocheese23,3
justsyr,3
Appropriate-Talk4266,3
Tillysnow1,3
sir-shaft,3
beantherio,3
johsj,3
TheCABK,3
Ok_Cabinet2947,3
WildMajesticUnicorn,3
Ethnafia_125,3
Budget_Case3436,3
_Halt19_,3
EnergySuccessful3586,3
joeschmoagogo,3
Weezy366,3
-WaterIsGreat-,3
ch4nt,3
AcrobaticWrangler330,3
LLVforever,3
IndividualAthlete313,3
ShenanigansYes,3
UtilisateurMoyen99,3
Long_Mixture5708,3
2Hanks,3
labadee,3
ZiggoCiP,3
Able-Ad3506,3
gonace,3
Tatehamma,3
yuzudo,3
ArguablyMe,3
Cwilliam99,3
planchetflaw,3
epik_fayler,3
wecan22,3
roarti,3
mattijn13,3
scarlet_red_samurai,3
jma9454,3
Cool-Tour-1962,3
kcreature,3
QiwiLisolet,3
Stinkycheese8001,3
Cmdr_Nemo,3
acllive,3
nationalpost,3
grehgunner,3
Legendary__Beaver,3
WildGardening,3
SlainByOne,3
tenzindolma2047,3
LonelyRefuse9487,3
Citronaut1,3
Suggie876,3
wind-of-zephyros,3
Ok_Start6378,3
thediesel26,3
NutmegManwithbigsack,3
Goldiloxbrowsing,3
Aloofisinthepudding,3
Yardsale420,3
mlippay,3
SupaButt,3
Brewingjeans,3
EmpireStateBuilding,3
personAAA,3
EllaIsOn1Wheel,3
RockOutToThis,3
i-am-the-walrus789,3
CarabbaggioLOL,3
956chubbs,3
MissXM,3
Orcasgt22,3
Smart_Perspective535,3
MsterF,3
No-Stressss,3
cum_holding_foreskin,3
palesnowrider1,3
rangeo,3
Deathstroke317,3
Major-Frosting-6286,3
SeaChele27,3
Realistic-Wafer-314,3
TheTruth_Hurts_Idiot,3
keeleyfan89,3
losttinecuileog,3
chinagrrljoan,3
MoonriseTurtle,3
nin90ety,3
CojanglesDMK,3
onebloodyemu,3
lucygoosey38,3
AngryFrog24,3
Merochmer,3
No_Cat4998,3
AnnieB_1126,3
sharpnylon,3
gonzaloetjo,3
IrishUpYourCoffee,3
Stoltlallare,3
aebaby7071,3
ChicharitosLeftFoot,3
90342651,3
quadtetra,3
jjumbuck,3
oasisssss,3
BeanEireannach,3
OkMech,3
RoadandHardtail,3
Jargif10,3
Commercial-Set3527,3
AranasLatrain,3
darlingmagpie,3
homeracker,3
Coffeeey,3
Apennatie,3
chuckdeg,3
rossefor,3
sagew0lf,3
Black_Handkerchief,3
doyouthinktheycare,3
OmissionsOmen,3
DarKnightofCydonia,3
Silver_gobo,3
DeegJongen,3
FishySmellz,3
imperator2102,3
Friendly-Profit-8590,3
freeride907,3
Former_Current3319,3
scrunchie_one,3
LyricalDucking,3
Tweakler57,3
CompoteImaginary4399,3
AYTOL__,3
Common-Economy-6358,3
savy9,3
AlexandraThePotato,3
jasandliz,3
xyzmaximoff,3
Red_wine77,3
Broudster,3
Mountain_Schedule_40,3
Jaylow115,3
Shoddy-Fan-584,3
thesuperdug,3
SeriousVegetable7171,3
TheGreekMachine,3
Defiant-Sort2942,3
Throwaway487232,3
Forsaken-Swim-3055,3
Tullyswimmer,3
9ofdiamonds,3
Clear_Astronomer_867,3
a_dude_from_europe,3
afg500,3
StupidGenius11,3
Ok-Safe6890,3
bughidudi,3
jackofslayers,3
RainbowCrown71,3
Fuzzy_Protection1526,3
UnKnOwN769,3
jamiethemime,3
FlyingOctopus53,3
12bunnies,3
emmasdad01,3
ScoobyDone,3
Simon___Phoenix,3
Hanhula,3
supersupressor,3
FluffyPantsMcGee,3
OhCrapItsAndrew,3
chimininy,3
Svenray,3
WintAndKidd,3
mikkelss,3
Phadin,3
frosticus0321,3
Fine-Photograph673,3
marykey08,3
eclipze_95,3
throwaway-plzbnice,3
Sensitive_Comfort634,3
SweetVarys,3
Free_Farm_7736,3
TruCrimeRighter,3
abcnews_au,3
ShovelKing3,3
krazylegs36,3
Toodou,3
HWood2004,3
mancemck,3
Fluffcake,3
Tragespeler,3
DrCalFun,3
Organic-Vermicelli47,3
himan222,3
RoundImagination1,3
Busy-Carpenter-5278,3
Morganvegas,3
TTWC,3
PachaThePenguin,3
VirtualMatter2,3
Majestic-Two3474,3
Prudent-Parfai,3
Some1inreallife,3
Physical_Aide5509,3
WonderfulBlueberry78,3
tthousand,3
Maryjanegangafever,3
Wakez11,3
Inevitable_Sector778,3
MakingOutWithGod,3
victimofmygreatness,3
Trip4Life,3
fortune,3
Jellyfish-Ninja,3
Aggressive_Grass_945,3
ThreeMarmots,3
goosetavo2013,3
socialcommentary2024,3
ManlyEmbrace,3
SEAtoPAR,3
BeppoFez,3
Fragrant_Ad_8288,3
RebelJedi1998,3
Books_and_Cleverness,3
South_Suit9833,3
Mindless-Command5107,3
watchark,3
screwswithshrews,3
Distinct_Cod2692,3
HM9719,3
foto_grafen,3
Wafflinson,3
dbwn87,3
Imaginary_Agent2564,3
squeda,3
CompetitiveOwl89,3
ChannelMiserable7363,3
Strict_Pangolin_8339,3
imaconnect4guy,3
AlexTheNMacedonian,3
June24th,3
Homers_Harp,3
Overlord0123,3
ConversationNo9592,3
Simple_Tart9548,3
cedricsam,3
FootballPizzaMan,3
sports-ports-orts,3
lepreqon_,3
BlueLightBandit,3
Adventurelynd,3
Nope51st,3
jonny99kaplan,3
Cubriffic,3
dotben,3
GentleWhiteGiant,3
InterestingAd3728,3
Meowmixalotlol,3
MattManSD,3
Jono_Scraggles,3
srcoffee,3
notjustsome-all,3
Chewblacka_,3
LozaMoza82,3
jomarthecat,3
Robcobes,3
brittleboyy,3
NintenDooM33,3
Leaf_blower_chipmunk,3
MiriamLovesSport94,3
anemic_royaltea,3
ButtCavity,3
neo487666,3
miserlou,3
kenroth50,3
LotsaKwestions,3
MoKelic32,3
rookie-mistake,3
scattermoose,3
Oomlotte99,3
Imzocrazy,3
brrrbrrragaga,3
LukeDies,3
Intelligent-Luck-954,3
Better-Temporary-146,3
masssy,3
Duhr3l,3
No-Nonsense-Please,3
NoobMusker69,3
sendyrella,3
Glass-Information-87,3
GuyNoirPI,3
Ok-Foot-4352,3
jimmydean885,3
IShipHazzo,3
Artistic-Dirt-3199,3
SmaugTheMagnificent-,3
nicoladc_89,3
CapableSkirt628,3
Significant_Bear_137,3
anton_d66,3
A12086256,3
washingtonpost,3
CommanderInQueefs,3
jonatmoy,3
NewAccountEachYear,3
ivarokosbitch,3
Sarcastic_Backpack,3
Jenetyk,3
icedcoffee4eva,3
hind3rm3,3
Soupfullofradio,3
cricramf,3
I_Saw_Your_Underware,3
Azerkablam,3
Direct-Efficiency741,3
TikiBikini1984,3
AnnMental-Grace-5522,3
HistoryBuff678,3
miss_scarlet_letter,3
mattsotheraltforporn,3
mrtomjones,3
tim_bdlm,3
GogglesPisano,3
rachreims,3
Mustatan,3
Important-Shower-183,3
Yellow_Blue_Jet,3
Always_Uphill,3
TheToroReddit,3
Grantus89,3
doyouevenIift,3
Inner-Kiwi5041,3
milkshakecabinet,3
Lost_Drawer_2260,3
chinesenaples,3
Roscoe_King,3
jogisi,3
Naso_Coraggioso,3
PresidentBearCub,3
JuicyBroPumpJr,3
kraysys,3
Morsemouse,3
k4r6000,3
FoCoBilbo,3
Blubberinoo,3
sgr28,3
GharlieConCarne,3
vasquca1,3
outsideskyy,3
doesntmatterxdxd,3
CardInternational753,3
LastAutumnLeaf14,3
StrikingOutcome71,3
poolshaped,3
Scared_Cow9483,3
Klingh0ffer,3
Realistic_Try7123,3
Such_Currency1029,3
braindropping,3
zubairhamed,3
DommagePindaFromage,3
ge0theory,3
Mikadook,3
Particular_Aide1097,3
captainfalcon93,3
MAT-HAR,3
foolishbeat,3
Divergent_Thinker_,3
reuters,3
Groundbreaking-Pie95,3
Balls_of_satan,3
curepure,3
mzp3256,3
scotems,3
SpaceBall330,3
kissmydonkey,3
Interesting_Button60,3
TheFifthSith,3
GirlnextDior,3
nohiddenmeaning,3
BriarRoseElla,3
CantFeelMyToesAgain,3
Liocla,3
sceddit,3
TheGambit,3
LastMongoose7448,3
SageAnowon,3
VerryRides,3
SomeJayForToday,3
THANE_OF_ANN_ARBOR,3
tanksplease,3
Diaperedsnowy,3
APOC_V,3
Most-Artichoke6184,3
Ok_Nail_5298,3
Tehlim,3
grandmawaffles,3
mister_drgn,3
rjchute,3
ButterbeerAndPizza,3
LojikPuzzil,3
Shroft,3
Soggy-Fox-9706,3
Material-Hurry-4135,3
TheyreEatingTheD0GS,3
ohoroa,3
blchpmnk,3
Asusralis,3
whata-disaster,3
musing_codger,3
Various_Knowledge226,3
CoRrRan,3
nothingeverhappens91,3
sittingshotgun,3
lik_a_stik,3
Nattekat,3
lxfh7777,3
Top_Gun_2021,3
LapinTade,3
Mysterious-Quit-304,3
discographyA,3
Cosmos1985,3
tractata,3
MaterialAd1995,3
noahhova,3
FewElk3786,3
Letsgetrich2025,3
I_like_it_bright,3
Shobed,3
MrGumburcules,3
s00pafly,3
JohnnyTZone,3
juliegnh,3
Chemical_Butterfly40,3
KimJongArve,3
Plane_Election_1598,3
mahboilucas,3
Drummallumin,3
Kimber80,3
kirbysdream,3
Ruhrgebietheld,3
Jonn_Jonzz_Manhunter,3
kinglefart,3
ThisRiverIsWild_,3
OPsDaddy,3
RespectAcrobatic1563,3
Lingonberry_Born,3
MichaelSonOfMike,3
niazemurad,3
excitedprotons,3
Dotcaprachiappa,3
ILikeDoingStuff69420,3
Honeybee0109,3
Safe-Construction-me,3
AdvancedCheek7795,3
Blitzdog416,3
tommhans,3
bluecheese2040,3
Peaceandpeas999,3
Sherifftruman,3
Reply-Plus,3
Gerf93,3
IJustMadeBananaBread,3
agreathandle,3
Cheliz1517,3
ampmz,3
tuhn,3
abfonsy,3
Admirable-Screen2238,3
anarfox_,3
Personal_Camel_2417,3
miss-chips1991,3
Buzzerbeatmw,3
xnormajeanx,3
Agitated-Airline6760,3
AMoegg,3
No_Introduction_3542,3
A-e-r-o-s-p-h-e-r-e,3
Silver_Middle_7240,3
Dorksim,3
JJOne101,3
bobbdac7894,3
AerialReaver,3
BigusG33kus,3
Fabislrs,3
dantespair,3
FoxMiserable2848,3
ekkidee,3
suckmyfuck91,3
Serious-Pin926,3
TigreMalabarista,3
red_keshik,3
Just_tryna_get_going,3
heksa51,3
Drdonkeyballs,3
dentist9of10,3
Prometheus_sword,3
Madeyoublockme,3
Immediate_Tap1323,3
s_edinfiggle,3
ODA564,3
melodramaticmoon,3
RSF24,3
Zalbo_,3
AverageBry,3
bellaLori,3
nbcnews,3
manneukko,3
EnoughSlopPlease,3
Birdman330,3
juliuspepperwoodchi,3
RobotDevil222x3,3
Archicam99,3
IniNew,3
Ok-Hall8311,3
erect_dragonly,3
olympics-ModTeam,3
New-Adhesiveness8606,3
Intelligent_Heron_15,3
I-Mean-This-Forever,3
trescuerpos23,3
MyHorseDoesntLikeYou,3
Critical-Bug4077,3
garfgon,3
GarageQueen,3
JPAnalyst,3
Standard_Structure_9,3
Andrew_Waples,3
Grand-Helicopter8768,3
AlphaLaufert99,3
rottenjunker,3
AggressiveAnything,3
softishviking,3
HongkongKings,3
cjstop,3
NorthBase710,3
calmnutz,3
IndependentCover3123,3
According_Pay_6563,3
theatlantic,3
RVAforthewin,3
Jerekott,3
FigureSkatingisCool,3
TheEagleWithNoName,3
austin101123,3
DoubleDimension,3
littlemoon-03,3
Academic-Goose1530,3
anonymousse79,3
buv3x,3
mvfrostsmypie,3
greentangent,3
JohnCenaJunior,3
Antique-Tone-1145,3
Life-Goose-9380,3
WhackadoodleSandwich,3
Durian-Critical,3
Upbeat-Armadillo1756,3
BrorFinnsDAbi,3
sewalker723,3
Sufficient_Round61,3
MeatTornado25,3
Sandberg231984,3
Eaglestar276,3
Noonecanhearmescream,3
FluffyRogue,3
Pleasant_Bloc,3
anneofgraygardens,3
fredy31,3
Jdubya87,3
GlassesOfUrza,3
Intrepid-Tank-3414,3
Suboptimus,3
blindking2,3
urfav_mortician,3
TrixeeTrue,3
NooneUverdoff,3
novacantusername,3
PockDoc,3
Swimming-Dealer293,3
StetsonTuba8,3
UserAccountBanned,3
madscandi,3
TheRealtcSpears,3
bynaryum,3
MatthewHudson11998,3
FireFangJ36,3
Moonraker0022,3
Ok-Treat7272,3
lingeringneutrophil,3
Ok_Fisherman9651,3
Rogue_Gona,3
BombasticReindeer,3
benjamin_t__,3
championstyle,3
WhichSpirit,3
613TheEvil,3
Ok-Conversation9410,3
Infamous_Charge2666,3
ill-just-buy-more,3
Slight_Literature_67,3
Zombiejesus307,3
AcadiaJaded724,3
mrtrevor3,3
odin21,3
higherbrow,4
Optimal-Progress4917,4
hadenthefox,4
Kid_Delicious,4
Leadboy,4
Ottnor,4
disturbed94,4
TootyFroots,4
Objective_Brain_3556,4
zethiryuki,4
fastandfunky,4
feb914,4
lordmatri,4
NetAnon579,4
oldmantutters,4
mjsher2,4
spr148,4
TheMcG,4
Own-Knowledge8281,4
Delicious-Income2162,4
penthiseleia,4
pwndnoob,4
Illustrious_Item_505,4
Money-Giraffe2521,4
Pokemon_Trainer_May,4
JerseyDvl,4
baseball_fanatic0887,4
quesoguapo,4
Environmental_Dig335,4
mrbootawarrior,4
uncivlengr,4
IAmQueensBlvd31,4
ssagle,4
ban1208,4
rhineo007,4
vmlee,4
AdviceAccomplished48,4
camwyo,4
sovietdoginspace,4
happyscrappy,4
Excellent_Title974,4
Cindori,4
Tnspieler1012,4
mrfroid,4
CTHARCH,4
Shakethecrimestick,4
Legitimate_Buddy4806,4
ARTICUNO_59,4
patiofurnature,4
EPMD_,4
BrainOnBlue,4
artfulx,4
tinsti,4
Fluuf_tail,4
MkeYosh,4
NewDesirePath,4
wood_you_believe,4
Clean-Promotion-8996,4
Smokey_joe89,4
solo1poco,4
tbroome17,4
7m-gtte,4
oldmaninatincan,4
Marsymars,4
Chrristoaivalis,4
MrInopportune,4
20wall,4
mak0shark7,4
Extreme-Emu-4336,4
AccomplishedEnd373,4
sappho0,4
mhuster,4
MorningRooster,4
lavender_legend,4
MegaTimX,4
hikingbroski,4
WeGotDodgsonHere,4
Charbonneau77,4
gschiltz,4
Moist_Bison9401,4
CantPlayTheBanjo,4
Santasreject,4
GoldLobster,4
Old-Band-7635,4
inconspicuous01,4
Minimum-Search-286,4
Zero_Travity,4
SdtStormageddon,4
Full_Crab_388,4
dinosaurzez,4
K0bra_Ka1,4
kingkong198854,4
Korvensuu,4
zkqy,4
Wrong_Athlete310,4
SimpleAd1604,4
tif151,4
LopsidedHamster,4
donaldGuy,4
xtalgeek,4
szazzafrazz,4
ChessOnIce,4
themehster,4
rivercountrybears,4
AdvancedEconomy8760,4
misplaced_islander,4
undertow521,4
havenisheaven8,4
wlwimagination,4
Auzou,4
WhatLineOfWorkRYouIn,4
NeatMix4599,4
CloseToMyActualName,4
CraftyPositive2700,4
Oohhthehumanity,4
Terziak,4
SimpleChemist,4
No-Object2133,4
Ctake_808,4
CataclysmClive,4
bopaqod,4
DannyDOH,4
josssssh,4
bismuth12a,4
iamjackspizza,4
mkiwi,4
wjdoge,4
rocketmn69_,4
Miyabi_bleu,4
captaincanada96,4
curlingcatscoffee,4
Designer-Roof-2118,4
Knook7,4
Unhappy_Cheek_2281,4
AsmadiGames,4
10AMinUzbekistan,4
Bunktavious,4
CWalkthroughs,4
Zeuthis,4
RyHoMagnifico,4
Defiant_Piece7442,4
ShortTheseNuts,4
SameFoot5396,4
11th_Plague,4
iknowyouneedahugRN,4
Ginger_Menace1,4
Knob_J,4
IamPhilemon,4
thatboiOsaka,4
blakeibooTTV,4
MapleHamms,4
GodFeedethTheRavens,4
anaarsince87,4
ReindeerLegal2400,4
Both_Perception_1941,4
norova,4
HockeyNut1994,4
DisplayMother5562,4
shazbottled,4
GhostofPdawg43,4
LordQL_2,4
bravetailor,4
Looney_forner,4
JasperJue,4
MississaugaEtobicoke,4
fjellander,4
mpschettig,4
pospec4444,4
Comfortable-Mouse404,4
LaZyCrO,4
rohlinxeg,4
Shermdonor,4
FliryVorru,4
tbone466,4
FreedomSlice,4
Exciting-Ad4970,4
JC_theGoat_,4
jasmith-tech,4
swoodshadow,4
toocoolforgg,4
Top_Investment1825,4
Airplane_Bottle,4
gstringstrangler,4
BigInconsideration,4
West-Gur4598,4
Finance_Plastic,4
wishitweresunday,4
Awum65,4
teewertz,4
OutsideScaresMe,4
Wide_Understanding70,4
Sufficient_Swing_406,4
Spiritual_Worth8771,4
mosasaurmotors,4
Cavalry2019,4
LEGOMyBrick,4
Future-Ad2802,4
russianwildrye,4
SavarinoScoredAGoal,4
Mozambique_Sauce,4
agxc,4
sadflask,4
Chronmagnum55,4
OverallGeneral7129,4
First-Butterfly-7338,4
__Tinymel,4
CurlingCookie,4
Mednala,4
Intro-Nimbus,4
ABPPC,4
vskovalyov,4
VoightofReason,4
hatman1986,4
Rust2,4
Pondelli-Kocka01,4
Level_Ad8089,4
MatiasGonzalo-Duarte,4
colpy350,4
jnsmld,4
Sherlock_117,4
brainexe_not_found,4
you-absolute-foolish,4
Lesbians4lesbians,4
Remarkable_Ad_7304,4
ShawnSimoes,4
dmuennich,4
BothFuture,4
TheBottomDollar,4
Spangel,4
UltraHippo1,4
Microflame,4
chengg,4
eliastheawesome,4
Tattieee,4
Hemske,4
Plus-Ticket5185,4
applegoesdown,4
Potential_Plan_4533,4
MichaelSquare,4
slithersky,4
dinozombiesaur,4
dirtcollins11,4
Weldinpasta,4
ThrowFar_Far_Away,4
INAC___Kramerica,4
SteveDougson,4
cnpeters,4
GodAtum,4
HillsideFC,4
TheFredrckConnection,4
TheOSUJackal,4
ammurp,4
pluc61,4
XylemRhyme,4
Flaming_TigerSquid,4
Character_Lettuce_23,4
RichtersNeighbour,4
All__Of_The_Hobbies,4
yourebreakingmyballs,4
antzztan,4
CompetitiveAd1226,4
ubiquitous_archer,4
harrisarah,4
Subject_Analyst_4658,4
skorsak,4
ninjasinc,4
Vivid_Computer_7153,4
HoyAIAG,4
Waste_Coach_2762,4
puckstop101,4
anca1997,4
geosun65,4
kw3lyk,4
Trubydoor,4
NYC-Golf-Watch-Music,4
falsehood,4
ProfessionInevitable,4
evanmav,4
Possible-Pie4978,4
tuftabeet,4
AnderPPudding,4
-----------________-,4
WankaBanka9,4
ratatosk212,4
nelsosi,4
Ksghost252,4
CosmicCC_36,4
esports_consultant,4
vonfantasy,4
dadtheimpaler,4
PastPerfekt,4
ooitsmagic88,4
triedit2947,4
SilkBC_12345,4
colonelrebsmuff69,4
Zerathulu,4
whudaht,4
AndyJ95,4
ClarkeVice,4
pjwasz,4
quantumhovercraft,4
WillingAffect3693,4
Kjell_Hoglund,4
soaring_ostrich,4
Esleem07,4
otherestScott,4
cad_mumma87,4
Dropkickjon,4
HosaJim666,4
MurrayInBocaRaton,4
Runamucker31,4
kdaddyto,4
dotto_biliare,4
useless_info_hoarder,4
Logical_Bonus_3766,4
MichaelJL77,4
SpiritualSapphire,4
krusader42,4
ShroomTopsInTheSun,4
iamjaidan,4
boxcar17,4
Mission_Local842,4
Fupastank,4
theashleereign,4
CuriousCurator,4
mikethemillion,4
Outside_Hope_3383,4
xGlor,4
Wafflesorbust,4
pond-dropped,4
13nobody,4
ThisParkTheseHouses,4
marshalofthemark,4
killerdoggie,4
MadeULoook222,4
Both-Okra4634,4
gigapizza,4
realist50,4
Sure-Statement-7278,4
Thannhausen,4
wolfewingedbug,4
Glum_Yogurtcloset481,4
11s-Eggos,4
shwaa_,4
Safe-Acanthaceae8951,4
joshuauaua,4
kevingh92,4
DragRace2020,4
BlueJaysFan01,4
BergmanGirl,4
danifestmestiny,4
cafe-aulait,4
katescraftingcorner,4
DrLyleEvans,4
OaksInSnow,4
jordanp2019,4
Brangarr,4
squanchy_56,4
mirado,4
xXBlaze52,4
Fit-Introduction8575,4
Garliq,4
onlykindofamethaddic,4
Towerofgobert,4
hdeibler85,4
Iceberg_Captain,4
CausticLicorice,4
poorguy55,4
skolocicoaster,4
BillsMaffia,4
Femboy_Harem,4
SexyElephant_,4
BCW1968,4
DescriptionCareful56,4
moosene,4
TuffBunner,4
afriendincanada,4
flisiy,4
AdSevere1274,4
Widdox,4
Distinct_Meringue,4
buckeyecapsfan19,4
KennyKettermen,4
IIIlllIIIllIlI,4
KillBologna,4
Mortonsbrand,4
LanguidLapras131,4
ZealousidealWalk9137,4
bpolo256,4
FleetSeb,4
No_March5195,4
skinte1,4
AnUdderDay,4
flyingflail,4
baltlake03,4
Just_Highlight_5615,4
fanatic2022,4
EddyMcDee,4
OtterAnalytics,4
Niffelar,4
CockyBellend,4
peljopower9,4
rocky_balbiotite,4
Ok_ConfusedOne,4
CheeseheadDave,4
PhinsPhan89,4
Fit-Huckleberry1754,4
KonKnueppel3rdNipple,4
RichiBucktwo,4
Mysteri0n,4
georox97,4
jetpilots1,4
CanSpice,4
_Sebastian_91_,4
YourBeansInMyPants,4
jimjhart,4
Ok_Pipe_3234,4
ChrisKateBushFroome,4
d0esth1smakeanysense,4
PreferenceDowntown37,4
iamtruerib,4
yelleknave,4
CurlingFool,4
wotquery,4
randomlypeachy,4
Katharinavhill,4
yguns031,4
SpiritualWatermelon,4
CurlyJohnny,4
Wolff_Cola,4
Resident_Hunter_7565,4
uheardmepunchy,4
chespiotta,4
StitchAndRollCrits,4
caper1902,4
BigRus5ty,4
Zakhmanov,4
CardiologistLost5373,4
fidelkastro,4
Ginnykins,4
trainofthought700,4
Initial_Start_1880,4
goodrhymes,4
Western_Ad_445,4
Commentator28,4
RTPGiants,4
Suspicious-Contact96,4
Edwyth,4
TCup20,4
brianmmf,4
BringBackBoomer,4
DtheS,4
wildhockey64,4
Curling_Fox,4
Queen_MarMar,4
BetLeast4943,4
Funnyturtle10,4
Poogly_Butterscotch,4
Arschgeige42,4
solomongumball01,4
cited,4
WarmWrought,4
mktcrasher,4
Dry_Shift3555,4
mrsunshine1,4
anaskinwalker4745,4
fake-0-waste,4
Low-Age1487,4
scarrlet,4
Unique_Date4873,4
Asleep-Cellist826,4
seraphultima,4
Hot-Bit-565,4
Holiday_Flatworm3840,4
Ok_Account_5121,4
badicaldude22,4
Zab__,4
_EJSP_,4
cardith_lorda,4
Lumpy_Customer_3136,4
Troutsky3,4
Venat,4
bigt2k4,4
Interview-Physical,4
DublohVII,4
Necessary_Winter_808,4
glebe220,4
RuSTeR1971,4
apprehensively_human,4
namtabanananananan,4
StormOk2791,4
aldstama025,4
BTornado14,4
funduckedup,4
charlestonchaw,4
Own_Psychology_6234,4
PaperPlaneMind,4
Althonse,4
ToschePowerConverter,4
MarginOfPerfect,4
curling_rocks,4
beardyman96,4
sistarfish,4
darthbane83,4
whatadaytobealive,4
BeautifulNice1979,4
Fantastic_While8918,4
Swicket,4
Yohnser23,4
SirOdAlexFergusona_,4
Specialist_Limit_969,4
thelazyfool,4
LittlePurpose2914,4
MrCosgrove2,4
rockking16,4
Conscious_Row_5231,4
Professor_Finn,4
Redylittle,4
the_state_of_kate,4
No-Guarantee-2841,4
4eva_Na_Day,4
MissKorea1997,4
tigers101212,4
bpomber,4
HannahEaden,4
PresentCauliflower99,4
All-wildcard,4
Marshmallow_Apostasy,4
TropicalPunch,4
Rangerrenze,4
yellowseven,4
wumbology44,4
SpecialistShip2998,4
ttaayyllaarr,4
ppParadoxx,4
llights34,4
spurcap29,4
gloosticky,4
Greenimba,4
ProblematicTrumpCard,4
HamAndSomeCoffee,4
mjmassey,4
LiveIndividual,4
Leo_Art00,4
TaraBSugar,4
UmpireNegative7068,4
lady_fresh,4
Zieta,4
Magraev,4
wiisportstennis,4
e8odie,4
Awwkaw,4
NoTransportation5245,4
ottawapeoplechamp,4
curlingtherainbow,4
hmf1987,4
missella98,4
ThatNewSockFeel,4
pooploserbq,4
Legitimate-Mud188,4
thex11factor,4
youneverknow44,4
idoubledareya,4
Worldly_Project_233,4
willis1988,4
MikeJeffriesPA,4
QCTeamkill,4
Charlie-Danger710,4
Fun818long,4
fivewaysforward,5
MuchBiscotti-8495162,5
sonosempregranzo,5
Milkmartyr,5
IndependentTotal9280,5
_WangChung2night,5
Masu_dur,5
IAmJanosch,5
Negative_Cattle_5025,5
geeweeze,5
Key-Star-4636,5
i-texted-alexis,5
Wasting-tim3,5
Monsieur_Perdu,5
TruckStopBJs,5
Legitimate-Marmalade,5
Diarygirl,5
Ijustwerkhere,5
ZDOG60,5
not_now_chaos,5
zurper,5
SuperPoodie92477,5
jeanpauljh,5
MathematicianSafe706,5
Ltroky,5
Shine_Onyx,5
sthsthsth,5
rburp,5
whidbeysounder,5
Fancy-Jellyfish2478,5
Necessary_Luck_1366,5
GreninjaStrike,5
Subject-Talk5892,5
Pijaki,5
DekeCobretti,5
BigVic2006,5
Ronxu,5
cabbagechicken,5
amandajg13,5
Mormegil71,5
TrixnTim,5
Ger_Oktoberfest,5
Unusual_Artichoke_73,5
DJBLiZZ,5
JockCartier,5
LurkerDude0,5
ohhitherewhatsupp,5
Mindraven,5
Morgus_Magnificent,5
Aranka_Szeretlek,5
ValentineRita1994,5
soifua,5
mcclaneberg,5
Dismal_Brush5229,5
queensyrene,5
Arneddit95,5
Stockton_Nash,5
Nanasays,5
FewArt2068,5
Financial_Clue_2534,5
ArcboundRavager990,5
Mister-Psychology,5
Moreinius,5
tron_1979,5
trey2128,5
ravenonawire,5
ime1em,5
Pretend_Emu_1691,5
medhelan,5
constipated-rodent,5
Larshei,5
Budget_Insurance329,5
lilacsandhoney,5
Illustrious-Fee5670,5
TrollKlovn,5
FlatMolasses4755,5
lire_avec_plaisir,5
Netsmile,5
KINGtyr199,5
Naso_di_gatto,5
Equivalent-Word-7691,5
karmakimmie,5
LowMediocre4304,5
kevohreal,5
AstronomerIT,5
clydefrog811,5
dontleaveyourbananas,5
NorthernForestCrow,5
ExplosivePancake9,5
strebor1,5
stenskott,5
ddshroom,5
jimbobdonut,5
elegantideas,5
DaseNarch,5
rogue_worlds,5
SouthPerformer8949,5
cloudyrabbit0,5
gkboy777,5
yourethevictim,5
EldenLooter,5
Mission_Fart9750,5
SteveYunnan,5
squid_princess_99,5
HappyChilmore,5
newlostworld,5
SugarVast,5
Wheeljack7799,5
LateForTheSun,5
DebuggedRobot,5
DaGuys470,5
muad_dib21,5
yetiinrio,5
Rhodithas,5
PreviousSun9506,5
RattusRattus_Sum,5
PLZ_N_THKS,5
Professional-Exam565,5
Due_Connection179,5
Lolxgdrei787,5
DickieJoJo,5
mr_lab_rat,5
Wassal9,5
SomeDepressedRaccoon,5
wolverine237,5
NullPointer0011,5
four-seasonz,5
Tall-Election-7564,5
MaddenRob,5
Impossible-Guitar957,5
MacPh1sto,5
Utimate_Eminant,5
LandslideBaby,5
Mushroom_5026,5
avaacc77,5
Bored-Viking,5
MortgageRemarkable73,5
Sketchylefty11,5
Concerned_ctzn_AB,5
TurnipTall7545,5
Dirichlet-to-Neumann,5
throwawar4,5
CoffeePlusFive,5
Ponderouspersona,5
wilksonator,5
SwingingtotheBeat,5
JonatasA,5
GanacheCharacter2104,5
ich_liebe_berlin,5
blueberryJan,5
ChrisEvansFan,5
Oldest_Dream7,5
the_myleg_fish,5
2Asparagus1Chicken,5
AlaskaStiletto,5
FunnyLoud3067,5
MacaronsAreAwesome,5
Any-Following6236,5
markmano33,5
auntie_climax,5
avrenak,5
PjeterPannos,5
PrayingForACup,5
AWigNamedMoiraRose,5
AndAwayWeGo_,5
Radiant-Ad-688,5
Charmander787,5
Beneficial_Sign8266,5
Moist_Object_6012,5
Inevitable_Space_293,5
AnnabellaPies,5
dEus___,5
booksnblizzxrds,5
shartmaister,5
jamesneysmith,5
Bohnzo,5
TheLastSanctuary,5
jokes_on_you,5
Binx33,5
Changeup2020,5
McSwoopyarms,5
Rampage-count,5
fitdad24,5
Yujin-Ha,5
AnnieEdisonsGun,5
Rtrnofdmax,5
SwissForeignPolicy,5
wutfacer,5
IsthisWarframe,5
PogoBox,5
Parking_Range_2734,5
AdCommercial347,5
AgentG91,5
tm2007,5
Thick_Cookie_7838,5
BlackMambaDown,5
Ordinary_Rhubarb5064,5
PerfectWorking6873,5
krvlover,5
kinkylodes,5
NejzorN,5
PlaguedYoon,5
zoom518,5
Intelligent-Panda23,5
Breakker1,5
ghgerytvkude,5
d710905,5
BatUnlucky121,5
Knighty93,5
EwokDude,5
Bearspoole,5
IvoBrasil,5
AnnieByniaeth,5
CrazedJeff,5
windyyuna,5
Carameliii,5
Feisty_Bodybuilder25,5
MaximumDoughnut,5
AmusingAmbush,5
Earthling008,5
ignomax,5
Shinkopeshon,5
DaddlerTheDalek,5
Kevin-W,5
Tallented_Narwhal,5
Swedra,5
-DesertMoon,5
TripleDouble19,5
Fartin-Sc0rcese,5
TweakersSansFrontier,5
_Tursiops_,5
geisendorf,5
LavendarPetals345,5
SigmaKnight,5
IsANameRequired,5
Bigocelot1984,5
Aggressive-Gold5060,5
NoSirPineapple,5
Robbieprimo,5
iiiinsanityyyy,5
Quaker_Hat,5
xmjm424,5
CAGolf8,5
blabla10020,5
WHATAREWEYELINGABOUT,5
r__w__s,5
Nimonic,5
Gemnist,5
geewillie,5
stavroszaras,5
SDBadKitty,5
Joe_Huxley,5
Eleoste,5
Massimo25ore,5
quirkymilennial420,5
CompetitiveArtichoke,5
jemappellehonhon,5
Ok_Light_6977,5
Joachimsen,5
Peds12,5
sdfghs,5
ratapignata,5
Few-Actuator9705,5
stonersh,5
Diligent_Part1394,5
Pinkagentelephant,5
GurraJG,5
SuLiaodai,5
Cute_Conclusion_8854,5
LicoriceDusk,5
thegmohodste01,5
TheBigMotherFook,5
TheWonderMittens,5
daisymae25,5
Confident_Access6498,5
No-Bus3817,5
oohkt,5
Pretty_Marsh,5
xjpmhxjo,5
Grande_Italiano,5
Avaiano9,5
DreamsAndSchemes,5
Tasty_Singer7392,5
TraditionalPen2359,5
Jaric_Mondoran,5
Ebright_Azimuth,5
Dull-Independent-200,5
Solid_Parsley_,5
Myriad_Apocalypse,5
AvisRune,5
spicolispizza,5
Belle_Noir8,5
e37d93eeb23335dc,5
Ds9niners,5
peepeevs,5
jettmann22,5
_SheWhoShallBeNamed_,5
EchoSkillet,5
Moist_Transition_755,5
Equal-Record6513,5
Proud2BaBarbie,5
blkstr52,5
LastWalker,5
PizzaGirl9825,5
KSzkodaGames,5
Economy_Link4609,5
Significant-Iron-241,5
Fanvsant,5
mcfluffernutter013,5
errarehumanumeww,5
GrimaceThundercock,5
Balc0ra,5
MightBeDownstairs,5
XCrenulateabysx,5
Jutch_Cassidy,5
HooliganSocialClub,5
RubberDuckyRacing,5
MurongYuan,5
SentientSTD,5
Specific_Coast5878,5
Specific_Anywhere120,5
BaseBig173,5
Emotional-Mine-1495,5
QuestGalaxy,5
carrolliii,5
WantToBreak80,5
HorseBellies,5
LifeIsAPhotoOp,5
randomname_99223,5
Clemario,5
Spartan04,5
wagadugo,5
TravelingMatt34,5
spoilederin,5
Not_Steve,5
PattyCA2IN,5
ZhangtheGreat,5
labtech67,5
CrimeAndPunctuation,5
DazzlerPlus,5
L1onhear7,5
jennwinn24,5
ceebeesy,5
pznred,5
th3s1rslurm,5
Top-Ear-7959,5
GetawayJ,5
Dingo8MyBabyMon,5
BumblebeeFantastic40,5
AnswerAdorable5555,5
enilix,5
ravendarkholme312,5
rustyb42,5
Unhappy_Ad5945,5
Charming_Peak_4284,5
Revolutionary-Net957,5
HardballBD,5
Temporary_Net_2924,5
Similar_Security_967,5
PA_MallowPrincess_98,5
drppr_,5
seattlesportsguy,5
KickerOfThyAss,5
ScottPetersonsWiener,5
jehof27,5
Black_Otter,5
ILikeConcernedApe,5
INDISH-girl,5
Zealousideal-Air574,5
Logical-Track1405,5
random_monkey,5
Beneficial_Change681,5
mew2003,5
SDGollum,5
KennytheDoggy,5
plugged97,5
MrDohh,5
The_Little_Bits,5
ChampagneChardonnay,5
Weekly-Midnight7174,5
calaccountant,5
Nuggzy_News,5
snowbunbun,5
Will_sue_when_angry,5
ljb23,5
zandei,5
ptd163,5
wilmanwdk,5
Falko144,5
hailtopizza,5
indefinitelydreams,5
infinitebest,5
yankeebelles,5
TwoBassoons,5
0fiuco,5
Separate-Field-3064,5
Orcahhh,5
dai_panfeng,5
kokokobop,5
Fluid-Decision6262,5
Nicklord,5
Freeze014,5
MahliSaia,5
Sennawillemss,5
Ambitious-Ad-3242,5
Slight-Yard7265,5
EllenTyrell,5
RebootJobs,5
springer_spaniel,5
sampletrouts,5
ReleaseTheTrumpFiles,5
Portdal12,5
Ulsterman24,5
Inconceivable76,5
andrwsc,5
Artiefartie72,5
Not_Real_Batman,5
Inevitable_Scene_608,5
RaiJolt2,5
lillyjoyce2000,5
Not_Cleaver,5
pikaiapikaia,5
Key-Association3479,5
JaxWhitlock,5
No-Energy-4190,5
sunnyfordays22,5
crimson777,5
fogonogododo,5
Driveshaft48,5
morts73,5
VanGroteKlasse,5
JohnRamos85,5
Snoo42225,5
Remarkable-Rise-4401,5
Rough-Measurement979,5
dr_sassypants,5
InternalBest1194,5
Ok-Adeptness-5834,5
Tartaros030,5
geezqian,5
cutmastaK,5
xAMSTERRR,5
burpeesandcaffeine,5
EuroRacoon-4,5
lockedintheattic74,5
General_Resident_915,5
Able-Lavishness373,5
mnaylor375,5
crabbydotca,5
OkejDator,5
FeanorOath,5
niketkotecha,5
number1alien,5
niewinski,5
Tight-Might68,5
SattinSirennn,5
XenomorphAlarm,5
ihatepickingnames810,5
PHConfusion5801,5
Think-Airport-8933,5
DOGerDAWG,5
ZazyzzyO,5
CakesAndCrafts,5
maxwellbevan,5
Magatsu-Arsene,5
IndigoRuby,5
Pizzashillsmom,5
Ranglergirl,5
MontyNSafi,5
EtVittigBrukernavn,5
laefeator,5
Testo69420,5
yuribatman,5
ratspeels,5
xotorames,5
La_paure_cavaliere,5
epic1107,5
PassAppropriate5891,5
dwbaz01,5
Woooogey,5
EmbraceFortress,5
bduddy,5
DPSOnly,5
bella-chili,5
I_Shall_Be_Known,5
Athrynne,5
PestoBolloElemento,5
mnisda,5
TexZK,5
UseTheTabKey,5
otterpopqween,5
BIG_BLUBBERY_GOATSE,5
NotMirandaCrosgrove,5
Pile_of_Yarn,5
Caymanmew,5
not_firewood_yeti,5
Additional-Salad4323,5
sweat84,5
Prestigious_Fella_21,5
Accomplished_Paint23,5
Chrisixx,5
tadoid0,5
znark,5
vdbl2011,5
HeyPurityItsMeAgain,5
SindoBalto,5
Boring_Bad8173,5
Sammysteelefit,5
mochafiend,5
xrensa,5
HottieMcHotHot,5
cmdr_gabe_e,5
ZuberiGoldenFeather,5
veebs7,5
No-Owl-6246,5
CurbYourThusiasm,5
TartOk7622,5
Montgomes,5
dddonkers,5
plushnyra,5
MinaCiclamina,5
kasenyee,5
Haasts_Eagle,5
rsgreddit,5
TsumStacker,5
Huge-Resist9432,5
Striking-Fondant-956,5
abaguettewithaface,5
NuttyBuckeyes,5
EducationalAnswer312,5
_namaste_kitten_,5
poko877,5
CampaignPersonal9803,5
RostislavVenediktov,5
Posan,5
Dany3R9,5
chula198705,5
redshopekevin,5
thumbuplhl,5
shorty2494,5
All-for-the-game,5
Draknurd,5
AdPractical7574,5
Dizzy_Engine_4854,5
sabelsvans,5
Starfall9908,5
Mister_Macphisto,5
harryx67,5
DeerOnTheRocks,5
Landaloriam,5
Waguetracer1,5
Oilrig77,5
SalamAkhi,5
CLKguy1991,5
ttue-,5
mjamm,6
Vryyce,6
Elektrenai,6
Low-Inevitable-1981,6
Exotic-Exchange5550,6
louanita,6
goldtechnique,6
North_Shock5099,6
Croaker_392,6
AwsiDooger,6
J_Klemens,6
LaPizzo,6
bigmantoplad,6
ChimpyChompies,6
RashomonRain,6
aceinnatailsuit,6
fritzl31765,6
ribulas1,6
TpsDgg,6
EulsYesterday,6
spill-the-tea_101,6
Snebgloo,6
Skytho1990,6
boopsquigshorterly,6
Jerk_offlane,6
junker90,6
Juulire,6
tjeh1,6
InternalWarp4,6
cobravictim,6
CuriousThom,6
Hominek,6
insincerely-yours,6
Gruffleson,6
dromtrund,6
EJP123456,6
Blautanne,6
Alamo-5447,6
Longjumping_Chef_732,6
Juan382,6
Mitrakov,6
ConclusionAsleep8685,6
GrapefruitJuice9443,6
Pixnik,6
Napoleon_The_Fat,6
Boucot,6
Muflonlesni,6
Xatik,6
niemownikomu,6
bigwinne,6
Popoye_92,6
Eastern_Incident7235,6
New_Blood7858,6
Sharp-Negotiation117,6
trankzen,6
LaMoncakes,6
RickMaritimo,6
surcamares,6
ScaredCurrent3172,6
chrissie_boy,6
Large_Stage4163,6
padrino_del_reddit,6
elgen_helge,6
Hyperion542,6
RealisticBoss1586,6
relayrelayrelay,6
JustAnotherSimpleMan,6
No_Discount_6573,6
djdonj,6
SpareZealousideal740,6
air-dex,6
Evening-Archer1793,6
Status_Car8495,6
PercyReus13,6
Rough_Zucchini1346,6
Tommey_DE,6
Pretty_Mulberry_8451,6
DesignerGap0,6
sharkinwolvesclothin,6
ThePhenome,6
krissirge,6
Lone_Wolf_Winter,6
JohnStoppable,6
TheFlame8,6
98G3LRU,6
Allie654321,6
BeerBaconBewbs,6
superdupermensch,6
Onion27,6
12577437984446,6
pointlessly_mad,6
Le_tryharder,6
1muckypup,6
Pretend_Theory7545,6
pierrkirool,6
Alarmed-Surround-616,6
Gusmon,6
arnet95,6
JsXtm,6
fallen-swagger,6
EdwardCuttle333333,6
Aromatic-Eagle-7911,6
Myschossy,6
StrawberrySea5344,6
Conscious_Pea_2287,6
Repulsive-Seesaw8852,6
smaragdskyar,6
lazger,6
UnplanningThePlanned,6
Rigid-Horse-Bender,6
Tall_Astronomer_4330,6
Acceptable_Field2448,6
LilSpiderFartSss,6
Full-Explanation7271,6
boobookittyfuwk,6
ShureBro,6
Few_Customer_6266,6
polinnaa,6
DaSmartSwede,6
laulau1501,6
KML_Style,6
anothergreatetc,6
Prestigious_Move8842,6
Enough_Opposite8545,6
crypt_moss,6
fantasticvinyl,6
PsychologicalEar426,6
RefrigeratorNo1020,6
TeeTheSame,6
tlbdh,6
Due_Exercise_6537,6
tangled397,6
nakaonthebaka,6
Xantype,6
guestie94,6
Ida-in,6
Visual-Owl745,6
Gubi23,6
Sea-Volume-7214,6
Vraviran,6
fremajl,6
atomikkiller,6
MrTobbzi,6
Abject-Ad7787,6
miunrhini,6
Bruichladdie,6
D4RK_3LF,6
TetraDax,6
Prudent_Mail_993,6
DadKnightBegins,6
Major_Economy_571,6
oneflou,6
Awkward-Bunch-1148,6
an_mo,6
JohnyBull,6
11PoseidonsKiss20,6
happyrunner4,6
Awkward-Bit-77,6
Bisquare_cycle_thing,6
AggravatingJudgment4,6
simpingforalica,6
The_Real_Ura,6
TrainLowTrain,6
uptovigilanteshit,6
BurakBoerek,6
spobmep,6
Vismajor92,6
beneoin,6
Low_Stable7628,6
RusselNoahPeters,6
cammforme,6
Admirable_Heron1479,6
Asterie-E7,6
stillthinkingsk,6
AlarKaristaja,6
WorldlinessEasy4240,6
Physical_Raise4723,6
belenos63,6
mtm4440,6
Reandos,6
KoenigMichael,6
DublinKabyle,6
Decent_Display_3526,6
Faintning,6
Ted_Lavie,6
biathlon-ModTeam,6
BasicOlive,6
Mindless_Yam_9553,6
shonami,6
Hertog_Appel,6
National-Gap-3309,6
bellargonia,6
MulderXF,6
JohnDoe_Meh,6
Junelli,6
msanthrope64,6
ExoticExchange,6
goodbye9horses,6
rose_ofnomansland,6
predsfan77,6
evasive_tautology,6
kune13,6
PlanetaryAssist,6
TolBrandir,6
OERSAN,6
koj_star,6
Euphoric-Grab-3956,6
vvvwvwvv,6
xoxoamazingrace,6
k00kaburrasun,6
glennccc,6
ParticularLivid9201,6
elan108,6
GreyandGrumpy,6
LadyMargareth,6
Icy-You3075,6
quarter_cask,6
lostdysonsphere,6
uzanin97,6
Affectionate-Run7425,6
MrFlibble_,6
Nightwhisper_13,6
fanfic_enthusiast2,6
Shixzoner,6
smallpotatofarmer,6
duhbyks,6
RidingRedHare,6
ASkaloneo,6
Dry-Pickle6042,6
merlesstorys,6
Revaesaari,6
BasileiosOfThePlebs,6
adamlaceless,6
watermelonjuicephoto,6
Kris_Third_Account,6
IcyPassage1268,6
ocdbunnyy,6
EGSurvivor,6
Xaridis,6
seraph1er,6
pleasedontPM,6
mrsk145,6
itsafine_day,6
nautilator44,6
slackscassidy,6
Squirtle_from_PT,6
qquestionmark,6
Klaban,6
AlternativePay9581,6
Henna1911,6
Competitive-Log-1706,6
Dry-Comparison9138,6
madieu,6
thegreatbasket,6
Low-Jicama-5419,6
IlTacci,6
hotdiva7,6
caution0473,6
ConsuelaApplebee,6
hristogb,6
mihir1993,6
Elpsyth,6
charliemann,6
Unable-Fly-187,6
Alpine_fury,6
mrisj,6
Rude-Maintenance-169,6
EffectiveSubject6,6
Realistic_March_8838,6
esem98,6
pmuta,6
Sinocized,6
vanillacoke191,6
BuzerantSpettacolare,6
Additional_Tip6675,6
perivascularspaces,6
Ingelinn,6
ElHoboLoco,6
Dull-Bit-8639,6
the_mighty_jim,6
Important-Pie-3238,6
astropicals,6
oldslowbiathlete,6
DateofImperviousZeal,6
Then_Flamingo_8223,6
Extension_Sun_3536,6
Greenfox_1002,6
NineIntsNails,6
combatwombat02,6
Joyako,6
Good-Trouble4840,6
Even_Efficiency_7362,6
Dependent_Formal2525,6
187b_annika,6
Civil-Doughnut-8531,6
lehmx,6
Krizo1,6
eektwomice,6
De__Gambassi,6
Intelligent-Sleep-79,6
beerisallright,6
Delicious_Demand_747,6
JackKingsman,6
Consistent-Trust4400,6
Natsukoow,6
AdChemical8530,6
IceExtension6204,6
Tielsie,6
Final-Ad106,6
mvBommel1974,6
Charley288,6
DeusMachinea,6
Fabulous_Aerie8143,6
AlivZ,6
Banani_ari,6
Odd-Ideal6562,6
jxroos,6
kukkolai,6
jwc53531,6
AdEmbarrassed9028,6
uhuhhesaid,6
EllaPirella,6
AardvarkOne9314,6
oxygala,6
Grackleman,6
dr_kvist,6
hobbit_problems,6
Sad-Cabinet4625,6
_IBelieveInMiracles,6
InconspicuousMagpie,6
Xedrios,6
Nic069B,6
half-agony-half-hope,6
GreenBat29,6
1600vam,6
pooppaysthebills,6
claire_lucem,6
Traditional-Ride-116,6
TL-GTR,6
eestityyp,6
jac297,6
fakewasalwaysreal,6
Bxrtek,6
thbtm,6
Illustrious_Lab_1837,6
olav471,6
Alex_Mihalchuk,6
WinterFantasySports,6
MiaBearCat,6
TheAntagoNiSt2222,6
IcehandGino,6
Spiritual-Board7145,6
Piisuli,6
Kaltenstein_WT,6
Lucky98La,6
IAM-French,6
job081,6
No_Shallot9037,6
MicKysSlav,6
Fouace,6
Waste-Translator936,6
Raijgun,6
rockhopper75,6
Valmoer,6
bekkahthecactus18,6
tetiu,6
Big-Temperature-7956,6
ritesofzhou1,6
KronguGreenSlime,6
ThrowRA_snitchwitch,6
Schlechtyj,6
FighterForFreedom,6
galdavirsma,6
rhythmiclover,6
FoxOfTheAlps,6
Background_Bed_8677,6
BigSky456,6
Right_Beyond7186,6
Environmental-State3,6
Enjyk,6
Even-Sink-880,6
Any-Pomegranate4807,6
Stock-War1716,6
cwindiness,6
sittingsparrow,6
UnderstandingOnly443,6
Arvi89,6
__nmd__,6
accordionshoes,6
vyls67,6
Julyssues,6
Iamnggag,6
Zodde,6
ckbc_18,6
AZDarkknight,6
United_Seaweed3742,6
Express_Geologist_68,6
Halkatlaa,6
ZealousidealBend9829,6
WrongdoerIndependent,6
Unable-Selection6925,6
ednorog,6
inwebitrust,6
badenson,6
Gireau,6
musterteppich,6
DidYouFindYourIndies,6
thevorminatheria,6
JeHaisLesCatGifs,6
CharlesNapalm,6
Ok_Parsnip7079,6
pauliinalavender,6
magnolia2010,6
flyover,6
WinterOld3060,6
Odriiig,6
hellyeahopenspaces,6
c_leafhill,6
moschtert,6
ActivityHuge148,6
Oukaria,6
sansho22,6
Public-Flow-7521,6
Breathholding,6
luisshadow1,6
oneduckwithtwotails,6
Novel_Run7304,6
beautiful_loner,6
hi_megoldfish,6
Best-Cloud-5460,6
JimJam4603,6
Soggysleuth,7
LegitimateFootball47,7
Zalveris,7
rhandy_mas,7
rockyponds,7
Qtrfoil,7
Hawkbats_rule,7
mangoserpent,7
HowDareThey1970,7
flowermoontattoo,7
TomBombomb,7
SurammuDanku,7
mllegisele,7
WardDispenser,7
Sakarilila,7
FaliedSalve,7
direturtle,7
francoisschubert,7
Glad-Entertainer-669,7
Eating-two-burritos,7
StarWarsPlusDrWho,7
tiger_jedi,7
Jokrong,7
Signal_Sweet5962,7
dreadpiratedusty,7
2013wasthedays,7
PuzzleheadedSwim6291,7
Gisselle441,7
jdude_97,7
Napalm3nema,7
One_Emergency7679,7
udderlymoovelous,7
kenzcunn,7
Pristine_Character_6,7
Prince_of_Kyrgyzstan,7
tropic_gnome_hunter,7
Stavs15,7
1970s_MonkeyKing,7
Scary-Teaching-8536,7
Vast-Papaya-514,7
PensOverSwords2K,7
FeelingHumble7438,7
algy100,7
Practical-Shape7453,7
Adapteduser,7
requinmarteau,7
cardew-vascular,7
Upstairs-Chicken592,7
lischka31,7
SJC-Caron,7
hammerhead987,7
Keanu990321,7
aah1310,7
Direct_Dragonfly878,7
Human-Progress7526,7
Powrs1ave,7
1chicken2nuggets,7
twiggz612,7
FantexOfficial,7
0ddzer,7
Infinite44Reward,7
bj_good,7
HunterBiden_yeah,7
Lethbridge-Totty,7
Raptor_Jetpack,7
Asleep-Programmer-53,7
RabidLeroy,7
Upset-Heart-5177,7
Sea_Juice_285,7
Hour-Lab-3087,7
freifraufischer,7
PyroxCrymson,7
Gardenasia,7
yallamove19,7
SaskMan04,7
tr0yl,7
92coups17,7
MickTravis1,7
Gratin_de_chicons,7
JohnyZoom,7
abgry_krakow87,7
gotkube,7
ExtremePikachu75,7
EssOpie,7
sin_city_sun,7
Mr_SpicyBrain96,7
Swammer13,7
ZealousidealGuard929,7
Cleos_Mommy,7
Desperate_Nothing152,7
_baddad,7
Rough-Shock7053,7
joeymello333,7
arrivederci117,7
Temporary-Block-9452,7
sarahc13289,7
Farm-Alternative,7
hsj713,7
97vv,7
treasurebum,7
Falcons-Panthers1607,7
ViciousNakedMoleRat,7
h-ugo,7
aapolloc,7
b17b20,7
ToronoYYZ,7
gluteactivation,7
thatsplatgal,7
AdditionalSwimming1,7
Chris4Hawks,7
Picardy79,7
Abigail-ii,7
HistoryHasEyesOnYou,7
TheAtariJunkie,7
Vin-Metal,7
SCGardner10,7
phishnphils,7
IndependentPepper628,7
sillaresmes,7
ManOfManyWeis,7
ephemeral_radiance,7
solojones1138,7
halbowitz,7
krasivi_gardi,7
New-Section-766,7
fastal_12147,7
BigComfyCouch4,7
BigBlueMountainStar,7
Made_at0323,7
forcarlsolomon,7
YoursandMine8,7
aljerv,7
HistoricMTGGuy,7
lilbigblue7,7
FourTimeDundyWinner,7
julzibobz,7
Intelj,7
Spx3200,7
ilovepizzawithcats,7
ogloria,7
Romax24245,7
mangiafrutta,7
No-Egg5667,7
FoxMeadow7,7
Skylark1963,7
DragonsGape,7
Historical-Juice-172,7
icoulduseaday,7
CrazyProudMom25,7
ChristofferOslo,7
Nice_Reading2782,7
mynameisanyname,7
ilmunita,7
Hachimitsu-,7
trevpr1,7
SpareImplement2374,7
wtfchuckomg,7
Antique_Tale_2084,7
DavelPatsyuk13,7
Honest_Contract_1488,7
travelan,7
DavidFrattenBro,7
CeilingUnlimited,7
Roofofcar,7
rxlady8265,7
GroundbreakingAd1223,7
gofundme,7
saxorino,7
beartoast,7
outfocz,7
danvancheef,7
jsmeeker,7
cigsandchanel2,7
Tac0w,7
Gbeto,7
mikmik555,7
bptkr13,7
james3382747,7
MacaroonSad8860,7
UnoTwoTrys,7
Cowgoon777,7
PoroQuagganBob,7
Westbrooks3ptShot,7
RenaissanceGuy86,7
popculturestan123,7
thetimsterr,7
FENICH,7
Homo-Erect,7
Relative-Jello2589,7
larapu2000,7
ACW1129,7
benchley,7
GodsCasino,7
PriorityReserveUrMom,7
johnqadamsin28,7
axelatlast,7
1Revenant1,7
WBaumnuss300,7
lyss216,7
lazy_daisy66,7
Zazzafrazzy,7
UnderstandingNo3426,7
Ccmt_336,7
Curious_Cleopatra,7
Ok_Bunch2026,7
roge0934,7
navi555,7
kennyandkennyandkenn,7
littleb3anpole,7
OrganizationGood9676,7
Victortango124,7
TopComprehensive5494,7
billdizzle,7
Historical-Kick-9126,7
artisinal_lethargy,7
SlayTalon,7
us_against_the_world,7
Southern_Outcome_440,7
Scholastico,7
ShotRestaurant3548,7
williamchase88,7
Lawyer-Julie,7
just_reading_along1,7
-ctinsider,7
usatoday,7
darkeyes13,7
Skippy5403,7
YasielPuigsWeed,7
BORT_licenceplate,7
Ok-Impact-7887,7
Aggressive-Rub-8344,7
pjgamer_wastaken,7
WindyCityABBoy,7
Ok-Improvement-9421,7
Choth21,7
plaisirdamour,7
Objective-Method1382,7
klm_58,7
TonyTellum,7
firstclassblizzard,7
HatulaMastula,7
Infamous_Wealth9754,7
minnesotaupnorth,7
Objective-Barber-674,7
ProtonPizza,7
HelenG520,7
3gumamela,7
Chad-Ironrod,7
Icy-Election-2237,7
UnknownPleasures3,7
RxngsXfSvtvrn,7
Male_strom,7
Tricky_Traditions,8
ValosAtredum,8
BigFish610,8
abstractarrow,8
chaz_wazzerz,8
KathleenElizabethB,8
Section1ne0h4our,8
Marchy_is_an_artist,8
Dt2214,8
IllicitTomato,8
SunSimilar9988,8
Rare-Temporary7602,8
bobbo_b,8
Standard_Golf_1394,8
BeneficialPipe1229,8
voyracious,8
CW1DR5H5I64A,8
CeruleanFuge,8
MandatedPineapple,8
Technical_Match7686,8
Huge_Beginning5552,8
Bradddtheimpaler,8
West_Description1217,8
triforce4392,8
modtang,8
OrganizationFront,8
Agitated_Act_520,8
Gooch_Juice,8
Lucas23_ty,8
ajkeence99,8
Poiuyt5555,8
Life-Switch2269,8
Soggy-Horse215,8
Natural-Protection44,8
MiamiVicePurple,8
LittleOrphanAnavar,8
Local_Magpie,8
valgalder,8
Cheeky_Chipmunk6415,8
horriblyefficient,8
Redditsavage77,8
TankDivision,8
Focusondiversity,8
IsTheBlackBoxLying,8
bilaljamal,8
Entire_Heat278,8
phishyphriend,8
eddieras,8
sasksasquatch,8
TheMoonIsFake32,8
SockDem,8
hockeynoticehockey,8
MrEdricDoo,8
CoquitlamCannon,8
pack1fan4life,8
CanarioFalante,8
ywgflyer,8
Single-State-9107,8
number1sht,8
Independent_Fly_3620,8
Maximum_Airport_8604,8
Adifferentkindofmind,8
SilvermistWitch,8
LazySleepyCat,8
inalasahl,8
TheOrganicMachine,8
moutonbleu,8
Jerryep7,8
Mental_Banana_9694,8
a1dan3,8
Independent-Mud-54,8
seraaa_123,8
Layla_Fox2,8
surlystraggler,8
YourMomSloppySeconds,8
PapaJoeNH,8
stevelakewood,8
ImteamfishYt,8
Beneficial-Coffee129,8
Fun_Enthusiasm_9254,8
Similar-Yogurt6271,8
Katterrinna,8
rleeh333,8
WehaveDanBrownatHome,8
Stiddit,8
FlyTheW1988,8
MtnMoose307,8
overthisbynow,8
viperswhip,8
Unique-Activity8889,8
AbstractKing,8
HourlyEdo,8
ahuramazdobbs19,8
Impossible_Soup4206,8
A_1337_Canadian,8
Monahands,8
Kenner1979,8
Mission-Carry-887,8
SmashRadish,8
Aerim,8
Rough-Drawing-3006,8
PhilTickles0n,8
spcmnsph,8
embianchi24,8
Willing-Bass4352,8
andhausen,8
Qu1mi,8
Le_Nabs,8
Sandzaun,8
Educational_Lynx_142,8
Sreg32,8
FesteringLion,8
Fussel2107,8
wjarrettc,8
nuleaph,8
SecretAsianMann,8
NixonsTapeRecorder,8
SuzukiSwift17,8
Takhar7,8
Abyssus88,8
bobstinson2,8
ConsistentlyCanadian,8
ESB409,8
internet_observer,8
lqloveclub,8
intecknicolour,8
Sweaty_Toe7175,8
closequartersbrewing,8
swordthroughtheduck,8
Red_Sea_Pedestrian,8
Dictionarycollector,8
DryProgress4393,8
Zumbakeny,8
Gramlan17,8
zee920four,8
Hockey4ever,8
DerpyBoxer,8
tjamen,8
DarkPaul,8
Poot_Hooter,8
TheImmaculateBastard,8
KaleidoscopeSea9267,8
_heybuddy_,8
Bompa1965,8
Dimyr7,8
whateverthefuck212,8
IntentionDeep651,8
crazy_cat90,8
Warm_Firefighter_811,8
shimmy_kimmel,8
Wolf99,8
DonnyTrumpets,8
WildPerception5264,8
kushdogg20,8
Ron-Mexic0,8
YesterdayIcy1963,8
REC_updated,8
LameOfficeAccount,8
WhoIs_DankeyKang,8
Boring_Pace5158,8
Reasonable-Big4517,8
fabrice404,8
GB_Alph4,8
wilers,8
TheCleverMoose,8
Ok_Buy_9703,9
adamfowl,9
lachyTDI7,9
EatGogi,9
FlatOutPDX,9
I-Argue-With-Myself,9
atomant32,9
a_b_c__def,9
Embarrassed_Eye4572,9
YoPoppaCapa,9
Peter_PaImer,9
Nokesey307,9
Zigglyjiggly,9
lonbordin,9
decrepit0,9
ButterscotchOk5339,9
br8king5349,9
thefisharedying65,9
GIANTG,9
rpjesus,9
Dapper_Lifeguard_414,9
Mick_the_Eartling,9
jarrettbrown,9
ThatGuyWithCoolHair,9
Organic_Stranger1544,9
australianquiche,9
xTooNice,9
DoubleFroggin,9
TTPMGP,9
Signal_Watercress468,9
greenkni,9
killyoursocialmedia,9
dickthericher,9
teddybreak,9
JTD177,9
Baefriend,9
HolidayWallaby,9
NYChockey14,9
Gor-texCondom,9
SignificantMap2743,9
kolnidur,9
Overlord0994,9
BlazedGigaB,9
afternever,9
Winter_Wolf_3545,9
FoneAccount,9
Asbelsp,9
Happy-Strength-6335,9
Opening_Response_782,9
puma4487,9
Tallywort,9
the_derby,9
FunnyLine313,9
Catch-Normal,9
ilovestoride,9
ferdiazgonzalez,9
brozenthesnow,9
FIRExNECK,9
Malvania,9
JcGoCrazy-,9
GoodAfternoonFlag,9
Ornery-Law1670,9
Guy_LeDouche33,9
buxtonOJ,9
thebrian1,9
Shift642,9
Imbendo,9
PalmerSquarer,9
KizM067,9
Krunksy,9
TimeTomorrow,9
WhyNot_Because,9
Narpity,9
aestival,9
one-hour-photo,9
beaueod,9
anawesomewayve,9
ProbsNotManBearPig,9
teslastockphotos,9
_Mulberry__,9
natefrogg1,9
hungryjerks,9
svezia,9
mixmastamikal,9
Quesabirria,9
draw_the_line,9
DoctorBudz,9
Pale-Appointment8226,9
SensitiveBuy9632,9
BackwerdsMan,9
MSeager,9
redshift83,9
Makkaroni_100,9
shes_breakin_up_capt,9
arr4ws,9
DickAvedon,9
TPain518,9
PedroMcJiminez,9
division23,9
Caqtus95,9
master-shredder6969,9
RupertLazagne,9
pureshred,9
jack_the_beast,9
three_st1cks,9
ChaletJimmy,9
StiffWiggly,9
peepdabidness,9
mikeysaid,9
attractivekid,9
whoateallthesnacks,9
Reasonable_Spray2651,9
snowboarder160,9
sorebutton,9
mc_bee,9
ShackedMag,9
confusingphilosopher,9
EstablishmentAfter40,9
DogFacedGhost,9
OutHereToo,9
iamakangaroo,9
nonamenomonet,9
ZoologicalSpecimen,9
cnn,9
Jakovasaurr,9
addtokart,9
horbu,9
Bon-Bon-Assassino,9
ICthrowaway2019,9
Mr-Hox,9
scruffy_x,9
ActivePlateau,9
kingcoolkid991,9
Different-Dealer-753,9
Hurley_Cub_2014,9
SendMeFatErgos,9
delaysank,9
Free_Gojo,9
Merlin_117,9
MightyPlasticGuy,9
afterwits,10
Kioramen,10
thedeeb56,10
Tobias_05,10
FFG201FUD,10
Alarmed_Bullfrog6241,10
Silver_Detective8630,10
MonsterIslandMed,10
Mysticwaterfall2,10
Adventurous-Mix-7035,10
MyCountryMogsYours,10
DarkGrimNature,10
Blondefarmgirl,10
singermelodie1,10
DennisR1283,10
Jumpy-Holiday731,10
_theMAUCHO_,10
shipperondeck,10
deaddovedoeat,10
Eomer444,10
zachtothejohnson,10
zealen,10
Charger2951,10
DIAXMEN,10
Mijkvd,10
gunbladezero,10
Magento,10
TymStark,10
Lepoprint,10
justsmilenow,10
IntradepartmentalPet,10
Wickedsephiroth,10
OrdinaryOwl-1866,10
Sportyj,10
Ok_Card9080,10
FinnInAms,10
aedionashryver18,10
startledroar,10
Amdusiasparagus,10
drnktgr,10
NicholeTheOtter,10
flip-mode916,10
OttawaOsprey,10
Nervous-Description6,10
registeredfake,10
netflixissodry,10
MayDayBeFourth,10
basteilubbe,10
AnyBarber,10
Vicie007,10
perdur,10
Solid-Tea7377,10
parking_pataweyo,10
McNoxey,10
Stardustmoonniff,10
Obes_au,10
Gayfetus,10
whyyyyyyyT_T,10
GroundbreakingMap979,10
Live-Ad2998,10
Vegetable-Nebula4623,10
Sharean,10
STheShadow,10
Sombra_Blue,10
VariationNo7977,10
DreamLand2269,10
Fit_Abroad_4465,10
Cornelis73,10
PureProteinPussi,10
Kontrafantastisk,10
Kizilmaske,10
BriefImplement9843,10
feverdreamr,10
edgeplay6,10
Much_Lingonberry_37,10
dirtymouthariel,10
cragglerock93,10
Ozwardo32,10
ModeratelyMe,10
Cinderhazed15,10
walnutandrittenhouse,10
bartoszfcb,10
ChoiceTaro3850,10
MHPengwingz,10
jeterloincompte420,10
Typical_Juggernaut42,10
Occhigioiello,10
Sniper_Wolf_,10
harrytaisa,10
SaveVideo,10
No-Nature7955,10
winterwhispering,10
YoloBrunoSp,10
JustARedditAccoumt,10
IKabobI,10
trebor204,10
lolexecs,10
AloneNeighborhood379,10
Slight_Breakfast6198,10
LQNova,10
TheLonelyAlcemist,10
Murky_Voice3023,10
Blue_Phoenix512,10
kat_nus,10
ilikemarblestoo,10
Dani-Br-Eur,10
DeepEnoughToFlip,10
44problems,10
OkPair4241,10
redjedia1994,10
joriscool,10
MissMarionMac,10
inbookworm,10
kingsleycall92,10
cirvis240,10
vaporgege,10
_WEIRDEST_WIZARD_,10
Emergency_Advance725,10
TheGlobalGooner,10
Emergency-Sherbert58,10
damaged_bloodline,10
HEAT_IS_DIE,10
Novel-Performer-4259,10
Any-Treacle-4199,10
Delilah_Moon,10
TechnicianUpstairs53,10
lorriell1959,10
SignificantIsopod797,10
darthfracas,10
Qwartel,10
JSlickJ,10
Real_Impact726,10
riddlerprodigy,10
Friendly-Advice-2968,10
Crackajack91,10
Lyzandia,10
Random-Redditor111,11
Maleficent_Guide_708,11
DebatableJ,11
sjakkandawe,11
luisbg,11
dseanATX,11
HerrStewie,11
KolKlink2024,11
mmasusername,11
CountZero2022,11
manic-pixie-attorney,11
Last-Economist-4644,11
MoosinAround7886,11
Resident-Coffee3242,11
idontevensaygrace,11
Pale_Crew_4864,11
asml84,11
RoflsDad49,11
rlyx6x,11
Hot-Initial-1108,11
siberiansleigh,11
Repulsive-Giraffe-45,11
rockstaraimz,11
lol_alex,11
nalam8493,11
elizawatts,11
StillVeterinarian578,11
95percentconfident,11
Ragnarotico,11
RemindMeBot,11
Sleep_adict,11
BarrishUSAFL,11
Zestyclose-Passion97,11
3BordersPeak,11
maxthepup,11
Bright_Plastic2298,11
Zaptryx,11
lizlemon222,11
Strict-Leopard7589,11
MartyMcMartell,11
gutentom,11
angrylawnguy,11
littlemacaron,11
TheManWith2Poobrains,11
ughthatsucks,11
andrealwy,11
Worth-Vegetable2578,11
UsedToHaveThisName,11
hickoryhammf,11
cazdan255,11
IlllIlIIlIlllIlIIIII,11
readingegg,11
milkstake,11
keatondrees,11
gopherdevil,11
Temporary-Sail-5195,11
spectacularbird1,11
yesimforeign,11
dan2376,11
EvenMoreCoconuts,11
Purple_Seaweed_8210,11
tmi13,11
f1223214,11
tryolo,11
q120,11
ChalkDoxie,11
MyyWifeRocks,11
Ipsumesse1,11
prosperosniece,11
lsp2005,11
Good-noodles82,11
OkPlantain6773,11
quintastic21,11
chhotu007,11
Ok-Advertising2494,11
CodeX57,11
Broad_Pomegranate_24,11
BricksNIvy91,11
Just_Map4878,11
RulesLawyer42,11
RockyRidge510,11
Regular-Switch454,11
LimJaheyAtYaCervix,11
EshinX,11
ZLUCremisi,11
Son_of_Atreus,11
kerryoakie,11
royvl,11
carne__asada,11
Gymrat777,11
Footloose55,11
take101,11
Historical-Fun768,11
No-Elephant-9582,11
BulbasaurXXL,11
ZX52,11
IndigoInsights,11
District-Imaginary,11
OnePostToast,11
deepgloat,11
Winterteal,11
smackthat1776,11
FungusMungus68,11
ragingpoeti,11
cat_herder18,11
muaddib322,11
maxdraich,12
sandemonium612,12
Drink-my-koolaid,12
Mysterious_Dog8385,12
dogthrasher,12
Sotmmots,12
SirLoremIpsum,12
Remote_Revolution_96,12
stickykk,12
Character-Dark-3708,12
ProbablySlacking,12
Dido_11,12
ddoubletapp1,12
HarryBalsagna1776,12
mapoftasmania,12
oneofakind24,12
Free-Coast8920,12
DNF2,12
Last-Assistant-2734,12
Flaky_Law2357,12
jonbearpig,12
DinosaurDied,12
concrete_isnt_cement,12
8Flaneur,12
Hefty_Store1382,12
Capable_Swordfish701,12
NewMexicoJoe,12
KalikaSparks,12
DuncxnDonuts,12
1000thusername,12
billybob476,12
External_Koala971,12
elijuicyjones,12
terfez,12
MooreAveDad,12
Wide-Chemistry-8078,12
ptcptc,12
Proof-Giraffe-4788,12
lithdoc,12
marymoonu,12
dais4773,12
Chief_Sabael,12
senditloud,12
panderingPenguin,12
makkaraperunatjamuus,12
No_Curve_9650,12
Tasty-Recognition-66,12
O--rust,12
Available_Weird8039,12
Ninuna,12
Delicious_Stand_6620,12
RustyGuns,12
THound89,12
Both-Shallot-4803,12
SuitIndependent,12
MoneyBadger14,12
Yeeeeeeeze,12
Jibjumper,12
KneeReaper420,12
Due_Log_634,12
BeatlesF1,12
Tasty-Day-581,12
Vivid-Trifle1522,12
nameless_corpse,12
NotAurelStein,12
Disallowed_username,12
MrSouthWest,12
Gullible-Order3048,12
G3Saint,12
finalina78,12
steelandiron19,12
eirwen29,12
squirrelslikenuts,12
BIGBADLENIN,12
Valuable_Jicama8553,12
Eetah,12
Old-Tadpole-2869,12
Why_you_so_wrong_,12
mezekaldon,12
TotalWarhamster,12
Special_North1535,12
l339,12
Busterpelvus222,12
Educational_Maybe_45,12
Mend1cant,12
Marvkid27,12
Z0idberg_MD,12
Spillsy68,12
Mudsnail,12
Longjumping-Tale-394,12
janerikgunnar,12
abradolf_lincler_jr,12
brbnow,12
David93k,12
SecondDumbUsername,12
thedarkknight16_,12
Jon_J_,12
Quendillar3245,12
juneaujuice,12
rererexed,12
PolishMichal,12
Disastrous_Sun5999,12
the716to714,13
Golden_River_361,13
leavingishard1,13
ALRTMP,13
cc780,13
Perseus1315,13
mtpgoat,13
Swarles_Barkley79,13
puertomateo,13
Vulpix_Rising,13
Stupendous_man12,13
primetimey123,13
AnOfferHeCantRefuse,13
Temporary_Plant_1123,13
chickenKsadilla,13
Medical_Importance69,13
Glasterz,13
-RayBloodyPurchase-,13
Solunis116,13
uh_no_,13
IronBird023,13
Raketenelch,13
erasmulfo,13
Luky253,13
InternalAd3921,13
CommercialPlastic604,13
ExcitingInternal365,13
altarwisebyowllight,13
a_panda_named_ewok,13
migo-the-buttmunch,13
neemarita,13
Glittering_Camel_639,13
RadoBlamik,13
IntelligentBig9244,13
Hot-Tomato4908,13
4Taddie,13
docsyzygy,13
Icy-Animator-861,13
Ashamed_Ad_8365,13
BonusRough9603,13
ticianlicious,13
Critical-Ordinary-97,13
Mean-Mixture-428,13
Artistic-Poem6668,13
itlow,13
lifetakesvisa,13
hyakumanben,13
DKsan,13
AvengedCrimson,13
AdventurousGrade2303,13
mt80,13
YetAnotherInterneter,13
ToadvinesHat,13
Metsnterps,13
xaybell32,13
BasicTelephonic,13
Esper8nzA,13
A_New_Day8108,13
Burnthemeatbags,13
Granadafan,13
ShoeSh1neVCU,13
lunch22,13
Weirdflchick,13
scary_truth,13
weird_oh_tho,13
megggers,13
jchaser27,13
nyrB2,13
Rozefly,13
chickcag,13
east_cam,13
IkLms,13
wildrage,13
Charlieksmommy,13
Coldhearted010,13
gu3sticles,13
pukurindesu,13
so-much-wow,13
KimberStormer,13
mmavcanuck,13
wedgeant86,13
ChupaHubbard,13
HazardCinema,13
GoGoGreyhound1013,13
borkborkbork99,13
redbug_f,13
SomewherePresent8204,13
onenightsection,13
SeaworthinessNew8900,13
jphnyc5678,13
sunnylane28,13
snackpackjones,13
garfunks,13
death2sanity,13
Cinderpath,13
Any_Ant_23,13
Funny-face-1613,13
lolli_blue,13
justkeptfading,14
tvtb,14
zeromavs,14
Aaddaammnn,14
Mistawondabread,14
Kriticalone2,14
RealRaifort,14
ljlkm,14
Adept_Order_4323,14
ADSquared,14
Choice-Pudding-1892,14
IndependentAir4537,14
Weak-Calligrapher-67,14
Erzter_Zartor,14
Upbeat-Selection-365,14
tamere2k,14
loowig,14
gills90,14
OkCow2719,14
Ecce-pecke,14
lostinthought15,14
KingBroly,14
Ok-Soil-5133,14
itsamemyusername,14
pkpy1005,14
bernmont2016,14
ptatersptate,14
DoNotResusit8,14
TheRealBabyPop,14
jimmi114,14
Fellers,14
dragonfliesloveme,14
YaboyChris28,14
merckx3697,14
SquidsAndMartians,14
Thistle-1972,14
GreenMonkey333,14
ElonMuskIsATwat69,14
alwayscursingAoE4,14
Disastrous_Relief691,14
LowEmergencyCaptain,14
Sammydaws97,14
tenid,14
Zealousideal_Bill_86,14
FastEddieMoney,14
sahmdahn,14
9CF8,14
ramsfan84,14
Syandris,14
scaredshizaless,14
qnssekr,14
GoodGuySkiller,14
JustinKase_Too,14
Da_Taternater78,14
BobBlawSLawDawg,14
Optimal-Bass3142,14
socomeyeballs,14
happyfirefrog22-,14
Financial-Grass-6114,14
CCMegane,14
tj_woolnough,14
Key-Coat2353,14
Zandrea901,14
Skitch_Hitchcock,14
soraa-,14
Allatura19,14
EWonderboy,14
Minor_Edit,14
vanilladanger,14
Metalguy_79,14
MrGhostenstein,14
InternImpossible8685,14
Jdms_Mvp,14
No-Tutor5996,14
terrible1one3,14
modin33,14
IntelligentPlane5375,14
OrdinaryInside8,14
Flaky_Fan5664,14
Accomplished_Fun3,14
LordGwenLord,14
theonenamedrachel,14
MountainShark1,14
TheYamfarmer,14
mii7c,14
Mayhem370z,14
mysteriouschi,14
Ski_Area51,14
Akita51,14
Styvan01,14
Remarkable_Mess_185,14
NakedAggression,14
FinanceRecent5222,14
RustyNotes,14
hmmmmmmmm_okay,14
GreenTfan,15
Jackw78,15
BrickEnvironmental37,15
novadova2020,15
cervenit,15
Shoddy-Swordfish8949,15
Crayshack,15
nugurl86,15
throwiesixnine,15
mweszty,15
MoulinSarah,15
wetbogbrew,15
Basic-Collection5416,15
jstoeb,15
Melodic-Edge-910,15
MrVelocoraptor,15
UCanDoNEthing4_30sec,15
peeam,15
RubySoho1980,15
moosemachete,15
Tibalt-mtg,15
LordGranthamofDonk,15
Slambodog,15
peridotpicacho,15
Comfortable-Net-6916,15
CookSoooGood,15
fdm91,15
SeizuringFish,15
AgeOk3642,15
Special_Life_8261,15
needyspace,15
PruPlaysGames,15
linmre,15
GetTheFactsHTV,15
SpoofExcel,15
trollshep,15
moonlitpixie_,15
ILSmokeItAll,15
California_Stop_King,15
magicienne451,15
SharpCicada,15
Tvisted,15
Salekkaan,15
East_Feature7219,15
flanker44,15
Doraellen,15
DannyQ3913,15
mw_a,15
Listener-Learner,15
Any-Ingenuity2770,15
PkmnMstr10,15
All_will_be_Juan,15
chartingyou,15
Overtons_Window,15
spiceyanus,15
SpiritedFix8073,15
boredlady819,15
Middle-Crab6578,15
SpacetimeGlitter,15
yarshigirl18,15
mrooch,15
BadmanBarista,15
aviusonder,15
LilSebastian23,15
peanut-britle-latte,15
DoubleBlackBSA24,15
Bilboswaggings19,15
OLLCommander,15
ArcticMooss,15
Natural_Bumblebee920,15
Own_Plenty_2011,15
SNHU_Adjujnct,15
tfhermobwoayway,15
NearbyPerspective397,15
Allegra1120,15
SeaSkimmer2,15
Cyanr,15
backelie,15
top_of_the_table,15
Candy_Stars,15
Sababa180,15
VillageOfMalo,15
funkoramma,15
Ds0589,15
minititof,15
UsefulPoem5030,15
Myredditident,15
YourUncleBuck,15
life-finds-a-way-93,16
Yomatius,16
CriticalSecurity8742,16
siders6891,16
Cl0wnL,16
HungryZone1330,16
Pleasant-Football117,16
wildrabbit12,16
NedMerril,16
AccomplishedLeek1329,16
Dazzlethetrizzle,16
JCAMAR0S117,16
PolishedMatrix,16
HidingPants,16
ZebraImaginary9412,16
bubster99,16
Zdzisiu,16
Serendipity_7786,16
Sevren425,16
Bluebellblu,16
Immediate_Buffalo14,16
mtntodesert,16
hwidjcd,16
luktsinnet,16
BeffBezos,16
RealPoochZie,16
Vermland,16
YlaFla71,16
livvvvvvvvvvvvvvvvvv,16
FifthEboysMember,16
combine_harvester_84,16
GenericAccount13579,16
NotCool117192,16
KimJongSoros,16
-GenghisJohn-,16
mulokisch,16
TheKage,16
Imaginary-Sea573,16
mbrick206,16
WoWisLife713,16
listenyall,16
Fuzzy_HoleyMoley,16
Insectodium,16
nola_bleu,16
webaddictress,16
Teledork621,16
Xzero864,16
hungryhippo53,16
Extension-Toe-7027,16
Background_Ant451,16
TurbulentRain15,16
TopInvestigator5518,16
No-Atmosphere-5885,16
PeeWeePlox,16
nancy-shrew,16
pandaatadesk,16
TWN113,16
the5nowman,16
Miserable-Thing942,16
Necessary_Document_5,16
Accomplished_Sun3619,16
Monterenbas,16
Emergency-Range-4455,16
saiilormars,16
Numbat-Possum,16
adamu980,16
Adventurous-Salt5986,16
JGG5,16
Prestigious_Step4337,16
ImTheVayne,16
LazyBotBlocker,16
OkBodybuilder418,16
RandomThrowNick,16
PreviouslyMannara,16
pi_face_,16
davlar4,16
Fresh_Ostrich4034,16
Jegeren,16
Immediate_Pickle_788,16
stammerton,16
RandomRecGoalie,16
pak256,16
Bobby6kennedy,16
SnowGiraffes4266,16
Effective-Door-3409,16
Nedukrest,17
troillan,17
AngelSucked,17
glatts,17
Opening_Disk_4580,17
Boonsweet,17
Budget_Flamingo27,17
youre-both-pretty,17
huntinwabbits,17
Del_3030,17
RoostasTowel,17
Seeteuf3l,17
Puzzleheaded_Word878,17
iAMADisposableAcc,17
superfluousapostroph,17
RamRanchRealty,17
Biscuit642,17
telendria,17
Cool-matt1,17
kloti38,17
schneeglitzer,17
SitDownKawada,17
Find_Spot,17
Worried-Blueberry-42,17
aamgdp,17
KoalaBackground1865,17
darklinux1977,17
TheLizardKing89,17
TheShark24,17
Zyphit,17
staxnet,17
maxsqd,17
Hailsabrina,17
BlamaeuxPrivateEye,17
beno1990,17
MrHeavySilence,17
Richdark,17
Darth-Decimus,17
Abusoru,17
Outside-Net-2655,17
Megan_Kugler,17
WelshRarebit2025,17
mild_somniphobia,17
East_Piccolo_1529,17
bobbimorses,17
lukewarmpartyjar,17
dobagela,17
idinarouill,17
DmacNcheese,17
Ok-Growth,17
Katsuro-07,17
dingesje06,17
avdpos,17
HumbleHalberdier,17
ChongieB,17
Amayetli,17
firstbaseproblems,17
Heidijojo,17
AcatnamedHamilton,17
Bouteille_Brune,17
ViperRaven,17
Plenty_Wasabi_7866,17
Head_of_Lettuce,17
FourEightNineOneOne,17
Raja_Ampat,17
Fishy_____Business,17
Mato12703,17
Jazzlike-Ad2906,17
starquake64,17
feather_moon,17
Peti_4711,17
Fun_Reputation5181,17
uses_for_mooses,17
dsun1971,17
Different_Scratch_80,17
aurdwynn,17
LaChicaGo,17
KembaWakaFlocka,17
SAVIORandLORD,17
gordeleend,17
El-duderinoh,18
TattleTits22,18
ParsnipNaive8494,18
ChiefBobbert,18
CaptainFlash69,18
Master_Ad9823,18
marcinski,18
ND7020,18
nhl,18
Laura_2222,18
Northeast-Ninja,18
mudrudrzbr,18
FourYaksandaDog,18
AppealToReason16,18
Bubbly-Trainer-5297,18
ClarityNHZach,18
JeroneSmith,18
PPBalloons,18
roozer94,18
CommissionStrong6305,18
ksz83,18
OpenBuilder2506,18
fufluns12,18
Wolfatrix,18
BuzzIsMe,18
Significant-Voice811,18
Gloomy_Ebb9923,18
Vancouverreader80,18
Jrkrey92,18
Affectionate-Panic-1,18
Fire_Z1,18
Educational_Pop6445,18
JustFrameHotPocket,18
BeBenNova,18
0btuse_0val,18
RoniaRobbersDaughter,18
DGenerate1,18
TheWarelock,18
sentry_87,18
Decent-Pressure4930,18
apaintedhome,18
benevolentbearattack,18
deimos289,18
xSmacktrick,18
scoredonu,18
CaulkConnoisseur,18
ImJustDuckinAround,18
Working_Bowl_7749,18
schewbacca,18
Daddysgirl690,18
Alarming_Condition27,18
Tabarnacx,18
Feisty_Wind_2090,18
SonicSarge,18
TurboViking90,18
norrisdt,18
Commercial-Mess7134,18
KRacer52,18
Grunzzo,18
Bremics,18
Edgecased,18
fiend42,18
RealToemen,18
assaub,18
Zajac19,18
SubElitePerformance,18
moareset,18
Classic-Log-6393,18
No_Conversation_220,18
EmuFume29,19
Wasteak,19
Nyanek,19
soundecember,19
yuoip1,19
Dumpsterfire_47,19
Inner-Thought9665,19
doublEkrakeNboyZ,19
Potatodrgn11,19
ACGateAgent,19
K_the_farmer,19
Dear_Low_7581,19
LowDependent5907,19
HanSoloQue,19
jerseygirl75,19
hotblueice,19
potatochobit,19
Dot_Infamous,19
emkael,19
Exciting-498,19
Plastic_Routine_5657,19
blursedJefreyEpstein,19
p-s-chili,19
ancillarycheese,19
verysadfrosty,19
babarsac,19
Sweet-Track-2801,19
Desperate_Law9894,19
hRbZbddfogkCHHib,19
Many_Driver725,19
carolina_on_my_mind,19
Old-Library5546,19
mariusdr14,19
zalfrann,19
AlanB-FaI,19
No-County2703,19
XRPX008,19
BobGlebovich,19
retype_password,19
Tooters-N-Floof,19
WindWaked,19
RulerofHoth,19
loulou7886,19
mercurialglitter,19
RicardoRoedor,19
Hotdoge42,19
Veritas1814,19
MissSpidergirl,19
edogg01,19
fauxregard,19
AccurateAssistance28,19
FZ_Milkshake,19
KassXWolfXTigerXFox,19
justinkasereddditor,19
Evan_Playz72813,19
honeybee4puppies,19
rob1son,19
tapelamp,19
Remarkable_Many_1671,19
pasta-golfclubs,19
Salty145,19
Gnb7588,19
pitbullgirlygirl,19
ADimBulb,19
PresidentZeus,19
Correct-Bet-1557,19
Appropriate-Bird-354,19
No-Distribution4263,19
berfthegryphon,20
SnackAston-Reese,20
death_tron85,20
aah_disgusting_shit,20
toolschism,20
SummitSloth,20
qwertyuijhbvgfrde45,20
BaconMamboo,20
The_Rational_Gooner,20
drae-,20
HaroldLither,20
TryingToDoTheThings,20
SimpsonN1nja,20
juniorp76,20
smartydoglady,20
Bullet_Train_To_Iowa,20
allwedoisquinn,20
Quargs,20
Lethbridgemark,20
ReliablyFinicky,20
rkvinyl,20
AlbatrossSuper2456,20
Revolutionary_Ad4950,20
lightningmatt,20
Gold_Name_3287,20
Hot_Seaweed_8819,20
seclusivebeauty,20
Possible-Duty3310,20
Apprehensive-Rip8489,20
evilJaze,20
dupupe,20
Formal_Term5312,20
AutoRot,20
greendino71,20
RoverMaelstrom,20
YamburglarHelper,20
Scrubosaurus13,20
Gimpy_Weasel,20
Subwayabuseproblem,20
ghostwalken1776,20
sosaluvva29,20
Lazy0ak,20
BoogerShovel,20
420prettywise,20
tyler_3135,20
binzoma,20
fhcky,20
DontWorryImLegit,20
dsswill,20
Ancient-Common-9913,20
iampiolt,20
magwai9,20
coochiecork,20
AllCopsAreBozos,20
rooralj,20
ChaldenesTitan,20
Altruistic_Nail_3467,21
oncetwice1020,21
Dry-Place-2986,21
ElegantEnd2533,21
Mclindabelcher,21
Patient-Example3190,21
BagKingGary,21
Livid-Sound6356,21
traumamel555,21
CommercialMoment5987,21
exegesis1611,21
DependentFeature3028,21
GrumpyLantern7305,21
WolfenSkin-,21
House-Business,21
krlights,21
Emz423,21
Princess-14,21
That-Ad-4791,21
h2o_girl,21
watersnakebro,21
username_taker,21
PhishPhanKara,21
cycling-expat,21
my_one_and_lonely,21
contagiousA,21
Humble_Wrongdoer384,21
MemeWatcher00,21
cranberrydudz,21
EloyRamirez890,21
HotStickyMoist,21
paxparty,21
Elegant_Discussion61,21
BigHowlingWolf,21
hirudoredo,21
mistyx13,21
loobroo,21
gaanmetde,21
estoyhartodeusers,21
SgtT11B,21
Desperate-Sundae-525,21
painterwannabe,21
Low_Insurance_1603,21
redditstark,21
SnacksAttack24,21
Signal-Door-3941,21
universe93,21
Gsgunboy,21
rayrockray,21
nfg-status-alpha9,21
stlm599,21
dmgirl101,21
jacqueminots,21
azmadame_x,21
irishshogun,22
melmopeott,22
Sorry_U_R_Wrong,22
Parms84,22
Diamonds_4_life,22
FunnyGirlFriday,22
discardedbubble,22
AngrySnwMnky,22
Portia2024,22
benni__weber,22
TheSessionMan,22
SwampYankee,22
Missy246,22
Environmental-Cod801,22
Kurakurguhoiuala,22
CL-Lycaon,22
covfefenation,22
Jaded-Cable8685,22
PapaPatchesxd,22
unfamiliarjoe,22
real_agent_99,22
loochadorrr,22
Janusz_Wunderbrum,22
Jarita12,22
starswtt,22
NotoriouslyBeefy,22
Apart-Put-9392,22
Aggravating_Sun_9850,22
whencometscollide,22
Dock74320,22
Grungemaster,22
Nervous_Hat1680,22
SurfFredde,22
stimulation,22
WeirdGuyOnTheTrain,22
Hmmdoiknow,22
Electrical-End7868,22
pomppu,22
kratomdevil,22
AfroInfo,22
Internet_employee,22
oslo-by,22
loonylovesgood86,22
Prof_Scott_Steiner,22
wisenoodle1,22
ladyofthemarshes,22
Admirable-Will-5926,22
SweetBirthdayBabyyyy,23
Reasonable_Orange_73,23
clancy688,23
_mogulman31,23
AwayYam199,23
Son_of_a_skibum,23
Opening_Bed3302,23
JustASingleHorn,23
Professional_Put5549,23
Ok-Bonus5805,23
SteveTheBluesman,23
owlhead999,23
Sufficient-Pause9765,23
MacaronDazzling3253,23
WBCSMFer,23
Serious-Fortune-4844,23
Go_touch_sum_grass,23
Zaphod424,23
Ski_man_in_a_Van,23
ReallySmartHippie,23
mikedoit81,23
RoscoPColeTrane922,23
a1mbient,23
jbm33,23
KindLengthiness5473,23
akrafos,23
JuicyNoodle,23
Dr_loose,23
Long_North_3472,23
Dependent-Drop-5299,23
Stunning_Use_9960,23
yonderTheGreat,23
Lazy-Barracuda2886,23
GneissDude,23
Stayoffwettrails,23
Able-Physics-7153,23
csbsju_guyyy,23
Chimeyutso,23
Accomplished_worrier,23
Kitten-Cat-,23
Ok-Snow48,23
clandestino123,23
noh2onolife,23
Acrobatic-Cry594,23
drumstar8339,23
Odd_Cauliflower8036,23
Past-River-351,24
FoodGuy44,24
Weird-Diamond5970,24
Chu1223,24
luvduonz,24
100gamer5,24
holyfrozenyogurt,24
IamTrying0,24
Deep_Comparison_9283,24
Anders_A,24
Infinite_Trouble_396,24
Plus-Pomegranate8045,24
doingmybest932,24
ponyblader,24
CheesecakeDue165,24
X_XRadarX_X,24
Sappyberry,24
No-Cow4150,24
emotionallyasystolic,24
miss_polar,24
Huzaifa_Haroon,24
misskittyfantastico,24
Hedge-podge,24
Stunning-West-8672,24
okpickle,24
Lumyna92,24
Much-Willingness9905,24
GhostDoggoes,24
ShadowCat3500,24
Melodic-Fan2466,24
mountainoceangirl,24
gasstationsushi80,24
UFOsBeforeBros,24
Notthekingofholand,24
PickedOffBySauce,24
erebus_51,24
Schmoopsiepooooo,24
newbienewb101,24
ArrVea,24
Single-Lingonberry95,24
MastodonVegetable167,24
nintenk,24
Rmlo_,24
Large-Dust9011,24
No-Firefighter-7442,24
These_Raisin_3346,24
phwayne,25
jessipowers,25
DrabDive,25
catcatlike,25
treenleafy,25
Leeloo717,25
mermaidrose,25
BorkLesnard,25
Taimy420,25
Q-of-hearts89,25
JunketUnhappy7466,25
appalachian_hatachi,25
Striking-Treacle3199,25
NeimaDParis,25
VirginiaUSA1964,25
danielo121,25
AnytimeInvitation,25
clecolleeen,25
canceco,25
Papaya-308,25
Brankoone,25
bioblaster209,25
BuzzCutBabes_,25
TAS_20119,25
TheNISMOguy34,25
Prettydallo,25
golf_trash,25
JessP_23,25
PastCarpenter626,25
Draw-9663,25
No_Hospital708,25
peeweeharmani,25
mdp300,25
VampireOnHoyt,25
RemarkableMountain15,25
6OneDeuce,25
Dogzillas_Mom,25
stacity,25
tinysalamander37,25
CallenderDE,25
Booyayboy,25
ggggrrrrttttt1,25
AquaDelphia,26
JohnnyUtah,26
LetSalt7127,26
SquirrelBlind,26
TwentyFourKG,26
Fancy_Department_416,26
pneuman,26
Future-Funny-2038,26
Mean_Stick_4956,26
Murky-Contact-6377,26
IronSlanginRed,26
Seawolf1121,26
Master-Baiter279,26
Prior-Reply2271,26
Pleasant_Inspection9,26
Main-Bid-1753,26
Sometimesiski,26
imc225,26
PlanetSeaShells,26
notnot_randomuser,26
cptninc,26
Bubbly-Newspaper-239,26
Atalanta8,26
Clubhouse9,26
CombinationExpert714,26
Weekly_Kitchen_4942,26
4MM0NI4C,26
PhileasFoggsTrvlAgt,26
United_Librarian5491,26
GagLV,26
Material-Pool1561,26
No-Procedure5938,26
MakeItTrizzle,26
Pretend-Activity-533,26
MikkelR1,26
Ok_Maybe1830,26
FindingWinter8937,26
mw_CH,26
yomamma3399,26
CynfullyDelicious,27
Outrageous-Start6409,27
Usual_Court_8859,27
Brilliant_Fishing400,27
2BitSalute,27
MyBackHurts5265,27
Unlikely_Block6691,27
lambrogina,27
Frequent-Returns757,27
Dalecoopersdream,27
rwwolma,27
burnsatthestake,27
Professional-Use-373,27
Cass_Cat952,27
Apolnyo,27
Budget_Fig_9977,27
Big-Ad2008,27
Ok-Significance-4174,27
bassfisher556,27
racingskater,27
pulchritudeProbity,27
No-Spend8480,27
esetonline,27
rcktick,27
dontevenknow29,27
TheG0at23,27
SVNDEVISTVN,27
Mirage524,27
Positron-collider,28
nigeltufnelyyc,28
UncleAugie,28
SpottyFish81177,28
Oily_Bee,28
Admirable-Usual1387,28
SandyCactusBalls,28
bigredawg,28
Plastic_Scholar4463,28
Foothills83,28
Worried_Exercise_937,28
clark_kent88,28
kickingtyres,28
TaCZennith,28
OriginalBogleg,28
Psychafunkapus,28
Misteruilleann,28
NorthDakotaExists,28
SunReyBurn,28
Plastic_Cost_3915,28
IcyJob7383,28
mrcheese14,28
HighPriestofShiloh,28
Alchse,28
ResIpsaLoquitur2422,28
UtahBrian,28
ridemooses,29
Real_beginning23,29
Perfect-Fondant3373,29
Bubba-Gumpa,29
divyansh_singh2405,29
justaclumsyweirdo,29
artaxias1,29
PaisleyDiggory,29
Scamwau1,29
Dem_Cowboys_suck,29
MetalMouse1985,29
candycane7,29
WilliamT123123,29
havenisse2009,29
UpsideDown-2024,29
Jeannie694,29
SilverSquirrels,29
Katavencia,29
JOE_Media,29
eplekjekk,29
Alwayscooking345,29
Corn_Wholesaler,29
koplowpieuwu,29
DrunkMeteor2,29
RabidBadgerFrancis,29
royal_Bishop,30
scrutator_tenebrarum,30
Emu-lator,30
Independent-Market31,30
iamsplitter,30
Vikk_Vinegar,30
Parallel-Quality,30
sexmath,30
alphaxion,30
NearPup,30
ChristelRobichaud,30
Tyranicross,30
MirkwoodWanderer1,30
claudia_tiedemann,30
MW684QC,30
stepharee,30
KanyeDeOuest,30
Equivalent-Pain-86,30
1stopvac,30
Lopsided-Selection85,30
TIFUbyResponding,30
MOLightningBro,30
FastCulture160,30
KrabbyBoiz,30
Only_My_Dog_Loves_Me,30
Gullible-Heat8558,31
fly4everwild,31
Professional-Cry8310,31
stefanointelisano,31
paranoyed,31
NeighborhoodPlane794,31
terran_immortal,31
Dmckilla7,31
ica_basic_gin,31
Oceabys,31
One-Airport-497,31
Ehgadsman,31
formal_studio1,31
LongjumpingSpare8181,31
Worldly1998,31
MBolero,31
Temporary_Window_104,31
AggressiveCricket498,31
Easy_Welcome_9142,31
RoadHazard,31
Curling-ModTeam,31
Luddevig,31
Three_Froggy_Problem,32
monstersof-men,32
The_Justache,32
MostPossibility4159,32
realdeal411,32
2ktx2000,32
ErikDebogande,32
NHLonOLN,32
killmagatsgousa,32
melpec,32
nothing_but_static,32
RamouYesYes,32
CovidBryant0824,32
Frozen_pizza_987,32
AJS76reddit,32
StigmataSatanas,32
TheCanadianWolverine,32
UnassumingInterloper,32
Few-Demand7532,32
martinisandbeer8,32
Sure-Bar-375,33
EvenRepresentative77,33
No-Warthog7841,33
Glamdring47,33
dippis98,33
cosmopoof,33
ssstephhhh,33
Alex09464367,33
krom0025,33
MacAttak18,33
Dizzy-Ad-7643,33
hymen_destroyer,33
Spiritual-Loan-347,33
pismobob,33
CTG0161,33
Moist_Gennitals,33
orinaardvark,33
Abiduck,33
Harachel,34
SGT_Mark,34
jackattack108,34
Zeckzeckzeck,34
GazonkFoo,34
Petite_Montserrat_95,34
vlad_the_impaler13,34
gensererme,34
wreck0,34
TheBB,34
anker_beer,34
po8crg,34
Slimmanoman,34
TriceratopsHunter,34
Objective-Refuse-533,34
Old-Marzipan-6234,34
once_too,34
lollipoof,35
lemonhead2345,35
EvidenceClue,35
thevelvetdays7,35
monkeytrucker,35
yabai_kawaii,35
milliv4nilli,35
pineapple_2021,35
CreamingSleeve,35
Licetus,35
IggyStop2024,35
EaudeAgnes,35
GogreenGoWhite19,35
LocalTownGhoul,35
IWentHam,35
schalliol,35
Adventurous_Ant5428,35
Landopedia,36
Kanjizoiie,36
Curious_Olive_5266,36
katafrakt,36
North-Bug388,36
AffectionateForce760,36
cbmuir,36
BookkeeperNo5523,36
Prudent_Reading2539,36
PolitelyHostile,36
samcurler,36
hackweighter1824,36
QuirkyTurtle999,36
backlund11,36
the3rdmichael,36
bhandsome08,36
Chief-Rufio,36
wagon_ear,37
LouQuacious,37
glockster19m,37
carpetedbathtubs,37
personanangrata,37
opoisson,37
Pistolpete_onthebeat,37
Hockeymac18,37
speedshotz,37
OhSorryEhh,37
lamedumbbutt,37
frickfrack1,37
Healthy_Twist_7100,37
Resident_Loan_5838,37
Correct-Stock-6887,37
Haunting-Yak-7851,37
ArtSmass,38
Dod93_,38
twofactorial,38
FormerInstruction745,38
any_old_usernam,38
Mash709,38
Ok-Accident-9026,38
Kgis,38
pullingahead,38
ToothPlayful770,38
nanana_catdad,38
Paper_Rain,38
Aplazing,38
MisterProfGuy,38
Headlesshorsman02,39
19Facelift90,39
ScrewOff_,39
mcauthon2,39
septimus29,39
ImthaDatsyukian,39
Shamrock5,39
Par25,39
jobirg88,39
kindaCringey69,39
beginnerslxck,39
WearingComb1050,39
volcomma5ter,39
emotionaI_cabbage,39
ClinchingBot,40
KuningasTynny77,40
Vanilla_Ice_Jr,40
Sailcosmos,40
Fear-the-North,40
JBurlison92,40
sportsyyc,40
StrangeCranberry4820,40
ExtensionParsley4205,40
mmulr072,40
HaveNoClueBro,40
blonde_bellebabett,40
Illustrious-Law-2726,40
NiklasChronwall,41
mpaw976,41
billmurray43,41
WhenWillIBeAPilot,41
Big-Recognition-6983,41
ShakespearesHovercar,41
NameIsPetey,41
Mingo_laf,41
UrsaMajor7th,41
vampirepotter,41
BashfulWalrus7,41
randomusername59159,41
NegevThunderstorm,42
tethysian,42
I_NEED_YOUR_MONEY,42
Comfortable_Debt_769,42
Viktaras_Kaunas,42
ColumbiaProvidence,42
extrapartytime,42
Extension_Brief_7971,42
numba1cyberwarrior,42
AdMiserable8494,42
alexandradperreault,43
Old-Dinner-6108,43
4Lo3Lo,43
123LetsGoBay,43
jenushkask8s,43
MxScarlett,43
Amazing-Aardvark-674,43
Feisty_Wait_2327,43
Sneebmelia,43
i_MusicMan,43
MnstrPoppa,44
techieman33,44
clabancha,44
PropheticToad,44
kicia-kocia,44
lobidu,44
SpazMcdonut,44
LuminousQuinn,44
sanedragon,44
kolachekingoftexas,44
Atarissiya,45
clamdiggin,45
NotARealTiger,45
Fancy_Particular7521,45
AndreDaGiant,45
frisedel,45
ConcentrateOne7536,45
lolijk,45
Roklaren56,45
prnejjfnsnei,46
thestormpiper,46
Diligent-Marsupial10,46
BoltPikachu,46
ImprovementOwn3658,46
Naive_Product_5916,46
gabbitor,46
RhubarbSensitive401,46
Ambry,46
belle_enfant,47
GoddamnRightJimSharp,47
calboomer55,47
ckychess,47
buckrogers2491,47
Lucky_Dragonfruit_88,47
JonSnow4525,47
twombles21,47
socialaxolotl,47
historicusXIII,48
Conec,48
TrollHunter87,48
Old-Spring-2448,48
Amphitrite227204,48
Better_Ad_8919,48
LibraryOk6964,48
El-futre,48
Emergency-Bit-8829,49
Urpervyneighbor,49
souvlakilover,49
Prestigious-Pea-3453,49
aginglikemilk02,49
rushfolk,49
everythingwillbe-aok,49
Ok_Mammoth_8298,50
randombubble8272,50
MarketDull2401,50
SadMoon1,50
derelictthot,50
ReadSmedleyButler,50
LegitimateBus44,50
dogsonbubnutt,51
jayzeats,51
bootygoon2,51
Hockeyshot39,51
eutectic_h8r,51
Melodic_Path_3300,51
SwimmingThroughHoney,51
subredditsummarybot,52
ZebraZestyclose3861,52
ProfessionalJob5718,52
Popular_Peak9364,52
Alternative_Cow_5283,52
raystheroof1,52
myownmoses,53
Raj_Dutta3731,53
lonelyleaf045,53
DangerousSubstance74,53
atemporalrenaissance,53
OneRelationship5159,53
James007Bond,54
CarRamRob,54
erv4,54
Unabatedtuna,54
WanderingDelinquent,54
RichardRichOSU,54
Either-Natural-5758,55
fartenandmagellan,55
StudyEmotional4527,55
filetmignonminion,55
Davidspell,55
Feisty-Interest-9734,55
filibustersufferer,56
eddiewachowski,56
ricardovr22,56
Extermin8her,56
Baelzabub,56
PhilU52,56
kirchwitz,57
pyort,57
biboskirorun,57
SoooperSnoop,57
ElegantTonight4978,57
FishermanOk2139,57
Trees_are_best,58
Ovenbird36,58
mikrokosmosarehere,58
Mobile_Interview_524,58
SnazzDizzy,58
CoffeeBlocks,59
yesat,59
sirotan88,59
--FuckYouSpez--,59
ShowAndTell2,59
Big-Definition8228,60
bloodyslash,60
cookiedough5200,60
Glum-Substance-3507,60
lattestim,60
ayayeron,61
NoCoFoCo31,61
happyelkboy,61
RoyalBroham,61
StewardFlavius,62
astraetoiles,62
caity1111,62
ML-319,62
Otherwise_Bowler_292,63
NectarineOk5419,63
wubdubbud,63
Lucy_Blaine,63
ResultRecent6254,64
Celine_Cat,64
i3v4kk,64
Ardentiat,64
Specific-Yam-2166,65
Puzzleheaded_Try2950,65
texascannonball,65
Key-Banana-8242,65
jpn_2000,66
AZNEULFNI,66
evoletahh,66
i_have_80hd,66
hockeyduster73,67
DogFacedPonyHuman,67
acergum,67
savvaspc,67
lalalandestellla,68
Simple_Check_6809,68
Due-Understanding339,68
scholarbowlchicka2,69
Traditional-Maize32,69
popowow,69
External_Debt_2087,70
Andromache8,70
Proof_Advice_7777,70
Top-Particular-3450,71
UnhappyPrincessa,71
dontmakemereply,71
CanIEditThisLater,72
Shun_Atal,72
burnerx2001,72
Maximum_Overdrive,73
General_Dipsh1t,73
T1mberVVolf,73
