text,label,subreddit,sentiment
3,CARDINAL,olympics,neutral
Decklan Farmer,PERSON,olympics,neutral
11,CARDINAL,olympics,neutral
Japan,GPE,olympics,neutral
Germany,GPE,olympics,neutral
Italy,GPE,olympics,neutral
Slovakia,ORG,olympics,neutral
14,CARDINAL,olympics,neutral
Norway,GPE,olympics,positive
39,CARDINAL,olympics,positive
2018,DATE,olympics,positive
france,GPE,olympics,negative
The Winter Olympics,EVENT,FigureSkating,positive
US,GPE,FigureSkating,positive
Germany,GPE,FigureSkating,positive
Olympic,GPE,FigureSkating,positive
France,GPE,FigureSkating,positive
Italy,GPE,FigureSkating,positive
2/17,CARDINAL,FigureSkating,positive
more than 17/15,CARDINAL,FigureSkating,negative
two,CARDINAL,FigureSkating,negative
georigian,NORP,FigureSkating,negative
that](https://xcancel.com/SkatingScores/status/2023519405842280463#m,ORG,FigureSkating,negative
year,DATE,hockey,positive
US,GPE,olympics,positive
NBC Sports,ORG,olympics,positive
Canada,GPE,olympics,positive
CBC Gem,PRODUCT,olympics,positive
Olympics,EVENT,FigureSkating,positive
two,CARDINAL,olympics,negative
Canada,GPE,Curling,positive
2,CARDINAL,Curling,positive
OMG,ORG,FigureSkating,neutral
TOO,ORG,FigureSkating,neutral
Christine Brennan,PERSON,FigureSkating,negative
1988,DATE,FigureSkating,negative
one,CARDINAL,FigureSkating,negative
North America,LOC,FigureSkating,negative
Sorensen,PERSON,FigureSkating,negative
Malinin,PERSON,FigureSkating,negative
Tysm,PERSON,hockey,negative
6 four,CARDINAL,FigureSkating,positive
Shaidorov,PERSON,FigureSkating,positive
Shun,PERSON,FigureSkating,positive
Gogolev,ORG,FigureSkating,positive
Gumennik,PERSON,FigureSkating,positive
7,CARDINAL,FigureSkating,positive
today,DATE,biathlon,negative
5/6,CARDINAL,biathlon,negative
6/6,CARDINAL,biathlon,negative
Classic,PRODUCT,olympics,positive
Eurosport,LOC,biathlon,neutral
gb,PERSON,olympics,negative
today,DATE,olympics,negative
Fitzpatrick,PERSON,olympics,negative
10-15 seconds,TIME,olympics,negative
the years,DATE,FigureSkating,positive
Olympic,EVENT,FigureSkating,negative
Google,ORG,FigureSkating,negative
Canada,GPE,hockey,neutral
U.S. Men’s Hockey,ORG,olympics,negative
Hero to zero,CARDINAL,olympics,negative
Slovakia,GPE,hockey,neutral
Ohtani,PERSON,hockey,neutral
Japan,GPE,hockey,neutral
Europeans,NORP,olympics,positive
centuries,DATE,olympics,positive
WTF,ORG,hockey,negative
two,CARDINAL,FigureSkating,negative
Achilles,GPE,olympics,positive
Ilia,GPE,FigureSkating,positive
another 21 year old,DATE,FigureSkating,positive
American,NORP,FigureSkating,positive
Olympic Games,EVENT,FigureSkating,positive
Ilia,GPE,FigureSkating,positive
4,CARDINAL,hockey,negative
Canada,GPE,Curling,positive
Japan,GPE,Curling,positive
Benoit Richaud,PERSON,FigureSkating,positive
like 5 minutes,TIME,biathlon,positive
5 minutes,TIME,biathlon,positive
first,ORDINAL,biathlon,positive
Ponsi,PERSON,biathlon,neutral
third,ORDINAL,biathlon,neutral
https://preview.redd.it/7q7lm0wypikg1.png?width=1514&format=png&auto=webp&s=455deb979248adc849202dfa0c64bb0e9689869a,ORG,Curling,neutral
tomorrow,DATE,olympics,positive
Ilia,GPE,FigureSkating,negative
17,CARDINAL,FigureSkating,negative
2022,DATE,FigureSkating,negative
Olympics,EVENT,FigureSkating,negative
2030,DATE,FigureSkating,negative
Olympics,EVENT,FigureSkating,negative
Ilia,PERSON,FigureSkating,negative
25,CARDINAL,FigureSkating,negative
3,CARDINAL,FigureSkating,positive
Shun,PERSON,FigureSkating,positive
PCS,ORG,FigureSkating,positive
1,CARDINAL,FigureSkating,positive
🤡,CARDINAL,olympics,neutral
a couple of days ago,DATE,FigureSkating,neutral
Kristen Spours,PERSON,FigureSkating,positive
Celebrini,PERSON,hockey,negative
Game 7 I bet Hyman,EVENT,hockey,negative
McDavid,NORP,hockey,negative
1:44,CARDINAL,hockey,positive
Olympic,EVENT,FigureSkating,neutral
Bulls,ORG,olympics,positive
the 1990s,DATE,olympics,positive
Bulls,ORG,olympics,positive
Jordan,PERSON,olympics,positive
Ebba Andersson,PERSON,olympics,neutral
first,ORDINAL,olympics,positive
Olympics - Les,EVENT,olympics,positive
Scott Hamilton,PERSON,olympics,positive
Dick Button,PERSON,olympics,positive
Italian,NORP,olympics,positive
Olympic,EVENT,olympics,positive
SNL,ORG,hockey,positive
Jack,PERSON,hockey,positive
Quinn,GPE,hockey,positive
Hillary,PERSON,hockey,positive
Hillary,PERSON,hockey,positive
Olympic,EVENT,FigureSkating,positive
one,CARDINAL,FigureSkating,neutral
the past few years,DATE,FigureSkating,positive
Norway,GPE,olympics,positive
a year,DATE,FigureSkating,positive
her foundational years,DATE,FigureSkating,positive
FIRST,ORDINAL,FigureSkating,negative
first,ORDINAL,hockey,negative
three,CARDINAL,hockey,negative
nathan chen,PERSON,olympics,positive
Kaori,PERSON,olympics,positive
Passler,ORG,biathlon,negative
Olympics,EVENT,biathlon,negative
New Jersey,GPE,FigureSkating,neutral
Andrew Parsons,PERSON,olympics,neutral
FIS,ORG,olympics,neutral
Jordan,GPE,olympics,positive
80s,DATE,hockey,positive
Sturla,PERSON,biathlon,negative
Emilien,ORG,biathlon,negative
Dale / Christiansen,ORG,biathlon,negative
Italy,GPE,olympics,positive
3rd,ORDINAL,olympics,positive
next month,DATE,olympics,positive
IPC,ORG,olympics,negative
5 days later,DATE,hockey,positive
four years,DATE,hockey,positive
Kolyada,PERSON,FigureSkating,positive
40,CARDINAL,olympics,positive
Homan,PERSON,Curling,negative
Jones,PERSON,Curling,negative
only 36,DATE,Curling,negative
PCS,ORG,FigureSkating,negative
Ilia,GPE,FigureSkating,negative
Ilia,GPE,FigureSkating,negative
4,CARDINAL,FigureSkating,negative
China,GPE,olympics,negative
USA,GPE,olympics,negative
Ester Ledecka,ORG,snowboarding,positive
PGS,ORG,snowboarding,positive
Pyeongchang,GPE,snowboarding,positive
the Super G,FAC,snowboarding,positive
Olympics,EVENT,FigureSkating,positive
four years,DATE,FigureSkating,positive
Thornton,PERSON,hockey,neutral
The Centre Videotron,ORG,hockey,negative
Milan,GPE,hockey,negative
summer,DATE,olympics,positive
Olympics,EVENT,olympics,positive
first,ORDINAL,olympics,positive
Preuß,GPE,biathlon,positive
4th,ORDINAL,biathlon,positive
Germany,GPE,biathlon,positive
Voigt,WORK_OF_ART,biathlon,positive
Covid,PERSON,biathlon,positive
last year,DATE,biathlon,positive
Christmas + New Year's Eve,DATE,biathlon,positive
Canadian,NORP,olympics,negative
the last four years,DATE,olympics,negative
Americans,NORP,olympics,negative
Canadian,NORP,olympics,negative
the years,DATE,olympics,negative
the last summer,DATE,olympics,positive
Biathlon,ORG,biathlon,positive
Olympics,EVENT,biathlon,positive
Good Luck,PERSON,biathlon,positive
Canada,GPE,olympics,neutral
one,CARDINAL,FigureSkating,neutral
Italy,GPE,FigureSkating,neutral
2,CARDINAL,olympics,negative
Taylor,PERSON,FigureSkating,negative
Beyonce,GPE,FigureSkating,negative
Max,PERSON,FigureSkating,negative
Taylor,PERSON,FigureSkating,negative
three,CARDINAL,FigureSkating,negative
Olympics,EVENT,FigureSkating,negative
sixth,ORDINAL,FigureSkating,negative
Adeliia Petrosian,PERSON,FigureSkating,negative
Europe,LOC,olympics,negative
Italy,GPE,Curling,positive
two,CARDINAL,olympics,neutral
Canada,GPE,hockey,positive
CBC,ORG,hockey,positive
US,GPE,hockey,positive
CBC,ORG,hockey,positive
7,CARDINAL,hockey,neutral
Peterson,PERSON,Curling,positive
third,ORDINAL,Curling,positive
Klemettinen,ORG,biathlon,positive
Harjula,NORP,biathlon,positive
Finland,GPE,biathlon,positive
Jimi,PERSON,biathlon,positive
6,CARDINAL,biathlon,positive
this season,DATE,biathlon,positive
2nd,ORDINAL,FigureSkating,neutral
US,GPE,skiing,positive
Olympic,FAC,skiing,positive
15,CARDINAL,skiing,positive
Olympics,EVENT,skiing,positive
Lindsey Vonn,PERSON,skiing,positive
10x,CARDINAL,skiing,positive
Lindsey,PERSON,skiing,positive
US,GPE,skiing,positive
Cortina,GPE,skiing,positive
Canadians,NORP,Curling,negative
Oscar,PERSON,Curling,negative
Kennedy,PERSON,Curling,negative
59 million,CARDINAL,olympics,positive
Italy,GPE,olympics,positive
both summer,DATE,olympics,positive
Dutch,NORP,olympics,positive
half,CARDINAL,olympics,positive
Italy,GPE,olympics,positive
both summer,DATE,olympics,positive
winter,DATE,olympics,positive
Olympics,EVENT,olympics,positive
winter,DATE,olympics,positive
Olympics,EVENT,olympics,positive
decades,DATE,olympics,positive
2010,DATE,olympics,positive
Olympics,EVENT,olympics,positive
Italy,GPE,olympics,positive
this year,DATE,olympics,positive
Crosby,ORG,hockey,positive
MacKinnon,ORG,hockey,positive
Olympics,EVENT,olympics,neutral
four years,DATE,olympics,neutral
Olympics,EVENT,olympics,neutral
ya wanna,PERSON,olympics,neutral
Canadians,NORP,Curling,negative
🇺,DATE,Curling,negative
🇸,PERSON,Curling,negative
Paris,GPE,olympics,neutral
summer,DATE,olympics,neutral
Olympics,EVENT,olympics,neutral
decades,DATE,olympics,neutral
2022,DATE,olympics,neutral
Worlds,PERSON,olympics,neutral
US,GPE,olympics,neutral
the fs season,DATE,olympics,neutral
Olympics,EVENT,olympics,neutral
24-72 hours,TIME,olympics,neutral
1.France,CARDINAL,biathlon,negative
Sweden,GPE,biathlon,negative
5,CARDINAL,biathlon,negative
Germany,GPE,biathlon,negative
6,CARDINAL,biathlon,negative
Finland,GPE,biathlon,negative
hahaha,PERSON,biathlon,negative
Kimmy,PERSON,FigureSkating,positive
Livia,PERSON,FigureSkating,positive
Swiss,NORP,FigureSkating,positive
Olympics,EVENT,FigureSkating,positive
Lukas Britschgi,ORG,FigureSkating,positive
France,GPE,hockey,positive
Italy,GPE,hockey,positive
gif](giphy|2WxWfiavndgcM,PERSON,olympics,positive
ONE,CARDINAL,olympics,positive
Ringette,PERSON,olympics,neutral
Piper & Paul,ORG,FigureSkating,negative
4th,ORDINAL,FigureSkating,negative
the Women’s Nordic Combined,ORG,olympics,neutral
one,CARDINAL,FigureSkating,neutral
3,CARDINAL,FigureSkating,neutral
9,CARDINAL,FigureSkating,neutral
Kaori,PERSON,FigureSkating,positive
2022,CARDINAL,FigureSkating,positive
jia,ORG,FigureSkating,positive
PCS,ORG,FigureSkating,positive
absurd,PERSON,FigureSkating,positive
red bull,ORG,olympics,positive
Gallant’s,ORG,Curling,positive
two weeks,DATE,hockey,negative
Bos-Tampa,ORG,hockey,negative
"Elliot, University",ORG,hockey,positive
Canada,GPE,hockey,positive
Bassi,GPE,hockey,positive
Sweden,GPE,hockey,positive
Disher,PERSON,hockey,positive
NCAA,ORG,hockey,positive
the years,DATE,hockey,positive
US Hockey,ORG,hockey,positive
NHL,ORG,olympics,neutral
Olympics,EVENT,olympics,neutral
Sørensen,GPE,FigureSkating,negative
SA,ORG,FigureSkating,negative
La Presse,ORG,FigureSkating,negative
Team Canada,ORG,Curling,positive
tomorrow,DATE,Curling,positive
Norway,GPE,Curling,positive
Switzerland,GPE,Curling,positive
tomorrow,DATE,Curling,positive
semis,NORP,Curling,positive
China,GPE,Curling,positive
Italy,GPE,Curling,positive
Great Britain,GPE,Curling,positive
First,ORDINAL,Curling,positive
two,CARDINAL,Curling,positive
2-1,CARDINAL,Curling,positive
Norway,GPE,Curling,positive
Italy,GPE,Curling,positive
Italy,GPE,Curling,positive
Denmark,GPE,Curling,positive
Great Britain,GPE,Curling,positive
Switzerland,GPE,Curling,positive
3-1,CARDINAL,Curling,positive
2,CARDINAL,Curling,positive
daily,DATE,olympics,positive
Baby Park,FAC,olympics,positive
Mario Kart,PERSON,olympics,positive
Instagram,ORG,biathlon,neutral
ZDF,ORG,biathlon,neutral
Instagram,ORG,biathlon,neutral
Great Britain,GPE,biathlon,positive
one day,DATE,FigureSkating,positive
the usa vs canada,ORG,olympics,negative
london,GPE,olympics,negative
2012,DATE,olympics,negative
OT,ORG,olympics,negative
the last minute,TIME,olympics,negative
OT,ORG,olympics,negative
OT,ORG,olympics,negative
Italy,GPE,olympics,positive
the Winter Games,EVENT,olympics,positive
half,CARDINAL,FigureSkating,positive
Islanders,NORP,hockey,positive
Stanley Cup,EVENT,hockey,positive
US,GPE,hockey,positive
south korea,GPE,Curling,positive
NHL,ORG,hockey,positive
🤣,EVENT,olympics,positive
the Scale of Values,ORG,FigureSkating,positive
NBC,ORG,FigureSkating,neutral
gif](giphy|L8uXd5D1OQMV2knzK4,ORG,FigureSkating,neutral
summer,DATE,hockey,neutral
CBC,ORG,FigureSkating,positive
American,NORP,olympics,neutral
this year,DATE,olympics,positive
4,CARDINAL,Curling,positive
Newbie,GPE,Curling,positive
Olympics,EVENT,Curling,positive
about half,CARDINAL,Curling,positive
2022,DATE,FigureSkating,positive
Julia,GPE,biathlon,positive
Lou,PERSON,biathlon,positive
10/10,CARDINAL,biathlon,positive
10/10,CARDINAL,biathlon,positive
Justine,PERSON,biathlon,positive
Italians,NORP,biathlon,positive
10/10,CARDINAL,biathlon,positive
Norwegians,NORP,biathlon,positive
Ingrid,ORG,biathlon,positive
🙏,ORG,biathlon,positive
the csv file & edit,ORG,olympics,negative
Friday the 13th,DATE,Curling,neutral
Canada,GPE,hockey,negative
US,GPE,hockey,negative
the Winter Olympics,EVENT,olympics,neutral
Synchronised Swimming,NORP,olympics,neutral
years,DATE,FigureSkating,negative
a full season,DATE,FigureSkating,negative
Lillehammer,GPE,olympics,neutral
two,CARDINAL,olympics,neutral
Olympics,EVENT,FigureSkating,positive
KamO,PERSON,FigureSkating,positive
Ilia,GPE,FigureSkating,positive
Great britain,GPE,Curling,positive
Danny,PERSON,Curling,neutral
Olympics,EVENT,olympics,positive
2006,DATE,hockey,neutral
2,CARDINAL,hockey,neutral
Swiss,NORP,Curling,negative
Extra,NORP,biathlon,neutral
the United States,GPE,olympics,positive
China,GPE,olympics,positive
30,CARDINAL,olympics,positive
Europe,LOC,olympics,positive
Floran Douay,PERSON,hockey,positive
Canada,GPE,hockey,positive
Olympics,EVENT,hockey,positive
one,CARDINAL,hockey,positive
Canada,GPE,Curling,negative
Olympic,FAC,FigureSkating,neutral
first,ORDINAL,FigureSkating,positive
Fernando,PERSON,FigureSkating,positive
"Money Money Money"" :D",WORK_OF_ART,FigureSkating,positive
Rachel,PERSON,Curling,positive
Ukraine,GPE,olympics,positive
Soviet,NORP,olympics,positive
Russia,GPE,olympics,positive
Turkey,GPE,olympics,positive
American,NORP,olympics,positive
2,CARDINAL,FigureSkating,positive
Olympics,EVENT,FigureSkating,positive
Goldy,NORP,FigureSkating,positive
90-95+,DATE,olympics,negative
Eurosport,LOC,FigureSkating,positive
HBO,ORG,FigureSkating,positive
Max,PERSON,FigureSkating,positive
2022,DATE,FigureSkating,negative
56 years old,DATE,olympics,positive
4th,ORDINAL,olympics,positive
Para Alpine,PERSON,olympics,positive
3rd,ORDINAL,olympics,positive
today,DATE,olympics,positive
four,CARDINAL,biathlon,positive
Finnish,NORP,biathlon,positive
Beijing Olympics 2022,ORG,biathlon,positive
30,CARDINAL,biathlon,positive
the Men’s Mass Start,ORG,biathlon,positive
World Cup,EVENT,biathlon,positive
15,CARDINAL,biathlon,positive
Pyeongchang,GPE,biathlon,positive
2018,DATE,biathlon,positive
37,CARDINAL,biathlon,positive
the World Cup,EVENT,biathlon,positive
40,CARDINAL,biathlon,positive
Hiidensalo,PERSON,biathlon,positive
85,CARDINAL,biathlon,positive
first,ORDINAL,biathlon,positive
zero,CARDINAL,biathlon,positive
Harjula,PERSON,biathlon,positive
46,CARDINAL,biathlon,positive
second,ORDINAL,biathlon,positive
31,CARDINAL,biathlon,positive
30,CARDINAL,biathlon,positive
Pursuit,ORG,biathlon,positive
Seppälä,PERSON,biathlon,positive
23,CARDINAL,biathlon,positive
20-25,CARDINAL,biathlon,positive
two,CARDINAL,biathlon,positive
Binner,PERSON,hockey,positive
Dvoeglazova,ORG,FigureSkating,neutral
17,CARDINAL,FigureSkating,neutral
"July 1st, 2025",DATE,FigureSkating,neutral
Sweden,GPE,biathlon,positive
5/2,CARDINAL,biathlon,positive
2026,DATE,olympics,negative
Topps Chrome,PERSON,olympics,negative
USA,GPE,olympics,negative
Canadian,NORP,olympics,negative
the year is,DATE,hockey,positive
2026,DATE,hockey,positive
josh ho-sang,PERSON,hockey,positive
Marc Kennedy,PERSON,Curling,negative
Cossa,PERSON,hockey,positive
G.,PERSON,hockey,positive
Wild,NORP,hockey,negative
Vancouver,GPE,hockey,negative
BBC,ORG,FigureSkating,positive
this year,DATE,FigureSkating,positive
Discovery,PRODUCT,FigureSkating,positive
this year,DATE,FigureSkating,positive
Quebec,GPE,olympics,positive
the Montreal Olympics half,ORG,olympics,positive
a century ago,DATE,olympics,positive
an extra day,DATE,olympics,negative
Olympics,EVENT,olympics,negative
Uzbekistan,GPE,olympics,positive
Alysa,PERSON,FigureSkating,neutral
80,CARDINAL,FigureSkating,neutral
Iceland,ORG,hockey,neutral
Dutch,NORP,olympics,positive
Canadians,NORP,olympics,positive
Marc Kennedy,PERSON,Curling,positive
GB,PERSON,olympics,neutral
Swiss,NORP,olympics,neutral
one,CARDINAL,olympics,neutral
776,CARDINAL,olympics,neutral
B.C.,GPE,olympics,neutral
this year,DATE,FigureSkating,positive
the Gold Coast,LOC,olympics,positive
Kirra,GPE,olympics,positive
Snapper Rocks,ORG,olympics,positive
NSW,CARDINAL,olympics,positive
recent years,DATE,olympics,positive
zero,CARDINAL,olympics,positive
2032,DATE,olympics,positive
one,CARDINAL,hockey,negative
last night,TIME,hockey,negative
second,ORDINAL,hockey,negative
Isles,ORG,hockey,negative
this week,DATE,hockey,negative
a week,DATE,hockey,negative
Alyssa Liu,PERSON,FigureSkating,negative
Kristian Blummenfelt,PERSON,olympics,neutral
101.1,CARDINAL,olympics,neutral
some weeks ago,DATE,olympics,neutral
ages ago,DATE,FigureSkating,negative
Jason,PERSON,FigureSkating,negative
Evan,PERSON,FigureSkating,negative
12:40,CARDINAL,olympics,negative
Olympics,EVENT,snowboarding,positive
one,CARDINAL,olympics,neutral
one night,TIME,olympics,neutral
hours,TIME,olympics,neutral
75,MONEY,olympics,neutral
2nd half,DATE,FigureSkating,neutral
NBC,ORG,FigureSkating,neutral
Eteri,ORG,olympics,negative
14,CARDINAL,olympics,positive
two Olympic seasons,DATE,biathlon,positive
2014,DATE,biathlon,positive
2018,DATE,biathlon,positive
canadian,NORP,olympics,positive
one day,DATE,olympics,positive
US,GPE,olympics,positive
51st,ORDINAL,olympics,positive
three,CARDINAL,FigureSkating,positive
Olympic,EVENT,FigureSkating,positive
Kao,PERSON,FigureSkating,positive
😔,ORG,FigureSkating,positive
NBC,ORG,olympics,positive
Paralympic Promo,ORG,olympics,positive
Greaves,PERSON,hockey,positive
Hofer,ORG,hockey,positive
NHL,ORG,hockey,positive
4,DATE,Curling,neutral
2,CARDINAL,Curling,neutral
one zero,CARDINAL,Curling,neutral
every day,DATE,olympics,positive
Sundays,DATE,olympics,positive
a week,DATE,hockey,neutral
TikTok,ORG,hockey,neutral
December,DATE,hockey,neutral
one,CARDINAL,hockey,neutral
Instagram,ORG,hockey,neutral
Olympic,PERSON,olympics,negative
Eurosport,LOC,FigureSkating,positive
Belinda Noonen,PERSON,FigureSkating,positive
this year,DATE,FigureSkating,positive
Eurosport,LOC,FigureSkating,positive
Simon,PERSON,FigureSkating,positive
Louise,PERSON,FigureSkating,positive
Chris,PERSON,FigureSkating,positive
BBC,ORG,FigureSkating,positive
Robin Cousins,PERSON,FigureSkating,positive
Katherine Downes,PERSON,FigureSkating,positive
Russians,NORP,olympics,negative
Belarusians,NORP,olympics,negative
YLE,ORG,olympics,negative
Finns,NORP,olympics,negative
Canada,GPE,hockey,positive
one,CARDINAL,olympics,positive
Swedes,NORP,hockey,negative
ACL,ORG,olympics,positive
Larkin,PERSON,hockey,negative
his first few years,DATE,hockey,negative
4-shoot,QUANTITY,biathlon,positive
Bendika,PERSON,biathlon,positive
MS,GPE,biathlon,positive
first,ORDINAL,biathlon,positive
two,CARDINAL,biathlon,positive
Lisa,PERSON,biathlon,positive
Finnish,NORP,biathlon,positive
Doro,ORG,biathlon,positive
today,DATE,biathlon,positive
GI,ORG,hockey,negative
2,CARDINAL,FigureSkating,positive
Kugiyama Yuma,PERSON,FigureSkating,positive
Japanese,NORP,FigureSkating,positive
INCREDIBLE,ORG,FigureSkating,positive
Hanyu Yuzuru,PERSON,FigureSkating,positive
Yuzuru,GPE,FigureSkating,positive
Nathan Chen,PERSON,FigureSkating,positive
Ilia Malinin,PERSON,FigureSkating,positive
3,CARDINAL,FigureSkating,positive
Mikhail Shaidarov,PERSON,FigureSkating,positive
Kazakhstan,GPE,FigureSkating,positive
4,CARDINAL,FigureSkating,positive
Maxim Naumov,PERSON,FigureSkating,positive
US,GPE,FigureSkating,positive
Last January/February,DATE,FigureSkating,positive
Wichita,GPE,FigureSkating,positive
Kansas,GPE,FigureSkating,positive
Boston,GPE,FigureSkating,positive
Canada,GPE,hockey,positive
Justus Strelow,PERSON,biathlon,positive
😵‍💫,PERSON,biathlon,positive
this season,DATE,biathlon,positive
Alysa Liu,PERSON,olympics,positive
2,CARDINAL,olympics,positive
Anna Shcherbakova,PERSON,olympics,positive
Alysa Liu,PERSON,olympics,positive
Kaori,PERSON,olympics,positive
Adelia Petrosian,PERSON,olympics,positive
1956,DATE,olympics,neutral
one,CARDINAL,biathlon,negative
USA,GPE,olympics,negative
GB,GPE,olympics,negative
Paris,GPE,olympics,neutral
Chritophobic,ORG,olympics,neutral
Italian,NORP,biathlon,neutral
20th,ORDINAL,olympics,positive
Yuna Kim,PERSON,olympics,negative
GB/CA,ORG,Curling,neutral
the next few days,DATE,FigureSkating,positive
Patel,PERSON,hockey,positive
the 1990s,DATE,hockey,positive
the last 25 years,DATE,hockey,positive
5,CARDINAL,Curling,neutral
3,CARDINAL,Curling,neutral
World War I,EVENT,FigureSkating,negative
World War II,EVENT,FigureSkating,negative
Han,NORP,olympics,negative
China,GPE,olympics,negative
years,DATE,olympics,negative
GB,PERSON,olympics,positive
annual,DATE,olympics,positive
two thirds,CARDINAL,Curling,positive
Americans,NORP,olympics,negative
Puerto Ricans,NORP,olympics,negative
a great year,DATE,olympics,positive
English,LANGUAGE,olympics,positive
Italians,NORP,olympics,positive
English,LANGUAGE,Curling,neutral
Winter Olympics and,ORG,olympics,negative
Olympics,EVENT,olympics,negative
Vancouver,GPE,olympics,negative
Torino,PRODUCT,olympics,negative
London,GPE,olympics,negative
Rio,ORG,olympics,negative
Summer,DATE,olympics,negative
3,CARDINAL,olympics,negative
winter,DATE,olympics,negative
Sochi,PERSON,olympics,negative
PyeongChang,PERSON,olympics,negative
Beijing,GPE,olympics,negative
CCP,ORG,olympics,negative
three,CARDINAL,hockey,negative
Italy,GPE,biathlon,neutral
Auchentalelr-Wierer-Carrara-Vittozzi,PERSON,biathlon,neutral
1,CARDINAL,hockey,positive
WOMEN,ORG,hockey,positive
2,CARDINAL,hockey,positive
3,CARDINAL,hockey,positive
17,CARDINAL,hockey,positive
6,CARDINAL,hockey,positive
3,CARDINAL,hockey,positive
1 goal and,CARDINAL,hockey,positive
1,CARDINAL,hockey,positive
only one,CARDINAL,hockey,positive
6,CARDINAL,hockey,positive
33,CARDINAL,hockey,positive
7,CARDINAL,hockey,positive
only one,CARDINAL,hockey,positive
less than 4,CARDINAL,hockey,positive
North America,LOC,hockey,positive
2026,DATE,hockey,positive
U.S.,GPE,hockey,positive
2014,DATE,hockey,positive
2006,DATE,hockey,positive
Canada,GPE,hockey,positive
Norway,GPE,biathlon,positive
France,GPE,biathlon,positive
Men,ORG,biathlon,positive
one,CARDINAL,biathlon,positive
🤔,PERSON,biathlon,positive
Curling,ORG,olympics,positive
80,CARDINAL,olympics,positive
BBC,ORG,FigureSkating,negative
this morning,TIME,FigureSkating,negative
two,CARDINAL,FigureSkating,negative
this season,DATE,FigureSkating,negative
Piper and,ORG,FigureSkating,negative
Paul,PERSON,FigureSkating,negative
Lucas Braathen,GPE,olympics,positive
Alberto Tomba,PERSON,olympics,positive
3 hours,TIME,snowboarding,positive
Franzis,ORG,biathlon,positive
Lisa,PERSON,biathlon,positive
Nove Mesto,WORK_OF_ART,biathlon,positive
Simon,PERSON,biathlon,positive
last year,DATE,olympics,negative
summer,DATE,olympics,positive
Olympics,EVENT,olympics,positive
buff,PERSON,olympics,positive
winter,DATE,olympics,positive
Olympics,EVENT,olympics,positive
Matthews 200 foot,LAW,hockey,positive
Peacock,GPE,olympics,positive
Japan,GPE,FigureSkating,positive
Canada,GPE,FigureSkating,positive
Americans,NORP,FigureSkating,positive
Japanese,NORP,FigureSkating,positive
Soviet,NORP,FigureSkating,positive
Canada,GPE,hockey,negative
a couple of fetal,CARDINAL,hockey,negative
Homan,PERSON,Curling,negative
Olympic,EVENT,hockey,positive
Tampa Bay,GPE,hockey,positive
Minnesota,GPE,hockey,positive
Dallas,GPE,hockey,positive
Carolina,GPE,hockey,positive
San Jose,GPE,hockey,positive
Montreal,GPE,hockey,positive
Anaheim,ORG,hockey,positive
New Jersey,GPE,hockey,positive
Vancouver,GPE,hockey,positive
New York Rangers,ORG,hockey,positive
Florida,GPE,hockey,positive
Vegas,GPE,hockey,positive
Knuckle,ORG,snowboarding,negative
Russia,GPE,olympics,neutral
Olympics,EVENT,biathlon,positive
Swedish,NORP,biathlon,positive
Martin,ORG,biathlon,positive
Jesper Nelin,PERSON,biathlon,positive
Linn Gestblom,PERSON,biathlon,positive
Alysa,PERSON,FigureSkating,positive
Kaori,PERSON,FigureSkating,positive
hundreds,CARDINAL,olympics,positive
My Stuff,WORK_OF_ART,olympics,positive
Games,FAC,olympics,positive
dozens,CARDINAL,olympics,positive
dozens,CARDINAL,olympics,positive
9 months,DATE,olympics,positive
YouTubeTV,PERSON,olympics,positive
20,MONEY,olympics,positive
at least 4-6,CARDINAL,olympics,positive
YouTubeTV,ORG,olympics,positive
two weeks ago,DATE,FigureSkating,positive
North American,NORP,FigureSkating,positive
North American,NORP,FigureSkating,positive
the last decade,DATE,FigureSkating,positive
Tessa & Scott,ORG,FigureSkating,positive
Chock & Bates,ORG,FigureSkating,positive
F/G,PRODUCT,FigureSkating,positive
IAM,ORG,FigureSkating,positive
Piper & Paul,ORG,FigureSkating,positive
two,CARDINAL,olympics,positive
LBF,ORG,FigureSkating,neutral
Team Canada,ORG,Curling,positive
7,CARDINAL,olympics,positive
Turin,GPE,olympics,positive
NBC,ORG,olympics,neutral
seconds,TIME,FigureSkating,positive
Boone,ORG,hockey,positive
US,GPE,Curling,negative
Alysa,PERSON,FigureSkating,negative
2 feet,QUANTITY,FigureSkating,negative
GB,PERSON,Curling,positive
only one,CARDINAL,Curling,positive
Sweden,GPE,Curling,positive
zero,CARDINAL,Curling,positive
Van Gogh,PERSON,FigureSkating,neutral
Italy,GPE,olympics,positive
20 medals,QUANTITY,olympics,positive
61,CARDINAL,olympics,positive
1994,DATE,olympics,positive
38,CARDINAL,olympics,positive
116,CARDINAL,olympics,positive
the day,DATE,hockey,positive
US,GPE,hockey,positive
first,ORDINAL,hockey,positive
7,CARDINAL,hockey,positive
10,CARDINAL,hockey,positive
two,CARDINAL,hockey,positive
NBC,ORG,hockey,positive
QFM,ORG,biathlon,neutral
Tuesday,DATE,biathlon,neutral
two,CARDINAL,biathlon,neutral
JBB,ORG,biathlon,negative
Simon,PERSON,biathlon,negative
3,CARDINAL,biathlon,negative
Kirkeeide,PERSON,biathlon,negative
Simon,PERSON,biathlon,negative
SImon,PERSON,biathlon,negative
Vittozzi,ORG,biathlon,negative
this year,DATE,biathlon,negative
Olympics,EVENT,biathlon,negative
JBB,ORG,biathlon,negative
Danny,PERSON,FigureSkating,neutral
CBC,ORG,FigureSkating,positive
Carol,PERSON,FigureSkating,positive
Jun,PERSON,FigureSkating,positive
Patrick Chan's,PERSON,FigureSkating,positive
at least one,CARDINAL,Curling,positive
Curling Canada,ORG,Curling,positive
2010,DATE,Curling,positive
Bendika,PERSON,biathlon,negative
Volfa,GPE,biathlon,negative
Bendika,ORG,biathlon,negative
4th,ORDINAL,olympics,positive
Olympics,EVENT,olympics,positive
the Winter Olympics,EVENT,olympics,negative
Canadian,NORP,olympics,negative
American,NORP,olympics,positive
Whale,ORG,olympics,negative
obese,NORP,olympics,negative
summer,DATE,olympics,negative
one,CARDINAL,olympics,negative
3,CARDINAL,olympics,neutral
CBC Gem,PERSON,hockey,positive
Paris,GPE,hockey,positive
the Winter Olympics,EVENT,hockey,positive
Lægreid,PERSON,biathlon,positive
one week ago,DATE,biathlon,positive
Sturla,PERSON,biathlon,positive
Canada,GPE,hockey,neutral
last night,TIME,hockey,neutral
USA,GPE,hockey,neutral
Olympics,EVENT,hockey,neutral
CANADA,GPE,hockey,neutral
13,CARDINAL,hockey,neutral
Canada,GPE,hockey,neutral
n’t,GPE,hockey,neutral
Nove Mesto,PERSON,biathlon,negative
15th,ORDINAL,hockey,positive
30th,ORDINAL,hockey,positive
steve-emt-paralympics-wheelchair,PERSON,olympics,positive
Paralympian,NORP,olympics,positive
Team USA,ORG,olympics,positive
three,CARDINAL,olympics,positive
Salt Lake City,GPE,olympics,positive
2034,DATE,olympics,positive
two Games,MONEY,olympics,positive
90 years old,DATE,olympics,positive
Paralympics,ORG,olympics,positive
indian,NORP,FigureSkating,positive
muslim,NORP,FigureSkating,positive
LOVED,ORG,FigureSkating,positive
india,GPE,FigureSkating,positive
india,GPE,FigureSkating,positive
muslim,NORP,FigureSkating,positive
christian,NORP,FigureSkating,positive
india,GPE,FigureSkating,positive
33%,PERCENT,olympics,positive
wolf,PERSON,olympics,positive
66%,PERCENT,olympics,positive
Idk,PERSON,FigureSkating,positive
4x,CARDINAL,FigureSkating,positive
Milan,GPE,FigureSkating,positive
Zetterberg,PERSON,hockey,negative
Kronwall,ORG,hockey,negative
SC,ORG,hockey,negative
Canada,GPE,Curling,positive
Canada,GPE,Curling,positive
1-2,QUANTITY,Curling,positive
two,CARDINAL,Curling,positive
Olympics,EVENT,olympics,positive
Olympics,EVENT,olympics,positive
Russian,NORP,olympics,positive
less than a month,DATE,olympics,positive
Ukraine,GPE,olympics,positive
less than a month later,DATE,olympics,positive
USA,GPE,olympics,positive
Iraq,GPE,olympics,positive
Campbell,ORG,biathlon,positive
Skirious Problems,PRODUCT,biathlon,positive
IBU,ORG,biathlon,positive
IBU Cup,ORG,biathlon,positive
Eddie the Eagle,ORG,olympics,negative
Bruce Mouat,PERSON,olympics,negative
Sweet Caroline,PERSON,olympics,negative
Olympics,EVENT,olympics,negative
more than 2,CARDINAL,hockey,positive
NHL,ORG,hockey,positive
Johannes,GPE,biathlon,neutral
Vetle,GPE,biathlon,neutral
years,DATE,biathlon,neutral
Sturla,PERSON,biathlon,neutral
Jason,PERSON,FigureSkating,neutral
the 2014 Olympics,EVENT,FigureSkating,neutral
Hungarian,NORP,hockey,negative
97.5,CARDINAL,olympics,neutral
Svendsen,GPE,olympics,neutral
Norway,GPE,olympics,neutral
Foot,ORG,olympics,positive
Goggia,GPE,olympics,positive
one,CARDINAL,olympics,positive
Sighel,PERSON,olympics,positive
Ghiotto,GPE,olympics,positive
McDavid,NORP,hockey,positive
McDavid,NORP,hockey,positive
97,CARDINAL,hockey,positive
29,CARDINAL,hockey,positive
McDavid,NORP,hockey,positive
McDavid,NORP,hockey,positive
2/2,CARDINAL,FigureSkating,positive
2,CARDINAL,FigureSkating,positive
4,CARDINAL,FigureSkating,positive
3,CARDINAL,FigureSkating,positive
one,CARDINAL,FigureSkating,positive
4/4,CARDINAL,FigureSkating,positive
4/4,CARDINAL,FigureSkating,positive
Canada,GPE,Curling,negative
American,NORP,olympics,negative
European,NORP,olympics,negative
third,ORDINAL,olympics,negative
Reich,PERSON,olympics,negative
Asian,NORP,olympics,negative
the Winter Paralympics,ORG,olympics,positive
January,DATE,olympics,positive
March,DATE,olympics,positive
Japanese,NORP,FigureSkating,positive
Germans,NORP,FigureSkating,positive
Germans,NORP,FigureSkating,positive
this season,DATE,FigureSkating,positive
Georgians,NORP,FigureSkating,positive
Keller,PERSON,hockey,negative
OT,ORG,hockey,negative
a few days,DATE,FigureSkating,neutral
yesterday,DATE,biathlon,negative
NMNM,ORG,biathlon,negative
USA,GPE,hockey,negative
3,CARDINAL,hockey,negative
30 seconds,TIME,hockey,negative
Iranian,NORP,olympics,negative
"40,000",CARDINAL,olympics,negative
2 months,DATE,olympics,negative
Usa Womens,ORG,olympics,neutral
sunday,DATE,olympics,neutral
US,GPE,olympics,positive
US,GPE,olympics,positive
millions,CARDINAL,olympics,positive
China,GPE,olympics,positive
Chinese,NORP,olympics,positive
Alysa,PERSON,olympics,positive
the coming months,DATE,olympics,positive
Slovakia,ORG,hockey,positive
4,CARDINAL,hockey,positive
10k,DATE,hockey,positive
USA,GPE,hockey,positive
500k+,CARDINAL,hockey,positive
Slovak,PERSON,hockey,positive
0,CARDINAL,hockey,positive
NHL,ORG,hockey,positive
4th,ORDINAL,hockey,positive
NHL,ORG,hockey,positive
the next 4 years,DATE,hockey,positive
first,ORDINAL,hockey,positive
Finnish,NORP,hockey,positive
Germany,GPE,hockey,positive
today,DATE,biathlon,positive
10/10,CARDINAL,biathlon,positive
24,CARDINAL,FigureSkating,positive
indian,NORP,FigureSkating,positive
estonian broadcaster,PERSON,FigureSkating,neutral
"Dance, Pairs, Women",WORK_OF_ART,FigureSkating,neutral
Rule 2:,PRODUCT,FigureSkating,negative
Drama,PERSON,FigureSkating,negative
2,CARDINAL,FigureSkating,negative
troll,ORG,FigureSkating,negative
Shun,PERSON,FigureSkating,positive
Nordic,ORG,olympics,positive
5k,CARDINAL,olympics,positive
1k,CARDINAL,olympics,positive
Mens slalom,PERSON,olympics,positive
one,CARDINAL,hockey,neutral
Olympics,EVENT,hockey,neutral
Olympics,EVENT,olympics,positive
Olympics,EVENT,olympics,positive
four,CARDINAL,olympics,positive
LaLa,LOC,FigureSkating,positive
IAM,ORG,FigureSkating,positive
4,CARDINAL,biathlon,positive
top22,PERSON,biathlon,positive
Tero,PERSON,biathlon,positive
Olli,PERSON,biathlon,positive
today,DATE,biathlon,positive
4,CARDINAL,biathlon,positive
Otto,PERSON,biathlon,positive
USFS,ORG,FigureSkating,positive
Olympics,EVENT,FigureSkating,positive
first,ORDINAL,FigureSkating,positive
at least 3,CARDINAL,FigureSkating,positive
Andrew,PERSON,FigureSkating,positive
Max,PERSON,FigureSkating,positive
three,CARDINAL,FigureSkating,positive
USFS,ORG,FigureSkating,positive
Olympics,EVENT,FigureSkating,positive
Piper,PERSON,FigureSkating,negative
one,CARDINAL,FigureSkating,negative
australian,NORP,hockey,positive
NA,ORG,hockey,positive
Dahlmeier,PERSON,biathlon,neutral
Celebrini,PERSON,hockey,positive
Crosby,ORG,hockey,positive
Olympics,EVENT,hockey,positive
OLYMPICS,ORG,biathlon,neutral
Americans,NORP,Curling,positive
iam,PERSON,FigureSkating,positive
iam,PERSON,FigureSkating,positive
Maren Kirkeeide,PERSON,biathlon,negative
the Cross Country,ORG,biathlon,negative
🇯,GPE,olympics,neutral
🇮🇹,PERSON,olympics,neutral
Paetz,NORP,Curling,negative
two,CARDINAL,Curling,negative
Olympics,EVENT,Curling,negative
Isabeau,PERSON,FigureSkating,positive
the the Winter Olympics,EVENT,olympics,positive
all this year,DATE,olympics,positive
DSTV,ORG,olympics,positive
DSTV,ORG,olympics,positive
first,ORDINAL,FigureSkating,neutral
Fournier Beaudry,PERSON,FigureSkating,neutral
Cizeron,ORG,FigureSkating,neutral
Italian,NORP,skiing,negative
Maier,ORG,skiing,negative
Austrian,NORP,skiing,negative
Kennedy,PERSON,Curling,negative
Canadian,NORP,Curling,positive
one,CARDINAL,Curling,positive
Alysa,PERSON,FigureSkating,positive
one,CARDINAL,FigureSkating,positive
first,ORDINAL,FigureSkating,positive
Malinin,GPE,olympics,positive
Vonn,GPE,olympics,positive
winter,DATE,olympics,positive
the last days,DATE,olympics,positive
Vetle,PERSON,biathlon,positive
Sturla,GPE,biathlon,positive
Ballet,GPE,olympics,neutral
Opera,GPE,olympics,neutral
Italian,NORP,olympics,neutral
daily,DATE,olympics,neutral
Winter Olympics,EVENT,olympics,positive
Paris,GPE,olympics,positive
TBH,ORG,olympics,positive
Olympics,EVENT,olympics,positive
NBC,ORG,olympics,positive
Bugler’s Dream,ORG,olympics,positive
europeans,NORP,FigureSkating,negative
this season,DATE,FigureSkating,negative
23/24,CARDINAL,FigureSkating,negative
Canada,GPE,FigureSkating,neutral
Christina Carreira’s FD,ORG,FigureSkating,neutral
Peacock,GPE,olympics,negative
2022,DATE,FigureSkating,negative
Elvira,ORG,biathlon,negative
France,GPE,FigureSkating,positive
LA Summer Games,EVENT,FigureSkating,positive
Italian,NORP,FigureSkating,positive
Amber & Alysa,ORG,FigureSkating,positive
the SP & FP,ORG,FigureSkating,positive
2,CARDINAL,FigureSkating,positive
Alysa,PERSON,FigureSkating,positive
today,DATE,FigureSkating,positive
❤,CARDINAL,FigureSkating,positive
💚,PERSON,FigureSkating,positive
3,CARDINAL,biathlon,positive
3,CARDINAL,biathlon,positive
4,CARDINAL,biathlon,positive
U.S.,GPE,olympics,positive
today,DATE,olympics,positive
9-1,TIME,olympics,positive
Italy,ORG,olympics,positive
Olympics,EVENT,olympics,positive
today,DATE,olympics,positive
Linear,ORG,olympics,neutral
the past 2 weeks,DATE,olympics,positive
Olympics,EVENT,olympics,positive
Miura/Kihara,ORG,FigureSkating,positive
Hase/Volodin,ORG,FigureSkating,positive
Conti/Macii,ORG,FigureSkating,positive
Slaf,ORG,hockey,positive
mid 20s,DATE,hockey,positive
early 30s,DATE,hockey,positive
Canada,GPE,hockey,positive
"Bedsy, Robo",WORK_OF_ART,hockey,positive
Italian,NORP,olympics,neutral
Ami,PERSON,FigureSkating,negative
second,ORDINAL,FigureSkating,negative
PCS,ORG,FigureSkating,negative
a week,DATE,Curling,positive
Rule 1,LAW,FigureSkating,negative
1,CARDINAL,FigureSkating,negative
2,MONEY,olympics,neutral
Finnish,NORP,biathlon,positive
long 28 years,DATE,biathlon,positive
🇮,CARDINAL,biathlon,positive
first,ORDINAL,FigureSkating,positive
Japan,GPE,FigureSkating,positive
Georgia,GPE,FigureSkating,positive
Italy,GPE,FigureSkating,positive
8,CARDINAL,Curling,negative
7,CARDINAL,Curling,negative
Korey,PERSON,Curling,negative
8 foot,QUANTITY,Curling,negative
Sweden,GPE,Curling,negative
two,CARDINAL,Curling,negative
US,GPE,Curling,negative
Stone,ORG,Curling,negative
9,CARDINAL,Curling,negative
Stone,ORG,Curling,negative
9,CARDINAL,Curling,negative
7,CARDINAL,Curling,negative
one,CARDINAL,Curling,negative
third,ORDINAL,Curling,negative
Last 2,DATE,olympics,positive
Canada,GPE,olympics,positive
Milano,ORG,olympics,positive
3.5 years,DATE,FigureSkating,positive
13,CARDINAL,FigureSkating,positive
14,DATE,FigureSkating,positive
first,ORDINAL,olympics,positive
Vanessa,PERSON,biathlon,negative
0+0/0+,DATE,biathlon,negative
40 seconds,TIME,biathlon,negative
Lisa Vittozzi,PERSON,biathlon,positive
the end of the season,DATE,biathlon,positive
Overall,ORG,biathlon,positive
Jeanmonnot,ORG,biathlon,positive
Kirkeeide,GPE,biathlon,positive
Olympics,EVENT,biathlon,positive
years ago,DATE,biathlon,positive
Landy,PERSON,hockey,positive
nazi,NORP,FigureSkating,positive
Optimal,NORP,FigureSkating,positive
13 years,DATE,FigureSkating,positive
one,CARDINAL,FigureSkating,positive
LOT,ORG,FigureSkating,positive
500,CARDINAL,olympics,positive
just 30 minutes,TIME,olympics,positive
years,DATE,olympics,positive
dozens,CARDINAL,olympics,positive
Olympic,EVENT,olympics,positive
51 year old,DATE,olympics,positive
yesterday,DATE,olympics,positive
IOC,ORG,olympics,positive
VOD,ORG,olympics,positive
the United States,GPE,olympics,positive
five,CARDINAL,Curling,neutral
One,CARDINAL,Curling,neutral
first,ORDINAL,Curling,neutral
three,CARDINAL,Curling,neutral
six,CARDINAL,Curling,neutral
four-foot,QUANTITY,Curling,neutral
this morning,TIME,FigureSkating,neutral
first,ORDINAL,biathlon,positive
Biathlon,ORG,olympics,negative
Norway,GPE,olympics,neutral
Finnish,NORP,olympics,neutral
30 years ago,DATE,hockey,negative
Braisaz,PERSON,biathlon,positive
two,CARDINAL,biathlon,positive
Beijing,GPE,biathlon,positive
2,CARDINAL,biathlon,positive
Braisaz,PERSON,biathlon,positive
Great Britain,GPE,olympics,positive
2,CARDINAL,olympics,positive
1,CARDINAL,olympics,positive
the Grand Slams,FAC,Curling,positive
Sweden,GPE,Curling,positive
American,NORP,olympics,neutral
American,NORP,olympics,neutral
Isabella Wranå,PERSON,Curling,neutral
Terminator,WORK_OF_ART,Curling,neutral
Paralympics,ORG,olympics,negative
tomorrow,DATE,olympics,negative
French,NORP,FigureSkating,neutral
Canadian,NORP,FigureSkating,neutral
Canadians,NORP,FigureSkating,neutral
third,ORDINAL,FigureSkating,neutral
Americans,NORP,FigureSkating,neutral
3rd,ORDINAL,FigureSkating,neutral
French,NORP,FigureSkating,neutral
French,NORP,FigureSkating,neutral
Chinese,NORP,FigureSkating,negative
at least 16½-17,CARDINAL,FigureSkating,positive
Olympics,EVENT,FigureSkating,positive
Olympics,EVENT,FigureSkating,positive
10 whole years,DATE,FigureSkating,positive
15,CARDINAL,FigureSkating,positive
Amber,PRODUCT,FigureSkating,positive
26,CARDINAL,FigureSkating,positive
30 year old,DATE,FigureSkating,positive
Amber,LOC,FigureSkating,positive
Sofia,GPE,FigureSkating,positive
Isabeau,PERSON,FigureSkating,positive
Kaori,PERSON,FigureSkating,positive
Alysa,PERSON,FigureSkating,positive
Mone,ORG,FigureSkating,positive
Olympic,EVENT,FigureSkating,positive
Alysa,PERSON,FigureSkating,positive
Rookie,PERSON,hockey,negative
15,CARDINAL,biathlon,positive
Milena,PERSON,biathlon,positive
30,CARDINAL,biathlon,positive
Lora,PERSON,biathlon,positive
4th,ORDINAL,biathlon,positive
11th,ORDINAL,biathlon,positive
Ami,PERSON,FigureSkating,negative
first,ORDINAL,FigureSkating,negative
4 years,DATE,hockey,negative
Star Trek,WORK_OF_ART,FigureSkating,negative
2/3,CARDINAL,FigureSkating,neutral
1/3,CARDINAL,FigureSkating,neutral
USA,GPE,olympics,neutral
Öberg,GPE,biathlon,neutral
Antholz,GPE,biathlon,neutral
Sebbe,ORG,biathlon,neutral
second,ORDINAL,Curling,positive
Thiesse,GPE,Curling,positive
4,CARDINAL,Curling,positive
more than 2010,DATE,hockey,negative
NGCCG,ORG,hockey,negative
about 2010,CARDINAL,hockey,negative
Wheelchair Curling,ORG,olympics,positive
American,NORP,hockey,positive
Makar,PERSON,hockey,positive
Evan,PERSON,hockey,positive
Japanese,NORP,FigureSkating,negative
Evelyn,PERSON,FigureSkating,positive
Trennt,ORG,FigureSkating,positive
Lia,PERSON,FigureSkating,positive
Lia,PERSON,FigureSkating,positive
Trennt,PERSON,FigureSkating,positive
4,CARDINAL,Curling,positive
GER,ORG,Curling,positive
two,CARDINAL,FigureSkating,positive
european,NORP,FigureSkating,positive
THAT](https://youtube.com,ORG,olympics,positive
one day,DATE,olympics,positive
Kennedy,PERSON,Curling,neutral
Stick,FAC,FigureSkating,negative
8th,ORDINAL,Curling,positive
2042,DATE,olympics,negative
Finland,GPE,olympics,positive
Ruka,PERSON,olympics,positive
Levi,PERSON,olympics,positive
NHL,ORG,hockey,positive
last season,DATE,hockey,positive
country](https://www.quanthockey.com/nhl/nationality/,ORG,hockey,positive
420,CARDINAL,hockey,positive
Canada,GPE,hockey,positive
303,CARDINAL,hockey,positive
US,GPE,hockey,positive
97,CARDINAL,hockey,positive
Sweden,GPE,hockey,positive
65,CARDINAL,hockey,positive
Russia,GPE,hockey,positive
56,CARDINAL,hockey,positive
Finland,GPE,hockey,positive
29,CARDINAL,hockey,positive
Czechia,GPE,hockey,positive
Swedish,NORP,hockey,positive
NHLers,ORG,hockey,positive
Finnish,NORP,hockey,positive
non-NHLer,ORG,hockey,positive
25,CARDINAL,hockey,positive
NHL,ORG,hockey,positive
russian,NORP,FigureSkating,positive
second,ORDINAL,FigureSkating,positive
France,GPE,olympics,neutral
Germany,GPE,olympics,neutral
German,NORP,olympics,neutral
3 years,DATE,olympics,neutral
10 months,DATE,olympics,neutral
Olympics,EVENT,olympics,neutral
Homan,PERSON,Curling,positive
Globe,ORG,Curling,positive
Ilia Malinin,PERSON,Curling,positive
Stojko,PERSON,Curling,positive
53,DATE,Curling,positive
one,CARDINAL,Curling,positive
Canada,GPE,Curling,positive
one,CARDINAL,Curling,positive
years,DATE,Curling,positive
the years,DATE,Curling,positive
Slopestyle,PERSON,olympics,negative
F. Claude,PERSON,biathlon,positive
a few meters,QUANTITY,biathlon,positive
Lou,PERSON,biathlon,positive
Jacquelin,PERSON,biathlon,positive
Communists,NORP,FigureSkating,neutral
Chinese,NORP,olympics,negative
Round Robin,FAC,olympics,negative
2022,DATE,FigureSkating,positive
🦽,CARDINAL,olympics,neutral
👉🥌,ORG,olympics,neutral
Amber,ORG,FigureSkating,negative
Jumps,PERSON,olympics,negative
four,CARDINAL,olympics,positive
NFL,ORG,olympics,positive
Hamas,ORG,olympics,negative
Gaza,GPE,olympics,negative
two,CARDINAL,olympics,negative
U.S.,GPE,olympics,negative
Israel,GPE,olympics,negative
Nazgul,GPE,olympics,positive
February of 2034,DATE,hockey,neutral
38,CARDINAL,hockey,neutral
JAPAN,GPE,FigureSkating,neutral
Russians,NORP,hockey,positive
NHL,ORG,hockey,positive
KHL,ORG,hockey,positive
the Team Event,ORG,FigureSkating,negative
10 days,DATE,FigureSkating,negative
Team and Individual,ORG,FigureSkating,negative
Ponsi,ORG,biathlon,neutral
Val,PERSON,biathlon,neutral
Rule 4,LAW,FigureSkating,negative
4,CARDINAL,FigureSkating,negative
XYZ,PERSON,FigureSkating,negative
ABC,ORG,FigureSkating,negative
XYZ,PERSON,FigureSkating,negative
four,CARDINAL,FigureSkating,negative
3 day,DATE,FigureSkating,negative
first,ORDINAL,FigureSkating,negative
second,ORDINAL,FigureSkating,negative
third,ORDINAL,FigureSkating,negative
Sweden,GPE,olympics,positive
Yuzuru Hanyu,PERSON,FigureSkating,positive
Yuzuru,GPE,FigureSkating,positive
ISU,ORG,FigureSkating,positive
Yuzuru Hanyu,PERSON,FigureSkating,positive
ISU,ORG,FigureSkating,positive
PCS,ORG,FigureSkating,positive
Юзуру Ханью Лакерник,PERSON,FigureSkating,positive
Google,ORG,FigureSkating,positive
"December 16, 2015",DATE,FigureSkating,positive
Russian,LANGUAGE,FigureSkating,positive
English,LANGUAGE,FigureSkating,positive
Lakernik,PERSON,FigureSkating,positive
the ISU Technical Committee,ORG,FigureSkating,positive
Yuzuru Hanyu,PERSON,FigureSkating,positive
the sprints few days ago,DATE,biathlon,negative
Norway,GPE,biathlon,negative
USA,GPE,biathlon,negative
seconds,TIME,biathlon,negative
Finland,GPE,biathlon,negative
FIS,ORG,biathlon,negative
CAS,ORG,biathlon,negative
FIS,ORG,biathlon,negative
Paddington,ORG,olympics,neutral
We Are Lady Parts,WORK_OF_ART,FigureSkating,neutral
non-Olympics,ORG,FigureSkating,neutral
Europeans,NORP,olympics,negative
Jordan,GPE,olympics,positive
first,ORDINAL,olympics,positive
recent years,DATE,olympics,positive
3,CARDINAL,hockey,positive
2020,DATE,hockey,positive
10,CARDINAL,hockey,positive
Canadians,NORP,hockey,positive
2,CARDINAL,hockey,positive
Americans,NORP,hockey,positive
Swedes,NORP,hockey,positive
Slovaks,ORG,hockey,positive
1,CARDINAL,hockey,positive
NHL,ORG,hockey,positive
Utah,GPE,hockey,positive
one,CARDINAL,hockey,positive
San Jose,GPE,hockey,positive
the east coast,LOC,hockey,positive
Olympics,EVENT,olympics,positive
paul maurice’s,PERSON,hockey,positive
mikkola,ORG,hockey,positive
paul maurice’s,PERSON,hockey,positive
UK,GPE,FigureSkating,negative
BBC,ORG,FigureSkating,negative
Diving,PERSON,olympics,positive
Olympics,EVENT,olympics,positive
😁,PERSON,olympics,positive
first,ORDINAL,Curling,positive
Olympics,EVENT,Curling,positive
Olympics,EVENT,Curling,positive
Jacobs vs Mouat,ORG,Curling,positive
one,CARDINAL,Curling,positive
Ya,PERSON,FigureSkating,positive
Goodman,ORG,hockey,neutral
Woodman,PRODUCT,hockey,neutral
KD Lang,PERSON,olympics,positive
Travel Megathread,ORG,olympics,positive
FYI,ORG,Curling,positive
Peacock,ORG,Curling,positive
NBC,ORG,hockey,positive
NHL,ORG,hockey,positive
Celebrini,PERSON,hockey,positive
Sharks,PERSON,hockey,positive
the week,DATE,hockey,positive
NBC,ORG,hockey,positive
Kings,ORG,hockey,positive
the late 2000's,DATE,hockey,positive
Detroit,GPE,hockey,positive
Wings,ORG,hockey,positive
the Eastern Conf,LOC,hockey,positive
Thornton/Marleau,ORG,hockey,positive
NBC,ORG,hockey,positive
Bettman,PRODUCT,hockey,positive
a few billion,MONEY,hockey,positive
Celebrini,PERSON,hockey,positive
Boston,GPE,hockey,positive
Beijing,GPE,biathlon,positive
Jeanmonnot,ORG,biathlon,positive
Lagreid,ORG,biathlon,positive
Lollllllllll Frozen,PERSON,FigureSkating,negative
first,ORDINAL,FigureSkating,negative
Ray,PERSON,FigureSkating,negative
Olympics,EVENT,olympics,negative
Olympic,EVENT,olympics,negative
tomorrow,DATE,olympics,negative
Olympic,EVENT,olympics,negative
Vancouver,GPE,hockey,positive
Richmond,GPE,hockey,positive
american,NORP,hockey,positive
NHL,ORG,hockey,positive
Crosby,ORG,hockey,positive
last year,DATE,hockey,positive
4th,ORDINAL,FigureSkating,negative
Olympics,EVENT,FigureSkating,negative
Russians,NORP,FigureSkating,negative
2022,CARDINAL,FigureSkating,negative
a year,DATE,FigureSkating,negative
the wrong year,DATE,FigureSkating,negative
5,CARDINAL,FigureSkating,negative
18,CARDINAL,FigureSkating,negative
polish,NORP,FigureSkating,positive
German,NORP,biathlon,positive
this season,DATE,biathlon,positive
Preuß,PERSON,biathlon,positive
Italy,GPE,olympics,positive
3rd,ORDINAL,olympics,positive
11,CARDINAL,olympics,positive
1,CARDINAL,olympics,positive
the 90s,DATE,FigureSkating,positive
Worlds,ORG,FigureSkating,positive
Jason,PERSON,FigureSkating,positive
Japan,GPE,FigureSkating,positive
3,CARDINAL,FigureSkating,positive
next year's,DATE,FigureSkating,positive
Georgia,GPE,FigureSkating,positive
Nika,PERSON,FigureSkating,positive
Korea,GPE,FigureSkating,positive
Jun,PERSON,FigureSkating,positive
Italian,NORP,FigureSkating,positive
France,GPE,FigureSkating,positive
Norway,GPE,olympics,positive
the Winter Olympics,EVENT,olympics,positive
Ilia,PERSON,FigureSkating,positive
under two months ago,DATE,FigureSkating,positive
7,CARDINAL,FigureSkating,positive
years,DATE,FigureSkating,positive
Petrosian,NORP,FigureSkating,negative
13 hours ago,TIME,biathlon,positive
08:46 AM,TIME,biathlon,positive
13 hours ago,TIME,biathlon,positive
CBC Gem,PRODUCT,Curling,neutral
Olympic,DATE,hockey,positive
4 years,DATE,hockey,positive
Albertville,PERSON,olympics,neutral
92,CARDINAL,olympics,neutral
Truth Social,GPE,hockey,negative
Canadian,NORP,hockey,negative
Russia,GPE,FigureSkating,positive
US,GPE,FigureSkating,positive
Eileen Gu,PERSON,FigureSkating,positive
China,GPE,FigureSkating,positive
US,GPE,FigureSkating,positive
Gus Kenworthy,PERSON,FigureSkating,positive
US,GPE,FigureSkating,positive
Great Britain,GPE,FigureSkating,positive
Norwegian,NORP,FigureSkating,positive
Brazilian,NORP,FigureSkating,positive
Brazil,GPE,FigureSkating,positive
Piper,PERSON,FigureSkating,positive
Paul,ORG,FigureSkating,positive
French,NORP,FigureSkating,positive
Euros,PERSON,FigureSkating,positive
about 6,CARDINAL,Curling,positive
Android,ORG,Curling,positive
the Duluth Trading Company,ORG,FigureSkating,negative
Wisconsin,GPE,FigureSkating,negative
US,GPE,olympics,positive
"Diversity, Equity",ORG,olympics,positive
Inclusion,GPE,olympics,positive
US,GPE,olympics,positive
Katherine Medland Spence,PERSON,FigureSkating,neutral
today,DATE,FigureSkating,neutral
Tokyo,GPE,olympics,positive
5,CARDINAL,olympics,positive
6,CARDINAL,olympics,positive
Lilleharmer,DATE,olympics,positive
7,CARDINAL,olympics,positive
20 medals,QUANTITY,olympics,positive
Combined,ORG,olympics,neutral
these past two,DATE,Curling,negative
US,GPE,olympics,positive
russia,GPE,hockey,negative
kamilas,PERSON,FigureSkating,negative
US,GPE,olympics,negative
First,ORDINAL,hockey,negative
NBA,ORG,hockey,negative
French,NORP,hockey,negative
Burgundy,ORG,hockey,negative
17,CARDINAL,hockey,positive
Team USA,ORG,hockey,positive
U17,ORG,hockey,positive
U18,ORG,hockey,positive
"Larkin, Matthews, Eichel",ORG,hockey,positive
Connor,ORG,hockey,positive
2014,DATE,hockey,positive
30 years,DATE,hockey,positive
American,NORP,hockey,positive
Ingrid,PERSON,biathlon,positive
this day,DATE,biathlon,positive
Maren,PERSON,biathlon,positive
USA,GPE,olympics,positive
China,GPE,olympics,positive
the Netherlands,GPE,olympics,positive
the Bay area,LOC,FigureSkating,positive
first,ORDINAL,olympics,positive
1908,DATE,olympics,positive
Olympic,EVENT,olympics,positive
1928,DATE,olympics,positive
1932,DATE,olympics,positive
1948,DATE,olympics,positive
2028,DATE,olympics,positive
Summer Olympic Games,EVENT,olympics,positive
Flag American Football,ORG,olympics,positive
Lacrosse,ORG,olympics,positive
Baseball/Softball,ORG,olympics,positive
Gretzky,PERSON,olympics,negative
decades,DATE,skiing,positive
one,CARDINAL,skiing,positive
8 years,DATE,Curling,neutral
Olympics,EVENT,Curling,neutral
Shuster,WORK_OF_ART,Curling,neutral
2018,DATE,Curling,neutral
2022,DATE,Curling,neutral
Casper,GPE,Curling,neutral
2026,DATE,Curling,neutral
Men’s,ORG,Curling,neutral
Persinger/Plys,ORG,Curling,neutral
Hamilton,PERSON,Curling,neutral
Mixed,PERSON,Curling,neutral
USA,GPE,Curling,neutral
2,CARDINAL,olympics,positive
Ilia,GPE,FigureSkating,positive
first,ORDINAL,FigureSkating,positive
Rule 2:,PRODUCT,FigureSkating,negative
Drama,PERSON,FigureSkating,negative
2,CARDINAL,FigureSkating,negative
troll,ORG,FigureSkating,negative
4,CARDINAL,FigureSkating,negative
Skeleton,ORG,olympics,neutral
first,ORDINAL,FigureSkating,positive
three,CARDINAL,FigureSkating,positive
Russian-American,NORP,FigureSkating,positive
Russian,NORP,FigureSkating,positive
Adeliia,PERSON,FigureSkating,positive
this season,DATE,FigureSkating,positive
UK,GPE,biathlon,neutral
Mongolia,GPE,biathlon,neutral
Drama,PERSON,biathlon,positive
Olympic,EVENT,Curling,negative
five,CARDINAL,Curling,negative
US,GPE,Curling,negative
Swiss,NORP,Curling,negative
three,CARDINAL,Curling,negative
One,CARDINAL,biathlon,neutral
2nd,ORDINAL,FigureSkating,negative
more than one,CARDINAL,FigureSkating,positive
one,CARDINAL,FigureSkating,positive
17 year,DATE,FigureSkating,positive
Kaori,PERSON,FigureSkating,positive
Response,ORG,FigureSkating,positive
Maren,PERSON,biathlon,positive
Smart,ORG,biathlon,positive
Yuzuru,ORG,FigureSkating,neutral
31,DATE,FigureSkating,neutral
Mouat,PERSON,Curling,positive
Olympics,EVENT,Curling,positive
first,ORDINAL,olympics,positive
winter,DATE,olympics,positive
2010,DATE,olympics,positive
2030,DATE,olympics,positive
2028,DATE,olympics,positive
LA,GPE,olympics,neutral
Dale,ORG,biathlon,positive
Dale Horn,PERSON,biathlon,positive
Christiansen,PERSON,biathlon,positive
Dale/Vetle,ORG,biathlon,positive
Olympics,EVENT,biathlon,positive
Horn,LOC,biathlon,positive
Ilia,GPE,FigureSkating,positive
Olympics,EVENT,biathlon,positive
second,ORDINAL,biathlon,positive
Italian,NORP,biathlon,positive
the 2010s,DATE,biathlon,positive
Uldal,ORG,biathlon,positive
15 years ago,DATE,biathlon,positive
Uldal,ORG,biathlon,positive
Sturla,ORG,biathlon,negative
US,GPE,olympics,positive
Ilia,GPE,olympics,positive
today,DATE,olympics,positive
today,DATE,olympics,positive
Olympics,EVENT,olympics,positive
this year,DATE,olympics,neutral
italy,GPE,biathlon,positive
IPC,ORG,FigureSkating,neutral
about a bad day,DATE,biathlon,negative
1,CARDINAL,FigureSkating,negative
over many hundreds,CARDINAL,olympics,positive
around 10 minutes,TIME,olympics,positive
first,ORDINAL,olympics,positive
Women's Giant,ORG,olympics,positive
three,CARDINAL,olympics,positive
first,ORDINAL,olympics,positive
Olympic,EVENT,Curling,positive
8 months later,DATE,FigureSkating,positive
Silicon Valley SWE,ORG,FigureSkating,positive
HVAC,NORP,FigureSkating,positive
GB,PERSON,olympics,positive
6,CARDINAL,olympics,positive
Latvia,GPE,olympics,positive
first,ORDINAL,olympics,positive
GB,GPE,olympics,positive
NHL,ORG,hockey,positive
Crosby,PERSON,hockey,positive
Olympics,EVENT,hockey,positive
4 years,DATE,hockey,positive
US,GPE,olympics,negative
5%,PERCENT,olympics,negative
a 3 hour,TIME,olympics,negative
Texas,GPE,olympics,negative
Florida,GPE,olympics,negative
the Winter Olympics,EVENT,olympics,negative
3rd,ORDINAL,skiing,neutral
Northern Italy,LOC,olympics,positive
Sun,LOC,olympics,positive
Milan,GPE,olympics,negative
American,NORP,olympics,negative
America,GPE,olympics,negative
2028,DATE,olympics,negative
American,NORP,olympics,negative
Milan,GPE,olympics,negative
Vance,PERSON,olympics,negative
ParaOlympics,ORG,FigureSkating,positive
6,CARDINAL,olympics,positive
Women's Nordic Combined,ORG,olympics,positive
Parralel Giant Slalom,ORG,olympics,positive
Palestinians,NORP,FigureSkating,negative
Olympics,EVENT,FigureSkating,negative
Botn,ORG,biathlon,positive
Botn,PERSON,biathlon,positive
Botn,PERSON,biathlon,positive
Lagreid,ORG,biathlon,positive
Elis,PERSON,olympics,positive
47,CARDINAL,olympics,neutral
Belarus,ORG,hockey,positive
0,CARDINAL,hockey,positive
Russia,GPE,hockey,positive
Russia,GPE,hockey,positive
1,MONEY,hockey,positive
2024,DATE,olympics,neutral
Paris Olympics,EVENT,olympics,neutral
Tahiti,GPE,olympics,neutral
nearly 10k miles,QUANTITY,olympics,neutral
16k kilometres,QUANTITY,olympics,neutral
Canada,GPE,olympics,negative
first,ORDINAL,biathlon,negative
today,DATE,Curling,neutral
China,GPE,Curling,neutral
6th,ORDINAL,Curling,neutral
Kennedy,PERSON,Curling,neutral
7th,ORDINAL,Curling,neutral
USA,GPE,olympics,negative
Svendsen,PERSON,biathlon,negative
2014,DATE,biathlon,negative
Vetle,PERSON,biathlon,negative
2024,DATE,biathlon,negative
Nove Mesto,WORK_OF_ART,biathlon,negative
Elvira,ORG,biathlon,positive
Kirkeeide,LOC,biathlon,negative
20,CARDINAL,biathlon,negative
Vittozzi,ORG,biathlon,negative
Yuna,GPE,FigureSkating,positive
Sochi,GPE,FigureSkating,positive
Jun,PERSON,FigureSkating,positive
Milano,GPE,FigureSkating,positive
last night,TIME,FigureSkating,positive
China,GPE,olympics,negative
US,GPE,olympics,negative
12 hour,TIME,olympics,negative
10am,TIME,olympics,neutral
Flyers Practice Facility,ORG,olympics,neutral
Dee,PERSON,FigureSkating,positive
winter,DATE,FigureSkating,positive
’s,NORP,FigureSkating,positive
Madi & Evan,ORG,FigureSkating,positive
Madi,PERSON,FigureSkating,positive
2050,DATE,hockey,neutral
Alexander,PERSON,olympics,positive
Robinson,PERSON,olympics,positive
Edin,PERSON,Curling,positive
WC,ORG,Curling,positive
many years ago,DATE,Curling,positive
China,GPE,Curling,positive
Canadian,NORP,Curling,positive
Slams,PRODUCT,Curling,positive
Olympic,FAC,olympics,negative
IOC,ORG,olympics,negative
Russia,GPE,olympics,negative
three,CARDINAL,olympics,negative
Olympic,FAC,olympics,negative
IOC,ORG,olympics,negative
Pakistan,GPE,olympics,negative
Afghanistan,GPE,olympics,negative
this week,DATE,olympics,negative
China,GPE,olympics,negative
Taiwan,GPE,olympics,negative
Olympics,EVENT,olympics,negative
Khameni,PERSON,olympics,negative
IOC,ORG,olympics,negative
Canada,GPE,olympics,neutral
today,DATE,olympics,neutral
Ilia,GPE,FigureSkating,neutral
the Winter Equivalent,ORG,FigureSkating,positive
Yuma,PERSON,olympics,positive
Kaori,PERSON,olympics,positive
2:10,ORDINAL,olympics,positive
Harry Watson,PERSON,hockey,negative
Harry,PERSON,hockey,negative
3,CARDINAL,FigureSkating,negative
South Korea,GPE,FigureSkating,negative
3,CARDINAL,FigureSkating,negative
7 October,DATE,olympics,negative
Amber,ORG,FigureSkating,positive
the past four years,DATE,FigureSkating,positive
Yuma,PERSON,FigureSkating,positive
Alpine Skiing,PERSON,olympics,neutral
Ehhh,PERSON,FigureSkating,positive
Shun,PERSON,FigureSkating,positive
Malinin,PERSON,FigureSkating,positive
TES,ORG,FigureSkating,positive
2022,DATE,FigureSkating,positive
Olympics,EVENT,FigureSkating,positive
Cup,EVENT,FigureSkating,positive
Austria,GPE,FigureSkating,positive
the ISU Communication,ORG,FigureSkating,positive
2395,DATE,FigureSkating,positive
that season,DATE,FigureSkating,positive
Olympics,EVENT,FigureSkating,positive
4CC,CARDINAL,FigureSkating,positive
Europeand,GPE,FigureSkating,positive
28,CARDINAL,FigureSkating,positive
46,CARDINAL,FigureSkating,positive
Men's FS,ORG,FigureSkating,positive
that year,DATE,FigureSkating,positive
World,ORG,FigureSkating,positive
TES Minimums,PERSON,FigureSkating,positive
Olympic,EVENT,FigureSkating,positive
the end of February,DATE,FigureSkating,positive
Junior World's,ORG,FigureSkating,positive
Ilia,GPE,FigureSkating,positive
yesterday,DATE,Curling,negative
Mosaner,ORG,Curling,negative
a bad day,DATE,Curling,negative
today,DATE,Curling,negative
zero,CARDINAL,Curling,negative
Mosaner,ORG,Curling,negative
alysa picking,PERSON,FigureSkating,neutral
misha,ORG,FigureSkating,neutral
li yu hsiang’s,PERSON,FigureSkating,neutral
taiwanese,NORP,FigureSkating,neutral
New Zealand,GPE,olympics,negative
10,CARDINAL,FigureSkating,positive
Riedell,PERSON,FigureSkating,positive
Jackson’s,ORG,FigureSkating,positive
Edin,PERSON,Curling,positive
first,ORDINAL,hockey,positive
years,DATE,hockey,positive
first,ORDINAL,hockey,positive
tom wilson,PERSON,hockey,positive
873,CARDINAL,hockey,positive
Team USA,ORG,FigureSkating,positive
FS,ORG,FigureSkating,positive
maurizio,PERSON,FigureSkating,negative
1,CARDINAL,hockey,positive
10+ years,DATE,hockey,positive
the City of Toronto,GPE,hockey,positive
Canada,GPE,hockey,positive
Hughes,ORG,hockey,positive
Toronto,GPE,hockey,positive
Jim,PERSON,hockey,positive
about 10 years,DATE,hockey,positive
three,CARDINAL,hockey,positive
two days later,DATE,hockey,neutral
today,DATE,Curling,positive
Mixed Doubles,PERSON,Curling,positive
2007,DATE,hockey,positive
20,DATE,hockey,positive
45,DATE,FigureSkating,positive
42,CARDINAL,FigureSkating,positive
Turks,NORP,olympics,positive
half,CARDINAL,olympics,positive
Norwegian,NORP,olympics,positive
Norway,GPE,olympics,positive
Norway,GPE,olympics,positive
Norway,GPE,olympics,positive
Olympics,EVENT,olympics,positive
Brazil,GPE,olympics,positive
Olympics,EVENT,olympics,positive
Norwegian,NORP,olympics,positive
2022,DATE,olympics,positive
Olympics,EVENT,FigureSkating,positive
Tuesday,DATE,olympics,positive
Qualification Round,ORG,olympics,positive
6,CARDINAL,olympics,positive
Germany,GPE,olympics,positive
11,CARDINAL,olympics,positive
France,GPE,olympics,positive
5,CARDINAL,olympics,positive
Switzerland,GPE,olympics,positive
12,CARDINAL,olympics,positive
Italy,GPE,olympics,positive
10:40,CARDINAL,olympics,positive
8),CARDINAL,olympics,positive
9,CARDINAL,olympics,positive
Denmark,GPE,olympics,positive
Sweden,GPE,olympics,positive
10,CARDINAL,olympics,positive
Latvia,GPE,olympics,positive
Wednesday,DATE,olympics,positive
3,CARDINAL,olympics,positive
Slovakia,ORG,olympics,positive
GER,ORG,olympics,positive
10:40 - (1,CARDINAL,olympics,positive
Canada,GPE,olympics,positive
CZE,ORG,olympics,positive
4,CARDINAL,olympics,positive
Finland,GPE,olympics,positive
2,CARDINAL,olympics,positive
the 2030 Olympics,EVENT,FigureSkating,negative
Sasha,PERSON,FigureSkating,negative
ISU,ORG,FigureSkating,negative
Russian,NORP,FigureSkating,negative
IOC,ORG,FigureSkating,negative
Russian,NORP,FigureSkating,negative
the 2030 Olympics,EVENT,FigureSkating,negative
Milano,ORG,FigureSkating,negative
Sasha,GPE,FigureSkating,negative
Olympics,EVENT,FigureSkating,negative
GPF/Worlds/Euros,ORG,FigureSkating,negative
6,CARDINAL,FigureSkating,positive
only 5,CARDINAL,FigureSkating,positive
Japan,GPE,FigureSkating,positive
FD,ORG,FigureSkating,positive
US,GPE,FigureSkating,positive
Japan,GPE,FigureSkating,positive
France,GPE,FigureSkating,positive
US,GPE,FigureSkating,positive
FD,ORG,FigureSkating,positive
Japan,GPE,FigureSkating,positive
Japan,GPE,FigureSkating,positive
US,GPE,FigureSkating,positive
US,GPE,olympics,negative
GoPro,ORG,olympics,neutral
GoPro,ORG,olympics,neutral
Bobsledder Elana Meyers Taylor,PERSON,FigureSkating,positive
2022,DATE,FigureSkating,positive
4th,ORDINAL,FigureSkating,positive
Olympics,EVENT,FigureSkating,positive
Opening,WORK_OF_ART,FigureSkating,positive
COVID,PERSON,FigureSkating,positive
AHL,ORG,hockey,positive
Binnington,ORG,hockey,positive
the weekend,DATE,olympics,positive
2,CARDINAL,FigureSkating,neutral
2010,DATE,hockey,negative
20 year old,DATE,hockey,negative
Doughty,PERSON,hockey,negative
2026,DATE,hockey,negative
Schaefer,PERSON,hockey,negative
Doughty,ORG,hockey,negative
one,CARDINAL,hockey,negative
Sanheim,GPE,hockey,negative
Parayko,ORG,hockey,negative
Four,CARDINAL,hockey,negative
Four,CARDINAL,hockey,negative
US,GPE,hockey,negative
Binnington,PERSON,hockey,negative
Canada,GPE,hockey,negative
Italy,GPE,hockey,negative
Hockey Canada,ORG,hockey,negative
Germany,GPE,Curling,neutral
n’t,GPE,Curling,neutral
Canada,GPE,Curling,neutral
Non ho capito,PERSON,olympics,neutral
Germany,GPE,hockey,positive
NHL,ORG,hockey,positive
Nah,PERSON,olympics,negative
Switz,PRODUCT,olympics,neutral
Olympic,EVENT,olympics,positive
NHL,ORG,olympics,positive
Kennedy,PERSON,Curling,negative
Kennedy,PERSON,Curling,negative
zero,CARDINAL,Curling,negative
Kennedy,PERSON,Curling,negative
Lian Bichsel,PERSON,hockey,negative
Bob,PERSON,olympics,positive
Luge and Skelly,ORG,olympics,positive
28,CARDINAL,olympics,positive
African American,NORP,olympics,positive
Asian,NORP,olympics,positive
American,NORP,olympics,positive
Americans,NORP,olympics,positive
Americans,NORP,olympics,positive
Americans,NORP,olympics,positive
Americans,NORP,olympics,positive
Americans,NORP,olympics,positive
Americans,NORP,olympics,positive
Italian,NORP,olympics,positive
American,NORP,olympics,positive
Irish American,NORP,olympics,positive
African American,NORP,olympics,positive
Asian,NORP,olympics,positive
American,NORP,olympics,positive
Korean American,NORP,olympics,positive
Kenyan American,NORP,olympics,positive
decades,DATE,olympics,positive
U.S.,GPE,olympics,positive
1964,DATE,olympics,positive
Jake Paul,PERSON,olympics,negative
weeks,DATE,olympics,positive
Olympics,EVENT,hockey,positive
Germany,GPE,biathlon,negative
Philipp Horn,PERSON,biathlon,negative
Federica,ORG,skiing,negative
ACL,ORG,skiing,negative
Olympics,EVENT,skiing,negative
Ukraine,GPE,olympics,positive
IOC,ORG,olympics,positive
Ilia,PERSON,FigureSkating,positive
4,CARDINAL,FigureSkating,positive
less than week,DATE,FigureSkating,positive
USFS,ORG,FigureSkating,positive
Andrew,PERSON,FigureSkating,positive
first,ORDINAL,FigureSkating,positive
Jacob,PERSON,FigureSkating,positive
Jason,PERSON,FigureSkating,positive
Jason,PERSON,FigureSkating,positive
Olympics,EVENT,FigureSkating,positive
Worlds,PERSON,FigureSkating,positive
Olympics,EVENT,FigureSkating,positive
Ilia,GPE,FigureSkating,positive
USFS,ORG,FigureSkating,positive
Andrew,PERSON,FigureSkating,positive
Olympics,EVENT,FigureSkating,positive
Jacob,PERSON,FigureSkating,positive
Max,PERSON,FigureSkating,positive
Andrew,PERSON,FigureSkating,positive
The World Championships,EVENT,Curling,positive
Olympics,EVENT,olympics,negative
YouTube,PRODUCT,olympics,negative
a few years,DATE,hockey,positive
the Challenge Cup,EVENT,hockey,positive
PCHA,ORG,hockey,positive
7,CARDINAL,hockey,positive
NHL,ORG,hockey,positive
WCHL,ORG,hockey,positive
6,CARDINAL,hockey,positive
Stanley Cup,EVENT,hockey,positive
PCHA,ORG,hockey,positive
Rover,ORG,hockey,positive
Canadian,NORP,hockey,positive
USA,GPE,hockey,positive
years of 2015-2020,DATE,hockey,positive
Canadian,NORP,hockey,positive
"McDavid, Marner",ORG,hockey,positive
Makar,PERSON,hockey,positive
Celebrini,PERSON,hockey,positive
Bedard,PERSON,hockey,positive
Canada,GPE,hockey,positive
Crosby,PERSON,hockey,positive
Winter Paralympics,ORG,olympics,neutral
February,DATE,olympics,neutral
March,DATE,olympics,neutral
2006,DATE,olympics,positive
84,CARDINAL,olympics,positive
116,CARDINAL,olympics,positive
38%,PERCENT,olympics,positive
2006,DATE,olympics,positive
Je Ne,PERSON,FigureSkating,positive
Regrette Rien,PERSON,FigureSkating,positive
🥹,PERSON,FigureSkating,positive
USA,GPE,olympics,negative
3x,CARDINAL,olympics,negative
last night,TIME,olympics,negative
half,CARDINAL,olympics,negative
this season,DATE,biathlon,positive
2,CARDINAL,biathlon,positive
today,DATE,biathlon,positive
three,CARDINAL,biathlon,positive
Saturday,DATE,Curling,positive
morning,TIME,Curling,positive
winter,DATE,olympics,positive
at least one,CARDINAL,olympics,positive
the past 20-30 years,DATE,FigureSkating,negative
Evan,PERSON,FigureSkating,negative
Lindsey Vonn,PERSON,FigureSkating,negative
Tessa,PERSON,FigureSkating,negative
Scott,ORG,FigureSkating,negative
last night,TIME,olympics,positive
IOC,ORG,hockey,positive
Russia,GPE,hockey,positive
Kim Yuna's,PERSON,olympics,positive
Canada,GPE,olympics,positive
US,GPE,hockey,neutral
Canada,GPE,hockey,neutral
Slovakia,ORG,hockey,neutral
Dvorsky,PERSON,hockey,neutral
US,GPE,olympics,negative
Italian,NORP,FigureSkating,neutral
American,NORP,FigureSkating,neutral
Dale,ORG,biathlon,positive
20/20,CARDINAL,biathlon,positive
first,ORDINAL,biathlon,positive
Laegreid,PERSON,biathlon,positive
French,NORP,biathlon,positive
Horn,LOC,biathlon,positive
one,CARDINAL,olympics,negative
the beginning of the season,DATE,biathlon,positive
french,NORP,biathlon,positive
JBB,ORG,biathlon,positive
Océane,PERSON,biathlon,positive
Polkjuka,GPE,biathlon,positive
last season,DATE,biathlon,positive
Michelon,ORG,biathlon,positive
September,DATE,biathlon,positive
October,DATE,biathlon,positive
Michelon,ORG,biathlon,positive
that weekend,DATE,biathlon,positive
Botn,PERSON,biathlon,positive
Ponsiluoma,GPE,biathlon,positive
Fillon-Maillet,ORG,biathlon,positive
Google,ORG,hockey,negative
August 7th,DATE,hockey,negative
Czechia,NORP,olympics,negative
first,ORDINAL,olympics,negative
USA,GPE,olympics,negative
Trump,ORG,olympics,neutral
Gestapo,PERSON,olympics,neutral
Twitch,ORG,FigureSkating,neutral
last year,DATE,FigureSkating,neutral
Olympic,FAC,olympics,negative
this season,DATE,biathlon,positive
French,NORP,biathlon,positive
Sjusjoen,GPE,biathlon,positive
IBU,ORG,biathlon,positive
European,NORP,biathlon,positive
Kennedy,PERSON,Curling,negative
Canada,GPE,Curling,negative
Swedes,NORP,Curling,negative
Russia,GPE,FigureSkating,neutral
Lara,ORG,FigureSkating,positive
3A,CARDINAL,FigureSkating,positive
2,CARDINAL,FigureSkating,positive
3,CARDINAL,FigureSkating,positive
Gubs,PERSON,FigureSkating,positive
Scotties,ORG,Curling,positive
Rob,PERSON,Curling,positive
two,CARDINAL,Curling,positive
one,CARDINAL,Curling,positive
three,CARDINAL,Curling,positive
10,CARDINAL,FigureSkating,positive
Ilia,GPE,FigureSkating,negative
Raf,ORG,FigureSkating,negative
summer,DATE,olympics,positive
Olympics,EVENT,olympics,positive
2 years ago,DATE,olympics,positive
last year,DATE,olympics,positive
GB,PERSON,FigureSkating,negative
Caroline Harvey,PERSON,hockey,positive
.980,DATE,hockey,positive
NBC,ORG,FigureSkating,negative
one,CARDINAL,FigureSkating,negative
china,GPE,FigureSkating,neutral
Calgarian,NORP,hockey,positive
2004,DATE,hockey,positive
first,ORDINAL,FigureSkating,positive
"Panjabi Mc ""Yogi",ORG,FigureSkating,positive
second,ORDINAL,FigureSkating,positive
non-Western,NORP,FigureSkating,positive
Max Martin,PERSON,FigureSkating,positive
Taylor Swift,PERSON,FigureSkating,positive
Laegreid,ORG,biathlon,positive
third,ORDINAL,biathlon,positive
Norwegian,NORP,olympics,positive
Brazil,GPE,olympics,positive
JBB,ORG,biathlon,positive
a shitty season,DATE,biathlon,positive
Braisaz,PERSON,biathlon,positive
Olympics,EVENT,biathlon,positive
Braisaz,PERSON,biathlon,positive
1,CARDINAL,FigureSkating,positive
Misha,PERSON,FigureSkating,positive
Olympic,EVENT,FigureSkating,positive
Jun,PERSON,FigureSkating,positive
Shun,PERSON,FigureSkating,positive
Misha,PERSON,FigureSkating,positive
2,CARDINAL,FigureSkating,positive
Miura/Kihara’s Gladiator,ORG,FigureSkating,positive
Olympics,EVENT,FigureSkating,positive
WR,ORG,FigureSkating,positive
Riku,ORG,FigureSkating,positive
3,CARDINAL,FigureSkating,positive
Ami,PERSON,FigureSkating,positive
Alysa,PERSON,FigureSkating,positive
Ami,PERSON,FigureSkating,positive
4,CARDINAL,FigureSkating,positive
Yuma,PERSON,FigureSkating,positive
Shun,PERSON,FigureSkating,positive
Yuma,GPE,FigureSkating,positive
Shun,PERSON,FigureSkating,positive
Shun,PERSON,FigureSkating,positive
Yuma,PERSON,FigureSkating,positive
Shun,PERSON,FigureSkating,positive
Bennett,PERSON,hockey,positive
Marchand,GPE,hockey,positive
Panthers,NORP,hockey,positive
Cup,EVENT,hockey,positive
White House,ORG,hockey,positive
Lol JFed,PERSON,FigureSkating,negative
Technically Ami,PERSON,FigureSkating,negative
this season,DATE,FigureSkating,negative
JFed,ORG,FigureSkating,negative
Alysa,PERSON,FigureSkating,negative
PCS,ORG,FigureSkating,negative
Ami,PERSON,FigureSkating,negative
Mao,PERSON,FigureSkating,negative
no.1,ORG,FigureSkating,negative
next season,DATE,FigureSkating,negative
Kinda,GPE,FigureSkating,negative
2,CARDINAL,FigureSkating,negative
1,CARDINAL,FigureSkating,negative
Beijing,GPE,FigureSkating,negative
4th,ORDINAL,FigureSkating,neutral
5th,ORDINAL,FigureSkating,neutral
two,CARDINAL,biathlon,positive
morning,TIME,olympics,positive
first,ORDINAL,olympics,positive
the day,DATE,olympics,positive
Sandra,PERSON,FigureSkating,positive
Danny,PERSON,FigureSkating,positive
Ellie,PERSON,FigureSkating,positive
Ioulia Chtninina,PERSON,FigureSkating,positive
Rachel,PERSON,Curling,positive
6,CARDINAL,hockey,neutral
four years,DATE,FigureSkating,positive
Alysa liu’s,PERSON,FigureSkating,positive
Gwen Stefani,PERSON,FigureSkating,positive
c. 1997,DATE,FigureSkating,positive
BELGIUM,GPE,FigureSkating,neutral
Juraj Slafkovsky,PERSON,hockey,positive
Canada,GPE,hockey,positive
US,GPE,hockey,positive
the year,DATE,hockey,positive
F1,GPE,hockey,positive
1st,DATE,hockey,positive
Nick Suzuki & Cole Caufield,ORG,hockey,positive
Ivan Demidov &,ORG,hockey,positive
Oliver Kapanen,PERSON,hockey,positive
Slovakia,GPE,hockey,positive
two,CARDINAL,hockey,positive
non-NHLers,NORP,hockey,positive
Tomas Tatar & Adam Ruzicka,GPE,hockey,positive
4,CARDINAL,hockey,positive
4,CARDINAL,hockey,positive
6,CARDINAL,hockey,positive
Eriksson-Ek,ORG,hockey,positive
Hischier,ORG,hockey,positive
MacKinnon,ORG,hockey,positive
Eichel,PERSON,hockey,positive
Emilien,ORG,biathlon,positive
USA,GPE,hockey,positive
USA,GPE,hockey,positive
1980,DATE,hockey,positive
US,GPE,hockey,positive
Canada,GPE,hockey,positive
first,ORDINAL,hockey,positive
46 years,DATE,hockey,positive
Laegreid,PERSON,biathlon,negative
next year,DATE,biathlon,negative
Eric Perrot,PERSON,biathlon,negative
Giacomel,PERSON,biathlon,negative
Samuelsson,ORG,biathlon,negative
Botn,PERSON,biathlon,negative
Laegreid,ORG,biathlon,negative
4,CARDINAL,Curling,positive
Italy,GPE,olympics,positive
Rule 2:,PRODUCT,FigureSkating,negative
Drama,PERSON,FigureSkating,negative
2,CARDINAL,FigureSkating,negative
troll,ORG,FigureSkating,negative
2022,CARDINAL,FigureSkating,negative
Germans,NORP,FigureSkating,negative
Italy,GPE,FigureSkating,negative
Sara,PERSON,FigureSkating,negative
Niccolo,GPE,FigureSkating,negative
a week,DATE,olympics,negative
China,GPE,olympics,positive
American,NORP,olympics,positive
China,GPE,olympics,positive
22,DATE,olympics,positive
China,GPE,olympics,positive
American,NORP,FigureSkating,negative
Tara,GPE,FigureSkating,negative
Johnny,PERSON,FigureSkating,negative
3 second,TIME,olympics,negative
5,CARDINAL,olympics,positive
Sweden,GPE,olympics,positive
5,CARDINAL,olympics,positive
6th,ORDINAL,olympics,positive
Sweden,GPE,olympics,positive
Skimo/Randoné,ORG,olympics,positive
Norway,GPE,olympics,positive
Norwegian,NORP,olympics,positive
Olympics,EVENT,olympics,negative
Beijing,GPE,FigureSkating,positive
Milan,GPE,FigureSkating,positive
5,CARDINAL,FigureSkating,positive
Kaori,PERSON,FigureSkating,positive
2,CARDINAL,FigureSkating,positive
season,DATE,FigureSkating,positive
Suihan,PERSON,FigureSkating,positive
Russians,NORP,FigureSkating,positive
the years Kune,DATE,biathlon,positive
Olympic,EVENT,biathlon,positive
Norwegian,NORP,biathlon,positive
German,NORP,biathlon,positive
Team Germany,GPE,biathlon,positive
Grotian,PERSON,biathlon,positive
Tannheimer,GPE,biathlon,positive
Germans,NORP,biathlon,positive
German,NORP,biathlon,positive
this year,DATE,biathlon,positive
Antholz,GPE,biathlon,positive
Hettich‑Walz,PERSON,biathlon,positive
2028,DATE,olympics,positive
Cricket,ORG,olympics,positive
CBC Gem,PRODUCT,Curling,neutral
2,CARDINAL,olympics,neutral
Olympian,NORP,olympics,neutral
Ilia,GPE,FigureSkating,negative
50-55 degrees,QUANTITY,olympics,positive
Milan,GPE,olympics,positive
Olympics,EVENT,olympics,positive
Kazakhstan,GPE,olympics,positive
9th,ORDINAL,olympics,positive
two or three weeks,DATE,olympics,positive
US,GPE,olympics,positive
Sweden,GPE,olympics,positive
H2H. Kind,ORG,olympics,positive
the same day,DATE,olympics,positive
Olympians,NORP,hockey,neutral
US,GPE,olympics,positive
2,CARDINAL,olympics,positive
55-60,CARDINAL,olympics,positive
Norway,GPE,olympics,positive
1,CARDINAL,olympics,positive
Kash Patel,PERSON,olympics,positive
Memes,PERSON,olympics,positive
Lilah,PERSON,FigureSkating,positive
Canada,GPE,olympics,positive
Korea,GPE,FigureSkating,positive
first,ORDINAL,FigureSkating,positive
Jun,PERSON,FigureSkating,positive
RD,ORG,FigureSkating,negative
SB,GPE,FigureSkating,negative
RD,ORG,FigureSkating,negative
RD,ORG,FigureSkating,negative
Pokémon,PERSON,olympics,neutral
30,CARDINAL,olympics,neutral
Czechia,GPE,olympics,positive
Canada,GPE,olympics,positive
4,CARDINAL,olympics,positive
Canada,GPE,hockey,positive
2026,DATE,Curling,neutral
Sydney,GPE,olympics,neutral
U.S.,GPE,olympics,positive
10,CARDINAL,olympics,positive
14,CARDINAL,olympics,positive
Germany,GPE,olympics,positive
12,CARDINAL,olympics,positive
Norway,GPE,olympics,positive
17,CARDINAL,olympics,positive
Uldal,ORG,biathlon,negative
Dale-Skjevdal,PERSON,biathlon,negative
16,DATE,olympics,positive
the two weeks,DATE,olympics,positive
every night,TIME,olympics,positive
German,NORP,olympics,positive
two,CARDINAL,olympics,positive
russian,NORP,olympics,positive
Canada,GPE,hockey,negative
2030,DATE,hockey,negative
the last 10 to 15 years,DATE,Curling,positive
Canada,GPE,Curling,positive
USA/Canada,ORG,olympics,positive
♥️♥️,PERSON,olympics,positive
one,CARDINAL,biathlon,positive
Hanna,ORG,biathlon,positive
the Nick Jensen,FAC,hockey,neutral
NHL,ORG,hockey,neutral
MiNiki,ORG,FigureSkating,positive
the Russian Fed,ORG,FigureSkating,positive
a full two years,DATE,FigureSkating,positive
Fed,ORG,FigureSkating,positive
Russian,NORP,FigureSkating,positive
Zhilina’s,ORG,FigureSkating,positive
Azerbaijan,GPE,FigureSkating,positive
Russia,GPE,FigureSkating,positive
two years,DATE,FigureSkating,positive
Russian,NORP,FigureSkating,positive
Azerbaijan,GPE,FigureSkating,positive
n’t,GPE,FigureSkating,positive
the last minute,TIME,FigureSkating,positive
the Russian Fed,ORG,FigureSkating,positive
Samodelkina,PERSON,FigureSkating,positive
Kazakhstan,GPE,FigureSkating,positive
Norwegian,NORP,biathlon,neutral
2nd,ORDINAL,biathlon,neutral
Korean,NORP,FigureSkating,positive
3A,CARDINAL,FigureSkating,positive
9,CARDINAL,hockey,neutral
7,CARDINAL,hockey,neutral
Misha,ORG,FigureSkating,negative
Olympics,EVENT,biathlon,positive
Christiansen,PERSON,biathlon,positive
Dale-Skjevdal,PERSON,biathlon,positive
Lægreid,PERSON,biathlon,positive
QFM,ORG,biathlon,positive
Ponsi,ORG,biathlon,positive
Botn,PERSON,biathlon,positive
20/20,CARDINAL,biathlon,positive
Sebbe,ORG,biathlon,positive
Jacquelin,PERSON,biathlon,positive
Casa Airbnb,ORG,olympics,positive
Navigli,PERSON,olympics,positive
last day,DATE,olympics,positive
Olympics,EVENT,olympics,positive
3,CARDINAL,olympics,positive
Malinin’s,PERSON,FigureSkating,positive
Ilia,GPE,FigureSkating,positive
only half,CARDINAL,FigureSkating,positive
Chinese,NORP,FigureSkating,positive
japanese,NORP,FigureSkating,positive
Gallant (canada v usa first end when usa,ORG,Curling,neutral
fed,ORG,FigureSkating,negative
last Friday,DATE,FigureSkating,negative
Saturday,DATE,FigureSkating,negative
Saturday,DATE,FigureSkating,negative
the weekend,DATE,FigureSkating,negative
2026,DATE,olympics,positive
norwegian,NORP,olympics,neutral
Anna,PERSON,FigureSkating,positive
USA,GPE,FigureSkating,positive
PS,ORG,FigureSkating,positive
Alysa Liu,PERSON,FigureSkating,positive
Isabeau Levito,PERSON,FigureSkating,positive
Adeliia Petrosian😊,PERSON,FigureSkating,positive
🤣,WORK_OF_ART,hockey,positive
Olympic,FAC,olympics,neutral
Russia,GPE,olympics,neutral
2022,DATE,olympics,neutral
Grotian,PERSON,biathlon,positive
three,CARDINAL,biathlon,positive
third,ORDINAL,biathlon,positive
the past 24 hours,TIME,Curling,positive
Canada,GPE,Curling,positive
4,CARDINAL,Curling,positive
1980,DATE,hockey,positive
1,MONEY,hockey,positive
the World Cup,EVENT,hockey,positive
1996,DATE,hockey,positive
1998,DATE,hockey,positive
2-3,CARDINAL,hockey,positive
3,CARDINAL,hockey,positive
this year,DATE,hockey,positive
Winter,DATE,olympics,neutral
summer,DATE,olympics,neutral
Paralympics,ORG,olympics,neutral
winter,DATE,olympics,neutral
Olympics,EVENT,olympics,neutral
2-week,DATE,olympics,neutral
Charlene,PERSON,FigureSkating,positive
90%,PERCENT,FigureSkating,positive
Nancy,PERSON,FigureSkating,positive
90%,PERCENT,FigureSkating,positive
10%,PERCENT,FigureSkating,positive
Nancy,PERSON,FigureSkating,positive
10th Mountain Division,ORG,olympics,positive
Ben Bradlee,PERSON,olympics,positive
World War II,EVENT,olympics,positive
a couple of days,DATE,olympics,positive
Thrones,ORG,olympics,positive
about 200,CARDINAL,olympics,positive
Sally,PERSON,olympics,positive
four years,DATE,hockey,positive
USA,GPE,hockey,positive
Canada,GPE,hockey,positive
Canada,GPE,hockey,positive
USA,GPE,hockey,positive
Kaori Stan,PERSON,FigureSkating,positive
Alysa,PERSON,FigureSkating,positive
Alysa,PERSON,FigureSkating,positive
Kaori,ORG,FigureSkating,positive
Ami,PERSON,FigureSkating,positive
Kaori,ORG,FigureSkating,positive
Alysa,PERSON,FigureSkating,positive
Kaori/Ami/Japanese,ORG,FigureSkating,positive
norwegian,NORP,biathlon,positive
at least one,CARDINAL,biathlon,positive
Yuma,PERSON,FigureSkating,positive
Shun,PERSON,FigureSkating,positive
Strømsheim,PERSON,biathlon,positive
Botn,PERSON,biathlon,positive
first,ORDINAL,biathlon,positive
Olympics,EVENT,biathlon,positive
first,ORDINAL,biathlon,positive
the Norwegian A Team,ORG,biathlon,positive
Dale,ORG,biathlon,positive
Jacquelin,PERSON,biathlon,positive
2020,DATE,Curling,positive
2016,DATE,Curling,positive
OT,GPE,olympics,positive
Congrats,NORP,olympics,positive
Idk,PERSON,FigureSkating,negative
a ton,QUANTITY,hockey,positive
Nelin,PERSON,biathlon,negative
23,CARDINAL,biathlon,negative
20,CARDINAL,biathlon,negative
Ebba Andersson,PERSON,biathlon,negative
Norway,GPE,biathlon,negative
Tandrevold,GPE,biathlon,negative
9 today,TIME,biathlon,negative
ACL,ORG,skiing,neutral
SP,ORG,FigureSkating,positive
FS,ORG,FigureSkating,positive
5th,ORDINAL,FigureSkating,positive
SP,ORG,FigureSkating,positive
SP,ORG,FigureSkating,positive
kevin martin,PERSON,Curling,neutral
first,ORDINAL,Curling,neutral
two,CARDINAL,Curling,neutral
jetlag,PRODUCT,olympics,positive
Ughhhhhh,GPE,olympics,neutral
7 am EST,TIME,olympics,neutral
an early day,DATE,olympics,neutral
6,CARDINAL,olympics,neutral
2nd,ORDINAL,Curling,positive
3rd,ORDINAL,Curling,positive
the year,DATE,Curling,positive
at least 8,CARDINAL,Curling,positive
Cortina,GPE,Curling,positive
64,CARDINAL,FigureSkating,positive
Milan,GPE,FigureSkating,positive
59,DATE,FigureSkating,positive
NBC Cutting,ORG,FigureSkating,negative
Alysa,PERSON,FigureSkating,negative
Kurakova,ORG,FigureSkating,negative
Alysa Liu,PERSON,FigureSkating,negative
Ilia Malinin,PERSON,FigureSkating,negative
NBC,ORG,FigureSkating,negative
Ilia,GPE,FigureSkating,negative
Brisbane’s,PERSON,olympics,positive
Fatso The Big Arsed Wombat,ORG,olympics,positive
Olympic,PERSON,FigureSkating,negative
USFSA,ORG,FigureSkating,negative
Olympic Team,ORG,FigureSkating,negative
Olympic,FAC,FigureSkating,negative
Olympic,EVENT,Curling,positive
24,DATE,Curling,positive
4,CARDINAL,Curling,positive
Eve,PERSON,Curling,positive
2014,DATE,Curling,positive
23,CARDINAL,Curling,positive
American,NORP,FigureSkating,positive
Olympics,EVENT,FigureSkating,positive
Ilia,GPE,FigureSkating,positive
first,ORDINAL,FigureSkating,positive
Canadian,NORP,Curling,positive
Baseball,ORG,hockey,negative
1,CARDINAL,hockey,negative
2,CARDINAL,hockey,negative
3,CARDINAL,hockey,negative
ranking](https://en.wikipedia.org/wiki/Ice_hockey_at_the_2026_Winter_Olympics_%E2%80%93_Men%27s_tournament#Ranking_after_preliminary_round,ORG,hockey,negative
Lowest,ORG,hockey,negative
Canada,GPE,hockey,negative
Finland,GPE,hockey,negative
3D Slovakia,ORG,hockey,negative
Sweden,GPE,hockey,negative
USA,GPE,hockey,negative
1D Canada,ORG,hockey,negative
7D,CARDINAL,hockey,negative
Sweden,GPE,hockey,negative
Slovakia,ORG,hockey,negative
4D Finland,GPE,hockey,negative
USA,GPE,hockey,positive
French,NORP,olympics,neutral
at least two,CARDINAL,olympics,neutral
Biathlon,NORP,biathlon,neutral
Flagbearers,ORG,biathlon,neutral
30 seconds ago,TIME,hockey,neutral
USA,GPE,hockey,neutral
Canada,GPE,hockey,neutral
English,LANGUAGE,FigureSkating,positive
first,ORDINAL,FigureSkating,positive
Sturla,PERSON,biathlon,negative
Jacquelin,PERSON,biathlon,negative
Beijing,GPE,olympics,positive
Sochi,NORP,olympics,positive
https://preview.redd.it/7sq9f2zjbljg1.jpeg?width=1080&format=pjpg&auto=webp&s=6651cdc5a35af4bb79b74d47b97b8c98a2f5c694,GPE,Curling,positive
Turin,NORP,olympics,positive
Arianna Fontana,PERSON,olympics,positive
Felt,PERSON,olympics,positive
the Closing Ceremony,FAC,olympics,positive
Promise,PERSON,FigureSkating,positive
Team USA,ORG,hockey,positive
first,ORDINAL,FigureSkating,negative
🤣,EVENT,FigureSkating,negative
Sweden,GPE,hockey,negative
Makar,PERSON,hockey,positive
Alps,LOC,olympics,positive
Europe,LOC,olympics,positive
Winter Olympic,EVENT,olympics,positive
Norway,GPE,olympics,positive
OP,PERSON,olympics,positive
summer and winter,DATE,olympics,positive
an hour later,TIME,FigureSkating,positive
NUTTY,ORG,FigureSkating,positive
PCS,ORG,FigureSkating,negative
first,ORDINAL,FigureSkating,positive
Meagan Duhamel,PERSON,FigureSkating,negative
Tessa,PERSON,FigureSkating,negative
Scott,ORG,FigureSkating,negative
2018,DATE,FigureSkating,negative
the day,DATE,FigureSkating,negative
Milan,GPE,FigureSkating,negative
Evan,PERSON,FigureSkating,negative
Valid,NORP,FigureSkating,neutral
AI,ORG,FigureSkating,neutral
OpenAI,GPE,FigureSkating,neutral
Hass,PERSON,Curling,negative
two,CARDINAL,Curling,negative
🤯 Austria,PERSON,biathlon,negative
5,CARDINAL,biathlon,negative
20 minute,TIME,hockey,positive
10 minute,TIME,hockey,positive
Selva,PERSON,skiing,positive
Alta Badia,ORG,skiing,positive
3,CARDINAL,skiing,positive
Kazakhstan,GPE,olympics,positive
100,CARDINAL,olympics,positive
White Elephant,ORG,olympics,positive
the King of Siam,PERSON,olympics,positive
Christmas,DATE,olympics,positive
Rachel,PERSON,Curling,positive
Olympics,EVENT,Curling,positive
first,ORDINAL,Curling,positive
Gu Ailing,PERSON,olympics,positive
Ckoreys,PERSON,Curling,positive
Paris,GPE,olympics,neutral
first,ORDINAL,FigureSkating,positive
Americans,NORP,olympics,positive
Sweden,GPE,olympics,positive
Pretty,PERSON,olympics,positive
yesterday,DATE,olympics,negative
Michael Jackson,PERSON,FigureSkating,neutral
Rank,ORG,olympics,positive
Approx TRI,ORG,olympics,positive
km²,PERSON,olympics,positive
Interpretation,PERSON,olympics,positive
1,CARDINAL,olympics,positive
Netherlands,GPE,olympics,positive
"0.00–0.04  | 41,865",QUANTITY,olympics,positive
2,CARDINAL,olympics,positive
Denmark,GPE,olympics,positive
"42,933",CARDINAL,olympics,positive
3,CARDINAL,olympics,positive
Estonia,GPE,olympics,positive
"45,227",CARDINAL,olympics,positive
4,CARDINAL,olympics,positive
Bangladesh,GPE,olympics,positive
"148,460",CARDINAL,olympics,positive
5,CARDINAL,olympics,positive
Qatar,GPE,olympics,positive
"11,586",CARDINAL,olympics,positive
TRI,ORG,olympics,positive
Malinin and Brown,WORK_OF_ART,FigureSkating,positive
Vincent,PERSON,FigureSkating,positive
Brown,PERSON,FigureSkating,positive
Brown,PERSON,FigureSkating,positive
2022,DATE,FigureSkating,positive
World,WORK_OF_ART,FigureSkating,positive
the Individual Olympic Event,ORG,FigureSkating,positive
Covid,PERSON,FigureSkating,positive
Jacquelin,PERSON,biathlon,negative
today,DATE,biathlon,positive
Elvira,ORG,biathlon,positive
today,DATE,biathlon,positive
year,DATE,olympics,negative
Ilia,GPE,olympics,negative
Lisa,PERSON,biathlon,positive
44 to 9th,DATE,biathlon,positive
Belinda,GPE,FigureSkating,neutral
Marc Kennedy,PERSON,Curling,negative
Kevin Martin,PERSON,Curling,negative
2010,DATE,Curling,negative
tomorrow,DATE,biathlon,positive
first,ORDINAL,biathlon,neutral
Turin,GPE,olympics,negative
Turin,NORP,olympics,negative
"about 12,000",CARDINAL,olympics,negative
Milan,GPE,olympics,negative
tomorrow,DATE,hockey,positive
Crosby McDavid MacKinnon Makar,PERSON,hockey,positive
PP1,GPE,hockey,positive
Corolla,PRODUCT,hockey,positive
6,CARDINAL,Curling,neutral
one,CARDINAL,olympics,negative
70 cents,MONEY,olympics,negative
Sasha,PERSON,FigureSkating,neutral
Kaori,PERSON,FigureSkating,neutral
Botn,ORG,biathlon,positive
France,GPE,biathlon,positive
today,DATE,biathlon,positive
tonight,TIME,biathlon,positive
Olympics,EVENT,olympics,negative
Olympics,EVENT,olympics,negative
1998,DATE,hockey,positive
Austria,GPE,hockey,positive
Hungary,GPE,hockey,positive
Austrians,NORP,hockey,positive
Hungarians,NORP,hockey,positive
Palffy,ORG,hockey,positive
Hungarian,NORP,hockey,positive
Illia,GPE,FigureSkating,positive
FS,ORG,FigureSkating,positive
this last week,DATE,FigureSkating,positive
Korea,GPE,Curling,neutral
9-3,CARDINAL,Curling,neutral
6th,ORDINAL,Curling,neutral
Sweden,GPE,Curling,neutral
Korea,GPE,Curling,neutral
2nd and,DATE,Curling,neutral
3rd,ORDINAL,Curling,neutral
four,CARDINAL,Curling,neutral
two,CARDINAL,Curling,neutral
three,CARDINAL,Curling,neutral
Juraj Slafkovsky,PERSON,hockey,positive
80,CARDINAL,hockey,positive
60,CARDINAL,hockey,positive
50,CARDINAL,hockey,positive
30,CARDINAL,hockey,positive
Caufield,PERSON,hockey,positive
30,CARDINAL,hockey,positive
first,ORDINAL,olympics,neutral
Amber,ORG,FigureSkating,positive
Amber and Alysa,ORG,FigureSkating,positive
Amber,PRODUCT,FigureSkating,positive
Lara,PRODUCT,FigureSkating,neutral
the Free Dance,ORG,FigureSkating,neutral
Womens,PRODUCT,FigureSkating,positive
Chicago,GPE,FigureSkating,positive
Olympic,CARDINAL,FigureSkating,positive
Chinese,NORP,olympics,positive
World Cup,EVENT,olympics,positive
China,GPE,olympics,positive
USA,GPE,Curling,neutral
Norway,GPE,Curling,neutral
Snowboard Cross,ORG,olympics,positive
American,NORP,olympics,positive
Chinese,NORP,olympics,positive
second,ORDINAL,olympics,positive
2,CARDINAL,FigureSkating,positive
Fournier-Beaudry/Cizeron:** Omg,ORG,FigureSkating,positive
Laurence Fournier-Beaudry's,PERSON,FigureSkating,positive
French-Canadian,NORP,FigureSkating,positive
Nikolaj Sorenson,PERSON,FigureSkating,positive
Denmark,GPE,FigureSkating,positive
Canada,GPE,FigureSkating,positive
2012,DATE,FigureSkating,positive
many years,DATE,FigureSkating,positive
Canadian,NORP,FigureSkating,positive
six-year,DATE,FigureSkating,positive
Laurence,PERSON,FigureSkating,positive
Olympics,EVENT,FigureSkating,positive
first,ORDINAL,FigureSkating,positive
LOT,ORG,FigureSkating,positive
Middel,PERSON,olympics,positive
Bein Sports,ORG,olympics,positive
Olympics,EVENT,olympics,positive
Curling,ORG,olympics,negative
Milan,GPE,olympics,negative
one,CARDINAL,olympics,negative
7 years,DATE,olympics,negative
Wyatt Johnston,PERSON,hockey,positive
Lian Bischel,PERSON,hockey,positive
two,CARDINAL,hockey,positive
2 weeks,DATE,olympics,positive
JHAPAN,ORG,FigureSkating,positive
Olymlic,ORG,FigureSkating,positive
US,GPE,FigureSkating,positive
Malinen,PERSON,FigureSkating,positive
JAPAN,GPE,FigureSkating,positive
4,CARDINAL,FigureSkating,neutral
4th,ORDINAL,FigureSkating,neutral
OMG,ORG,FigureSkating,positive
Tiril,GPE,biathlon,positive
Italy,GPE,Curling,negative
Norway,GPE,Curling,negative
Switzerland,GPE,Curling,negative
Canada,GPE,Curling,negative
Canada,GPE,Curling,negative
0,CARDINAL,Curling,negative
Switzerland,GPE,Curling,negative
2,CARDINAL,Curling,negative
1,CARDINAL,Curling,negative
Switzerland,GPE,Curling,negative
2,CARDINAL,Curling,negative
Canada,GPE,Curling,negative
3,CARDINAL,Curling,negative
Norway,GPE,Curling,negative
4,DATE,Curling,negative
Italy,GPE,Curling,negative
Canada,GPE,Curling,negative
Switzerland,GPE,Curling,negative
Olympics,EVENT,olympics,positive
U.S,GPE,olympics,positive
Great Britain,GPE,Curling,positive
Switzerland,GPE,Curling,positive
yesterday,DATE,FigureSkating,positive
up to 15,CARDINAL,FigureSkating,positive
8,CARDINAL,FigureSkating,positive
7,CARDINAL,FigureSkating,positive
6,CARDINAL,FigureSkating,positive
5,CARDINAL,FigureSkating,positive
+5,PERSON,FigureSkating,positive
Adeliia,PERSON,FigureSkating,positive
Two,CARDINAL,FigureSkating,positive
3 feet,QUANTITY,FigureSkating,positive
Eteri,ORG,FigureSkating,positive
Eteri,ORG,FigureSkating,positive
Ingrid,ORG,biathlon,negative
2,CARDINAL,biathlon,negative
Kaori,PERSON,FigureSkating,positive
Lisa,PERSON,FigureSkating,positive
US Nats,ORG,FigureSkating,positive
3 weeks ago,DATE,FigureSkating,positive
about a week,DATE,FigureSkating,positive
Christina,NORP,FigureSkating,positive
FD,ORG,FigureSkating,positive
St Louis,GPE,FigureSkating,positive
Madison H,ORG,FigureSkating,positive
USFS,ORG,FigureSkating,positive
IOC,ORG,olympics,positive
NOC,ORG,olympics,positive
Madison Chock,ORG,FigureSkating,neutral
the last two years,DATE,hockey,positive
OMG,ORG,FigureSkating,neutral
Glenn,PERSON,FigureSkating,neutral
2000,DATE,olympics,positive
Australian,NORP,olympics,positive
Blinky Bill,PERSON,olympics,positive
Olympics,EVENT,olympics,positive
USA,GPE,olympics,negative
Israel,GPE,olympics,negative
Olympic,FAC,olympics,negative
Russians,NORP,olympics,negative
Russian,NORP,FigureSkating,positive
first,ORDINAL,FigureSkating,positive
Jacobs,ORG,Curling,positive
today,DATE,Curling,positive
01.02,CARDINAL,biathlon,positive
Ukraine,GPE,biathlon,positive
2028,DATE,olympics,negative
yesterday,DATE,olympics,positive
Elvira,ORG,biathlon,positive
today,DATE,olympics,positive
Latvia,GPE,olympics,positive
USA,GPE,olympics,positive
100%,PERCENT,skiing,negative
ACL,ORG,skiing,negative
zero,CARDINAL,skiing,negative
First,ORDINAL,hockey,neutral
Golden Knights,GPE,hockey,neutral
U18s,PRODUCT,hockey,positive
CHL,ORG,hockey,positive
Canada,GPE,hockey,positive
third,ORDINAL,olympics,positive
the Free Skate,ORG,olympics,positive
Bronze,PERSON,olympics,positive
Hungarian,NORP,hockey,positive
Olympics,EVENT,FigureSkating,negative
one,CARDINAL,FigureSkating,negative
two,CARDINAL,biathlon,negative
at least a month,DATE,olympics,positive
Olympics,EVENT,olympics,positive
Olympics,EVENT,olympics,positive
Rule 5,PRODUCT,biathlon,positive
ESPN,ORG,olympics,positive
Steven,PERSON,olympics,positive
2028,DATE,FigureSkating,neutral
LA,GPE,FigureSkating,neutral
Poland,GPE,FigureSkating,positive
Canada,GPE,FigureSkating,positive
CBC,ORG,FigureSkating,positive
Canadian Broadcasting Corporation,ORG,FigureSkating,positive
Google Account,ORG,hockey,positive
Maddie,PERSON,olympics,negative
luka,PERSON,FigureSkating,negative
West,LOC,olympics,negative
2014,DATE,olympics,negative
30 thousand,CARDINAL,olympics,positive
Iran,GPE,olympics,positive
30 thousand,CARDINAL,olympics,positive
Liberty,ORG,olympics,positive
American,NORP,olympics,positive
Liberty,ORG,olympics,positive
Liberty,ORG,olympics,positive
Ben Franklin,PERSON,olympics,positive
LE,ORG,olympics,positive
Mark Bruley,PERSON,olympics,positive
Milan,GPE,FigureSkating,positive
Sweden,GPE,Curling,positive
1992,DATE,FigureSkating,positive
Baby QFM,PERSON,biathlon,positive
Olympics,EVENT,biathlon,positive
Justice,ORG,hockey,positive
DHS,ORG,olympics,neutral
US,GPE,FigureSkating,positive
US,GPE,FigureSkating,positive
Italian,NORP,FigureSkating,positive
Rizzo,PERSON,FigureSkating,positive
US,GPE,FigureSkating,positive
Ilia,PERSON,FigureSkating,positive
Georgia,GPE,olympics,neutral
Georgia,GPE,olympics,neutral
Russia,GPE,olympics,neutral
Russia,GPE,olympics,neutral
Lozbergs,ORG,biathlon,positive
16 year old,DATE,biathlon,positive
Olympic,EVENT,biathlon,positive
the coming years,DATE,biathlon,positive
Baiba Benidka,ORG,biathlon,positive
Bendika,PERSON,biathlon,positive
each season,DATE,biathlon,positive
10,CARDINAL,biathlon,positive
6,CARDINAL,biathlon,positive
her day,DATE,biathlon,positive
US,GPE,olympics,negative
US,GPE,olympics,negative
this last year,DATE,olympics,negative
U.S.,GPE,olympics,negative
Canada,GPE,olympics,negative
second,ORDINAL,Curling,negative
Olympics,EVENT,Curling,negative
Dorothy Hamill,PERSON,FigureSkating,positive
50th,ORDINAL,FigureSkating,positive
Japan,GPE,FigureSkating,positive
IMO,ORG,FigureSkating,positive
years,DATE,FigureSkating,positive
Alyssa,PERSON,FigureSkating,positive
years,DATE,FigureSkating,positive
Nelly,ORG,hockey,positive
this year,DATE,hockey,positive
this year,DATE,hockey,positive
US,GPE,hockey,positive
botn an outsider,PERSON,biathlon,neutral
Lmao,PERSON,hockey,positive
IG,ORG,FigureSkating,neutral
approximately every 2 minutes,TIME,Curling,neutral
Team Canada,ORG,Curling,neutral
F*,PRODUCT,hockey,neutral
Fred,PERSON,hockey,neutral
Americans,NORP,olympics,positive
first,ORDINAL,biathlon,neutral
Anna,PERSON,biathlon,neutral
1,CARDINAL,biathlon,neutral
Hanna,PERSON,biathlon,neutral
Asian,NORP,olympics,negative
Asian,NORP,olympics,negative
Asian,NORP,olympics,negative
Lindsey Vonn,PERSON,FigureSkating,positive
one,CARDINAL,FigureSkating,positive
Evan,PERSON,FigureSkating,positive
6th,ORDINAL,olympics,positive
two,CARDINAL,olympics,positive
6,CARDINAL,olympics,positive
this year,DATE,olympics,positive
Navka,ORG,FigureSkating,positive
Russia,GPE,FigureSkating,positive
Nah,PERSON,olympics,positive
today,DATE,olympics,positive
ISU,ORG,FigureSkating,positive
Alyona Kostornaya,PERSON,FigureSkating,positive
Europe,LOC,olympics,negative
USA,GPE,Curling,negative
9th,ORDINAL,Curling,negative
Norway,GPE,Curling,negative
2,CARDINAL,Curling,negative
5 years,DATE,olympics,positive
Brisbane 2032,DATE,olympics,positive
more than one,CARDINAL,Curling,positive
US,GPE,Curling,positive
US,GPE,Curling,positive
first,ORDINAL,Curling,positive
US,GPE,Curling,positive
US,GPE,Curling,positive
one,CARDINAL,Curling,positive
two,CARDINAL,Curling,positive
131,CARDINAL,olympics,neutral
GB,GPE,olympics,neutral
Latvia,GPE,olympics,neutral
tessa & scott reality series,ORG,FigureSkating,neutral
piper & paul 🙂↕️,ORG,FigureSkating,neutral
Year old,DATE,olympics,neutral
Russian,NORP,olympics,neutral
Norway,GPE,olympics,positive
U.S.,GPE,olympics,positive
Olympics,EVENT,olympics,positive
Canada,GPE,olympics,positive
Olympics,EVENT,olympics,positive
Reddit,GPE,olympics,positive
Gu,PERSON,olympics,positive
China,GPE,olympics,positive
Fuckin Catalina,PERSON,olympics,neutral
USA + Great Britain,LOC,Curling,positive
4th,ORDINAL,Curling,positive
one,CARDINAL,Curling,positive
two,CARDINAL,Curling,positive
Switzerland,GPE,Curling,positive
Canada,GPE,Curling,positive
tomorrow,DATE,biathlon,positive
Hannah,PERSON,biathlon,positive
hardball,WORK_OF_ART,FigureSkating,positive
Laurence Fournier-Beaudry’s,PERSON,FigureSkating,positive
Olympic,GPE,FigureSkating,positive
Piper,PERSON,FigureSkating,positive
Paul’s,PERSON,FigureSkating,positive
this year,DATE,FigureSkating,positive
Cizeron,ORG,FigureSkating,positive
the French Federation Cizeron,ORG,FigureSkating,positive
Laurence,PERSON,FigureSkating,positive
Olympics,EVENT,FigureSkating,positive
Karoline,PERSON,biathlon,positive
Tim Howard,PERSON,hockey,negative
Olympics,EVENT,hockey,negative
Enjoyed Primetime,PERSON,olympics,positive
Mike Tirico,PERSON,olympics,positive
Olympics,EVENT,olympics,positive
Kaori,PERSON,FigureSkating,positive
Ami,PERSON,FigureSkating,positive
second,ORDINAL,FigureSkating,positive
Kaori,PERSON,FigureSkating,positive
Kaori & Ami's,ORG,FigureSkating,positive
Kaori,PERSON,FigureSkating,positive
3Fl,CARDINAL,FigureSkating,positive
no more than two,CARDINAL,FigureSkating,positive
2nd,ORDINAL,FigureSkating,positive
gb,PERSON,olympics,positive
3,CARDINAL,olympics,positive
china,GPE,olympics,positive
Italy,GPE,olympics,positive
2022,DATE,olympics,negative
Marchand,GPE,hockey,negative
Bedard,PERSON,hockey,negative
Missing Brandon Point,PERSON,hockey,negative
Olympics,EVENT,olympics,neutral
11,CARDINAL,Curling,positive
Botn,PERSON,biathlon,positive
Quentin Fillon-Maillet,PERSON,biathlon,positive
Dale-Skjevdal,PERSON,biathlon,positive
Samuelsson,ORG,biathlon,positive
Surprises,WORK_OF_ART,biathlon,positive
Fabien Claude,PERSON,biathlon,positive
Ponsiluoma,GPE,biathlon,positive
Norway,GPE,Curling,positive
Korea,GPE,Curling,positive
one,CARDINAL,olympics,positive
Aerials,ORG,olympics,positive
45-50 feet,QUANTITY,olympics,positive
second,ORDINAL,Curling,positive
Horvat & Nelson,ORG,hockey,positive
Tony DeAngelo,PERSON,hockey,positive
TF,ORG,FigureSkating,positive
Georgian,NORP,FigureSkating,positive
second,ORDINAL,FigureSkating,positive
German,NORP,FigureSkating,positive
Canadian,NORP,FigureSkating,positive
Georgian,NORP,FigureSkating,positive
IAM,ORG,FigureSkating,positive
Montreal,GPE,FigureSkating,positive
IAM,ORG,FigureSkating,positive
zero,CARDINAL,FigureSkating,positive
ASSES,ORG,FigureSkating,positive
n’t,GPE,FigureSkating,positive
Hockey Canada,ORG,hockey,negative
Team USA,ORG,hockey,negative
American,NORP,hockey,positive
Crosby,ORG,hockey,positive
Yuma,PERSON,FigureSkating,negative
Matteo,ORG,FigureSkating,negative
first,ORDINAL,FigureSkating,negative
Kjempegutt,PERSON,olympics,neutral
Robin,PERSON,olympics,neutral
Batman,WORK_OF_ART,olympics,neutral
Felicia,PERSON,hockey,positive
the Bay for,LOC,hockey,positive
another two years,DATE,hockey,positive
Nazgul,GPE,olympics,positive
a ton,QUANTITY,FigureSkating,positive
HBO,ORG,biathlon,positive
nem szűrsz,PERSON,biathlon,positive
8,CARDINAL,biathlon,positive
last year,DATE,olympics,negative
French,NORP,biathlon,neutral
+6,NORP,biathlon,neutral
Sprint,ORG,biathlon,neutral
one,CARDINAL,olympics,negative
Alysa,PERSON,olympics,negative
Idk,PERSON,olympics,negative
Buddhist,NORP,olympics,negative
1000,CARDINAL,FigureSkating,positive
Canada,GPE,FigureSkating,positive
Misha,ORG,FigureSkating,positive
3,CARDINAL,FigureSkating,positive
6,CARDINAL,FigureSkating,positive
Jun,PERSON,FigureSkating,positive
Shun,PERSON,FigureSkating,positive
GB,PERSON,olympics,negative
Australia,GPE,olympics,negative
Olympics,EVENT,olympics,negative
NZ,GPE,olympics,negative
two,CARDINAL,olympics,negative
Gaaawd,GPE,FigureSkating,positive
3rd year in a row,DATE,biathlon,neutral
Gumanova,ORG,FigureSkating,positive
French,NORP,FigureSkating,positive
Claire Lafitte,PERSON,FigureSkating,positive
NHL,ORG,hockey,neutral
12,CARDINAL,hockey,neutral
1,CARDINAL,hockey,neutral
Sam Bennett,PERSON,hockey,positive
Sam Reinhart,PERSON,hockey,positive
5,CARDINAL,hockey,positive
2014,DATE,hockey,positive
MacKinnon #1,MONEY,hockey,positive
2013,DATE,hockey,positive
Bo Horvat,ORG,hockey,positive
9,MONEY,hockey,positive
Doughty and Crosby,WORK_OF_ART,hockey,positive
3,CARDINAL,hockey,positive
Celebrini,PERSON,hockey,positive
2013,DATE,hockey,positive
US,GPE,hockey,positive
8,CARDINAL,hockey,positive
10,CARDINAL,hockey,positive
Canada,GPE,hockey,positive
7,CARDINAL,hockey,positive
US,GPE,hockey,positive
8,CARDINAL,hockey,positive
Canada,GPE,hockey,positive
10,CARDINAL,hockey,positive
Dorothea Wierer,PERSON,biathlon,positive
Italian,NORP,biathlon,positive
Italy,GPE,biathlon,positive
Olympics,EVENT,biathlon,positive
Italy,GPE,biathlon,positive
eight,CARDINAL,Curling,positive
Ponsi,ORG,biathlon,positive
Samuelsson,ORG,biathlon,positive
3rd,ORDINAL,biathlon,positive
8th,ORDINAL,biathlon,positive
Ski,ORG,biathlon,positive
yesterday,DATE,biathlon,positive
Sofia,GPE,FigureSkating,positive
Sunset Blvd FS,ORG,FigureSkating,positive
today,DATE,FigureSkating,positive
NHK,ORG,FigureSkating,positive
4CC,CARDINAL,FigureSkating,positive
Rule 4,LAW,FigureSkating,negative
4,CARDINAL,FigureSkating,negative
XYZ,PERSON,FigureSkating,negative
ABC,ORG,FigureSkating,negative
XYZ,PERSON,FigureSkating,negative
four,CARDINAL,FigureSkating,negative
3 day,DATE,FigureSkating,negative
first,ORDINAL,FigureSkating,negative
second,ORDINAL,FigureSkating,negative
third,ORDINAL,FigureSkating,negative
AnySportshere,ORG,olympics,neutral
100%,PERCENT,snowboarding,positive
two weeks,DATE,snowboarding,positive
Stick,FAC,skiing,positive
5,CARDINAL,skiing,positive
NBC,ORG,olympics,negative
1,MONEY,olympics,negative
2,MONEY,olympics,negative
a couple seconds,TIME,olympics,negative
2,MONEY,olympics,negative
Congress,ORG,olympics,negative
Olympics,EVENT,olympics,negative
NBC,ORG,olympics,negative
post-Games,EVENT,olympics,positive
two,CARDINAL,olympics,positive
🥰,NORP,olympics,neutral
US,GPE,Curling,neutral
tonight,TIME,Curling,neutral
Australia,GPE,olympics,neutral
Five months,DATE,olympics,positive
a ton,QUANTITY,olympics,positive
canadian,NORP,olympics,positive
2010,DATE,olympics,positive
Azerbaijan,PERSON,FigureSkating,positive
the 2020 Olympics,EVENT,FigureSkating,positive
Armenian,NORP,FigureSkating,positive
Tiktok,NORP,FigureSkating,positive
exterminators](https://internationalaffairsnetwork.org,ORG,FigureSkating,positive
Artsakh,LOC,FigureSkating,positive
Armenians,NORP,FigureSkating,positive
2020,DATE,FigureSkating,positive
Russia,GPE,FigureSkating,positive
opini,PERSON,FigureSkating,positive
Brazilian,NORP,olympics,neutral
Italy,GPE,olympics,negative
seven inches,QUANTITY,hockey,positive
midday,TIME,hockey,positive
seven,CARDINAL,hockey,positive
US,GPE,FigureSkating,negative
4CC,CARDINAL,FigureSkating,negative
48 hours,TIME,FigureSkating,negative
next season,DATE,FigureSkating,negative
100k,ORG,Curling,positive
second,ORDINAL,Curling,positive
second,ORDINAL,Curling,positive
Canada,GPE,Curling,positive
Canada,GPE,Curling,positive
US,GPE,Curling,positive
second,ORDINAL,Curling,positive
Scotland,GPE,Curling,positive
UK,GPE,Curling,positive
third,ORDINAL,Curling,positive
Fair,ORG,olympics,positive
Brian Mulroney,PERSON,hockey,positive
12%,PERCENT,hockey,positive
Justine,PERSON,hockey,positive
21%,PERCENT,hockey,positive
Justin,PRODUCT,hockey,positive
third,ORDINAL,hockey,positive
PP,GPE,hockey,positive
36%,PERCENT,hockey,positive
Canadian,NORP,hockey,positive
7,CARDINAL,Curling,negative
Olympics,EVENT,Curling,negative
today,DATE,FigureSkating,positive
MAGA,ORG,FigureSkating,positive
summer,DATE,olympics,negative
Olympics,EVENT,olympics,negative
summer,DATE,olympics,negative
Olympics,EVENT,olympics,negative
today,DATE,FigureSkating,positive
the first day of Ramadan,DATE,FigureSkating,positive
all day,DATE,FigureSkating,positive
Paris,GPE,FigureSkating,negative
last season,DATE,FigureSkating,positive
Milan,GPE,olympics,positive
Milan Central,ORG,olympics,positive
Instagram,ORG,olympics,positive
half,CARDINAL,biathlon,positive
first,ORDINAL,biathlon,positive
one,CARDINAL,biathlon,positive
three,CARDINAL,biathlon,positive
41,CARDINAL,FigureSkating,positive
Misha,ORG,FigureSkating,positive
Nathan,ORG,FigureSkating,positive
5,CARDINAL,FigureSkating,positive
this year,DATE,olympics,positive
Vogue,PERSON,FigureSkating,neutral
"Botn, Christiansen",PERSON,biathlon,negative
Dale,PERSON,biathlon,negative
norwegian,NORP,biathlon,negative
today,DATE,biathlon,negative
Laegreid,PERSON,biathlon,negative
Uldal,ORG,biathlon,negative
today,DATE,biathlon,negative
Uldal,ORG,biathlon,negative
Sturla,PERSON,biathlon,negative
13,CARDINAL,olympics,positive
Lindsey,PERSON,skiing,positive
Bandy,PERSON,olympics,positive
Sweden,GPE,olympics,positive
Finland,GPE,olympics,positive
Russia,GPE,olympics,positive
Norway,GPE,olympics,positive
four,CARDINAL,olympics,positive
today,DATE,biathlon,neutral
Chad,GPE,biathlon,neutral
Winston Churchill,PERSON,biathlon,neutral
three,CARDINAL,Curling,neutral
Germany,GPE,Curling,neutral
Rangers,ORG,hockey,neutral
NHL,ORG,hockey,neutral
1A,CARDINAL,FigureSkating,positive
Big Air,ORG,olympics,positive
Olympic,FAC,olympics,positive
the-years,DATE,FigureSkating,negative
Olympics,EVENT,FigureSkating,negative
four,CARDINAL,FigureSkating,negative
every year,DATE,FigureSkating,negative
first,ORDINAL,hockey,positive
IP,ORG,hockey,positive
Montreal,GPE,hockey,positive
first,ORDINAL,hockey,positive
Homan,PERSON,Curling,positive
Canada,GPE,Curling,positive
Olympics,EVENT,Curling,positive
NBC,ORG,olympics,positive
Snoop,ORG,olympics,positive
three,CARDINAL,Curling,positive
a great first half,DATE,Curling,positive
Brett,ORG,Curling,positive
Russian,NORP,FigureSkating,positive
year,DATE,FigureSkating,positive
2030,DATE,FigureSkating,positive
Nathan MacKinnon,PERSON,hockey,positive
Valieva,ORG,FigureSkating,neutral
Yuma,PERSON,FigureSkating,positive
Alysa,PERSON,FigureSkating,positive
Alysa,PERSON,FigureSkating,positive
first,ORDINAL,FigureSkating,positive
Amber,ORG,FigureSkating,positive
Ben Ogden,PERSON,olympics,positive
British Columbia,GPE,olympics,positive
midnight,TIME,olympics,positive
the Hot Chocolate,WORK_OF_ART,olympics,positive
LOL,ORG,olympics,positive
Canadian,NORP,hockey,positive
Celebrini-McDavid-Bedard,PERSON,hockey,positive
Jesus Mary,PERSON,hockey,positive
Joseph,PERSON,hockey,positive
Worlds,PERSON,hockey,negative
QF,ORG,hockey,negative
Denmark,GPE,hockey,negative
XGames,ORG,snowboarding,positive
the weeks,DATE,biathlon,positive
Olympics,EVENT,biathlon,positive
100%,PERCENT,biathlon,positive
Rule 4,LAW,FigureSkating,negative
4,CARDINAL,FigureSkating,negative
XYZ,PERSON,FigureSkating,negative
ABC,ORG,FigureSkating,negative
XYZ,PERSON,FigureSkating,negative
four,CARDINAL,FigureSkating,negative
3 day,DATE,FigureSkating,negative
first,ORDINAL,FigureSkating,negative
second,ORDINAL,FigureSkating,negative
third,ORDINAL,FigureSkating,negative
Slind,ORG,olympics,positive
Olympics,EVENT,olympics,positive
😥,ORG,olympics,positive
JDygv1K2YbA,PERSON,FigureSkating,negative
Vietnam,GPE,FigureSkating,negative
Trump,ORG,olympics,negative
months ago,DATE,FigureSkating,neutral
Wenner,PERSON,hockey,positive
Sharks,PERSON,hockey,positive
Maddy,PERSON,FigureSkating,neutral
Olympics,EVENT,FigureSkating,neutral
Sighel,PERSON,olympics,positive
two,CARDINAL,olympics,positive
Ghiotto,PERSON,olympics,positive
3,CARDINAL,FigureSkating,positive
Biathlon,NORP,olympics,neutral
"Standing

Gold To Canada

Silver",ORG,olympics,neutral
China,GPE,olympics,neutral
Bronze,GPE,olympics,neutral
ukraine,GPE,olympics,neutral
Trusova,ORG,olympics,negative
5,CARDINAL,olympics,negative
One,CARDINAL,biathlon,positive
the World Cup,EVENT,biathlon,positive
Glad,PERSON,hockey,negative
google,PRODUCT,hockey,negative
Haha Kennedy,PERSON,Curling,positive
NEVER,ORG,Curling,positive
17,CARDINAL,olympics,neutral
Jacobs,ORG,Curling,negative
Homan 🤝,PERSON,Curling,negative
the last two years,DATE,biathlon,neutral
Preuss,GPE,biathlon,neutral
Tandrevold,PERSON,biathlon,neutral
this year,DATE,FigureSkating,positive
1,CARDINAL,FigureSkating,positive
Hanyu Yuzuru,PERSON,FigureSkating,positive
Nathan Chen,PERSON,FigureSkating,positive
Ilia Malinin,PERSON,FigureSkating,positive
Russian-American,NORP,FigureSkating,positive
Michael Jordan,PERSON,FigureSkating,positive
Simone Biles,PERSON,FigureSkating,positive
FIRST,ORDINAL,FigureSkating,positive
FIRST,ORDINAL,FigureSkating,positive
6,CARDINAL,FigureSkating,positive
one,CARDINAL,FigureSkating,positive
FIRST,ORDINAL,FigureSkating,positive
Olympics,EVENT,FigureSkating,positive
first,ORDINAL,FigureSkating,positive
Yuzuru Hanyu,PERSON,FigureSkating,positive
2018,DATE,FigureSkating,positive
Ilia Malinin,PERSON,FigureSkating,positive
this month,DATE,FigureSkating,positive
Olympics,EVENT,FigureSkating,positive
the U.S. Nationals,FAC,FigureSkating,positive
Slopestyle,PERSON,snowboarding,negative
Big Air,ORG,snowboarding,negative
Halfpipe,ORG,snowboarding,negative
Parallel Slalom,PERSON,snowboarding,negative
Parallel Giant Slalom,PERSON,snowboarding,negative
Halfpipe,ORG,snowboarding,negative
Big Air,ORG,snowboarding,negative
Maurice,PERSON,hockey,positive
IIHF/Olympic,ORG,hockey,positive
Norwegian,NORP,olympics,positive
John Oliver’s,PERSON,olympics,positive
NBC,ORG,olympics,negative
Gu,PERSON,olympics,negative
USA,GPE,olympics,negative
45 minutes,TIME,olympics,negative
para bob,PERSON,olympics,negative
para skeleton,PERSON,olympics,negative
para ice hockey,ORG,olympics,negative
the day,DATE,olympics,negative
8am,TIME,olympics,negative
10am,QUANTITY,olympics,negative
GB,PERSON,olympics,negative
most days,DATE,olympics,negative
M/K,ORG,FigureSkating,negative
one,CARDINAL,FigureSkating,negative
2,CARDINAL,FigureSkating,negative
4,CARDINAL,FigureSkating,negative
US,GPE,Curling,positive
Canada,GPE,Curling,positive
Italy,GPE,Curling,positive
Mosaner,ORG,Curling,positive
Celebrini,PERSON,hockey,positive
3,CARDINAL,hockey,positive
Canada,GPE,hockey,positive
19,CARDINAL,hockey,positive
4 years,DATE,hockey,positive
one,CARDINAL,hockey,positive
one,CARDINAL,hockey,positive
3,CARDINAL,olympics,neutral
Canadian,NORP,olympics,neutral
first,ORDINAL,olympics,negative
Mortal Kombat,PERSON,olympics,negative
Cervinia,GPE,skiing,positive
Zermatt,PERSON,skiing,positive
Monday/Tuesday,DATE,skiing,positive
Simpson,PERSON,olympics,negative
two 16 year,DATE,olympics,negative
4 years ago,DATE,olympics,negative
10,CARDINAL,olympics,negative
GP France,ORG,FigureSkating,neutral
Olympic,GPE,biathlon,positive
20,CARDINAL,biathlon,positive
Italian,NORP,olympics,positive
Milan,GPE,olympics,positive
the Olympic Games,EVENT,olympics,positive
Rho,ORG,olympics,positive
Klaebo,ORG,olympics,positive
6,CARDINAL,olympics,positive
3,CARDINAL,olympics,positive
Klaebo,ORG,olympics,positive
Desloges,ORG,olympics,positive
Canada,GPE,Curling,negative
today,DATE,Curling,negative
Alberta,GPE,olympics,negative
Quebec,GPE,olympics,negative
one,CARDINAL,FigureSkating,positive
Lisa,PERSON,biathlon,positive
Antholz,GPE,biathlon,positive
Olympic,EVENT,biathlon,positive
last year,DATE,olympics,positive
Breezy Johnson,PERSON,olympics,positive
Olympics,EVENT,olympics,positive
USA,GPE,olympics,positive
Team USA,ORG,olympics,positive
Breezy,PERSON,olympics,positive
Lindsay Vonn,PERSON,olympics,positive
3,MONEY,FigureSkating,negative
DAMN,ORG,FigureSkating,negative
Norway,GPE,olympics,neutral
Sweden,GPE,olympics,neutral
Germany,GPE,olympics,neutral
Daur,PERSON,olympics,negative
Mongolian,NORP,olympics,negative
"about 130,000",CARDINAL,olympics,negative
about 1,CARDINAL,olympics,negative
100 million,CARDINAL,olympics,negative
Chinese,NORP,olympics,negative
about 20%-30%,PERCENT,olympics,negative
Chinese,NORP,olympics,negative
Ebba,PERSON,olympics,positive
Norwegian,NORP,olympics,positive
’s Weng,PERSON,olympics,positive
Slind,ORG,olympics,positive
Marie Antoinette,PERSON,olympics,negative
Peacock,GPE,biathlon,positive
Campbell,ORG,biathlon,positive
Campbell,ORG,biathlon,positive
430 am est,TIME,olympics,neutral
British,NORP,olympics,neutral
three,CARDINAL,biathlon,positive
Lisa,ORG,biathlon,positive
Playing Binnington,PERSON,hockey,positive
Canada,GPE,olympics,neutral
David,PERSON,olympics,neutral
IAM,ORG,FigureSkating,positive
Israel,GPE,FigureSkating,negative
Gazans,NORP,FigureSkating,negative
Olympics,EVENT,FigureSkating,negative
Syria,GPE,FigureSkating,negative
Lubnan,GPE,FigureSkating,negative
Italian,NORP,biathlon,positive
Nove Mesto,WORK_OF_ART,biathlon,positive
a few weeks,DATE,biathlon,positive
Last year,DATE,biathlon,positive
Antholz,GPE,biathlon,positive
Italian,NORP,biathlon,positive
Italy,GPE,biathlon,positive
Antholz,GPE,biathlon,positive
these years,DATE,biathlon,positive
Wierer,PERSON,biathlon,positive
Antholz,GPE,biathlon,positive
Lisa,PERSON,biathlon,positive
WC,ORG,biathlon,positive
two,CARDINAL,olympics,negative
2024,CARDINAL,olympics,negative
the Last Supper,FAC,olympics,negative
Da Vinci's,PERSON,olympics,negative
AI,GPE,olympics,negative
yesterday,DATE,olympics,negative
Americans,NORP,hockey,positive
an Ode to Joy,PERSON,olympics,positive
MR,GPE,biathlon,positive
Sweden,GPE,biathlon,positive
the middle east,LOC,olympics,negative
the Ukrainian war,EVENT,olympics,negative
American,NORP,olympics,negative
french,NORP,olympics,negative
Africa,LOC,olympics,negative
south America,LOC,olympics,negative
India,GPE,FigureSkating,positive
Idk,GPE,FigureSkating,positive
Tango,GPE,FigureSkating,positive
Tango,GPE,FigureSkating,positive
2018,DATE,biathlon,neutral
more than two,CARDINAL,hockey,positive
Italy,GPE,olympics,positive
spring,DATE,olympics,positive
Slovakia,ORG,hockey,negative
Slovaks,LOC,hockey,negative
Quentin,PERSON,biathlon,positive
Olympic,EVENT,biathlon,positive
one,CARDINAL,biathlon,positive
first,ORDINAL,biathlon,positive
DHS,ORG,olympics,neutral
Stick,FAC,Curling,neutral
Eileen Gu,PERSON,olympics,positive
94.00,CARDINAL,olympics,positive
1st,DATE,olympics,positive
Lang Lang,ORG,FigureSkating,positive
Cecilia Bartoli,ORG,FigureSkating,positive
26,CARDINAL,FigureSkating,positive
Italian,NORP,FigureSkating,positive
Belinda,NORP,FigureSkating,positive
BBC,ORG,FigureSkating,positive
Euros,PERSON,FigureSkating,positive
ISU,ORG,FigureSkating,positive
Leigh Diffey,PERSON,hockey,positive
100,CARDINAL,hockey,positive
the 2024 Olympics,EVENT,hockey,positive
Leigh,ORG,hockey,positive
AWESOME,ORG,hockey,positive
the Paris Olympics,EVENT,hockey,positive
AI,GPE,FigureSkating,positive
AI,GPE,FigureSkating,positive
Tokyo,GPE,olympics,negative
stockholm,GPE,olympics,neutral
6 minutes,TIME,hockey,negative
the last half,DATE,hockey,negative
the last minute,TIME,hockey,negative
maga bettmans thumb,ORG,hockey,negative
Brown,PERSON,FigureSkating,positive
2021/22,CARDINAL,FigureSkating,positive
Sanheim,GPE,hockey,positive
Dobson,PERSON,hockey,positive
the Paralympic Games,EVENT,olympics,positive
2,CARDINAL,biathlon,positive
3,CARDINAL,biathlon,positive
Olympics,EVENT,biathlon,negative
norway,GPE,olympics,positive
today,DATE,olympics,positive
Skistad,PERSON,olympics,positive
Glenn,PERSON,FigureSkating,neutral
🤡,CARDINAL,olympics,neutral
2,CARDINAL,Curling,positive
4,CARDINAL,Curling,positive
Italian,NORP,Curling,positive
Buffalo,GPE,hockey,positive
Kate Bush,PERSON,olympics,positive
Brazilian,NORP,olympics,neutral
Norwegian,NORP,olympics,neutral
first,ORDINAL,Curling,positive
Rhythm,PERSON,olympics,negative
first,ORDINAL,biathlon,positive
Preuß,GPE,biathlon,negative
Voigt,PERSON,biathlon,negative
Germany,GPE,biathlon,negative
Voigt,GPE,biathlon,negative
Brock Nelson,PERSON,hockey,negative
Cowpens,GPE,hockey,negative
1781,DATE,hockey,negative
British,NORP,hockey,negative
New Orleans,GPE,hockey,negative
1815,DATE,hockey,negative
the 2nd day,DATE,hockey,negative
Shiloh,GPE,hockey,negative
1862,DATE,hockey,negative
Lee,PERSON,hockey,negative
Gettysburg,GPE,hockey,negative
1863,DATE,hockey,negative
the hundred days,DATE,hockey,negative
1918,DATE,hockey,negative
the beaches of Guadalcanal,ORG,hockey,negative
'42,DATE,hockey,negative
Omaha Beach,GPE,hockey,negative
'44,DATE,hockey,negative
Team USA,ORG,hockey,negative
Dan Hicks,PERSON,olympics,negative
Hungary,GPE,biathlon,neutral
Jason robertson,PERSON,hockey,neutral
6 inches,QUANTITY,Curling,positive
IMO,ORG,Curling,positive
Jacobs,ORG,Curling,positive
more than 1,CARDINAL,Curling,positive
GB,PERSON,Curling,positive
1,CARDINAL,Curling,positive
3,CARDINAL,Curling,positive
3,CARDINAL,Curling,positive
German,NORP,hockey,positive
German,NORP,hockey,positive
Mary,PERSON,olympics,positive
Knotten,GPE,biathlon,negative
Kirkeeide,LOC,biathlon,negative
two,CARDINAL,biathlon,negative
Christiansen,PERSON,biathlon,negative
Botn,PERSON,biathlon,negative
Olys,PERSON,FigureSkating,positive
Alysa,PERSON,FigureSkating,positive
FP,ORG,FigureSkating,positive
next year,DATE,FigureSkating,positive
B23,PRODUCT,FigureSkating,positive
2,CARDINAL,FigureSkating,positive
Norwegians,NORP,olympics,positive
Olympian,NORP,olympics,positive
CBC,ORG,Curling,negative
eighth,ORDINAL,biathlon,positive
Quentin Fillon Maillet,PERSON,biathlon,positive
french,NORP,biathlon,positive
two,CARDINAL,biathlon,positive
Martin Fourcade,PERSON,biathlon,positive
Teddy Riner,PERSON,biathlon,positive
Leon Marchand,PERSON,biathlon,positive
2028,DATE,biathlon,positive
dutch,NORP,olympics,positive
a day later,DATE,olympics,positive
Sato,ORG,FigureSkating,positive
Sweden,GPE,hockey,negative
Ombyggnad,ORG,hockey,negative
Beijing,GPE,FigureSkating,positive
Olympic,EVENT,FigureSkating,positive
4 years ago,DATE,FigureSkating,positive
this year,DATE,FigureSkating,positive
2 weeks,DATE,olympics,neutral
Olympic,EVENT,biathlon,positive
two,CARDINAL,biathlon,positive
Adamov,PERSON,biathlon,positive
Matko,ORG,biathlon,positive
Olympics,EVENT,biathlon,positive
the IBU Cup,EVENT,biathlon,positive
the World Cup,EVENT,biathlon,positive
Slovakia,ORG,biathlon,positive
only five,CARDINAL,biathlon,positive
World Cup,EVENT,biathlon,positive
at least one,CARDINAL,biathlon,positive
US,GPE,hockey,positive
Hellebuyk,PERSON,hockey,positive
US,GPE,hockey,positive
Swagman,ORG,hockey,positive
Oettinger,PERSON,hockey,positive
3,CARDINAL,hockey,positive
Canada,GPE,hockey,positive
Colorado,GPE,hockey,positive
US,GPE,hockey,positive
Wedgewood,PERSON,hockey,positive
Blackwood,PERSON,hockey,positive
Anastaciia,PERSON,olympics,neutral
Frost,PERSON,olympics,neutral
Kaori,PERSON,FigureSkating,positive
Canucks,ORG,hockey,neutral
Quinn’s rookie,GPE,hockey,neutral
Quinn,GPE,hockey,neutral
Devils,GPE,hockey,neutral
Japan,GPE,olympics,positive
Italy,GPE,olympics,positive
US,GPE,olympics,positive
Japan Italy,ORG,olympics,positive
iPad,ORG,olympics,positive
US,GPE,olympics,positive
first,ORDINAL,FigureSkating,negative
Eurosport,LOC,FigureSkating,positive
ISU,ORG,FigureSkating,positive
ISU,ORG,FigureSkating,positive
Meagan,GPE,FigureSkating,positive
Chloe Kim,PERSON,olympics,positive
doc,ORG,FigureSkating,positive
twenty,CARDINAL,FigureSkating,positive
doc,ORG,FigureSkating,positive
max,PERSON,FigureSkating,positive
max,PERSON,FigureSkating,positive
josee,PERSON,FigureSkating,positive
max,PERSON,FigureSkating,positive
Olympics,EVENT,olympics,positive
US,GPE,olympics,positive
Olympics,EVENT,olympics,positive
Olympics,EVENT,olympics,positive
2026,DATE,olympics,positive
Olympics,EVENT,olympics,positive
Olympics,EVENT,olympics,positive
Malinin,PERSON,olympics,positive
2030,DATE,olympics,positive
4S,CARDINAL,FigureSkating,positive
second,ORDINAL,FigureSkating,positive
two,CARDINAL,FigureSkating,positive
Italy,GPE,olympics,positive
1,CARDINAL,olympics,positive
three,CARDINAL,olympics,positive
Tomas,PERSON,olympics,positive
Lisa Vitozzi,PERSON,olympics,positive
Dooryhea Wierer,PERSON,olympics,positive
Indian,NORP,olympics,positive
French,NORP,biathlon,positive
QFM,ORG,biathlon,positive
40,DATE,biathlon,positive
Jacquelin,PERSON,biathlon,positive
42,DATE,biathlon,positive
48,DATE,biathlon,positive
Norwegians,NORP,biathlon,positive
Lægreid,PERSON,biathlon,positive
VSC 60,ORG,biathlon,positive
Dale-Skjevdal,PERSON,biathlon,positive
64,CARDINAL,biathlon,positive
Giacomel,PERSON,biathlon,positive
62,CARDINAL,biathlon,positive
five minute,TIME,biathlon,positive
VSC,ORG,biathlon,positive
three,CARDINAL,biathlon,positive
Perrot,PERSON,biathlon,positive
Dale-Skjevdal,PERSON,biathlon,positive
two,CARDINAL,biathlon,positive
Phillip Horn,PERSON,biathlon,positive
two,CARDINAL,biathlon,positive
GB,PERSON,Curling,negative
9th,ORDINAL,Curling,negative
2,CARDINAL,Curling,negative
a few tenths,CARDINAL,olympics,positive
Olympics,EVENT,olympics,positive
Winter Olympics,EVENT,olympics,positive
2034,DATE,olympics,positive
Norway,GPE,olympics,positive
Tuesday,DATE,biathlon,positive
Italians,NORP,olympics,positive
the Winter Olympics,EVENT,olympics,positive
the years,DATE,olympics,positive
10,CARDINAL,FigureSkating,positive
Kaori,PERSON,FigureSkating,positive
Alysa,PERSON,FigureSkating,positive
Jia,PERSON,FigureSkating,positive
Gubanova,LOC,FigureSkating,positive
Norwegians,NORP,olympics,positive
Dutch,NORP,olympics,positive
Lillehammer,GPE,olympics,positive
Hristova,PERSON,biathlon,neutral
Daniel,PERSON,FigureSkating,negative
Matteo,GPE,FigureSkating,negative
months,DATE,FigureSkating,negative
Los Angeles,GPE,olympics,neutral
The San Francisco 49ers,FAC,olympics,neutral
Melbourne,GPE,olympics,neutral
Austrailia,GPE,olympics,neutral
week 1,DATE,olympics,neutral
NFL,ORG,olympics,neutral
season,DATE,olympics,neutral
Vietnam Flashbacks,WORK_OF_ART,biathlon,neutral
about fifteen,CARDINAL,FigureSkating,positive
2022,DATE,olympics,negative
Olympics,EVENT,olympics,negative
gymnastics,GPE,olympics,negative
Sivert,PERSON,biathlon,positive
Botn,NORP,biathlon,positive
Carolina,ORG,FigureSkating,positive
30s,DATE,FigureSkating,positive
Schaefer,PERSON,hockey,positive
Mckenna,GPE,hockey,positive
DuPont,ORG,hockey,positive
Pue/Schultz,ORG,hockey,positive
the next 3 years of 1st,DATE,hockey,positive
Johnston,GPE,hockey,positive
Slevbro,PERSON,FigureSkating,positive
Awww,PERSON,FigureSkating,positive
18 years,DATE,FigureSkating,positive
first,ORDINAL,FigureSkating,positive
first,ORDINAL,FigureSkating,positive
half,CARDINAL,FigureSkating,positive
😆,CARDINAL,FigureSkating,positive
Anna Magnusson,PERSON,biathlon,positive
4th,ORDINAL,biathlon,positive
Kingston,GPE,olympics,neutral
2042,DATE,olympics,neutral
tomorrow,DATE,FigureSkating,negative
afternoon,TIME,FigureSkating,negative
R5(d,ORG,Curling,positive
Canadians,NORP,Curling,positive
Canada,GPE,Curling,positive
Yuma,PERSON,FigureSkating,positive
today,DATE,FigureSkating,positive
Omg Alysa’s,PERSON,FigureSkating,positive
DANCE,ORG,FigureSkating,positive
Sweden,GPE,Curling,positive
4am,TIME,Curling,positive
today,DATE,olympics,neutral
the last 16 years,DATE,olympics,neutral
more than 33%,PERCENT,olympics,neutral
86 to 116,DATE,olympics,neutral
Frank Turner,PERSON,olympics,neutral
Norwegian,NORP,biathlon,positive
Olympics,EVENT,biathlon,positive
2,CARDINAL,biathlon,positive
2018,DATE,biathlon,positive
NPC Iran,ORG,olympics,negative
one,CARDINAL,olympics,negative
two,CARDINAL,olympics,negative
Paralympian,NORP,olympics,negative
two,CARDINAL,olympics,negative
Para,PRODUCT,olympics,negative
10 March,DATE,olympics,negative
10km,QUANTITY,olympics,negative
11 March,DATE,olympics,negative
the Middle East,LOC,olympics,negative
2018,DATE,olympics,negative
Beijing 2022 Paralympian,ORG,olympics,negative
Italy,GPE,olympics,negative
Justice,ORG,FigureSkating,positive
gif,ORG,FigureSkating,positive
Jarry,PERSON,FigureSkating,positive
Ingram,GPE,FigureSkating,positive
FML,ORG,FigureSkating,positive
hahaha,PERSON,FigureSkating,positive
Skinner,PERSON,FigureSkating,positive
Pickard,GPE,FigureSkating,positive
Sweden,GPE,Curling,negative
yesterday,DATE,Curling,negative
Korea,GPE,Curling,negative
Americans,NORP,olympics,positive
CBC Gem,PERSON,hockey,positive
4,CARDINAL,Curling,positive
1,CARDINAL,Curling,positive
2,CARDINAL,Curling,positive
2,CARDINAL,Curling,positive
2,CARDINAL,Curling,positive
1,CARDINAL,Curling,positive
3,CARDINAL,FigureSkating,positive
89pts,CARDINAL,FigureSkating,positive
Classification Games 5th-8th Round 1 -,ORG,olympics,positive
Slovakia,ORG,olympics,positive
3,CARDINAL,olympics,positive
Germany,GPE,olympics,positive
Final - OT,ORG,olympics,positive
BREAKAWAY,FAC,olympics,positive
FOUR,CARDINAL,olympics,positive
4 years,DATE,olympics,negative
Germany,GPE,olympics,neutral
France,GPE,olympics,neutral
Netherlands,GPE,olympics,neutral
Putin,PERSON,FigureSkating,negative
Trump,PERSON,FigureSkating,negative
Czechia,GPE,biathlon,positive
Hak,PERSON,biathlon,positive
Czechia,GPE,biathlon,positive
Switzerland,GPE,biathlon,positive
Finello,ORG,biathlon,positive
Czechia,NORP,biathlon,positive
Switzerland,GPE,biathlon,positive
Terka,PERSON,biathlon,positive
Instagram,PERSON,FigureSkating,neutral
CBC,ORG,FigureSkating,neutral
Chinese,NORP,olympics,negative
US,GPE,Curling,positive
second,ORDINAL,Curling,neutral
Olympics,EVENT,Curling,neutral
Czech,NORP,hockey,neutral
Dan Vladash,PERSON,hockey,neutral
Hahaha,GPE,FigureSkating,positive
four,CARDINAL,FigureSkating,positive
about 10 days,DATE,FigureSkating,positive
five,CARDINAL,FigureSkating,positive
FS,ORG,FigureSkating,positive
IOC,ORG,FigureSkating,positive
IOC,ORG,FigureSkating,positive
RAL,ORG,olympics,neutral
today,DATE,olympics,positive
The United States,GPE,olympics,negative
Israel,GPE,olympics,negative
the Paralympic Games,EVENT,olympics,negative
Iran,GPE,olympics,negative
the Olympic Truce,EVENT,olympics,negative
Opening Ceremony (Host Feed,WORK_OF_ART,olympics,negative
Winter Olympics,ORG,FigureSkating,positive
six months,DATE,FigureSkating,positive
Olympics,EVENT,FigureSkating,positive
1908,DATE,FigureSkating,positive
1920,DATE,FigureSkating,positive
the next year,DATE,FigureSkating,positive
four months,DATE,FigureSkating,positive
1908,DATE,FigureSkating,positive
1920,DATE,FigureSkating,positive
AF,ORG,olympics,positive
US,GPE,FigureSkating,negative
two,CARDINAL,FigureSkating,negative
Olympics,EVENT,olympics,positive
2008,DATE,olympics,positive
Olympics,EVENT,olympics,positive
the Winter Olympics,EVENT,olympics,positive
2012,DATE,olympics,positive
Winter,DATE,olympics,positive
1992,DATE,olympics,negative
Ross Perot,PERSON,olympics,negative
almost an hour,TIME,olympics,negative
Petrosiian,NORP,FigureSkating,neutral
Gubanova,LOC,FigureSkating,neutral
Raf,PERSON,FigureSkating,neutral
summer,DATE,olympics,positive
winter,DATE,olympics,positive
"Bol,",WORK_OF_ART,olympics,positive
Lavreysen,PERSON,olympics,positive
Hassan,PERSON,olympics,positive
Olympic,FAC,olympics,positive
NOC\*NSF,ORG,olympics,positive
USA,GPE,Curling,positive
Italy,GPE,Curling,positive
today,DATE,Curling,positive
Retornaz,PERSON,Curling,positive
Yessssss,ORG,FigureSkating,positive
Italy,GPE,olympics,negative
6th,ORDINAL,FigureSkating,neutral
2022,DATE,FigureSkating,neutral
US Nationals,ORG,Curling,neutral
tonight,TIME,Curling,neutral
40,CARDINAL,Curling,positive
Kilogram,PRODUCT,Curling,positive
one,CARDINAL,olympics,negative
NBC,ORG,olympics,negative
MK,ORG,olympics,negative
WB,ORG,olympics,negative
China,GPE,olympics,neutral
94,CARDINAL,olympics,negative
Sullivan,PERSON,hockey,neutral
3,CARDINAL,FigureSkating,neutral
Wang,ORG,FigureSkating,neutral
Liu,PERSON,FigureSkating,neutral
Liu Xinyu,PERSON,FigureSkating,positive
one half,CARDINAL,FigureSkating,positive
Olympics,EVENT,olympics,positive
one,CARDINAL,olympics,positive
two,CARDINAL,olympics,positive
18,CARDINAL,olympics,positive
hahaha,GPE,olympics,positive
1,CARDINAL,FigureSkating,positive
Julia Sauter,PERSON,FigureSkating,positive
190,CARDINAL,FigureSkating,positive
a few years ago,DATE,FigureSkating,positive
Olympic,EVENT,FigureSkating,positive
2,CARDINAL,FigureSkating,positive
Misha,PERSON,FigureSkating,positive
Olympic,EVENT,FigureSkating,positive
3,CARDINAL,FigureSkating,positive
Paul,PERSON,FigureSkating,positive
Vincent,PERSON,FigureSkating,positive
4,CARDINAL,FigureSkating,positive
Matteo Rizzo's,PERSON,FigureSkating,positive
5,CARDINAL,FigureSkating,positive
Alysa,PERSON,FigureSkating,positive
two decades,DATE,FigureSkating,positive
Kaori,PERSON,FigureSkating,positive
Olympics,EVENT,FigureSkating,positive
the days,DATE,hockey,negative
Czechoslovakia,GPE,hockey,negative
USSR,GPE,hockey,negative
anti-Russian,NORP,FigureSkating,positive
2030,DATE,FigureSkating,positive
Russians,NORP,FigureSkating,positive
Kremlin,GPE,FigureSkating,positive
five,CARDINAL,olympics,positive
❤,CARDINAL,biathlon,neutral
14,DATE,olympics,positive
4,CARDINAL,olympics,positive
Declan Farmer,PERSON,olympics,positive
4,CARDINAL,olympics,positive
2,CARDINAL,olympics,positive
Noah,PERSON,olympics,positive
1,CARDINAL,olympics,positive
5,CARDINAL,olympics,positive
Josh,PERSON,olympics,positive
4,CARDINAL,olympics,positive
4,CARDINAL,olympics,positive
Dutch,NORP,olympics,neutral
Dutch,NORP,olympics,neutral
Uldal,ORG,biathlon,positive
norwegian,NORP,biathlon,positive
Rule 2:,PRODUCT,FigureSkating,negative
Drama,PERSON,FigureSkating,negative
2,CARDINAL,FigureSkating,negative
troll,ORG,FigureSkating,negative
Dafovska,ORG,biathlon,positive
Bulgarian,NORP,biathlon,positive
Hristova,ORG,biathlon,positive
Hristova,ORG,biathlon,positive
winter,DATE,olympics,positive
Olympics,EVENT,olympics,positive
2006,DATE,olympics,positive
JT Miller,PERSON,hockey,positive
Kappa,ORG,snowboarding,positive
US,GPE,snowboarding,positive
LA 1984,EVENT,snowboarding,positive
Olympics,EVENT,snowboarding,positive
Scottish,NORP,Curling,neutral
Homans,NORP,Curling,neutral
Canadian,NORP,Curling,neutral
Jack,PERSON,hockey,negative
Breezy,ORG,olympics,negative
Mikaela,GPE,olympics,negative
YouTube,ORG,olympics,positive
2014,DATE,olympics,positive
US,GPE,Curling,positive
Peacock,GPE,Curling,positive
Homan,PERSON,Curling,positive
it day,DATE,olympics,positive
the first few days,DATE,olympics,positive
Browning,GPE,FigureSkating,positive
Kwan,GPE,FigureSkating,positive
Lynn,PERSON,FigureSkating,positive
Cranston,PERSON,FigureSkating,positive
Hahaha,GPE,olympics,positive
time + 1 minute,TIME,Curling,negative
nbc,ORG,olympics,neutral
FO,ORG,FigureSkating,positive
Danil,GPE,FigureSkating,positive
WONDERFUL,ORG,Curling,positive
Canada,GPE,hockey,negative
Ukraine,GPE,FigureSkating,positive
Olympic Committee,ORG,FigureSkating,positive
IOC,ORG,FigureSkating,positive
Gumennik,PERSON,FigureSkating,positive
Korzhova,PERSON,FigureSkating,positive
UOC,ORG,FigureSkating,positive
BBC,ORG,FigureSkating,positive
13,CARDINAL,FigureSkating,positive
Gumennik,PERSON,FigureSkating,positive
Canadians,NORP,olympics,positive
Holly Harris’s,PERSON,FigureSkating,positive
\[Clair de Lune,ORG,FigureSkating,positive
Olympics,EVENT,FigureSkating,positive
Kazuki Tomono’s,PERSON,FigureSkating,positive
1,CARDINAL,FigureSkating,positive
Figure Skating,WORK_OF_ART,FigureSkating,positive
Olympics,EVENT,FigureSkating,positive
2,CARDINAL,FigureSkating,positive
first,ORDINAL,FigureSkating,positive
seven,CARDINAL,FigureSkating,positive
Midori Ito,PERSON,FigureSkating,positive
Ilia,GPE,FigureSkating,positive
Ilia,PERSON,FigureSkating,positive
these days,DATE,FigureSkating,positive
Carol Lane,PERSON,FigureSkating,positive
CBC,ORG,FigureSkating,positive
Date Jan 12,DATE,FigureSkating,positive
Canadian,NORP,Curling,positive
Canadians,NORP,Curling,positive
first,ORDINAL,FigureSkating,negative
Bob Costas,PERSON,hockey,neutral
NBC,ORG,hockey,neutral
Makar,PERSON,hockey,positive
Hughes,ORG,hockey,positive
MacKinnon,ORG,hockey,positive
Tkachuks,PERSON,hockey,positive
Miracle,PERSON,hockey,positive
Crosby,ORG,hockey,positive
Armia,PERSON,hockey,positive
McK & McD,ORG,hockey,negative
NHL,ORG,hockey,negative
RAMONTADA,ORG,hockey,negative
Isabella,PERSON,Curling,neutral
today,DATE,Curling,neutral
BBC,ORG,FigureSkating,negative
Olympics,EVENT,FigureSkating,negative
Olympic,FAC,olympics,positive
Russia,GPE,olympics,positive
Worlds,ORG,FigureSkating,positive
last year,DATE,FigureSkating,positive
Olympics,EVENT,FigureSkating,positive
Idk,PERSON,FigureSkating,positive
Malinin,PERSON,olympics,positive
"the ""Quad God",LAW,olympics,positive
Curling,GPE,Curling,negative
4,CARDINAL,Curling,negative
10th,ORDINAL,Curling,negative
the Hammer(Last Shot,FAC,Curling,negative
GB,PERSON,Curling,negative
Adam,PERSON,hockey,negative
Guerin,PERSON,hockey,negative
NBC,ORG,olympics,negative
Late Night,WORK_OF_ART,olympics,negative
intro,FAC,olympics,negative
SNL,ORG,olympics,negative
Saturdays,DATE,olympics,negative
five,CARDINAL,FigureSkating,negative
today,DATE,FigureSkating,negative
9th,ORDINAL,FigureSkating,positive
7,CARDINAL,olympics,positive
one,CARDINAL,olympics,positive
next few days,DATE,olympics,positive
Olympics,EVENT,olympics,positive
the Allianz Riviera,ORG,hockey,positive
the Stade Louis II,FAC,hockey,positive
Monaco,GPE,hockey,positive
Halfvarason,PERSON,biathlon,negative
today,DATE,FigureSkating,negative
10 am,TIME,olympics,neutral
about 8 hours,TIME,olympics,neutral
U.S,GPE,olympics,neutral
Wierer,PERSON,biathlon,negative
Vittozzi,ORG,biathlon,negative
Italians,NORP,biathlon,negative
Games,FAC,biathlon,negative
World Cup,EVENT,biathlon,negative
Antholz,PERSON,biathlon,negative
Giacomel,GPE,biathlon,negative
6,CARDINAL,biathlon,negative
6,CARDINAL,biathlon,negative
Las Vegas,GPE,biathlon,negative
Braunhofer,PERSON,biathlon,negative
first,ORDINAL,biathlon,negative
Rasmus Wrana,PERSON,Curling,positive
2,CARDINAL,Curling,positive
Hardline,ORG,Curling,positive
Goldline,PERSON,Curling,positive
Czech Republic,GPE,Curling,positive
Julia,ORG,Curling,positive
Switzerland,GPE,hockey,negative
Yikes,PRODUCT,hockey,negative
yesterday,DATE,FigureSkating,negative
a few days ago,DATE,FigureSkating,negative
Jennifer Jones,PERSON,Curling,neutral
third,ORDINAL,Curling,neutral
Olympics,EVENT,biathlon,negative
Dorothea,PERSON,biathlon,negative
Franziska,ORG,biathlon,negative
Saturday,DATE,biathlon,negative
Norway,GPE,olympics,positive
U.S.,GPE,olympics,positive
U.S.,GPE,olympics,positive
2,CARDINAL,Curling,positive
28,CARDINAL,FigureSkating,negative
Adelia,PERSON,FigureSkating,negative
sixth,ORDINAL,FigureSkating,negative
100+,DATE,FigureSkating,negative
Adelia,GPE,FigureSkating,negative
n’t,GPE,FigureSkating,negative
Broadway,FAC,FigureSkating,positive
Olympic,EVENT,FigureSkating,neutral
🏻‍♀️,DATE,FigureSkating,neutral
Alexander,PERSON,hockey,positive
Gabi,GPE,FigureSkating,positive
Olympics,EVENT,FigureSkating,positive
tomorrow,DATE,biathlon,positive
Mazzel,ORG,olympics,neutral
CBC Gem,PERSON,hockey,positive
the next day,DATE,hockey,neutral
Gestblom,GPE,biathlon,positive
this season,DATE,biathlon,positive
Halvarsson,PERSON,biathlon,positive
Individual,ORG,biathlon,positive
Denmark,GPE,hockey,positive
last year,DATE,hockey,positive
2013,DATE,olympics,positive
tonight,TIME,olympics,positive
Emma,ORG,Curling,positive
80%,PERCENT,Curling,positive
Beijing,GPE,FigureSkating,positive
3,CARDINAL,FigureSkating,positive
OMG,ORG,FigureSkating,neutral
Mike Tirico,PERSON,FigureSkating,neutral
Snoop 🤣,PERSON,FigureSkating,neutral
American,NORP,olympics,positive
Canada,GPE,hockey,positive
one,CARDINAL,hockey,positive
Aurora,PERSON,FigureSkating,positive
10-3,CARDINAL,Curling,positive
KOR,ORG,Curling,positive
1847,DATE,olympics,positive
Goffredo Mameli,PERSON,olympics,positive
the same year,DATE,olympics,positive
Michele,PERSON,olympics,positive
Novaro,PERSON,olympics,positive
italy,GPE,olympics,positive
Si,GPE,olympics,positive
Olympic,EVENT,FigureSkating,positive
Nathan Chen,PERSON,FigureSkating,positive
Olympic,EVENT,FigureSkating,positive
1,CARDINAL,FigureSkating,neutral
Russia,GPE,FigureSkating,neutral
Team Canada,ORG,olympics,positive
️‍🩹,PERSON,FigureSkating,positive
Jack,PERSON,hockey,negative
4,CARDINAL,hockey,negative
Nations,ORG,hockey,negative
last year,DATE,hockey,negative
Team USA,ORG,hockey,negative
Jack,PERSON,hockey,negative
Dale,PERSON,biathlon,positive
second,ORDINAL,biathlon,positive
Botn,PERSON,biathlon,positive
french,NORP,biathlon,positive
Perrot,PERSON,biathlon,positive
QFM,ORG,biathlon,positive
one,CARDINAL,olympics,positive
Olympics,EVENT,FigureSkating,positive
one,CARDINAL,FigureSkating,positive
Jason,PERSON,FigureSkating,positive
Olympics,EVENT,FigureSkating,positive
Beijing,GPE,FigureSkating,positive
Olympic,EVENT,FigureSkating,positive
Olympic,EVENT,FigureSkating,positive
Jason Brown,PERSON,FigureSkating,positive
Beijing,GPE,FigureSkating,positive
one,CARDINAL,olympics,positive
Olympics,EVENT,olympics,positive
Phelps,PERSON,olympics,positive
8,CARDINAL,olympics,positive
one,CARDINAL,olympics,positive
Switzerland,GPE,Curling,positive
9th,ORDINAL,Curling,positive
M/K,ORG,FigureSkating,negative
every 4 years,DATE,Curling,positive
first,ORDINAL,olympics,positive
Winter Olympics,EVENT,olympics,positive
Olympics,EVENT,olympics,positive
winter,DATE,olympics,positive
at least 5,CARDINAL,biathlon,neutral
last minute,TIME,biathlon,neutral
70%,PERCENT,olympics,negative
half,CARDINAL,olympics,neutral
second,ORDINAL,olympics,neutral
two,CARDINAL,olympics,neutral
first,ORDINAL,FigureSkating,positive
this all night,TIME,FigureSkating,positive
two,CARDINAL,FigureSkating,positive
Shun,PERSON,FigureSkating,positive
Matteo,ORG,FigureSkating,positive
later this month,DATE,olympics,positive
Italy,GPE,olympics,positive
summer,DATE,olympics,positive
Olympic,EVENT,olympics,positive
two,CARDINAL,hockey,positive
Olympics,EVENT,FigureSkating,positive
one,CARDINAL,FigureSkating,positive
USFS,ORG,FigureSkating,positive
"Wheelchair Curling

Man",ORG,olympics,positive
Team USA,ORG,olympics,positive
Latvia,GPE,olympics,positive
Latvia,GPE,olympics,positive
Olympics,EVENT,Curling,neutral
first,ORDINAL,Curling,neutral
Olympics,EVENT,hockey,positive
french,NORP,snowboarding,neutral
Yuna,PERSON,FigureSkating,negative
Olympics,EVENT,FigureSkating,negative
two,CARDINAL,olympics,positive
🤡,CARDINAL,olympics,neutral
only two,CARDINAL,Curling,positive
Men's Hockey,ORG,olympics,positive
half,CARDINAL,olympics,positive
USA,GPE,olympics,positive
Canada,GPE,olympics,positive
Canadian,NORP,olympics,positive
Canadian,NORP,olympics,positive
US,GPE,olympics,positive
one,CARDINAL,olympics,positive
Canadian,NORP,olympics,positive
American,NORP,olympics,positive
Jacquelin,PERSON,biathlon,positive
2020,DATE,biathlon,positive
QFM,ORG,biathlon,positive
Norwegians,NORP,biathlon,positive
Lozbers,ORG,biathlon,positive
Hiidensalo,PERSON,biathlon,positive
40,CARDINAL,biathlon,positive
40,CARDINAL,biathlon,positive
two weeks,DATE,olympics,negative
https://preview.redd.it/3opritmyhelg1.jpeg?width=1080&format=pjpg&auto=webp&s=59e1c1a5fd6f79cae35c1c3f12b6b5ce8075456a,GPE,hockey,neutral
Japan,GPE,olympics,negative
China,GPE,olympics,negative
YouTube,ORG,olympics,negative
Hockey,PERSON,olympics,neutral
🏒🤣,PERSON,olympics,neutral
London,GPE,olympics,positive
one day,DATE,olympics,positive
The Lululemon Team Canada,ORG,olympics,positive
Hockey Canada,ORG,olympics,positive
80,MONEY,olympics,positive
NA,GPE,olympics,positive
Christmas,DATE,olympics,positive
Oly,PERSON,olympics,positive
us,GPE,olympics,positive
Olympics,EVENT,Curling,positive
GB,PERSON,Curling,positive
Eduard Lepacek,PERSON,olympics,positive
Slovakia,ORG,olympics,positive
250kg,QUANTITY,olympics,positive
551,CARDINAL,olympics,positive
one,CARDINAL,olympics,positive
Lindsey Vonn,PERSON,olympics,negative
one day,DATE,FigureSkating,positive
every day,DATE,FigureSkating,positive
Uk,GPE,FigureSkating,negative
eight,CARDINAL,olympics,neutral
Trump,ORG,olympics,positive
FBC,ORG,FigureSkating,positive
RD,ORG,FigureSkating,positive
Cizeron,ORG,FigureSkating,positive
2018,DATE,FigureSkating,positive
CB,ORG,FigureSkating,positive
IE,ORG,FigureSkating,positive
The Olympic Winter Games,EVENT,olympics,neutral
3 months,DATE,olympics,positive
season,DATE,olympics,positive
Norway,GPE,olympics,positive
European,NORP,olympics,positive
World Championships,EVENT,olympics,positive
one day,DATE,olympics,positive
Rocky,GPE,FigureSkating,positive
Czech Republic,GPE,FigureSkating,positive
Petrs,PERSON,FigureSkating,positive
yesterday,DATE,FigureSkating,positive
Mikaela,PERSON,olympics,positive
Kneus,PERSON,olympics,neutral
Jacquelin,PERSON,biathlon,positive
2032,DATE,olympics,neutral
Brisbane,GPE,olympics,neutral
RD,ORG,FigureSkating,neutral
Euros,PERSON,FigureSkating,neutral
U.S.,GPE,olympics,negative
U.S.,GPE,olympics,negative
Elia Zeni,PERSON,biathlon,positive
Bionaz,PERSON,biathlon,positive
Antholz,GPE,biathlon,positive
Urgh,PERSON,biathlon,positive
Olympics,EVENT,hockey,negative
US,GPE,hockey,negative
NBC,ORG,hockey,negative
Gracie Gold,ORG,FigureSkating,neutral
one,CARDINAL,FigureSkating,neutral
first,ORDINAL,FigureSkating,neutral
Xwitter,FAC,FigureSkating,negative
Chinese,NORP,FigureSkating,negative
Yu-Hsiang,PERSON,FigureSkating,negative
Yu-Hsiang,PERSON,FigureSkating,negative
China,GPE,FigureSkating,negative
China,GPE,FigureSkating,negative
Taiwan,GPE,FigureSkating,negative
million,CARDINAL,olympics,positive
4,CARDINAL,olympics,positive
1000,CARDINAL,olympics,positive
🤔,PERSON,olympics,positive
IAM,ORG,FigureSkating,positive
Milan,GPE,FigureSkating,neutral
0,CARDINAL,olympics,negative
Italian,NORP,olympics,positive
Wikipedia,ORG,hockey,positive
7,CARDINAL,hockey,positive
2,CARDINAL,hockey,positive
One,CARDINAL,FigureSkating,positive
IOC,ORG,olympics,positive
Alysa,PERSON,FigureSkating,positive
5th,ORDINAL,FigureSkating,positive
Olympics,EVENT,FigureSkating,positive
Ilia,PERSON,FigureSkating,positive
Olympics,EVENT,FigureSkating,positive
Johnny + Tara,PERSON,FigureSkating,positive
The Traitors,ORG,FigureSkating,positive
first,ORDINAL,FigureSkating,negative
Homeland Security,ORG,olympics,positive
HSI,ORG,olympics,positive
Olympic Games,EVENT,olympics,positive
Trump,ORG,olympics,positive
America,GPE,olympics,positive
Border Patrol,WORK_OF_ART,olympics,positive
Removal Operations,ORG,olympics,positive
5k,CARDINAL,olympics,positive
10k,DATE,olympics,positive
FOUR,CARDINAL,olympics,positive
two,CARDINAL,olympics,positive
half,CARDINAL,olympics,positive
milan,GPE,FigureSkating,negative
Knochenhauer,GPE,Curling,positive
Draw,ORG,Curling,positive
75%,PERCENT,Curling,positive
13th,DATE,FigureSkating,neutral
5th,ORDINAL,FigureSkating,neutral
the 1st,DATE,olympics,negative
LEGO,ORG,hockey,negative
Adicoff,NORP,olympics,neutral
🇸 🥇,PERSON,olympics,neutral
Danish TV2,PERSON,biathlon,positive
Anne De Besche,PERSON,biathlon,positive
Antholz,GPE,biathlon,negative
this 15 February 2026,DATE,biathlon,negative
Today,DATE,biathlon,negative
1,CARDINAL,biathlon,negative
Lisa,PERSON,biathlon,negative
2,CARDINAL,biathlon,negative
KIRKEEIDE Maren,ORG,biathlon,negative
3,CARDINAL,biathlon,negative
MINKKINEN Suvi,ORG,biathlon,negative
20,CARDINAL,biathlon,negative
Women 10 km,FAC,biathlon,negative
|4| JEANMONNOT Lou |FRA|31:01.2,PERSON,biathlon,negative
PREUSS Franziska |GER|31:19.8,PERSON,biathlon,negative
Lora |BUL|31:24.0,PERSON,biathlon,negative
GESTBLOM Linn,PERSON,biathlon,negative
ZUK Kamila,PERSON,biathlon,negative
|13|,CARDINAL,biathlon,negative
Natalia,GPE,biathlon,negative
TODOROVA Milena |BUL|31:57.0,ORG,biathlon,negative
|15| KNOTTEN,PERSON,biathlon,negative
Karoline Offigstad |NOR|32:16.2,PERSON,biathlon,negative
Joanna,PERSON,biathlon,negative
VOIGT Vanessa |GER|32:31.5,PERSON,biathlon,negative
OGM,ORG,FigureSkating,negative
https://preview.redd.it/hz07wcew74ig1.jpeg?width=1600&format=pjpg&auto=webp&s=9b1308eece90a65dd3f0116c789b0fd19ff999ce,GPE,FigureSkating,neutral
Georgia,GPE,FigureSkating,neutral
Without WW1 Finland,ORG,hockey,positive
Russia,GPE,hockey,positive
the last row,DATE,FigureSkating,neutral
Swede,NORP,hockey,neutral
russian,NORP,FigureSkating,negative
this year,DATE,FigureSkating,negative
Olympic,EVENT,FigureSkating,negative
first,ORDINAL,FigureSkating,negative
3,CARDINAL,FigureSkating,negative
Europeans,NORP,FigureSkating,negative
gp,NORP,FigureSkating,negative
valieva comeback,PERSON,FigureSkating,negative
next year,DATE,FigureSkating,negative
Johan,PERSON,biathlon,negative
Terry Gannon,PERSON,FigureSkating,neutral
Johnny,PERSON,FigureSkating,neutral
Tracy,PERSON,FigureSkating,neutral
one,CARDINAL,FigureSkating,negative
yesterday,DATE,biathlon,positive
Norwegian,NORP,biathlon,positive
yesterday,DATE,biathlon,positive
a ton,QUANTITY,hockey,positive
NHL,ORG,hockey,positive
The United States,GPE,olympics,positive
first,ORDINAL,olympics,positive
second,ORDINAL,olympics,positive
Americans,NORP,olympics,positive
Americans,NORP,olympics,positive
third,ORDINAL,olympics,positive
100 years later,DATE,olympics,positive
a good day,DATE,snowboarding,positive
Cricket,ORG,olympics,positive
2032,DATE,olympics,positive
Brisbane,GPE,olympics,positive
Japanese,NORP,FigureSkating,negative
Kaori,ORG,FigureSkating,negative
4th,ORDINAL,FigureSkating,negative
10,CARDINAL,FigureSkating,positive
Ilia,GPE,FigureSkating,positive
Yuma,GPE,FigureSkating,positive
Adam,PERSON,FigureSkating,positive
Shaun,PERSON,olympics,positive
Lindsey Vonn,PERSON,olympics,positive
Armenia,GPE,FigureSkating,neutral
Olympics,EVENT,olympics,positive
Nazgûl,PERSON,olympics,positive
first,ORDINAL,olympics,positive
equestrian,NORP,olympics,positive
summer,DATE,olympics,positive
Olympics,EVENT,olympics,positive
thousands,CARDINAL,hockey,positive
one,CARDINAL,hockey,positive
USA,GPE,hockey,positive
Kyle Connor,PERSON,hockey,positive
Clayton Keller,PERSON,hockey,positive
Jack Hughes,PERSON,hockey,positive
Jake Guentzel,PERSON,hockey,positive
Dylan Larkin,PERSON,hockey,positive
Matt Boldy,PERSON,hockey,positive
Matthew Knies,PERSON,hockey,positive
2014,DATE,hockey,positive
Brandon Dubinsky,PERSON,hockey,positive
David Backes,PERSON,hockey,positive
5’6 150 pounds,QUANTITY,hockey,positive
Cole Caulfield,PRODUCT,hockey,positive
USA,GPE,hockey,positive
Caulfield,ORG,hockey,positive
6,CARDINAL,hockey,positive
9th,ORDINAL,hockey,positive
USA,GPE,hockey,positive
one,CARDINAL,biathlon,negative
7/7,CARDINAL,biathlon,negative
8/8,CARDINAL,biathlon,negative
first,ORDINAL,biathlon,negative
tomorrow,DATE,biathlon,negative
Simon,PERSON,biathlon,negative
Sweden,GPE,hockey,neutral
NHLers,ORG,hockey,neutral
the half a dozen,CARDINAL,olympics,positive
Olympics,EVENT,olympics,positive
first,ORDINAL,olympics,neutral
Paralympics,ORG,olympics,neutral
China,GPE,olympics,neutral
Carol and Kurt,ORG,FigureSkating,positive
Piper,ORG,FigureSkating,positive
Paul,PERSON,FigureSkating,positive
a few minutes,TIME,FigureSkating,positive
Germany,GPE,olympics,neutral
Bobsleigh,GPE,olympics,neutral
winter,DATE,olympics,neutral
the last 70 or so years,DATE,olympics,neutral
one,CARDINAL,olympics,positive
Brazil,GPE,olympics,positive
Winter Olympic,EVENT,olympics,positive
Kazakhstan,GPE,olympics,positive
previous years,DATE,olympics,positive
first,ORDINAL,olympics,positive
Olympics,EVENT,olympics,positive
🤔 Spins,PERSON,FigureSkating,negative
Olympics,EVENT,FigureSkating,negative
Sofia,GPE,FigureSkating,negative
Russian,NORP,FigureSkating,negative
F/G,PRODUCT,FigureSkating,positive
Piper,ORG,FigureSkating,positive
Paul,PERSON,FigureSkating,positive
an every,DATE,olympics,neutral
Olympics,EVENT,olympics,neutral
this year,DATE,olympics,neutral
Jimmy Fallon,PERSON,hockey,negative
China,GPE,olympics,positive
1956,DATE,olympics,negative
Josephine,PERSON,FigureSkating,positive
3,CARDINAL,FigureSkating,positive
Olympic,EVENT,FigureSkating,positive
a few years back,DATE,FigureSkating,positive
us,GPE,FigureSkating,positive
Boston,GPE,FigureSkating,positive
Bay Area,LOC,FigureSkating,positive
Minnesota,GPE,FigureSkating,positive
Alysa,PERSON,FigureSkating,positive
One,CARDINAL,FigureSkating,positive
Naomi Osaka,PERSON,olympics,neutral
first,ORDINAL,olympics,neutral
Lou,PERSON,biathlon,positive
first,ORDINAL,biathlon,positive
3,CARDINAL,biathlon,positive
🥈🥉,ORG,biathlon,positive
a week and a half,DATE,FigureSkating,positive
Minnesota,GPE,hockey,negative
C/B.,ORG,FigureSkating,positive
RD,ORG,FigureSkating,positive
first,ORDINAL,FigureSkating,positive
🥈,PERSON,hockey,neutral
Mixed Relay,PERSON,biathlon,positive
Lenzerheide,GPE,biathlon,positive
at least two,CARDINAL,biathlon,positive
four,CARDINAL,biathlon,positive
Ruhpolding,GPE,biathlon,positive
Nove Mesto,WORK_OF_ART,biathlon,positive
first,ORDINAL,biathlon,positive
Olympics,EVENT,biathlon,positive
Saturday,DATE,biathlon,positive
two days,DATE,biathlon,positive
1,CARDINAL,FigureSkating,positive
2,CARDINAL,FigureSkating,positive
10,CARDINAL,FigureSkating,positive
3,CARDINAL,FigureSkating,positive
Maddie,PERSON,FigureSkating,positive
every week,DATE,olympics,positive
Milan,GPE,olympics,positive
one,CARDINAL,olympics,positive
Ami,PERSON,FigureSkating,positive
Mone,PERSON,FigureSkating,positive
Rinka,PERSON,FigureSkating,positive
Mao 2.0,PERSON,FigureSkating,positive
2030,DATE,FigureSkating,positive
Team Canada,ORG,hockey,neutral
Sturmabteilung,PERSON,olympics,positive
Team Canada,ORG,hockey,positive
Ilia,PERSON,FigureSkating,positive
Christina Carreira,PERSON,FigureSkating,positive
Phoebe Bekker,PERSON,FigureSkating,positive
Juliet,PERSON,FigureSkating,positive
Emilea Zingas’s,PERSON,FigureSkating,positive
today,DATE,FigureSkating,positive
Yuma,PERSON,FigureSkating,positive
Alysa Liu's,PERSON,FigureSkating,positive
OGM,ORG,FigureSkating,positive
1,CARDINAL,FigureSkating,positive
Riku Muira,PERSON,FigureSkating,positive
Kihara OGM,PERSON,FigureSkating,positive
Yuri,GPE,FigureSkating,positive
2,CARDINAL,FigureSkating,positive
Mikhail Shaidorov OGM,PERSON,FigureSkating,positive
Denis,PERSON,FigureSkating,positive
3,CARDINAL,FigureSkating,positive
Metelkina/Luka Berulava,PERSON,FigureSkating,positive
first,ORDINAL,FigureSkating,positive
Winter Olympic,EVENT,FigureSkating,positive
Georgia,GPE,FigureSkating,positive
4,CARDINAL,FigureSkating,positive
Yuma Kagiyama,PERSON,FigureSkating,positive
Tina,PERSON,FigureSkating,positive
5,CARDINAL,FigureSkating,positive
Ilia Malinin,PERSON,FigureSkating,positive
Mikhail Shaidorov,PERSON,FigureSkating,positive
Amber Glenn,PERSON,FigureSkating,positive
FS,ORG,FigureSkating,positive
Kaori Sakamoto,PERSON,FigureSkating,positive
Alysa Liu,PERSON,FigureSkating,positive
Ami Nakai,PERSON,FigureSkating,positive
Dallas,GPE,hockey,positive
15,CARDINAL,hockey,positive
Delta 11,LAW,hockey,positive
4,CARDINAL,hockey,positive
Dallas,GPE,hockey,positive
a rough week,DATE,hockey,positive
2,CARDINAL,hockey,positive
15,CARDINAL,hockey,positive
Jensen,PERSON,hockey,positive
Phebe Bekker’s,PERSON,FigureSkating,positive
Christina Carreira,PERSON,FigureSkating,positive
Emilea Zingas’s,PERSON,FigureSkating,positive
Mens Cross Country,ORG,olympics,neutral
10km,QUANTITY,olympics,neutral
"Standing

Gold",ORG,olympics,neutral
Bronze,GPE,olympics,neutral
canada,GPE,olympics,neutral
Relay,FAC,biathlon,neutral
🤔,PERSON,biathlon,neutral
only two,CARDINAL,biathlon,positive
M/W,ORG,biathlon,positive
the opening weekend,DATE,biathlon,positive
two,CARDINAL,FigureSkating,positive
Mary Carillo,PERSON,FigureSkating,positive
one,CARDINAL,olympics,positive
today,DATE,olympics,negative
French,NORP,biathlon,positive
Norwegians,NORP,biathlon,positive
Norway,GPE,biathlon,positive
French,NORP,biathlon,positive
Americans,NORP,olympics,positive
non-American,NORP,olympics,positive
NBC,ORG,hockey,positive
US,GPE,hockey,positive
NBC,ORG,hockey,positive
Olympics,EVENT,hockey,positive
Peacock,GPE,hockey,positive
Canadian,NORP,hockey,positive
US,GPE,hockey,positive
2,CARDINAL,FigureSkating,neutral
1,CARDINAL,FigureSkating,neutral
YouTube,PRODUCT,FigureSkating,neutral
23,CARDINAL,olympics,positive
Klæbo,PERSON,olympics,positive
two,CARDINAL,olympics,positive
14,CARDINAL,olympics,positive
18,CARDINAL,olympics,positive
this year,DATE,olympics,positive
41,CARDINAL,olympics,positive
Phelps,PERSON,olympics,positive
100,CARDINAL,olympics,positive
200,CARDINAL,olympics,positive
400,CARDINAL,olympics,positive
50km,QUANTITY,olympics,positive
two,CARDINAL,olympics,positive
about 20 years,DATE,olympics,positive
Simon,PERSON,biathlon,negative
Olympics,EVENT,FigureSkating,positive
the last four years,DATE,FigureSkating,positive
Gord Miller,PERSON,hockey,positive
HNIC,ORG,hockey,positive
Hristova,PERSON,biathlon,positive
Todorova,ORG,biathlon,positive
today,DATE,biathlon,positive
Women’s Pursuit,ORG,biathlon,positive
2002,DATE,biathlon,positive
Salt,ORG,biathlon,positive
two,CARDINAL,biathlon,positive
Olsbu Røiseland,PERSON,biathlon,positive
Laura Dahlmeier,PERSON,biathlon,positive
GER,ORG,biathlon,positive
first,ORDINAL,biathlon,positive
2018,DATE,biathlon,positive
MOR,ORG,biathlon,positive
2022,DATE,biathlon,positive
Only 2,CARDINAL,biathlon,positive
Kati Wilhelm,PERSON,biathlon,positive
GER,ORG,biathlon,positive
2002,DATE,biathlon,positive
2006,DATE,biathlon,positive
Anastasiya Kuzmina,PERSON,biathlon,positive
SVK,ORG,biathlon,positive
"2010, 2018",DATE,biathlon,positive
the French Men,ORG,biathlon,positive
German,NORP,biathlon,positive
5,CARDINAL,biathlon,positive
6,CARDINAL,biathlon,positive
2014,DATE,biathlon,positive
2022,DATE,biathlon,positive
2002,DATE,biathlon,positive
Wilhelm,PERSON,biathlon,positive
2006,DATE,biathlon,positive
Wilhelm,PERSON,biathlon,positive
Glagow (Silver,ORG,biathlon,positive
2010,DATE,biathlon,positive
Neuner,PERSON,biathlon,positive
2018,DATE,biathlon,positive
Dahlmeier (Gold,ORG,biathlon,positive
2010,DATE,biathlon,positive
Overall Globe Champions,ORG,biathlon,positive
Neuner,GPE,biathlon,positive
Domracheva,GPE,biathlon,positive
Dahlmeier,ORG,biathlon,positive
MOR,ORG,biathlon,positive
Swedish,NORP,biathlon,positive
Elvira Öberg,PERSON,biathlon,positive
Olympics,EVENT,biathlon,positive
Team USA,ORG,hockey,neutral
US,GPE,FigureSkating,neutral
Japan,GPE,FigureSkating,neutral
Israel,GPE,FigureSkating,positive
United States,GPE,FigureSkating,positive
Olympic,FAC,FigureSkating,positive
US,GPE,FigureSkating,positive
Alyssa,PERSON,FigureSkating,positive
1800,DATE,olympics,negative
100,CARDINAL,olympics,negative
Canadian,NORP,hockey,neutral
Stephen Emt,ORG,olympics,positive
one day,DATE,olympics,positive
italian,NORP,biathlon,positive
yesterday,DATE,biathlon,positive
france,GPE,biathlon,positive
France,GPE,biathlon,positive
1h11min,CARDINAL,biathlon,positive
Italy,GPE,biathlon,positive
1h16min,CARDINAL,biathlon,positive
🙏,ORG,olympics,positive
67th,ORDINAL,biathlon,positive
Hochfilzen,ORG,biathlon,positive
IBU,ORG,biathlon,positive
Netherlands,GPE,biathlon,positive
Belgium,GPE,biathlon,positive
5,CARDINAL,biathlon,positive
Cloetens,GPE,biathlon,positive
24 years old,DATE,biathlon,positive
ALWAYS,ORG,olympics,neutral
Paralympics,ORG,olympics,neutral
UK,GPE,olympics,neutral
Olympics,EVENT,olympics,positive
tomorrow,DATE,olympics,positive
Between this and Super Bowl I,WORK_OF_ART,olympics,positive
7 hours,TIME,olympics,positive
RikuRyu,ORG,FigureSkating,positive
Deanna,PERSON,FigureSkating,positive
Max,PERSON,FigureSkating,positive
the past 2 weeks,DATE,hockey,positive
next week,DATE,hockey,positive
One,CARDINAL,olympics,positive
3,CARDINAL,olympics,positive
10,CARDINAL,olympics,positive
one,CARDINAL,olympics,positive
US Nationals,ORG,FigureSkating,neutral
Olympics,EVENT,FigureSkating,neutral
Silver Creek,GPE,skiing,positive
West Virginia,GPE,skiing,positive
Three,CARDINAL,skiing,positive
the Black Run Sugar Shack,ORG,skiing,positive
One,CARDINAL,FigureSkating,positive
Marty Supreme,ORG,olympics,positive
2,CARDINAL,olympics,positive
Les,PERSON,olympics,positive
Alysa Liu,PERSON,olympics,positive
July 2025,DATE,olympics,positive
Oakland,GPE,olympics,positive
December,DATE,olympics,positive
U.S.,GPE,olympics,positive
Beijing,GPE,olympics,positive
David Lease,PERSON,olympics,positive
Ruhpolding,GPE,biathlon,positive
two,CARDINAL,biathlon,positive
Oestersund,GPE,biathlon,positive
6,CARDINAL,biathlon,positive
7,CARDINAL,biathlon,positive
Pursuit,ORG,biathlon,positive
25,CARDINAL,biathlon,positive
2,CARDINAL,biathlon,positive
Italy,GPE,biathlon,positive
One,CARDINAL,FigureSkating,negative
Fed,ORG,FigureSkating,negative
Jason,PERSON,FigureSkating,negative
Olympic,FAC,FigureSkating,negative
Nationals,WORK_OF_ART,FigureSkating,negative
Fed,ORG,FigureSkating,negative
Saturday,DATE,FigureSkating,negative
Ponsi,PERSON,biathlon,negative
Samuelsson,ORG,biathlon,negative
10/10,CARDINAL,biathlon,negative
US,GPE,FigureSkating,positive
Canada,GPE,FigureSkating,positive
Shun,PERSON,FigureSkating,positive
Jason Brown,PERSON,FigureSkating,positive
Ilia,GPE,FigureSkating,positive
Shun,PERSON,FigureSkating,positive
Germany,GPE,Curling,positive
Europe,LOC,Curling,positive
Norway,GPE,Curling,positive
Italy,GPE,Curling,negative
USA,GPE,Curling,negative
second,ORDINAL,Curling,neutral
Jeanmonnot,PERSON,biathlon,negative
Kirkeeide,LOC,biathlon,negative
Doro,ORG,biathlon,negative
one,CARDINAL,biathlon,negative
USA,GPE,hockey,positive
Estonian,NORP,biathlon,positive
first,ORDINAL,biathlon,positive
Gogolev,ORG,FigureSkating,positive
Pyeongchang,GPE,Curling,positive
Team Homan,PERSON,Curling,positive
Miskew,PERSON,Curling,positive
Yuzuru,ORG,FigureSkating,positive
EDI,ORG,FigureSkating,neutral
Indy,PERSON,olympics,positive
Knoxville,GPE,olympics,positive
Fort Lauderdale,GPE,olympics,positive
a ton,QUANTITY,olympics,positive
Southeast Asia,LOC,olympics,positive
Downhill,ORG,olympics,positive
second,ORDINAL,olympics,positive
Olympics,EVENT,olympics,positive
3rd,ORDINAL,olympics,positive
Winter Olympics,EVENT,olympics,positive
2010,DATE,olympics,positive
Olympics,EVENT,olympics,positive
Norway,GPE,olympics,positive
Italian,NORP,FigureSkating,neutral
Full Metal Alchemist,ORG,FigureSkating,neutral
Waltz,PERSON,FigureSkating,neutral
anti-american,NORP,olympics,positive
BA DA DA DA,ORG,olympics,positive
NHL,ORG,olympics,positive
this year,DATE,olympics,positive
ISU,ORG,FigureSkating,neutral
ISU,ORG,FigureSkating,neutral
3,CARDINAL,Curling,negative
1st end,DATE,Curling,negative
Canada,GPE,Curling,negative
the last end 3,DATE,Curling,negative
Canada,GPE,Curling,negative
GB,GPE,Curling,negative
Sweden,GPE,Curling,negative
US,GPE,Curling,negative
Russia,GPE,olympics,neutral
Toasty,ORG,olympics,neutral
5,CARDINAL,olympics,negative
Tonya,GPE,FigureSkating,positive
Tonya,GPE,FigureSkating,positive
French,NORP,FigureSkating,positive
Cizeron,ORG,FigureSkating,positive
Fournier Bundry,PERSON,FigureSkating,positive
Olympic,EVENT,FigureSkating,positive
Achilles,GPE,olympics,negative
half,CARDINAL,olympics,negative
IOC,ORG,FigureSkating,negative
ISU,ORG,FigureSkating,negative
Russian,NORP,FigureSkating,negative
Belarusian,NORP,FigureSkating,negative
ISU,ORG,FigureSkating,negative
ISU,ORG,FigureSkating,negative
Russians,NORP,FigureSkating,negative
Japan,GPE,FigureSkating,negative
US,GPE,FigureSkating,negative
South Korea,GPE,FigureSkating,negative
Canada,GPE,FigureSkating,negative
Italy,GPE,FigureSkating,negative
France,GPE,FigureSkating,negative
ISU,ORG,FigureSkating,negative
Russia,GPE,FigureSkating,negative
SA,ORG,FigureSkating,negative
One,CARDINAL,FigureSkating,negative
Russia,GPE,FigureSkating,negative
One,CARDINAL,olympics,neutral
the Winter Olympic Games,EVENT,olympics,neutral
two,CARDINAL,hockey,neutral
North American,NORP,hockey,neutral
US,GPE,FigureSkating,positive
Alisa Efimova,PERSON,FigureSkating,positive
Daniil Parkman,PERSON,FigureSkating,positive
Balazs Nagy,PERSON,FigureSkating,positive
Audrey Shin,PERSON,FigureSkating,positive
Starr Andrews,PERSON,FigureSkating,positive
Canada,GPE,FigureSkating,positive
Canadian,NORP,FigureSkating,positive
GB,PERSON,FigureSkating,positive
NBC,ORG,FigureSkating,negative
Russian,NORP,FigureSkating,positive
Rika Kihira,PERSON,FigureSkating,positive
the Russians Bradie,ORG,FigureSkating,positive
Russians,NORP,FigureSkating,positive
2,CARDINAL,FigureSkating,positive
Alyssa,PERSON,FigureSkating,positive
Mariah,PERSON,FigureSkating,positive
Beijing,GPE,FigureSkating,positive
Sochi,PERSON,FigureSkating,positive
Mao,PERSON,FigureSkating,positive
Rach 2,PERSON,FigureSkating,positive
Kostner,PERSON,FigureSkating,positive
Lipnitskaya,PERSON,FigureSkating,positive
"Schindler's List, Hanyu's",ORG,FigureSkating,positive
Parisienne Walkways,PERSON,FigureSkating,positive
Illyinkh Katsalopov's,PERSON,FigureSkating,positive
Swan Lake,WORK_OF_ART,FigureSkating,positive
Pyeongchang,PERSON,FigureSkating,positive
Milan,GPE,FigureSkating,positive
6.0,CARDINAL,FigureSkating,positive
decades,DATE,FigureSkating,positive
Olympic Length,ORG,hockey,neutral
NHL Width,ORG,hockey,neutral
SP,ORG,FigureSkating,negative
San Jose,GPE,hockey,positive
Celebrini,PERSON,hockey,positive
23,CARDINAL,hockey,positive
Iceland,GPE,hockey,negative
YouTube,ORG,olympics,negative
Britain,GPE,olympics,negative
NFL,ORG,Curling,positive
NBA,ORG,Curling,positive
first,ORDINAL,olympics,positive
Gaga,PERSON,FigureSkating,positive
GPF,ORG,FigureSkating,positive
MacArthur Park,ORG,FigureSkating,positive
130,CARDINAL,olympics,neutral
Cement IQ,PRODUCT,olympics,neutral
80,CARDINAL,olympics,neutral
NHL,ORG,hockey,negative
Milano,GPE,hockey,negative
one,CARDINAL,FigureSkating,neutral
Jon Cooper,PERSON,hockey,neutral
US,GPE,olympics,positive
Olympics,EVENT,olympics,negative
Coldplay,NORP,olympics,negative
Canada,GPE,olympics,positive
America,GPE,olympics,positive
Iran,GPE,olympics,positive
today,DATE,olympics,positive
America,GPE,olympics,positive
IOC,ORG,olympics,positive
Lou,PERSON,biathlon,negative
French,NORP,biathlon,negative
first,ORDINAL,olympics,positive
Snubbing Marty,PERSON,hockey,positive
Uyghurs,GPE,olympics,positive
China,GPE,olympics,positive
Yongqinglamu,GPE,olympics,positive
Bu Luer,PERSON,olympics,positive
2030,WORK_OF_ART,FigureSkating,positive
Ilia,PERSON,FigureSkating,negative
1,CARDINAL,FigureSkating,negative
Ilia,GPE,FigureSkating,negative
2,CARDINAL,FigureSkating,negative
Misha,GPE,FigureSkating,negative
3,CARDINAL,FigureSkating,negative
last year,DATE,FigureSkating,negative
Misha,ORG,FigureSkating,negative
100%,PERCENT,FigureSkating,positive
recent years,DATE,FigureSkating,positive
Olympics,EVENT,FigureSkating,positive
Fillon Maillet,PERSON,biathlon,positive
Copy,PERSON,biathlon,positive
Shoma,PERSON,FigureSkating,negative
Yuzu,PERSON,FigureSkating,negative
French,NORP,olympics,negative
Olympics,EVENT,olympics,negative
first,ORDINAL,olympics,negative
2004,DATE,hockey,neutral
Alysa,PERSON,FigureSkating,positive
Jeremy Abbott,PERSON,FigureSkating,positive
Amber,PERSON,FigureSkating,positive
Olympic,EVENT,biathlon,positive
tomorrow,DATE,biathlon,positive
Marisa Emonts,PERSON,biathlon,positive
Belgium,GPE,biathlon,positive
Juni Arnekleiv,PERSON,biathlon,positive
Norway,GPE,biathlon,positive
Noora Keranen,PERSON,biathlon,positive
Finland,GPE,biathlon,positive
Jeanne Richard,PERSON,biathlon,positive
France,GPE,biathlon,positive
Anna Weidel,PERSON,biathlon,positive
Germany,GPE,biathlon,positive
Rebecca Passler,PERSON,biathlon,positive
Italy,GPE,biathlon,positive
Lydia Mettler,ORG,biathlon,positive
Switzerland,GPE,biathlon,positive
Ella Halvarsson,PERSON,biathlon,positive
Sweden,GPE,biathlon,positive
Anna Karin Heijdenberg,PERSON,biathlon,positive
Sweden,GPE,biathlon,positive
Weidel,PERSON,biathlon,positive
2nd,ORDINAL,biathlon,positive
Mettler,ORG,biathlon,positive
Swiss,NORP,biathlon,positive
Richard,PERSON,biathlon,positive
Heijdenberg,ORG,biathlon,positive
Keranen,PERSON,biathlon,positive
Passler,ORG,biathlon,positive
Auchentaller doing Individual and Carrara the Sprint,ORG,biathlon,positive
Halvarsson,PERSON,biathlon,positive
Idk,PERSON,FigureSkating,positive
3,CARDINAL,FigureSkating,positive
Americans,NORP,FigureSkating,positive
Kaori,PERSON,FigureSkating,positive
Ami,PERSON,FigureSkating,positive
Alysa,PERSON,FigureSkating,positive
Boston Worlds,ORG,FigureSkating,positive
Canada,GPE,olympics,neutral
Milan,GPE,FigureSkating,negative
Czech,NORP,Curling,neutral
Europe,LOC,Curling,neutral
Leon,PERSON,hockey,negative
Olympic,FAC,FigureSkating,positive
4,CARDINAL,FigureSkating,positive
LA,GPE,FigureSkating,positive
Kinda,GPE,FigureSkating,negative
Misha,PERSON,FigureSkating,negative
Malinin,PERSON,FigureSkating,negative
ya feet,PERSON,FigureSkating,neutral
B23,PRODUCT,FigureSkating,positive
Omsk,ORG,FigureSkating,negative
RusNats,NORP,FigureSkating,negative
an 18 year old,DATE,FigureSkating,negative
today,DATE,FigureSkating,negative
Kaori,ORG,FigureSkating,positive
one,CARDINAL,FigureSkating,positive
Brazil,GPE,olympics,positive
Brazil,GPE,olympics,positive
one,CARDINAL,olympics,positive
Ilia,GPE,FigureSkating,positive
Olympics,EVENT,FigureSkating,positive
1 month,DATE,olympics,positive
a ton,QUANTITY,olympics,positive
3-5,CARDINAL,olympics,positive
World Cup,EVENT,olympics,positive
Team USA,ORG,olympics,positive
2-3 months later,DATE,olympics,positive
one,CARDINAL,olympics,positive
Germans,NORP,Curling,positive
comments/1r61sc8,GPE,olympics,neutral
medal_events_preview_team_usa_medal_hopes_outlook/,GPE,olympics,neutral
US,GPE,olympics,positive
Minnesota,GPE,olympics,positive
😝,ORG,olympics,positive
LOL,ORG,Curling,positive
Canada,GPE,hockey,neutral
PCS,ORG,FigureSkating,positive
Shimada,GPE,FigureSkating,positive
Olympic,EVENT,FigureSkating,positive
10,CARDINAL,FigureSkating,positive
Outsports,ORG,FigureSkating,positive
a dozen,CARDINAL,FigureSkating,positive
US,GPE,FigureSkating,positive
2014,DATE,FigureSkating,positive
Games,FAC,FigureSkating,positive
more than half,CARDINAL,FigureSkating,positive
Sochi,PERSON,FigureSkating,positive
US,GPE,olympics,positive
CBC,ORG,olympics,positive
CBC,ORG,olympics,positive
Canadian,NORP,olympics,positive
CBC,ORG,olympics,positive
Canada,GPE,olympics,positive
Mens,PERSON,olympics,positive
"Super G

Gold",FAC,olympics,positive
Bronze,GPE,olympics,positive
Josh,PERSON,olympics,positive
Russia,GPE,olympics,positive
Canadians,NORP,olympics,positive
Paris,GPE,olympics,neutral
Italy,GPE,olympics,neutral
ISU,ORG,FigureSkating,negative
IOC,ORG,FigureSkating,negative
Team USA,ORG,FigureSkating,neutral
every last minute,TIME,FigureSkating,neutral
the day,DATE,FigureSkating,neutral
Sturla,PERSON,biathlon,negative
Emilien,ORG,biathlon,negative
Olympics,EVENT,biathlon,negative
Botn,ORG,biathlon,positive
JSD,ORG,biathlon,positive
OMG,ORG,olympics,neutral
thousands,CARDINAL,Curling,positive
Norway,GPE,olympics,positive
Denmark,GPE,olympics,positive
yesterday,DATE,hockey,positive
the Edmonton Oilers,ORG,hockey,positive
Oilers,ORG,hockey,positive
25+,DATE,hockey,positive
NHL,ORG,hockey,positive
McDavid,PERSON,hockey,positive
15 minutes,TIME,hockey,positive
France,GPE,biathlon,positive
winter,DATE,biathlon,positive
French,NORP,biathlon,positive
today,DATE,olympics,positive
Womens,GPE,olympics,positive
90s,CARDINAL,FigureSkating,neutral
2025,DATE,FigureSkating,neutral
PCS,ORG,FigureSkating,neutral
Ponsi,ORG,biathlon,positive
Martin Fourcade,PERSON,biathlon,positive
Olympics,EVENT,olympics,positive
every two years,DATE,olympics,positive
USA,GPE,hockey,positive
QP,ORG,hockey,positive
US,GPE,FigureSkating,neutral
MST,ORG,hockey,positive
paul,PERSON,FigureSkating,positive
Matthias Lanzinger,PERSON,skiing,negative
Kaori,PERSON,FigureSkating,positive
Alysa,PERSON,FigureSkating,positive
Yours Truly,PERSON,Curling,positive
NBC,ORG,FigureSkating,negative
US,GPE,FigureSkating,negative
Johnny,PERSON,FigureSkating,negative
Bates,PERSON,FigureSkating,negative
the Women's Short Program,ORG,FigureSkating,negative
Gb,PERSON,olympics,positive
previous years,DATE,olympics,negative
2022,DATE,olympics,negative
this season,DATE,snowboarding,negative
Bennett,PERSON,hockey,positive
Bouchard,PERSON,hockey,positive
four more years,DATE,FigureSkating,neutral
2022,DATE,FigureSkating,neutral
Russians,NORP,FigureSkating,neutral
Glenn,PERSON,FigureSkating,positive
Americans,NORP,FigureSkating,positive
Amber,ORG,FigureSkating,positive
DELIVER,PERSON,FigureSkating,positive
❤,CARDINAL,FigureSkating,positive
one,CARDINAL,olympics,positive
2022,DATE,FigureSkating,neutral
the day,DATE,FigureSkating,positive
Olympic,EVENT,FigureSkating,positive
the age of 18,DATE,FigureSkating,positive
4 years ago,DATE,FigureSkating,positive
2022,DATE,FigureSkating,positive
Olympic,PERSON,FigureSkating,positive
Sasha,PERSON,FigureSkating,positive
Kamila,PERSON,FigureSkating,positive
Beijing,GPE,FigureSkating,positive
many years,DATE,FigureSkating,positive
German,NORP,olympics,positive
Cory,PERSON,Curling,positive
today,DATE,Curling,positive
Kash Klown,PERSON,olympics,neutral
2,CARDINAL,biathlon,neutral
Bulgarians,NORP,biathlon,neutral
2,CARDINAL,biathlon,neutral
Latvians,NORP,biathlon,neutral
3,CARDINAL,biathlon,neutral
Poles,NORP,biathlon,neutral
Frey,ORG,biathlon,positive
Moglin Celebrini,PERSON,hockey,neutral
Bussi,GPE,hockey,neutral
FedEx,GPE,FigureSkating,negative
no five minute,TIME,hockey,negative
Americans,NORP,FigureSkating,positive
Glenn,PERSON,FigureSkating,positive
Alysa Liu,PERSON,FigureSkating,positive
Isabeau Levito,PERSON,FigureSkating,positive
Japanese,NORP,FigureSkating,positive
Kaori Sakamoto,PERSON,FigureSkating,positive
Ami Nakai,PERSON,FigureSkating,positive
Mone Chiba,PERSON,FigureSkating,positive
Russia,GPE,FigureSkating,positive
Petrosian,NORP,FigureSkating,positive
Alysa,PERSON,FigureSkating,positive
Ami,PERSON,FigureSkating,positive
Kaori,PERSON,FigureSkating,positive
American,NORP,FigureSkating,positive
Olympics,EVENT,FigureSkating,positive
decades,DATE,FigureSkating,positive
Alysa,PERSON,FigureSkating,positive
last year,DATE,FigureSkating,positive
Kaori,PERSON,FigureSkating,positive
3x,CARDINAL,FigureSkating,positive
the last Olympics,EVENT,FigureSkating,positive
2,CARDINAL,FigureSkating,positive
Russians,NORP,FigureSkating,positive
USA,GPE,FigureSkating,positive
Ilia Malinin,PERSON,FigureSkating,positive
Japanese,NORP,FigureSkating,positive
Yuma Kagiyama,PERSON,FigureSkating,positive
Shun Sato,PERSON,FigureSkating,positive
Kao Miura,PERSON,FigureSkating,positive
Olympics,EVENT,FigureSkating,neutral
Olympics,EVENT,FigureSkating,neutral
USA,GPE,olympics,neutral
East Asian,NORP,olympics,neutral
US,GPE,olympics,neutral
Korea,GPE,FigureSkating,neutral
3,CARDINAL,FigureSkating,neutral
Olympics,EVENT,FigureSkating,neutral
KNats,ORG,FigureSkating,neutral
ISU,ORG,FigureSkating,neutral
MBC,ORG,FigureSkating,neutral
Olympics,EVENT,FigureSkating,neutral
JTBC,PERSON,FigureSkating,neutral
Eunsoo Lim,PERSON,FigureSkating,neutral
Japanese,NORP,FigureSkating,positive
Olympics,EVENT,FigureSkating,positive
the end of the day,DATE,hockey,positive
a million years,DATE,hockey,positive
half a mile,QUANTITY,hockey,positive
5 minutes,TIME,olympics,negative
one,CARDINAL,olympics,negative
only 21,DATE,skiing,negative
Alysa Liu,PERSON,olympics,neutral
US,GPE,Curling,positive
winter,DATE,Curling,positive
Team USA,ORG,FigureSkating,neutral
USA,GPE,olympics,positive
the Team Skate,ORG,olympics,positive
Canada,GPE,FigureSkating,neutral
Canadian,NORP,FigureSkating,neutral
G/F,ORG,FigureSkating,neutral
P2,DATE,FigureSkating,neutral
5,CARDINAL,Curling,positive
GB,GPE,Curling,positive
Korea,GPE,Curling,positive
Denmark,GPE,Curling,positive
EU,ORG,olympics,neutral
UN,ORG,olympics,neutral
US,GPE,biathlon,negative
the 2026 Olympics,EVENT,hockey,positive
2015-2020,DATE,hockey,positive
USA,GPE,hockey,positive
Eichel,GPE,hockey,positive
Werenski,PERSON,hockey,positive
Matthews,PERSON,hockey,positive
Tkachuk x2,NORP,hockey,positive
Hughes x2,ORG,hockey,positive
Sanderson,PERSON,hockey,positive
10,CARDINAL,hockey,positive
Canada,GPE,hockey,positive
"McDavid, Marner",ORG,hockey,positive
Makar,PERSON,hockey,positive
10,CARDINAL,hockey,positive
2015-2020,DATE,hockey,positive
24,CARDINAL,hockey,positive
the 2026 Olympics,EVENT,hockey,positive
NHL,ORG,hockey,positive
7,CARDINAL,hockey,positive
USA,GPE,hockey,positive
8,CARDINAL,hockey,positive
7,CARDINAL,hockey,positive
Canada,GPE,hockey,positive
McDavid,NORP,hockey,positive
Makar,PERSON,hockey,positive
Canada,GPE,hockey,positive
24,CARDINAL,hockey,positive
2020,DATE,hockey,positive
USA,GPE,hockey,positive
7,CARDINAL,hockey,positive
10,CARDINAL,hockey,positive
2030,DATE,hockey,positive
2019-2024,DATE,hockey,positive
24-29,DATE,hockey,positive
USA,GPE,hockey,positive
Tom Brewster,PERSON,Curling,neutral
600,MONEY,FigureSkating,positive
1,CARDINAL,FigureSkating,positive
10 minutes,TIME,FigureSkating,positive
3,CARDINAL,FigureSkating,positive
4 year,DATE,FigureSkating,positive
Olympic,EVENT,FigureSkating,positive
Norway,GPE,olympics,positive
Samuels,PERSON,olympics,positive
George Floyd*,PERSON,olympics,positive
the Winter Olympics,EVENT,olympics,positive
Milan,GPE,olympics,positive
first,ORDINAL,olympics,positive
Carpenter,PERSON,olympics,positive
Jeff Bezos,PERSON,olympics,positive
this Winter Olympics,EVENT,olympics,positive
eight,CARDINAL,olympics,positive
Olympics,EVENT,olympics,positive
two,CARDINAL,olympics,positive
France,GPE,biathlon,positive
Sweden,GPE,biathlon,positive
Norway,GPE,biathlon,positive
Olympics,EVENT,FigureSkating,negative
Russian,NORP,FigureSkating,negative
Wheelchair Mixed Doubles Curling After End,ORG,olympics,positive
2,CARDINAL,olympics,positive
China,GPE,olympics,positive
3,CARDINAL,olympics,positive
1,CARDINAL,olympics,positive
1,CARDINAL,olympics,positive
Shoma,GPE,FigureSkating,positive
an entire four years,DATE,FigureSkating,positive
Casino,NORP,olympics,positive
the Reno/Sparks/Carson city,ORG,olympics,positive
Adeliya,ORG,FigureSkating,neutral
first,ORDINAL,olympics,positive
Olympics,EVENT,skiing,negative
Earlier that day,DATE,FigureSkating,positive
Ferrari,ORG,FigureSkating,positive
Lego,ORG,FigureSkating,positive
Lego,PERSON,FigureSkating,positive
H. Oeberg,PERSON,biathlon,positive
Jeanmonnot,PERSON,biathlon,positive
Canada,GPE,Curling,positive
9,CARDINAL,Curling,positive
four,CARDINAL,Curling,positive
GB,PERSON,Curling,positive
5.2,CARDINAL,biathlon,positive
Germany,GPE,olympics,positive
3,CARDINAL,olympics,positive
5,CARDINAL,olympics,positive
Luge,ORG,olympics,positive
60%,PERCENT,olympics,positive
Norway,GPE,olympics,positive
7,CARDINAL,olympics,positive
12,CARDINAL,olympics,positive
Cross-Country Skiing,ORG,olympics,positive
58.33%,PERCENT,olympics,positive
Norway,GPE,olympics,positive
3,CARDINAL,olympics,positive
Nordic,GPE,olympics,positive
100%,PERCENT,olympics,positive
Nordic Combined,PERSON,olympics,positive
one,CARDINAL,olympics,positive
two,CARDINAL,olympics,positive
one,CARDINAL,olympics,positive
half dozen,CARDINAL,olympics,positive
Novak,ORG,FigureSkating,neutral
Yuma,PERSON,FigureSkating,positive
Bo Horvat's,PERSON,hockey,neutral
Canada,GPE,hockey,neutral
zero,CARDINAL,hockey,neutral
Olympics,EVENT,hockey,neutral
first,ORDINAL,biathlon,positive
Ponsi,ORG,biathlon,positive
trusova,PERSON,FigureSkating,positive
valieva,PERSON,FigureSkating,positive
Norwegians,NORP,biathlon,positive
Botn,ORG,biathlon,positive
Christiansen,PERSON,biathlon,positive
Uldal,ORG,biathlon,positive
Lægreid,PERSON,biathlon,positive
today,DATE,biathlon,positive
Dale-Skjevdal,PERSON,biathlon,positive
Sweden,GPE,Curling,negative
Canada,GPE,Curling,negative
Sweden,GPE,Curling,negative
Maddie,PERSON,FigureSkating,negative
Lara Naki Gutmann,PRODUCT,FigureSkating,negative
3,CARDINAL,FigureSkating,negative
PCS,ORG,FigureSkating,negative
Lara,PRODUCT,FigureSkating,negative
3,CARDINAL,FigureSkating,negative
PCS,ORG,FigureSkating,negative
Maddie’s Lion King,ORG,FigureSkating,negative
Maddie,PERSON,FigureSkating,negative
n’t,GPE,FigureSkating,negative
6,CARDINAL,FigureSkating,negative
the Men’s SP,ORG,FigureSkating,negative
PCS,ORG,FigureSkating,negative
Kao,ORG,FigureSkating,negative
Aleksandr Selevko,ORG,FigureSkating,negative
WAY,ORG,FigureSkating,negative
PCS,ORG,FigureSkating,negative
this season,DATE,FigureSkating,positive
years,DATE,FigureSkating,positive
russian,NORP,FigureSkating,positive
today,DATE,FigureSkating,positive
first,ORDINAL,FigureSkating,positive
Japan,GPE,FigureSkating,positive
Yunasumi,PERSON,FigureSkating,positive
SP (WC'25 & Olympics,ORG,FigureSkating,positive
Swiss,NORP,Curling,positive
this year,DATE,Curling,positive
monacos,PERSON,olympics,neutral
the World Cup,EVENT,biathlon,neutral
3,CARDINAL,biathlon,neutral
Swiss,NORP,Curling,positive
Team GB,PERSON,Curling,positive
Sweden,GPE,Curling,positive
GB,PERSON,Curling,positive
thousand,CARDINAL,FigureSkating,positive
Liu,PERSON,FigureSkating,positive
Japan,GPE,FigureSkating,positive
10,CARDINAL,FigureSkating,negative
this year,DATE,FigureSkating,negative
Love,WORK_OF_ART,snowboarding,positive
Beijing,GPE,olympics,negative
4,CARDINAL,olympics,negative
3,CARDINAL,olympics,negative
Eteri,ORG,FigureSkating,negative
first,ORDINAL,hockey,positive
Google,ORG,olympics,neutral
Apple,ORG,olympics,neutral
Paul,PERSON,FigureSkating,positive
Canada,GPE,FigureSkating,positive
Alyssa,PERSON,FigureSkating,positive
four,CARDINAL,Curling,positive
9,CARDINAL,Curling,positive
GB,PERSON,Curling,positive
the 10th,DATE,Curling,positive
Swiss,NORP,Curling,positive
Chinese,NORP,Curling,positive
Canada,GPE,Curling,positive
a ton,QUANTITY,FigureSkating,positive
3 or 4 feet,QUANTITY,hockey,positive
NHL,ORG,hockey,positive
like 12 feet,QUANTITY,hockey,positive
French,NORP,biathlon,positive
the end of the season,DATE,biathlon,positive
Siegfried,PERSON,biathlon,positive
Olympics,EVENT,biathlon,positive
2030,DATE,biathlon,positive
Nazgul,GPE,olympics,positive
3,CARDINAL,biathlon,positive
top15,GPE,biathlon,positive
Otto,PERSON,biathlon,positive
this season,DATE,biathlon,positive
Ollis,ORG,biathlon,positive
this tomorrow,DATE,biathlon,positive
Adeliia,PERSON,FigureSkating,negative
https://preview.redd.it/tvj4qqjyv4kg1.png?width=914&format=png&auto=webp&s=a6f6b7183e37d34bb1e421feb8ce2eb35e224bb1,PERSON,hockey,neutral
DSTV/Supersport,ORG,olympics,neutral
a week,DATE,olympics,neutral
van kooij,PERSON,olympics,positive
Nvm,PERSON,hockey,positive
Wild,NORP,hockey,positive
first,ORDINAL,hockey,positive
30 years,DATE,hockey,positive
3F,CARDINAL,FigureSkating,positive
Sakamoto Kaori's,PERSON,FigureSkating,positive
5,CARDINAL,FigureSkating,positive
about 2,CARDINAL,FigureSkating,positive
Alysa Liu,PERSON,FigureSkating,positive
Sakamoto,PERSON,FigureSkating,positive
Alysa Liu,PERSON,FigureSkating,positive
Liu,PERSON,FigureSkating,positive
Sakamoto,PERSON,FigureSkating,positive
Florida,GPE,olympics,neutral
a few weeks ago,DATE,olympics,neutral
Alysa,PERSON,FigureSkating,positive
Alysa,LOC,FigureSkating,positive
the whole 4 years,DATE,FigureSkating,positive
Kaori,PERSON,FigureSkating,positive
ref,ORG,hockey,positive
US,GPE,hockey,positive
Canada,GPE,hockey,positive
Vanessa Voigt,ORG,biathlon,positive
ABC,ORG,hockey,negative
NBC,ORG,hockey,negative
CBS,ORG,hockey,negative
FOX,ORG,hockey,negative
DW,ORG,FigureSkating,positive
Olympic,EVENT,FigureSkating,positive
Lou,PERSON,biathlon,positive
four,CARDINAL,biathlon,positive
Games,FAC,biathlon,positive
"1st,",DATE,biathlon,positive
2nd,ORDINAL,biathlon,positive
3rd,ORDINAL,biathlon,positive
4th,ORDINAL,biathlon,positive
France,GPE,biathlon,positive
5th,ORDINAL,biathlon,positive
Swedes,NORP,biathlon,positive
Norway,GPE,biathlon,positive
30 seconds,TIME,biathlon,positive
Kirkeeide,ORG,biathlon,positive
Italians,NORP,biathlon,positive
Poland,GPE,biathlon,positive
Bulgaria,GPE,biathlon,positive
Switzerland,GPE,olympics,positive
Austria,GPE,olympics,positive
3,CARDINAL,olympics,positive
Franjo von,PERSON,olympics,positive
Alps,LOC,olympics,positive
Comparing Switzerland,PERSON,hockey,positive
Kaori Sakamoto,PERSON,olympics,positive
Olympics,EVENT,olympics,positive
johnny weir,PERSON,FigureSkating,neutral
the day,DATE,FigureSkating,neutral
Lochte,PERSON,olympics,neutral
Gb,PERSON,olympics,negative
USA,GPE,olympics,negative
china,GPE,olympics,negative
Anna Magnuson,PERSON,biathlon,positive
Sweden,GPE,biathlon,positive
a bad day,DATE,biathlon,positive
Elvira,ORG,biathlon,positive
Anna,PERSON,biathlon,positive
Liu,PERSON,olympics,neutral
Dale,ORG,biathlon,neutral
MS,GPE,biathlon,neutral
Mouat,PERSON,Curling,positive
4th,ORDINAL,Curling,positive
Swiss,NORP,Curling,positive
FT1,LOC,Curling,positive
Morgan Wallen,ORG,hockey,positive
Emi Zingas,ORG,FigureSkating,neutral
this morning,TIME,FigureSkating,neutral
Madi,PERSON,FigureSkating,neutral
next season,DATE,FigureSkating,neutral
Italian,NORP,biathlon,positive
Alpine,PERSON,biathlon,positive
Biathlon,ORG,biathlon,positive
Biathlon,NORP,biathlon,positive
Antholz,GPE,biathlon,positive
Central Europe,LOC,biathlon,positive
Martell,ORG,biathlon,positive
Ridnaun,PERSON,biathlon,positive
Forni Avoltri,PERSON,biathlon,positive
second,ORDINAL,biathlon,positive
the Wierer/Hofer/Windisch,ORG,biathlon,positive
the last,DATE,biathlon,positive
10-15 years,DATE,biathlon,positive
Gazetta dello Sport,WORK_OF_ART,biathlon,positive
Wierer,PERSON,biathlon,positive
the 2024,EVENT,biathlon,positive
Summer Olympics,EVENT,biathlon,positive
Lombardy,GPE,biathlon,positive
Italy,GPE,biathlon,positive
60,CARDINAL,biathlon,positive
about winter,DATE,biathlon,positive
Alpine,ORG,biathlon,positive
jbb,ORG,biathlon,neutral
90%,PERCENT,FigureSkating,positive
this summer,DATE,FigureSkating,positive
Diplo,PERSON,FigureSkating,positive
COVID,PERSON,olympics,negative
Beijing,GPE,olympics,negative
22,DATE,olympics,negative
Venues,GPE,olympics,negative
one,CARDINAL,olympics,neutral
yesterday,DATE,olympics,neutral
50km,QUANTITY,olympics,neutral
2 days,DATE,olympics,positive
Norwegian,NORP,biathlon,negative
Olympics,EVENT,biathlon,positive
Sturlas,PERSON,biathlon,positive
Ingrid,FAC,biathlon,positive
3,CARDINAL,biathlon,positive
19/20,CARDINAL,biathlon,positive
Alysa,PERSON,olympics,positive
Amber,ORG,olympics,positive
Lee Hae-In's,PERSON,olympics,positive
🧂,ORG,hockey,neutral
Steven,PERSON,FigureSkating,positive
Rachmaninov,PERSON,FigureSkating,positive
Steven,PERSON,FigureSkating,positive
Georgia,GPE,olympics,positive
Italy,GPE,olympics,positive
Israel,GPE,olympics,negative
US,GPE,olympics,negative
Curling Canada,ORG,Curling,positive
several years,DATE,Curling,positive
at least one,CARDINAL,Curling,positive
four,CARDINAL,Curling,positive
two,CARDINAL,Curling,positive
2 minutes,TIME,biathlon,positive
Olympics,EVENT,biathlon,positive
10th,ORDINAL,biathlon,positive
5th,ORDINAL,biathlon,positive
One,CARDINAL,FigureSkating,positive
95%,PERCENT,biathlon,negative
today,DATE,biathlon,negative
100,CARDINAL,biathlon,negative
Saturday,DATE,biathlon,negative
3 weeks,DATE,olympics,positive
9th,ORDINAL,FigureSkating,positive
9th,ORDINAL,FigureSkating,positive
3rd,ORDINAL,FigureSkating,positive
Depends,PRODUCT,hockey,negative
100%,PERCENT,hockey,negative
Johnston,GPE,hockey,negative
yesterday,DATE,hockey,negative
TOMBA,PERSON,FigureSkating,negative
americans,NORP,FigureSkating,negative
italian,NORP,FigureSkating,negative
million,CARDINAL,FigureSkating,positive
14,DATE,olympics,positive
Italy 1 - Final,ORG,olympics,positive
the United States,GPE,olympics,positive
14,CARDINAL,olympics,positive
1,CARDINAL,olympics,positive
China,GPE,olympics,positive
Germany,GPE,olympics,positive
an hour and 30 minutes,TIME,olympics,positive
Group,ORG,olympics,positive
Canada,GPE,olympics,positive
4/5,CARDINAL,FigureSkating,positive
Alberta,GPE,olympics,neutral
Lillehammer,GPE,olympics,neutral
Italy,GPE,olympics,negative
South Korea,GPE,olympics,negative
US,GPE,hockey,positive
Kris,NORP,biathlon,positive
Amber,PERSON,FigureSkating,positive
Katya Kurakova,PERSON,FigureSkating,positive
Amber,ORG,FigureSkating,positive
Alysa,PERSON,FigureSkating,positive
Ami,PERSON,FigureSkating,positive
Yuma,PERSON,FigureSkating,positive
Shun,PERSON,FigureSkating,positive
Shun,PERSON,FigureSkating,positive
Kaori,PERSON,FigureSkating,positive
Yuma,PERSON,FigureSkating,positive
Luka,PERSON,FigureSkating,positive
Ilia,GPE,FigureSkating,positive
Misha,ORG,FigureSkating,positive
Misha,PERSON,FigureSkating,positive
RikuRyu,ORG,FigureSkating,positive
Kirihara Air,ORG,FigureSkating,positive
US,GPE,olympics,neutral
Literally,PERSON,olympics,neutral
last night,TIME,olympics,neutral
two nights ago,DATE,olympics,neutral
today,DATE,olympics,neutral
the last half hour,DATE,olympics,neutral
Olympics,EVENT,olympics,neutral
CBC Gem,ORG,FigureSkating,positive
Alysa,LOC,FigureSkating,positive
18 year,DATE,FigureSkating,positive
Adeliia,PERSON,FigureSkating,positive
IAM,ORG,FigureSkating,positive
Paul,PERSON,FigureSkating,positive
3rd,ORDINAL,hockey,negative
Swiss,NORP,Curling,positive
Canada,GPE,Curling,positive
Great Britain,GPE,Curling,positive
Italy,GPE,Curling,positive
China,GPE,Curling,positive
Olympics,EVENT,Curling,positive
2,CARDINAL,Curling,positive
3,CARDINAL,Curling,positive
Shun,PERSON,FigureSkating,positive
Dom,ORG,hockey,positive
4th,ORDINAL,hockey,positive
a few years ago,DATE,hockey,positive
n’t,GPE,olympics,negative
Russia,GPE,olympics,negative
Latvia,GPE,hockey,neutral
Ted Nolan,PERSON,hockey,neutral
Bob Hartley,PERSON,hockey,neutral
Hardline,ORG,Curling,positive
the Asham Rotators,ORG,Curling,positive
Goldline,PERSON,Curling,positive
one foot,QUANTITY,Curling,positive
API,ORG,olympics,positive
last season,DATE,FigureSkating,positive
the Paralympic Games,LAW,olympics,positive
Norwegians,NORP,biathlon,positive
China,GPE,olympics,neutral
4,CARDINAL,olympics,neutral
2002,DATE,FigureSkating,positive
Lake City,GPE,FigureSkating,positive
60%,PERCENT,olympics,positive
US,GPE,olympics,positive
American,NORP,olympics,positive
DashLibor,ORG,biathlon,positive
Olympic,DATE,FigureSkating,positive
Figurati,ORG,olympics,neutral
un,ORG,olympics,neutral
Today,DATE,olympics,positive
1500,CARDINAL,olympics,positive
Netherlands,GPE,olympics,positive
2,CARDINAL,olympics,positive
1500,CARDINAL,olympics,positive
5000,CARDINAL,olympics,positive
4th,ORDINAL,olympics,positive
only one,CARDINAL,olympics,positive
Arianna Fontana,PERSON,olympics,positive
14,CARDINAL,olympics,positive
Olympics,EVENT,olympics,positive
Italian,NORP,olympics,positive
Wang Xindi,PERSON,olympics,positive
China,GPE,olympics,positive
just one day,DATE,olympics,positive
Xu Mengtao,PERSON,olympics,positive
Alex Ferreira,PERSON,olympics,positive
US,GPE,olympics,positive
Pyeongchang,GPE,olympics,positive
Beijing,GPE,olympics,positive
Henry Sildaru,PERSON,olympics,positive
Estonia,GPE,olympics,positive
2022,CARDINAL,olympics,positive
Kelly Sildaru,PERSON,olympics,positive
first,ORDINAL,olympics,positive
Olympics,EVENT,FigureSkating,positive
four years,DATE,FigureSkating,positive
22,CARDINAL,FigureSkating,positive
2030,DATE,FigureSkating,positive
15,CARDINAL,biathlon,positive
WC,ORG,biathlon,positive
17,CARDINAL,biathlon,positive
two,CARDINAL,biathlon,positive
Nelin,PERSON,biathlon,positive
Braunhofer,PERSON,biathlon,positive
80,CARDINAL,biathlon,positive
15th + 21st,DATE,biathlon,positive
"46  
Zobel",DATE,biathlon,positive
21st + 19th,DATE,biathlon,positive
42,CARDINAL,biathlon,positive
18th + 27th,DATE,biathlon,positive
37,CARDINAL,biathlon,positive
26th + 20th,DATE,biathlon,positive
"36  
Horn 10th + 40th",DATE,biathlon,positive
32,CARDINAL,biathlon,positive
36th + 14th,DATE,biathlon,positive
32,CARDINAL,biathlon,positive
11th + 40th,DATE,biathlon,positive
31,CARDINAL,biathlon,positive
28th + 24th,DATE,biathlon,positive
30,CARDINAL,biathlon,positive
Nelin,PERSON,biathlon,positive
12th + >40,DATE,biathlon,positive
29,CARDINAL,biathlon,positive
29th + 25th,DATE,biathlon,positive
28,CARDINAL,biathlon,positive
14th,ORDINAL,biathlon,positive
26,CARDINAL,biathlon,positive
20st + 36th,DATE,biathlon,positive
26,CARDINAL,biathlon,positive
26,CARDINAL,biathlon,positive
25,CARDINAL,biathlon,positive
F. Claude,PERSON,biathlon,positive
17th + >40,DATE,biathlon,positive
24,CARDINAL,biathlon,positive
40 + 17th,DATE,biathlon,positive
24,CARDINAL,biathlon,positive
Channel 4,ORG,olympics,positive
Paralympics,ORG,olympics,positive
the Channel 4 Sport YouTube,ORG,olympics,positive
NBC,ORG,olympics,positive
two,CARDINAL,olympics,positive
Shiffrin,FAC,olympics,positive
Olympic,EVENT,FigureSkating,positive
1,CARDINAL,FigureSkating,positive
1 lessons,QUANTITY,FigureSkating,positive
3,CARDINAL,FigureSkating,positive
zero,CARDINAL,FigureSkating,positive
Vet,GPE,biathlon,positive
last night,TIME,biathlon,positive
Dale,ORG,biathlon,positive
summer,DATE,olympics,positive
Olympics,EVENT,FigureSkating,positive
Aus,PERSON,olympics,positive
summer,DATE,olympics,positive
Sturla,PERSON,biathlon,positive
Canada,GPE,olympics,negative
Finland,GPE,olympics,negative
Slovakia,GPE,olympics,negative
Sweden,GPE,olympics,negative
Canada,GPE,olympics,negative
Sweden,GPE,olympics,negative
Canada,GPE,olympics,negative
Finland,GPE,olympics,negative
Silver,ORG,hockey,positive
India,GPE,olympics,negative
2030,DATE,olympics,negative
two,CARDINAL,FigureSkating,positive
Worlds,PERSON,FigureSkating,positive
Venice,GPE,olympics,positive
Veneto,GPE,olympics,positive
one,CARDINAL,olympics,positive
European,NORP,olympics,positive
Mt Southington,ORG,olympics,positive
Cizeron,ORG,FigureSkating,positive
Canadian,NORP,olympics,positive
2030,DATE,FigureSkating,positive
Russian,NORP,FigureSkating,positive
Glenn Chen,PERSON,FigureSkating,neutral
ron,PERSON,hockey,negative
the last 5 years,DATE,hockey,negative
Olympic,EVENT,olympics,positive
ORO Citizens,ORG,hockey,neutral
🪙,PERSON,hockey,neutral
US,GPE,olympics,positive
1st,ORDINAL,olympics,positive
8,CARDINAL,olympics,positive
the last 9 summer,DATE,olympics,positive
1st,ORDINAL,olympics,positive
second,ORDINAL,olympics,positive
winter,DATE,olympics,positive
2010,DATE,olympics,positive
2022,DATE,olympics,positive
US,GPE,olympics,positive
5th,ORDINAL,olympics,positive
3rd,ORDINAL,olympics,positive
US,GPE,olympics,positive
Norway,GPE,olympics,positive
1st,ORDINAL,olympics,positive
the last three winter,DATE,olympics,positive
Russian,NORP,hockey,neutral
last May,DATE,FigureSkating,neutral
January,DATE,FigureSkating,neutral
about three,CARDINAL,Curling,positive
an entire weekend,DATE,Curling,positive
this fall,DATE,Curling,positive
Chad,PERSON,biathlon,positive
Laegreid,ORG,biathlon,positive
first,ORDINAL,biathlon,positive
Botn,PERSON,biathlon,negative
Italy,GPE,biathlon,positive
Soldier Hollow,PERSON,biathlon,positive
PU,GPE,biathlon,positive
Reddit,GPE,FigureSkating,negative
Miller,PERSON,hockey,positive
Vezina,LOC,hockey,positive
that year,DATE,hockey,positive
\[newbie,PERSON,Curling,positive
first,ORDINAL,Curling,neutral
2025,DATE,Curling,neutral
2026,DATE,olympics,neutral
first,ORDINAL,olympics,positive
Sighel,PERSON,olympics,positive
Lollobrigida,ORG,olympics,positive
Brazil,GPE,olympics,positive
Shaidorov,PERSON,olympics,positive
2,CARDINAL,olympics,positive
second,ORDINAL,olympics,positive
third,ORDINAL,olympics,positive
Lollobrigida,ORG,olympics,positive
San Siro,FAC,olympics,positive
Shaun White,PERSON,olympics,positive
10/10,CARDINAL,olympics,positive
at least one,CARDINAL,biathlon,positive
Daniel Mrazek,PERSON,FigureSkating,neutral
USA,GPE,FigureSkating,positive
Sato,PERSON,FigureSkating,positive
Rizzo,PERSON,FigureSkating,positive
Gogoli,PERSON,FigureSkating,positive
Japan,GPE,FigureSkating,positive
Ilia,PERSON,FigureSkating,positive
Danny,PERSON,FigureSkating,positive
the Team France Goals,ORG,hockey,negative
the Team Italy Goals,ORG,hockey,negative
the Team Germany Goals,ORG,hockey,negative
the Team Finland Goals,ORG,hockey,negative
the Team Czechia Goals,ORG,hockey,negative
the Team Sweden Goals,LAW,hockey,negative
the Team Switzerland Goals,ORG,hockey,negative
the Team Canada Goals,ORG,hockey,negative
3rd,ORDINAL,Curling,negative
2nd,DATE,Curling,negative
Rap,PERSON,hockey,positive
European,NORP,hockey,positive
Morgan Wallen,ORG,hockey,positive
Vetle,PERSON,biathlon,positive
today,DATE,biathlon,positive
Sturla,PERSON,biathlon,positive
Sprint,ORG,biathlon,positive
Grassl,PERSON,FigureSkating,neutral
Estonia,GPE,Curling,positive
Canada,GPE,Curling,positive
Summer Olympics,EVENT,hockey,positive
winter,DATE,hockey,positive
US,GPE,Curling,positive
Swedens,ORG,Curling,positive
Olympics,EVENT,olympics,neutral
Islanders,NORP,hockey,negative
german,NORP,biathlon,positive
later today,TIME,biathlon,positive
kapps,PERSON,Curling,negative
one,CARDINAL,FigureSkating,positive
2022,DATE,FigureSkating,positive
Minerva Hase,PERSON,FigureSkating,positive
Ioulia Chtchetinina,PERSON,FigureSkating,positive
Luka Berulava,PERSON,FigureSkating,positive
two,CARDINAL,FigureSkating,positive
ISU,ORG,FigureSkating,positive
Ilia,PERSON,FigureSkating,positive
7,CARDINAL,FigureSkating,positive
Skate Canada,ORG,FigureSkating,positive
this year,DATE,FigureSkating,positive
Nathan Chen's,PERSON,FigureSkating,positive
two,CARDINAL,FigureSkating,positive
unl,PERSON,FigureSkating,positive
Yuma,PERSON,FigureSkating,negative
the Olympics Blues,FAC,olympics,positive
Olympics Aura,WORK_OF_ART,olympics,positive
Olympics,EVENT,olympics,positive
one,CARDINAL,biathlon,positive
1,CARDINAL,FigureSkating,positive
misha,ORG,FigureSkating,positive
2,CARDINAL,FigureSkating,positive
alysa,PERSON,FigureSkating,positive
3,CARDINAL,FigureSkating,positive
misha,PERSON,FigureSkating,positive
4,CARDINAL,FigureSkating,positive
5,CARDINAL,FigureSkating,positive
100,CARDINAL,olympics,negative
gore,PERSON,skiing,negative
YouTube,ORG,skiing,negative
three,CARDINAL,olympics,neutral
Shmenbeesee,ORG,FigureSkating,negative
Shmonny,PERSON,FigureSkating,negative
Shtara,GPE,FigureSkating,negative
German,NORP,hockey,positive
Latvia,GPE,hockey,positive
European,NORP,hockey,positive
a year,DATE,FigureSkating,neutral
yesterday,DATE,FigureSkating,neutral
Today,DATE,biathlon,neutral
Suvi,ORG,biathlon,neutral
1968,DATE,olympics,positive
the United States,GPE,olympics,positive
Peggy Fleming,PERSON,olympics,positive
American,NORP,olympics,negative
Americans,NORP,olympics,negative
Nika Prevc,PERSON,olympics,positive
Ski Jumping,FAC,olympics,positive
Anna Odine Strøm,PERSON,olympics,positive
two,CARDINAL,olympics,positive
half,CARDINAL,olympics,positive
european,NORP,hockey,positive
KHL,ORG,hockey,positive
NHL,ORG,hockey,positive
USA,GPE,hockey,neutral
French,NORP,FigureSkating,negative
the wrong day,DATE,FigureSkating,negative
Dale,ORG,biathlon,positive
Milan,GPE,olympics,positive
Cortina,GPE,olympics,positive
Olympics,EVENT,olympics,positive
Canadian,NORP,olympics,positive
1+ hour,TIME,olympics,positive
metro,FAC,olympics,positive
Lollobrigida,ORG,olympics,positive
first,ORDINAL,olympics,positive
Sempione,GPE,olympics,positive
Canadian,NORP,olympics,positive
Switzerland,GPE,olympics,positive
Swiss,NORP,olympics,positive
Canadian,NORP,olympics,positive
2,CARDINAL,olympics,positive
Canadian,NORP,olympics,positive
Dutch,NORP,olympics,positive
Dutch,NORP,olympics,positive
Canadians,NORP,olympics,positive
Blue's Canal,ORG,olympics,positive
Canada House,ORG,olympics,positive
daily,DATE,olympics,positive
Justine,PERSON,biathlon,positive
Camille - Oceane - Lou - Julia,PERSON,biathlon,positive
Skate Canada,ORG,FigureSkating,positive
21,DATE,FigureSkating,positive
https://www.youtube.com/shorts/CctdZ5CKI-I,PERSON,FigureSkating,neutral
Canada,GPE,Curling,positive
Men’s,ORG,Curling,positive
NBA,ORG,olympics,positive
SLC,ORG,olympics,positive
georgian,NORP,FigureSkating,positive
Georgia,GPE,FigureSkating,positive
Georgia,GPE,FigureSkating,positive
Russia,GPE,FigureSkating,positive
Karo,ORG,biathlon,positive
four,CARDINAL,olympics,positive
32 Sports,CARDINAL,olympics,positive
329,CARDINAL,olympics,positive
"nearly 11,000",CARDINAL,olympics,positive
204,CARDINAL,olympics,positive
Paris Paralympics,ORG,olympics,positive
22,CARDINAL,olympics,positive
549,CARDINAL,olympics,positive
"4,500",CARDINAL,olympics,positive
170,CARDINAL,olympics,positive
16,CARDINAL,olympics,positive
116,CARDINAL,olympics,positive
"nearly 3,000",CARDINAL,olympics,positive
92,CARDINAL,olympics,positive
6 Sports,CARDINAL,olympics,positive
79,CARDINAL,olympics,positive
600,CARDINAL,olympics,positive
55,CARDINAL,olympics,positive
KOR,ORG,Curling,neutral
USA,GPE,Curling,neutral
GB,GPE,Curling,neutral
ITA,ORG,Curling,neutral
GB,GPE,Curling,neutral
three,CARDINAL,Curling,neutral
5,CARDINAL,Curling,neutral
1,CARDINAL,Curling,neutral
two,CARDINAL,Curling,neutral
DSC,ORG,Curling,neutral
Vitozzi,ORG,biathlon,positive
Emilien,ORG,biathlon,positive
Eric,PERSON,biathlon,positive
3,CARDINAL,FigureSkating,positive
Americans,NORP,olympics,positive
Olympic,EVENT,olympics,positive
russia,GPE,olympics,positive
the summer,DATE,olympics,positive
Christine,ORG,olympics,positive
one,CARDINAL,olympics,positive
American,NORP,olympics,positive
two,CARDINAL,FigureSkating,positive
one,CARDINAL,FigureSkating,positive
seven,CARDINAL,olympics,positive
Brazil,GPE,olympics,positive
a couple of years ago,DATE,olympics,positive
Norway,GPE,olympics,positive
Evan,PERSON,FigureSkating,positive
his last few years,DATE,FigureSkating,positive
Maddie,PERSON,FigureSkating,positive
Finland,GPE,olympics,negative
the winter,DATE,olympics,negative
Olympics,EVENT,olympics,negative
first,ORDINAL,olympics,neutral
FYI,ORG,FigureSkating,positive
Dudek,PERSON,FigureSkating,positive
Deanna Stellato,PERSON,FigureSkating,positive
Peacock,ORG,olympics,positive
AI,GPE,olympics,positive
Olympics,EVENT,olympics,positive
Hallmark,PERSON,olympics,positive
Fox News,ORG,olympics,positive
Pyongchang,GPE,olympics,positive
Hulu,GPE,olympics,positive
❤,CARDINAL,olympics,neutral
🇮🇹,PERSON,olympics,neutral
NBC,ORG,FigureSkating,neutral
Primetime,ORG,FigureSkating,neutral
tonight,TIME,FigureSkating,neutral
first,ORDINAL,Curling,positive
US,GPE,olympics,positive
Latvia,GPE,olympics,positive
today,DATE,olympics,positive
Latvia,GPE,olympics,positive
Paris,GPE,olympics,positive
Nazgûl,PERSON,olympics,positive
1,CARDINAL,Curling,neutral
CAN,ORG,Curling,neutral
GB,PERSON,Curling,neutral
2,CARDINAL,Curling,neutral
4th,ORDINAL,Curling,neutral
4th,ORDINAL,FigureSkating,positive
Classification Games 5th-8th Round 1 - (Italy 5,ORG,olympics,positive
Japan 0 Final,ORG,olympics,positive
Nikko Landeros,PERSON,olympics,positive
Italy,GPE,olympics,positive
5th,ORDINAL,olympics,positive
Germany,GPE,olympics,positive
Japan,GPE,olympics,positive
Slovakia,ORG,olympics,positive
7th,ORDINAL,olympics,positive
Italy,GPE,olympics,positive
5th,ORDINAL,olympics,positive
2022,DATE,olympics,positive
4th,ORDINAL,olympics,positive
2018,DATE,olympics,positive
Italy,GPE,olympics,positive
two feet,QUANTITY,olympics,positive
1,CARDINAL,olympics,neutral
4,DATE,olympics,neutral
5,CARDINAL,olympics,neutral
Swedish,NORP,olympics,neutral
Brad,PERSON,Curling,negative
5 percent,PERCENT,biathlon,negative
much 5 percent,PERCENT,biathlon,negative
Ilia,GPE,FigureSkating,positive
5,CARDINAL,FigureSkating,positive
3,CARDINAL,FigureSkating,positive
the second half,DATE,FigureSkating,positive
10%,PERCENT,FigureSkating,positive
two,CARDINAL,FigureSkating,positive
4F,CARDINAL,FigureSkating,positive
Shun,PERSON,FigureSkating,positive
3,CARDINAL,FigureSkating,positive
the first half,DATE,FigureSkating,positive
Two,CARDINAL,FigureSkating,positive
4,CARDINAL,FigureSkating,positive
4Lzq+REP,DATE,FigureSkating,positive
Ilia,PERSON,FigureSkating,positive
almost 11pts,CARDINAL,FigureSkating,positive
Shun,PERSON,FigureSkating,positive
Barclays Center,ORG,hockey,neutral
2023,DATE,hockey,positive
U-20 World Championship,EVENT,hockey,positive
2026,DATE,hockey,positive
Justus,ORG,biathlon,positive
30sec,CARDINAL,biathlon,positive
a minute,TIME,biathlon,positive
Cooper,PERSON,hockey,positive
McDavid,PERSON,hockey,positive
Stone,ORG,hockey,positive
Celebrini,PERSON,hockey,positive
Suzuki,PERSON,hockey,positive
US,GPE,hockey,positive
3,CARDINAL,hockey,positive
3,CARDINAL,hockey,positive
at least 3,CARDINAL,FigureSkating,positive
4,CARDINAL,FigureSkating,positive
Korea,GPE,FigureSkating,positive
Olympic,FAC,biathlon,positive
Gb,PERSON,olympics,negative
USA,GPE,olympics,negative
Alysa,PERSON,FigureSkating,positive
the US Fed,ORG,FigureSkating,positive
3,CARDINAL,FigureSkating,positive
3,CARDINAL,FigureSkating,positive
Olympics,EVENT,FigureSkating,positive
French,NORP,FigureSkating,positive
n’t,GPE,FigureSkating,positive
Norwegian,NORP,biathlon,positive
last year,DATE,biathlon,positive
Lenzerheide,GPE,biathlon,positive
Stromsheim,GPE,biathlon,positive
Sturla,PERSON,biathlon,positive
Sturla,PERSON,biathlon,positive
lambiel,PERSON,FigureSkating,positive
Deniss,PERSON,FigureSkating,positive
Matty,PERSON,hockey,positive
Brady,PERSON,hockey,positive
Matt,PERSON,hockey,positive
1,CARDINAL,hockey,positive
One,CARDINAL,Curling,neutral
Geoegian,NORP,FigureSkating,neutral
IAM,ORG,FigureSkating,neutral
PAIRS,ORG,FigureSkating,neutral
Olympics,EVENT,FigureSkating,neutral
🇰🇷,PERSON,FigureSkating,neutral
US,GPE,hockey,positive
Canada,GPE,hockey,positive
Olympics,EVENT,hockey,positive
Kevin,PERSON,FigureSkating,positive
Sweden,GPE,Curling,neutral
two,CARDINAL,hockey,positive
Canadians,NORP,hockey,positive
Wings,ORG,hockey,positive
Grind,ORG,hockey,positive
US,GPE,hockey,positive
two,CARDINAL,hockey,positive
Slafkovsky,PERSON,hockey,positive
2030,DATE,hockey,positive
France,GPE,hockey,positive
Lou,PERSON,biathlon,neutral
Magnusson,PERSON,biathlon,neutral
Wierer,GPE,biathlon,neutral
Olympic,EVENT,olympics,positive
years,DATE,olympics,positive
a few months olympics.com,DATE,olympics,positive
2026,DATE,olympics,positive
Ioc,LOC,olympics,positive
Mosaner,ORG,Curling,neutral
Alysa,PERSON,FigureSkating,positive
GPF FS,ORG,FigureSkating,positive
100%,PERCENT,FigureSkating,positive
146.7,CARDINAL,FigureSkating,positive
HBO,ORG,FigureSkating,negative
Kristi Yamaguchi,PERSON,FigureSkating,neutral
Isabeau Levito,PERSON,FigureSkating,neutral
Dark Horse,WORK_OF_ART,FigureSkating,neutral
🤗,ORG,FigureSkating,neutral
4-year fan now,DATE,FigureSkating,positive
Paul Westerberg,PERSON,hockey,neutral
Replacements,NORP,hockey,neutral
SP,ORG,FigureSkating,negative
Nathan Chen,PERSON,FigureSkating,positive
Michelle Kwan,PERSON,FigureSkating,positive
5,CARDINAL,FigureSkating,positive
Half,CARDINAL,FigureSkating,positive
Bock,ORG,FigureSkating,positive
Cizeron,ORG,FigureSkating,positive
this season,DATE,FigureSkating,positive
one,CARDINAL,hockey,neutral
hours,TIME,olympics,positive
Worlds,PERSON,FigureSkating,positive
Olympics,EVENT,Curling,neutral
Dropkin vs Shuster,ORG,Curling,neutral
'18,DATE,Curling,neutral
Kam’O,NORP,FigureSkating,positive
Japan,GPE,FigureSkating,positive
the last 20 years,DATE,FigureSkating,positive
first,ORDINAL,FigureSkating,positive
20 years ago,DATE,FigureSkating,positive
Olympics,EVENT,FigureSkating,positive
Italy,GPE,FigureSkating,positive
Milan,GPE,olympics,positive
Cortina,GPE,olympics,positive
4-5 hours,TIME,olympics,positive
Gold Medal,PRODUCT,olympics,positive
3pm Milan,TIME,olympics,positive
about 2 hours,TIME,olympics,positive
5pm,TIME,olympics,positive
another half an hour,TIME,olympics,positive
a negative hour,TIME,olympics,positive
Cortina,GPE,olympics,positive
Milan,GPE,olympics,positive
4:30,TIME,olympics,positive
8th,ORDINAL,Curling,neutral
US,GPE,Curling,neutral
4,CARDINAL,Curling,negative
SP,ORG,FigureSkating,positive
"Nelin

Outsiders",ORG,biathlon,neutral
Slettemark (Greenland,ORG,biathlon,neutral
Legovic,PERSON,biathlon,neutral
Cortina,GPE,olympics,neutral
Duomo,ORG,olympics,neutral
Scottish,NORP,Curling,positive
12,CARDINAL,hockey,positive
NBC,ORG,olympics,positive
China,GPE,olympics,positive
year,DATE,FigureSkating,positive
Olympics,EVENT,Curling,positive
Brier,PERSON,Curling,positive
their first season,DATE,Curling,positive
100%,PERCENT,Curling,positive
Milano,ORG,Curling,positive
Czech,NORP,Curling,positive
Olympic,FAC,olympics,negative
Russia,GPE,olympics,negative
Mikhail Shaidarov's,PERSON,olympics,positive
Misha,ORG,olympics,positive
100%,PERCENT,skiing,positive
sui,PERSON,FigureSkating,positive
just a few years ago,DATE,FigureSkating,positive
South korea,GPE,olympics,positive
Homan,PERSON,Curling,positive
Jennifer Jones,PERSON,Curling,positive
14,CARDINAL,Curling,positive
Scotties,ORG,Curling,positive
3,CARDINAL,Curling,positive
Einarson,PERSON,Curling,positive
Worlds,PERSON,Curling,positive
Homan,PERSON,Curling,positive
3,CARDINAL,Curling,positive
6 grand,QUANTITY,Curling,positive
Homan,ORG,Curling,positive
20,CARDINAL,Curling,positive
Canadian,NORP,Curling,positive
NBC,ORG,olympics,positive
2030,DATE,FigureSkating,positive
Jason,PERSON,FigureSkating,positive
35,DATE,FigureSkating,positive
Deanna,ORG,FigureSkating,positive
17 year,DATE,FigureSkating,positive
this season,DATE,FigureSkating,positive
winter,DATE,olympics,positive
the Winter Games,EVENT,olympics,positive
summer,DATE,olympics,positive
US,GPE,Curling,positive
Netherlands,GPE,olympics,negative
two,CARDINAL,olympics,negative
today,DATE,FigureSkating,positive
Norway,GPE,olympics,negative
Olympics,EVENT,olympics,negative
Norway,GPE,olympics,negative
11,CARDINAL,olympics,negative
7,CARDINAL,olympics,negative
second,ORDINAL,olympics,negative
US,GPE,olympics,negative
8,CARDINAL,olympics,negative
Gemini,ORG,olympics,negative
second,ORDINAL,FigureSkating,positive
German,NORP,FigureSkating,positive
Italy,GPE,biathlon,positive
fifth,ORDINAL,biathlon,positive
Olympics,EVENT,FigureSkating,neutral
Italy,GPE,olympics,positive
Laura Pausini,PERSON,olympics,positive
Whoopi,PERSON,hockey,neutral
Joe Biden,PERSON,hockey,neutral
half,CARDINAL,olympics,positive
Nice,GPE,olympics,positive
Alps,LOC,olympics,positive
Olympics,EVENT,olympics,positive
Game 1,EVENT,Curling,neutral
Jacquelin,PERSON,biathlon,negative
PCS,ORG,FigureSkating,positive
three,CARDINAL,FigureSkating,positive
6k+,CARDINAL,FigureSkating,positive
Martin Fourcade,PERSON,biathlon,positive
Gold Medal,PRODUCT,biathlon,positive
switzerland,GPE,Curling,positive
100%,PERCENT,biathlon,positive
this year,DATE,olympics,positive
Nantz,ORG,hockey,negative
Tony Romo,PERSON,hockey,negative
Joe Buck,PERSON,hockey,negative
Tim McCarver,PERSON,hockey,negative
Smoltz,PERSON,hockey,negative
Olympics,EVENT,FigureSkating,positive
at least a month,DATE,olympics,positive
less than 24 hours,TIME,olympics,positive
Russian,NORP,FigureSkating,negative
Newbie,ORG,Curling,negative
Wrana,GPE,Curling,negative
70th,ORDINAL,Curling,negative
recent seasons,DATE,Curling,negative
Phebe Bekker,PERSON,FigureSkating,positive
Versace,PERSON,FigureSkating,positive
jack spice,PERSON,FigureSkating,positive
night,TIME,FigureSkating,positive
Quinn,PERSON,hockey,positive
Minnesota,GPE,hockey,positive
Friday,DATE,olympics,neutral
medal_events_preview_team_usa_medal_hopes_outlook/,GPE,olympics,neutral
American,NORP,olympics,positive
three,CARDINAL,olympics,positive
Paris,GPE,olympics,positive
a month,DATE,olympics,positive
NHL,ORG,hockey,positive
1,CARDINAL,hockey,positive
the past year,DATE,hockey,positive
Canada,GPE,Curling,positive
Emilien,ORG,biathlon,negative
camille shot,PERSON,biathlon,positive
GPF,ORG,FigureSkating,positive
Eurosport,LOC,FigureSkating,positive
Ekaterina,PERSON,FigureSkating,positive
5 minutes,TIME,FigureSkating,positive
Eurosport,LOC,FigureSkating,positive
Olympics,EVENT,FigureSkating,positive
Bouchard Schaefer Wyatt Johnson,PERSON,hockey,positive
Bennett Wilson Marchand Colton,ORG,hockey,positive
Hellebuyck,ORG,hockey,positive
Bouchard,PERSON,hockey,positive
Schaefer,PERSON,hockey,positive
Makar,PERSON,hockey,positive
less than year old,DATE,FigureSkating,negative
30+ years ago,DATE,hockey,negative
asian,NORP,biathlon,positive
winter,DATE,biathlon,positive
Chinese,NORP,biathlon,positive
Japanese,NORP,biathlon,positive
WC,ORG,biathlon,positive
Chinese,NORP,biathlon,positive
an extra year,DATE,olympics,negative
51st,ORDINAL,olympics,negative
Atlanta,GPE,olympics,neutral
370 miles/600km,QUANTITY,olympics,neutral
Bradie,PERSON,FigureSkating,negative
5,CARDINAL,hockey,neutral
Rinka Watanabe,ORG,FigureSkating,positive
Yuna Aoki,PERSON,FigureSkating,positive
Wakaba Higuchi,FAC,FigureSkating,positive
Christopher Tin,PERSON,FigureSkating,positive
18ish-minute-long,TIME,FigureSkating,positive
Yuma,PERSON,FigureSkating,positive
tonight,TIME,olympics,positive
🤣,WORK_OF_ART,olympics,positive
up to 4,CARDINAL,FigureSkating,negative
Kristi Yamaguchi,FAC,FigureSkating,negative
Rudy Galindo,PERSON,FigureSkating,negative
the 1980s,DATE,FigureSkating,negative
Slovakia,ORG,olympics,positive
Firstly,ORDINAL,olympics,positive
Alysa Liu,PERSON,olympics,positive
first,ORDINAL,olympics,positive
the Downhill Skiing,PERSON,olympics,positive
Jakara Anthony,PERSON,olympics,positive
Alysa Liu,PERSON,olympics,positive
Olympics,EVENT,olympics,positive
Team USA,ORG,olympics,positive
Johnny Gaudreau,PERSON,olympics,positive
Canadians,NORP,olympics,positive
second,ORDINAL,olympics,positive
LA,GPE,FigureSkating,negative
FedEx,GPE,FigureSkating,negative
Bingo,GPE,olympics,positive
Russia,GPE,FigureSkating,positive
One month,DATE,FigureSkating,positive
10-year-old,DATE,FigureSkating,positive
Moscow,GPE,FigureSkating,positive
around 1000$,MONEY,FigureSkating,positive
Moscow,GPE,FigureSkating,positive
Russia,GPE,FigureSkating,positive
Vonn,GPE,skiing,positive
Korean,NORP,FigureSkating,positive
Alysa,PERSON,FigureSkating,positive
Beijing,GPE,FigureSkating,positive
Olympic,EVENT,FigureSkating,positive
USA USA USA USA,ORG,Curling,neutral
48 hours,TIME,hockey,positive
Americans,NORP,hockey,positive
one,CARDINAL,olympics,positive
Kam/O Shea,ORG,FigureSkating,positive
###,MONEY,olympics,positive
32;|&#32,MONEY,olympics,positive
32;|&#32,MONEY,olympics,positive
32;|&#32,MONEY,olympics,positive
ACK,ORG,FigureSkating,positive
Amber,PERSON,FigureSkating,positive
SP,ORG,FigureSkating,positive
Mone Chiba,PERSON,FigureSkating,positive
first,ORDINAL,FigureSkating,positive
WOW,ORG,FigureSkating,positive
LOVED,ORG,FigureSkating,positive
Kaori,PERSON,FigureSkating,positive
Alysa,PERSON,FigureSkating,positive
"ZDF/ARDauergrinsen

Frau Müller-Spirra",ORG,biathlon,negative
Hamburger Domina,PERSON,biathlon,negative
Jahre alte Medaille,PERSON,biathlon,negative
Kein Wort,PERSON,biathlon,negative
Leistung der,PERSON,biathlon,negative
Biathleten,PERSON,biathlon,negative
Erik Lesser,PERSON,biathlon,negative
sichtlich peinlich,PERSON,biathlon,negative
2018,DATE,olympics,negative
Homan,PERSON,olympics,negative
first,ORDINAL,olympics,negative
the 2014 Olympics,EVENT,olympics,negative
Canadian,NORP,olympics,negative
2018,DATE,olympics,negative
Canadian,NORP,olympics,negative
Olympics,EVENT,olympics,negative
Asian,NORP,olympics,negative
Canadian,NORP,olympics,negative
at least a third,CARDINAL,olympics,negative
Canadian,NORP,olympics,negative
the Olympic Caudron,ORG,olympics,neutral
Asian,NORP,olympics,positive
Tiffany or Porsche,ORG,olympics,positive
Louis Vuitton,PERSON,olympics,positive
Asian,NORP,olympics,positive
zero,CARDINAL,olympics,positive
American,NORP,olympics,positive
European,NORP,olympics,positive
Brady,PERSON,hockey,positive
UK,GPE,olympics,neutral
Nah,PERSON,FigureSkating,positive
17 and,TIME,FigureSkating,positive
first,ORDINAL,FigureSkating,positive
6,CARDINAL,olympics,positive
Czechia 1 Final,ORG,olympics,positive
5th,ORDINAL,olympics,positive
6th,ORDINAL,olympics,positive
the United States,GPE,olympics,positive
Canada,GPE,olympics,positive
later today,TIME,olympics,positive
the final day,DATE,olympics,positive
"the 2026 Paralympics for the Gold

Declan Farmer (USA",ORG,olympics,positive
3,CARDINAL,olympics,positive
3,CARDINAL,olympics,positive
David Eustace,PERSON,olympics,positive
1,CARDINAL,olympics,positive
2,CARDINAL,olympics,positive
Josh Pauls,PERSON,olympics,positive
1,CARDINAL,olympics,positive
1,CARDINAL,olympics,positive
USA,GPE,olympics,positive
1,CARDINAL,olympics,positive
1,CARDINAL,olympics,positive
Michal Geier,PERSON,olympics,positive
CZE,ORG,olympics,positive
1,CARDINAL,olympics,positive
Patrik Sedlacek,PERSON,olympics,positive
CZE,ORG,olympics,positive
35,CARDINAL,olympics,positive
Canadian,NORP,hockey,positive
zero,CARDINAL,hockey,positive
Binnington,GPE,hockey,positive
Habs,ORG,hockey,positive
Tom Wilson,PERSON,hockey,positive
one,CARDINAL,hockey,positive
Tkachuks,PERSON,hockey,positive
Dale,ORG,biathlon,positive
first,ORDINAL,biathlon,positive
20/20,CARDINAL,biathlon,positive
OG,ORG,biathlon,positive
Ilia,PERSON,FigureSkating,positive
first,ORDINAL,Curling,positive
Sweden,GPE,Curling,positive
7,CARDINAL,Curling,positive
7th,ORDINAL,Curling,positive
8),CARDINAL,Curling,positive
12,CARDINAL,Curling,positive
two,CARDINAL,Curling,positive
8th,ORDINAL,Curling,positive
American,NORP,FigureSkating,positive
Jackie Chan,PERSON,FigureSkating,positive
the last months,DATE,FigureSkating,negative
Norway,GPE,olympics,positive
winter,DATE,olympics,positive
Hundreds of millions,MONEY,olympics,positive
Norway,GPE,olympics,positive
6,CARDINAL,olympics,positive
this year,DATE,FigureSkating,positive
the 90s,DATE,hockey,positive
australia,GPE,FigureSkating,neutral
5am,TIME,FigureSkating,neutral
😔,ORG,FigureSkating,neutral
second,ORDINAL,Curling,positive
two,CARDINAL,Curling,positive
Korean,NORP,Curling,positive
Montreal,GPE,olympics,positive
Olympics,EVENT,olympics,positive
fed,ORG,FigureSkating,positive
Livia,PERSON,FigureSkating,positive
16th,ORDINAL,biathlon,positive
17th,DATE,biathlon,positive
Adeliia,PERSON,FigureSkating,positive
fifth,ORDINAL,FigureSkating,positive
Niina,ORG,FigureSkating,positive
sixth,ORDINAL,FigureSkating,positive
Kazakhstan,GPE,FigureSkating,positive
Adeliia,PERSON,FigureSkating,positive
five,CARDINAL,FigureSkating,positive
second,ORDINAL,FigureSkating,positive
Hristova,ORG,biathlon,positive
Olympics,EVENT,biathlon,positive
Vittozzi,ORG,biathlon,positive
Lou,PERSON,biathlon,positive
Simon,PERSON,biathlon,positive
JBB,ORG,biathlon,positive
Preuss,GPE,biathlon,positive
two,CARDINAL,biathlon,positive
last season,DATE,biathlon,positive
Elvira,ORG,biathlon,positive
two,CARDINAL,biathlon,positive
first,ORDINAL,biathlon,positive
two,CARDINAL,biathlon,positive
Hanna,ORG,biathlon,positive
Hauser,PERSON,biathlon,positive
NOC,ORG,olympics,positive
Canada,GPE,olympics,positive
Paris,GPE,olympics,positive
Summer McIntosh,PERSON,olympics,positive
World,EVENT,olympics,positive
Canada,GPE,olympics,positive
Dandjinou,PERSON,olympics,positive
5,CARDINAL,olympics,positive
Canada,GPE,olympics,positive
Summer McIntosh,PERSON,olympics,positive
winter,DATE,olympics,positive
one,CARDINAL,biathlon,positive
Europe,LOC,olympics,positive
HBO Max / Eurosport,PERSON,olympics,positive
Olympic,EVENT,olympics,positive
Trump,ORG,olympics,neutral
"Paralympics 

Cross",ORG,olympics,negative
Winter Olympics,EVENT,olympics,negative
Meh,PERSON,olympics,negative
Steinbeck,PERSON,biathlon,positive
three,CARDINAL,FigureSkating,positive
3,CARDINAL,FigureSkating,positive
7,CARDINAL,FigureSkating,positive
PCS,ORG,FigureSkating,positive
three,CARDINAL,FigureSkating,positive
three,CARDINAL,FigureSkating,positive
JGP,ORG,FigureSkating,positive
GP,ORG,FigureSkating,positive
Eteri,ORG,FigureSkating,positive
America,GPE,olympics,neutral
first,ORDINAL,olympics,neutral
Italians,NORP,biathlon,positive
today,DATE,biathlon,positive
Elia Zeni,PERSON,biathlon,positive
Didier Bionaz,PERSON,biathlon,positive
100%,PERCENT,biathlon,positive
Tommy >,PERSON,biathlon,positive
Didier,PERSON,biathlon,positive
this year,DATE,biathlon,positive
Elia,GPE,biathlon,positive
Tuch,PERSON,hockey,neutral
38 years old,DATE,hockey,neutral
half,CARDINAL,hockey,neutral
Slafkovsky,PERSON,hockey,neutral
36,CARDINAL,hockey,neutral
33,CARDINAL,hockey,neutral
Patrick,PERSON,biathlon,positive
Norway,GPE,biathlon,positive
Olympics,EVENT,biathlon,neutral
Olympics,EVENT,olympics,negative
Elvira,ORG,biathlon,positive
Hochfilzen,PRODUCT,biathlon,positive
Elvira,ORG,biathlon,positive
Team USA,ORG,FigureSkating,neutral
Canadian,NORP,FigureSkating,neutral
Casper,GPE,Curling,positive
US,GPE,Curling,positive
US,GPE,Curling,positive
Olympics,EVENT,Curling,positive
8am,TIME,hockey,neutral
5am,QUANTITY,hockey,neutral
Norway,GPE,olympics,neutral
Norway,GPE,olympics,positive
Matteo,ORG,FigureSkating,neutral
Sweden,GPE,olympics,neutral
One,CARDINAL,olympics,neutral
European,NORP,olympics,neutral
Conti/Macii,ORG,FigureSkating,negative
Paralympics,ORG,olympics,negative
Paralympics,ORG,olympics,negative
Team Homan,PERSON,Curling,neutral
3,CARDINAL,Curling,neutral
Spain,GPE,olympics,positive
3 second,QUANTITY,olympics,positive
evening,TIME,biathlon,positive
Olympic,DATE,biathlon,positive
USFS,ORG,FigureSkating,negative
NFL,ORG,olympics,neutral
US,GPE,hockey,negative
Matthews,PERSON,hockey,negative
TIL Majorov,PERSON,FigureSkating,positive
😆,CARDINAL,FigureSkating,positive
today,DATE,FigureSkating,positive
Jacobellis,PERSON,olympics,negative
Beijing,GPE,olympics,negative
a few days,DATE,FigureSkating,positive
today,DATE,FigureSkating,positive
"no fewer than 20,000",CARDINAL,FigureSkating,positive
2nd/3rd,CARDINAL,FigureSkating,positive
US,GPE,FigureSkating,positive
the L/B D/LM French,ORG,FigureSkating,positive
one,CARDINAL,FigureSkating,positive
one,CARDINAL,FigureSkating,positive
fifth,ORDINAL,FigureSkating,positive
Americans,NORP,olympics,negative
Canada,GPE,olympics,negative
Winter Olympics,EVENT,olympics,negative
USA,GPE,olympics,negative
this year,DATE,olympics,negative
Olympics,EVENT,olympics,negative
Olympics,EVENT,olympics,positive
the LA Games,EVENT,olympics,positive
US,GPE,olympics,positive
LA,GPE,olympics,positive
London,GPE,olympics,neutral
British,NORP,olympics,neutral
"George Michael
Kaiser",PERSON,olympics,neutral
"Nick Mason & Mike Rutherford
Russell Brand",ORG,olympics,neutral
"Fatboy Slim
Jessie",PERSON,olympics,neutral
"Eric Idle
Muse",PERSON,olympics,neutral
Roger Taylor & Brian,PERSON,olympics,neutral
today,DATE,FigureSkating,positive
the Worlds ❤️.,GPE,FigureSkating,positive
16,CARDINAL,FigureSkating,positive
plushenko,PERSON,FigureSkating,positive
16 year old,DATE,FigureSkating,positive
2024,DATE,olympics,positive
Paris,GPE,olympics,positive
Scott Hamilton,PERSON,FigureSkating,negative
Olympian,NORP,skiing,positive
first,ORDINAL,olympics,positive
Alysa Liu,PERSON,olympics,positive
Post,ORG,olympics,positive
The Washington Post,ORG,olympics,positive
Olympics,EVENT,olympics,positive
Milan,GPE,olympics,positive
Post,ORG,olympics,positive
Vanessa,PERSON,biathlon,positive
Franzi,ORG,biathlon,positive
Surya Bonaly,PERSON,FigureSkating,neutral
first,ORDINAL,FigureSkating,neutral
Sweden,GPE,biathlon,neutral
three,CARDINAL,biathlon,neutral
Olympics,EVENT,biathlon,neutral
"Silver, Gold, Silver",ORG,biathlon,neutral
Meatball,ORG,hockey,neutral
1968,DATE,biathlon,positive
2006,DATE,biathlon,positive
15,CARDINAL,biathlon,positive
the Soviet Union,GPE,biathlon,positive
URS,ORG,biathlon,positive
first,ORDINAL,biathlon,positive
Olympic,GPE,biathlon,positive
1968,DATE,biathlon,positive
1991,DATE,biathlon,positive
1968-1988,DATE,biathlon,positive
6,CARDINAL,biathlon,positive
Alexander Tikhonov,PERSON,biathlon,positive
1968-1980,DATE,biathlon,positive
Only 1,CARDINAL,biathlon,positive
4,CARDINAL,biathlon,positive
5,CARDINAL,biathlon,positive
GER,ORG,biathlon,positive
1992,DATE,biathlon,positive
1994,DATE,biathlon,positive
2006,DATE,biathlon,positive
2002,DATE,biathlon,positive
GER,ORG,biathlon,positive
1992-1998,DATE,biathlon,positive
German,NORP,biathlon,positive
only three,CARDINAL,biathlon,positive
"1968, 2010",DATE,biathlon,positive
2022,DATE,biathlon,positive
This Century,DATE,biathlon,positive
Norwegian,NORP,biathlon,positive
2006,DATE,biathlon,positive
Only 4,CARDINAL,biathlon,positive
URS,ORG,biathlon,positive
GER,ORG,biathlon,positive
NOR,ORG,biathlon,positive
France,GPE,biathlon,positive
3rd,ORDINAL,biathlon,positive
2002,DATE,biathlon,positive
2006,DATE,biathlon,positive
Italy,GPE,biathlon,positive
3rd,ORDINAL,biathlon,positive
1988,DATE,biathlon,positive
Olympic Champi,EVENT,biathlon,positive
Austria,GPE,olympics,positive
the last decades,DATE,olympics,positive
Norway,GPE,olympics,positive
Germany,GPE,olympics,positive
Poland,GPE,olympics,positive
Europe,LOC,olympics,positive
winter,DATE,olympics,positive
Olympics,EVENT,olympics,positive
Canada,GPE,hockey,positive
40 minutes,TIME,hockey,positive
US,GPE,hockey,positive
Finland,GPE,hockey,positive
tonight,TIME,olympics,neutral
Gunanova,PRODUCT,FigureSkating,positive
Jack,PERSON,hockey,negative
Robertson,PERSON,hockey,negative
Caufield,PERSON,hockey,negative
Jack,PERSON,hockey,negative
10,CARDINAL,hockey,negative
19,CARDINAL,hockey,negative
3,CARDINAL,hockey,negative
16,CARDINAL,hockey,negative
Luka,PERSON,FigureSkating,neutral
November 2002,DATE,FigureSkating,neutral
Grotian,PERSON,biathlon,negative
Tanngeimer,PERSON,biathlon,negative
Moguls,WORK_OF_ART,olympics,positive
Aerials,GPE,olympics,positive
Ballet,GPE,olympics,positive
Combined,GPE,olympics,positive
Snowboard,PERSON,olympics,positive
100%,PERCENT,olympics,neutral
3,CARDINAL,olympics,neutral
Michelin,ORG,olympics,neutral
Milan,GPE,olympics,neutral
Rule 4,LAW,FigureSkating,negative
4,CARDINAL,FigureSkating,negative
XYZ,PERSON,FigureSkating,negative
ABC,ORG,FigureSkating,negative
XYZ,PERSON,FigureSkating,negative
four,CARDINAL,FigureSkating,negative
3 day,DATE,FigureSkating,negative
first,ORDINAL,FigureSkating,negative
second,ORDINAL,FigureSkating,negative
third,ORDINAL,FigureSkating,negative
Camille,PERSON,biathlon,negative
-47,PRODUCT,olympics,positive
one,CARDINAL,olympics,positive
11,CARDINAL,hockey,positive
Olympic,EVENT,hockey,positive
Team USA,ORG,hockey,positive
Zach Werenski,PERSON,hockey,positive
Jet’s Pizza,PERSON,hockey,positive
Nancy Kerrigan,PERSON,hockey,positive
Tonya Harding,PERSON,hockey,positive
Latvia,GPE,hockey,positive
Elvis Merzlikins,PERSON,hockey,positive
one,CARDINAL,hockey,positive
Celebrini,PERSON,hockey,positive
Crosby,PERSON,hockey,positive
55,CARDINAL,hockey,positive
40,CARDINAL,hockey,positive
110,CARDINAL,hockey,positive
Sharks,PERSON,hockey,positive
20mil,MONEY,hockey,positive
2027-28,DATE,hockey,positive
Sharks,PERSON,hockey,positive
Grier,PERSON,hockey,positive
1sts,CARDINAL,hockey,positive
NHL,ORG,hockey,positive
Sharks,PERSON,hockey,positive
10,CARDINAL,hockey,positive
Ali Krieger's,PERSON,FigureSkating,positive
China,GPE,olympics,neutral
China,GPE,olympics,neutral
China,GPE,olympics,neutral
USA,GPE,olympics,neutral
Wheelchair Mixed Doubles Curling after End,ORG,olympics,positive
6,CARDINAL,olympics,positive
China,GPE,olympics,positive
6,CARDINAL,olympics,positive
South Korea,GPE,olympics,positive
4,DATE,olympics,positive
3,CARDINAL,olympics,positive
Japan,GPE,olympics,positive
3,CARDINAL,olympics,positive
T20,PERSON,olympics,neutral
3 hour,TIME,olympics,neutral
WC,ORG,olympics,neutral
month,DATE,olympics,neutral
20,CARDINAL,olympics,neutral
WC,ORG,olympics,neutral
YouTube,ORG,skiing,positive
The Blade Angels,ORG,olympics,positive
5+ years ago,DATE,snowboarding,positive
Eunice Lee,PERSON,olympics,negative
Olympic,DATE,olympics,negative
Rogoredo,GPE,hockey,positive
Los Angeles,GPE,hockey,positive
summer,DATE,hockey,positive
Frey,ORG,biathlon,neutral
Uldal,ORG,biathlon,neutral
Norway,GPE,biathlon,neutral
4,CARDINAL,biathlon,neutral
Christiansen,PERSON,biathlon,neutral
Dale,PERSON,biathlon,neutral
Lægreid,PERSON,biathlon,neutral
one,CARDINAL,olympics,neutral
US,GPE,olympics,positive
the Men’s and Women’s Games,ORG,olympics,positive
"2002,2010 and",DATE,olympics,positive
2014,DATE,olympics,positive
jumps,PERSON,FigureSkating,negative
today,DATE,FigureSkating,negative
75,CARDINAL,FigureSkating,negative
Closest,ORG,FigureSkating,positive
Jia Shin,PERSON,FigureSkating,positive
today,DATE,FigureSkating,positive
Yuna,GPE,FigureSkating,positive
Kaori,PERSON,FigureSkating,positive
Olympics,EVENT,FigureSkating,neutral
Alpy,PERSON,skiing,negative
March,DATE,skiing,negative
Milan,GPE,skiing,negative
"Up to 3,800",CARDINAL,skiing,negative
Zermatt,GPE,skiing,negative
Zermatt,PERSON,skiing,negative
March,DATE,skiing,negative
6/10,CARDINAL,olympics,positive
100%,PERCENT,olympics,positive
100%,PERCENT,olympics,positive
Norway,GPE,Curling,positive
Sweden,GPE,Curling,positive
later today,TIME,Curling,positive
Olympics,EVENT,Curling,positive
Sweden,GPE,Curling,positive
Love,WORK_OF_ART,olympics,positive
Andexer,PERSON,biathlon,positive
first,ORDINAL,biathlon,positive
10,CARDINAL,biathlon,positive
Olympics,EVENT,biathlon,positive
Germany,GPE,olympics,positive
20/20,CARDINAL,biathlon,neutral
Gestblom,GPE,biathlon,neutral
Nathan,GPE,FigureSkating,positive
Yuzuru,GPE,FigureSkating,positive
Shoma,GPE,FigureSkating,positive
Yuma,PERSON,FigureSkating,positive
2022,DATE,FigureSkating,positive
Olys,PERSON,FigureSkating,positive
Gaga,PERSON,FigureSkating,neutral
next season,DATE,FigureSkating,neutral
Sliding,PRODUCT,olympics,negative
one,CARDINAL,olympics,negative
two,CARDINAL,olympics,negative
La Plagne,ORG,olympics,negative
Park City,GPE,olympics,negative
Winter,DATE,olympics,negative
Time,ORG,olympics,negative
American,NORP,olympics,negative
Chinese,NORP,olympics,negative
l Ike,GPE,Curling,positive
every 4 years,DATE,olympics,positive
the FIS Alpine Ski World Cup,ORG,olympics,positive
Olympics,EVENT,olympics,positive
Italian,NORP,olympics,positive
Italy,GPE,olympics,positive
Idk,PERSON,FigureSkating,negative
yesterday](https://www.reddit.com,ORG,olympics,neutral
comments/1ram6lf,ORG,olympics,neutral
one,CARDINAL,hockey,positive
Two,CARDINAL,hockey,positive
the East +,LOC,hockey,positive
San Jose,GPE,hockey,positive
Torgashev,PERSON,FigureSkating,positive
Trump,ORG,FigureSkating,positive
Ukraine,GPE,FigureSkating,positive
second,ORDINAL,hockey,negative
n’t,GPE,FigureSkating,positive
Meagan Duhamel,PERSON,FigureSkating,positive
2018,DATE,FigureSkating,positive
Tessa,PERSON,FigureSkating,positive
Scott,ORG,FigureSkating,positive
the next morning,TIME,FigureSkating,positive
ISU,ORG,FigureSkating,neutral
the Team Event,ORG,FigureSkating,neutral
a few seconds,TIME,FigureSkating,neutral
Giant Slalom Sitting,PERSON,olympics,neutral
Germany,GPE,olympics,neutral
2nd,ORDINAL,olympics,neutral
japan,GPE,olympics,neutral
3rd,ORDINAL,olympics,neutral
China,GPE,olympics,neutral
4th,ORDINAL,olympics,neutral
Finland,GPE,olympics,neutral
5th Netherlands,GPE,olympics,neutral
Friday the 13th,DATE,FigureSkating,negative
Israel,GPE,FigureSkating,neutral
American,NORP,FigureSkating,neutral
Paris,GPE,olympics,negative
2024,DATE,olympics,negative
Milano Cortina,ORG,olympics,negative
2026,DATE,olympics,negative
Paris,GPE,olympics,negative
summer,DATE,olympics,negative
Milano,GPE,olympics,negative
5%,PERCENT,olympics,negative
the year,DATE,FigureSkating,positive
Antholz,ORG,biathlon,positive
Nero,ORG,olympics,positive
1-11,CARDINAL,Curling,positive
Team Canada,ORG,Curling,positive
Beat USA,ORG,olympics,positive
first,ORDINAL,olympics,positive
two,CARDINAL,olympics,positive
5,CARDINAL,FigureSkating,negative
Patriots,ORG,FigureSkating,positive
one,CARDINAL,FigureSkating,positive
Wikipedia,ORG,olympics,positive
the day,DATE,olympics,positive
32,CARDINAL,olympics,positive
seven,CARDINAL,olympics,positive
the United States,GPE,olympics,positive
France,GPE,olympics,positive
Cuba,GPE,olympics,positive
Greece,GPE,olympics,positive
the Orange River Colony,ORG,olympics,positive
Great Britain,GPE,olympics,positive
Canada,GPE,olympics,positive
only 14,CARDINAL,olympics,positive
"race,[2",PRODUCT,olympics,positive
Frederick Lorz,PERSON,olympics,positive
Thomas Hicks,PERSON,olympics,positive
fourth,ORDINAL,olympics,positive
Andarín Carvajal,PERSON,olympics,positive
HBO Tour De Pharmacy,ORG,olympics,positive
French Customs,ORG,biathlon,negative
PCS,ORG,FigureSkating,positive
two,CARDINAL,FigureSkating,positive
Misha,PERSON,FigureSkating,positive
Nathan,PERSON,FigureSkating,positive
Ilia,EVENT,FigureSkating,positive
Misha,PERSON,FigureSkating,positive
2022,CARDINAL,FigureSkating,positive
9s,CARDINAL,FigureSkating,positive
’m,NORP,olympics,positive
british,NORP,olympics,positive
Americans,NORP,hockey,positive
tonight,TIME,FigureSkating,positive
Kodama,PERSON,FigureSkating,positive
80s,DATE,olympics,negative
Alysa Liu,PERSON,FigureSkating,positive
2010,DATE,FigureSkating,neutral
Bond/Gershwin,ORG,FigureSkating,neutral
2013,DATE,FigureSkating,neutral
Worlds Yuna,PERSON,FigureSkating,neutral
at least two,CARDINAL,Curling,positive
Russia,GPE,olympics,neutral
Japanese,NORP,FigureSkating,positive
two,CARDINAL,Curling,positive
20,CARDINAL,olympics,positive
Geoff Bodine,PERSON,olympics,negative
the later half,DATE,olympics,negative
Mongolias,ORG,olympics,negative
USA,GPE,olympics,negative
Norway,GPE,olympics,negative
Christmas,DATE,olympics,negative
Liu,PERSON,olympics,neutral
Arco,ORG,olympics,positive
night,TIME,olympics,positive
Olympic,EVENT,olympics,positive
Olympics,EVENT,olympics,positive
🏒,PERSON,olympics,positive
Justus,ORG,biathlon,positive
Felix Bitterling,PERSON,biathlon,positive
Saxon,PERSON,biathlon,positive
Justus,ORG,biathlon,positive
the Olympic Games,EVENT,biathlon,positive
Felix Bitterling,ORG,biathlon,positive
Strelow,PERSON,biathlon,positive
Italy,GPE,olympics,positive
7th,ORDINAL,olympics,positive
Latvia,GPE,olympics,positive
9,CARDINAL,olympics,positive
China,GPE,olympics,positive
6,CARDINAL,olympics,positive
South Korea,GPE,olympics,positive
6,DATE,olympics,positive
United States,GPE,olympics,positive
4,CARDINAL,olympics,positive
5,CARDINAL,olympics,positive
5,CARDINAL,olympics,positive
7th,ORDINAL,olympics,positive
Italy,GPE,olympics,positive
ya,PERSON,Curling,neutral
Peterson,PERSON,Curling,neutral
China,GPE,olympics,positive
3,CARDINAL,olympics,positive
Canada,GPE,olympics,positive
CANADA,GPE,olympics,positive
Paul,PERSON,FigureSkating,negative
Alexis Joseph,PERSON,hockey,positive
Celebrini,PERSON,hockey,positive
Norway,GPE,olympics,negative
Alysa,PERSON,FigureSkating,negative
Petrosyan,NORP,FigureSkating,negative
Kaori,PERSON,FigureSkating,negative
Best Winter Olympics,ORG,olympics,positive
Vancouver 2010,EVENT,olympics,positive
80,CARDINAL,hockey,positive
60,CARDINAL,hockey,positive
Slafkovsky,PERSON,hockey,positive
80,CARDINAL,hockey,positive
80,CARDINAL,hockey,positive
Italian,NORP,olympics,neutral
Kappa,ORG,olympics,neutral
Li Yu-Hsiang,PERSON,FigureSkating,positive
second,ORDINAL,FigureSkating,positive
Taiwanese,NORP,FigureSkating,positive
Olympics,EVENT,FigureSkating,positive
first,ORDINAL,FigureSkating,positive
the next few years,DATE,FigureSkating,positive
Julia,ORG,biathlon,positive
one,CARDINAL,biathlon,positive
Olympic,EVENT,olympics,positive
McKenna,PERSON,hockey,positive
first this year,DATE,hockey,positive
Slaf,ORG,hockey,positive
non-Canadian,NORP,hockey,positive
the 2020s,DATE,hockey,positive
2028,DATE,hockey,positive
2029,DATE,hockey,positive
2027,DATE,hockey,positive
DuPont,ORG,hockey,positive
Joseph,PERSON,hockey,positive
three,CARDINAL,olympics,negative
3,CARDINAL,olympics,negative
Africans,PERSON,olympics,negative
American,NORP,olympics,negative
French,NORP,olympics,negative
German,NORP,olympics,negative
3A,CARDINAL,FigureSkating,negative
Canada,GPE,Curling,positive
Rule 4,LAW,FigureSkating,negative
4,CARDINAL,FigureSkating,negative
XYZ,PERSON,FigureSkating,negative
ABC,ORG,FigureSkating,negative
XYZ,PERSON,FigureSkating,negative
four,CARDINAL,FigureSkating,negative
3 day,DATE,FigureSkating,negative
first,ORDINAL,FigureSkating,negative
second,ORDINAL,FigureSkating,negative
third,ORDINAL,FigureSkating,negative
last night,TIME,olympics,positive
a great,DATE,olympics,positive
two weeks,DATE,olympics,positive
NBC,ORG,biathlon,negative
evening,TIME,biathlon,negative
the USA Network,ORG,biathlon,negative
about 30 minutes,TIME,biathlon,negative
NBC,ORG,biathlon,negative
Chad,PERSON,biathlon,negative
Chad,GPE,biathlon,negative
Men's Individual,ORG,biathlon,negative
US,GPE,Curling,positive
Norway,GPE,olympics,negative
11,CARDINAL,olympics,negative
7,CARDINAL,olympics,negative
second,ORDINAL,olympics,negative
US,GPE,olympics,negative
8,CARDINAL,olympics,negative
Gemini,ORG,olympics,negative
5,CARDINAL,olympics,negative
2,CARDINAL,olympics,negative
7,CARDINAL,olympics,negative
second,ORDINAL,olympics,negative
US,GPE,olympics,negative
8,CARDINAL,olympics,negative
Olympics,EVENT,olympics,negative
16,CARDINAL,olympics,negative
4,CARDINAL,olympics,negative
2,CARDINAL,olympics,negative
US,GPE,olympics,negative
11,CARDINAL,olympics,negative
Norway,GPE,olympics,negative
6,CARDINAL,olympics,negative
US,GPE,olympics,negative
Germany,GPE,olympics,negative
9,CARDINAL,olympics,negative
Norway,GPE,olympics,negative
one,CARDINAL,FigureSkating,positive
4,CARDINAL,FigureSkating,positive
Olympics,EVENT,FigureSkating,positive
Mie Hamada,PERSON,FigureSkating,positive
jump layout,PERSON,FigureSkating,positive
2030,DATE,FigureSkating,negative
50%,PERCENT,FigureSkating,negative
Lady Gaga,PERSON,olympics,neutral
Poker Face,ORG,olympics,neutral
Ilja,GPE,FigureSkating,positive
first,ORDINAL,FigureSkating,positive
second,ORDINAL,FigureSkating,positive
Yumas,PERSON,FigureSkating,positive
three,CARDINAL,FigureSkating,positive
Adam,PERSON,FigureSkating,positive
The World Cup,EVENT,hockey,positive
Canada,GPE,hockey,positive
28,CARDINAL,hockey,positive
Botn,PERSON,biathlon,positive
four,CARDINAL,biathlon,positive
100%,PERCENT,biathlon,positive
Sakamoto,PERSON,olympics,positive
last night,TIME,olympics,positive
Olympics,EVENT,olympics,positive
Gu,PERSON,olympics,positive
China,GPE,olympics,positive
at least a couple,CARDINAL,olympics,positive
Beijing,GPE,olympics,positive
Sondre,PERSON,biathlon,positive
Greenland,GPE,biathlon,positive
Norway,GPE,biathlon,positive
Edin,PERSON,Curling,positive
one,CARDINAL,Curling,positive
Hasselborg,ORG,Curling,positive
bbc,ORG,FigureSkating,negative
two,CARDINAL,FigureSkating,negative
this year,DATE,FigureSkating,negative
59%,PERCENT,olympics,positive
Paris,GPE,olympics,positive
French,LANGUAGE,olympics,positive
Wheelchair Curling Mixed Team,ORG,olympics,positive
Great Britain,GPE,olympics,positive
first,ORDINAL,olympics,positive
last night,TIME,olympics,positive
Rule 4,LAW,FigureSkating,negative
4,CARDINAL,FigureSkating,negative
XYZ,PERSON,FigureSkating,negative
ABC,ORG,FigureSkating,negative
XYZ,PERSON,FigureSkating,negative
four,CARDINAL,FigureSkating,negative
3 day,DATE,FigureSkating,negative
first,ORDINAL,FigureSkating,negative
second,ORDINAL,FigureSkating,negative
third,ORDINAL,FigureSkating,negative
Gabby,ORG,FigureSkating,neutral
2017,DATE,FigureSkating,neutral
Bronze Medalist,PERSON,FigureSkating,neutral
Miskew,PERSON,Curling,neutral
Rule 4,LAW,FigureSkating,negative
4,CARDINAL,FigureSkating,negative
XYZ,PERSON,FigureSkating,negative
ABC,ORG,FigureSkating,negative
XYZ,PERSON,FigureSkating,negative
four,CARDINAL,FigureSkating,negative
3 day,DATE,FigureSkating,negative
first,ORDINAL,FigureSkating,negative
second,ORDINAL,FigureSkating,negative
third,ORDINAL,FigureSkating,negative
Ilia,GPE,olympics,negative
Olympics,EVENT,olympics,negative
Jordan Stolz,GPE,olympics,negative
American,NORP,olympics,negative
US,GPE,hockey,positive
a Canada Gold,ORG,hockey,positive
the last few days,DATE,hockey,neutral
Amber and Yuma,PRODUCT,FigureSkating,negative
Sorry Stoat Dad,PERSON,FigureSkating,negative
Niina Petrokina,ORG,FigureSkating,positive
Misha,ORG,FigureSkating,positive
fed,ORG,FigureSkating,positive
today,DATE,FigureSkating,negative
Canada,GPE,Curling,positive
half,CARDINAL,Curling,positive
Lisa,PERSON,FigureSkating,positive
IOC,ORG,olympics,negative
nhl,GPE,hockey,positive
3,CARDINAL,hockey,positive
8,CARDINAL,hockey,positive
3rd,ORDINAL,hockey,positive
2023,DATE,Curling,positive
Italy,GPE,Curling,positive
Norway,GPE,Curling,positive
4th,ORDINAL,Curling,positive
Whistler,PERSON,olympics,negative
Kennedys,PERSON,Curling,negative
[https://www.shopusahockey.com/collections/2026-olympic-apparel](https://www.shopusahockey.com/collections/2026-olympic-apparel,PERSON,olympics,neutral
GB,PERSON,Curling,positive
5,CARDINAL,Curling,positive
Sweden,GPE,Curling,positive
Korea,GPE,Curling,positive
Canada,GPE,Curling,positive
Korea,GPE,Curling,positive
4,CARDINAL,Curling,positive
GB,PERSON,Curling,positive
two days,DATE,FigureSkating,negative
the season,DATE,FigureSkating,negative
Ilia,GPE,FigureSkating,negative
NBC,ORG,FigureSkating,negative
Simone Biles,PERSON,FigureSkating,negative
first,ORDINAL,FigureSkating,negative
one,CARDINAL,FigureSkating,negative
Nathan Chen,PERSON,FigureSkating,negative
Stanley cup-contention,FAC,hockey,positive
Connor McDavid,PERSON,hockey,positive
every recent year,DATE,hockey,positive
the past 2 seasons,DATE,hockey,positive
30,CARDINAL,hockey,positive
"George, Ivankovic",ORG,hockey,positive
Cossa,PERSON,hockey,positive
Ravensbergen,PERSON,hockey,positive
Cossa,PERSON,hockey,positive
Andrew Luck,PERSON,hockey,positive
Brock Nelson,PERSON,hockey,positive
Olympics,EVENT,hockey,positive
Amber and Ilia,ORG,FigureSkating,positive
Donovan,PERSON,FigureSkating,negative
1,CARDINAL,FigureSkating,negative
Milo,ORG,olympics,neutral
Cotton Eyed Joe,PERSON,olympics,neutral
Brad,PERSON,Curling,negative
Germany,GPE,Curling,negative
Svendsen,PERSON,biathlon,negative
Johannes,GPE,biathlon,negative
Sturla,PERSON,biathlon,negative
Europe,LOC,olympics,positive
"Liu

Hardly",ORG,FigureSkating,positive
US,GPE,hockey,positive
Refs,ORG,Curling,positive
20,CARDINAL,Curling,positive
Milano,ORG,olympics,neutral
StubHub,ORG,olympics,neutral
Olympics,EVENT,olympics,neutral
2 months ago,DATE,olympics,neutral
Cpom,PERSON,FigureSkating,positive
Cpom,PERSON,FigureSkating,positive
canada,GPE,Curling,positive
Peacock Plus Premium,ORG,biathlon,positive
Truth Social,GPE,hockey,positive
Canadian,NORP,hockey,positive
Americans,NORP,hockey,positive
3,CARDINAL,Curling,positive
Amber 🕯🕯🕯🕯🕯,PRODUCT,FigureSkating,neutral
AI,GPE,FigureSkating,negative
1,CARDINAL,FigureSkating,negative
First,ORDINAL,biathlon,positive
38th,DATE,biathlon,positive
Stremous,GPE,biathlon,positive
today,DATE,biathlon,positive
0.4 seconds,TIME,biathlon,positive
Vittozzi,LOC,biathlon,positive
Kinda,GPE,hockey,neutral
1,CARDINAL,hockey,neutral
😔,ORG,hockey,neutral
PCS,ORG,FigureSkating,negative
PCS,ORG,FigureSkating,negative
Jun,PERSON,FigureSkating,negative
2,CARDINAL,FigureSkating,negative
Boyang Jin,PERSON,FigureSkating,negative
4Lz,CARDINAL,FigureSkating,negative
2018,DATE,FigureSkating,negative
Yuna Aoki,PERSON,FigureSkating,negative
PCS,ORG,FigureSkating,negative
JNats,ORG,FigureSkating,negative
PCS,ORG,FigureSkating,negative
Zagitova,ORG,FigureSkating,negative
37.92,CARDINAL,FigureSkating,negative
2018,DATE,FigureSkating,negative
Satoko,GPE,FigureSkating,negative
Medvedeva,GPE,FigureSkating,negative
Satoko's,ORG,FigureSkating,negative
PCS,ORG,FigureSkating,negative
only 35.75,CARDINAL,FigureSkating,negative
2nd,ORDINAL,olympics,neutral
Only two weeks,DATE,olympics,neutral
Paralympics,ORG,olympics,neutral
Austrians,NORP,biathlon,positive
Kontiolahti,PERSON,biathlon,positive
Antholz,GPE,biathlon,positive
the whole week,DATE,biathlon,positive
at least half,CARDINAL,biathlon,positive
Antholz,GPE,biathlon,positive
German,NORP,biathlon,positive
Austrians,NORP,biathlon,positive
Hochfilzen,ORG,biathlon,positive
Germans,NORP,biathlon,positive
Oberhof,ORG,biathlon,positive
Kremlin,ORG,FigureSkating,positive
Dima,PERSON,FigureSkating,positive
Russian,NORP,FigureSkating,positive
Team GB,PERSON,olympics,positive
the Winter Paralympics,FAC,olympics,positive
1976,DATE,olympics,positive
0,CARDINAL,olympics,positive
1980,DATE,olympics,positive
0,CARDINAL,olympics,positive
8,CARDINAL,olympics,positive
1984,DATE,olympics,positive
4,CARDINAL,olympics,positive
6,CARDINAL,olympics,positive
Bronze,PERSON,olympics,positive
22,CARDINAL,olympics,positive
1988,DATE,olympics,positive
0,CARDINAL,olympics,positive
24,CARDINAL,olympics,positive
1992,DATE,olympics,positive
1,CARDINAL,olympics,positive
4,CARDINAL,olympics,positive
Bronze,PERSON,olympics,positive
15,CARDINAL,olympics,positive
1994,DATE,olympics,positive
5,CARDINAL,olympics,positive
Bronze,PERSON,olympics,positive
23,CARDINAL,olympics,positive
1998,DATE,olympics,positive
0,CARDINAL,olympics,positive
21,CARDINAL,olympics,positive
0,CARDINAL,olympics,positive
2,CARDINAL,olympics,positive
2006,DATE,olympics,positive
1,CARDINAL,olympics,positive
20,CARDINAL,olympics,positive
2010,DATE,olympics,positive
0,CARDINAL,olympics,positive
12,CARDINAL,olympics,positive
1,CARDINAL,olympics,positive
3,CARDINAL,olympics,positive
2,CARDINAL,olympics,positive
Bronze,PERSON,olympics,positive
15,CARDINAL,olympics,positive
2018,DATE,olympics,positive
1,CARDINAL,olympics,positive
4,CARDINAL,olympics,positive
2,CARDINAL,olympics,positive
Bronze,PERSON,olympics,positive
17,CARDINAL,olympics,positive
1,CARDINAL,olympics,positive
1,CARDINAL,olympics,positive
4,CARDINAL,olympics,positive
Bronze,PERSON,olympics,positive
24,CARDINAL,olympics,positive
2014,DATE,olympics,positive
Kelly Gallagher,PERSON,olympics,positive
Alpine Skiing - Super-G,PERSON,olympics,positive
2018,DATE,olympics,positive
Menna Fitzpatrick,PERSON,olympics,positive
Alpine Skiing - Slalom,PERSON,olympics,positive
Neil Simpson,PERSON,olympics,positive
Alpine Skiing - Super-G,PERSON,olympics,positive
Bruce,PERSON,Curling,neutral
Jen,PERSON,Curling,neutral
Bruce,PERSON,Curling,neutral
Italy,GPE,Curling,neutral
Amos Mosaner,PERSON,Curling,neutral
Brett,PERSON,Curling,neutral
Canada,GPE,Curling,neutral
CBC,ORG,Curling,negative
Canadian,NORP,Curling,negative
Gem,PERSON,Curling,negative
Kaori,PERSON,FigureSkating,positive
Kaori,PERSON,FigureSkating,positive
70%,PERCENT,olympics,neutral
US,GPE,olympics,neutral
2020/2021,DATE,biathlon,positive
3rd,ORDINAL,biathlon,positive
Simon Schempp,PERSON,biathlon,positive
last winter,DATE,biathlon,positive
weeks,DATE,biathlon,positive
only 2,CARDINAL,hockey,positive
GA,ORG,hockey,positive
Sweden,GPE,Curling,positive
the world championships,EVENT,Curling,positive
this year,DATE,Curling,positive
Japanese,NORP,FigureSkating,positive
japanese,NORP,FigureSkating,positive
2,MONEY,hockey,positive
Yesterday,DATE,FigureSkating,negative
the first day of Ramadan,DATE,FigureSkating,negative
Tuesday,DATE,FigureSkating,negative
evening,TIME,FigureSkating,negative
Mecca,GPE,FigureSkating,negative
yesterday,DATE,FigureSkating,negative
1 Ramadan,TIME,FigureSkating,negative
Today,DATE,FigureSkating,negative
second,ORDINAL,FigureSkating,negative
Volare,ORG,olympics,positive
12,CARDINAL,FigureSkating,positive
Kunkel,PERSON,FigureSkating,positive
the Winter Olympics,EVENT,olympics,negative
Beijing,GPE,olympics,negative
the Winter Olympics,EVENT,olympics,negative
Greenpeace,ORG,olympics,negative
330k+,MONEY,olympics,negative
2am,TIME,Curling,neutral
CAN-USA,ORG,Curling,neutral
5am,TIME,Curling,neutral
Jaquelin,GPE,biathlon,positive
Raf,ORG,FigureSkating,negative
California,GPE,FigureSkating,negative
this past December,DATE,FigureSkating,negative
GPF,ORG,FigureSkating,negative
Shea-lynn,ORG,FigureSkating,negative
Raf,ORG,FigureSkating,negative
Boston,GPE,FigureSkating,negative
Worlds,ORG,FigureSkating,negative
last season,DATE,FigureSkating,negative
nick,GPE,FigureSkating,negative
Sasha Trusova,PERSON,FigureSkating,positive
Kamila,PERSON,FigureSkating,positive
3A,CARDINAL,FigureSkating,positive
https://duncanmackayveritas.substack.com/p/the-cappuccino-edition-16-bobsleigh,ORG,olympics,neutral
4 years,DATE,olympics,neutral
MAGA,ORG,FigureSkating,positive
Megyn Kelly,PERSON,FigureSkating,positive
SP,ORG,FigureSkating,positive
fifth,ORDINAL,FigureSkating,positive
Alysa,PERSON,FigureSkating,positive
Lemme,PERSON,FigureSkating,positive
Riley Gaines,ORG,FigureSkating,positive
Alysa,PERSON,FigureSkating,positive
Japanese,NORP,FigureSkating,positive
Kaori,PERSON,FigureSkating,positive
Amber,ORG,FigureSkating,positive
Taylor,PERSON,olympics,positive
Gold Medal,PERSON,olympics,positive
the Winter Olympics,EVENT,olympics,positive
41 years,DATE,olympics,positive
129 days,DATE,olympics,positive
40 years,DATE,olympics,positive
115 days,DATE,olympics,positive
Austrian,NORP,olympics,positive
Benjamin Karl,PERSON,olympics,positive
8 Feb 2026,DATE,olympics,positive
Elvira,ORG,biathlon,negative
Linn Gestblom,PERSON,biathlon,negative
10,CARDINAL,biathlon,negative
Olympics,EVENT,biathlon,negative
Michelle Kwan,PERSON,FigureSkating,neutral
Olympics,EVENT,FigureSkating,neutral
3,CARDINAL,hockey,negative
Marchand/Bennett/Wilson,ORG,hockey,negative
USA,GPE,FigureSkating,positive
1,CARDINAL,FigureSkating,positive
Olympic,DATE,FigureSkating,positive
Ami,PERSON,FigureSkating,positive
4 years ago,DATE,FigureSkating,positive
2,CARDINAL,FigureSkating,positive
Kam/O'Shea,ORG,FigureSkating,positive
their best day,DATE,FigureSkating,positive
Team USA,ORG,FigureSkating,positive
Danny,PERSON,FigureSkating,positive
Drew Meekins,PERSON,FigureSkating,positive
Danny,PERSON,FigureSkating,positive
3,CARDINAL,FigureSkating,positive
Miura/Kihara,ORG,FigureSkating,positive
4,CARDINAL,FigureSkating,positive
Gilles/Poirier,ORG,FigureSkating,positive
Glitter & Gold,ORG,FigureSkating,positive
5,CARDINAL,FigureSkating,positive
2 weeks,DATE,FigureSkating,positive
Nassar,ORG,olympics,negative
John Geddert,PERSON,olympics,negative
Nassar,ORG,olympics,negative
USAG,ORG,olympics,negative
Nassar,ORG,olympics,negative
FBI,ORG,olympics,negative
USAG,ORG,olympics,negative
USAG,ORG,olympics,negative
Russia,GPE,olympics,negative
Romania,GPE,biathlon,positive
Romania,GPE,biathlon,positive
a few months,DATE,biathlon,positive
Dmitrii Shamaev,PERSON,biathlon,positive
PB,ORG,biathlon,positive
18th,ORDINAL,biathlon,positive
Olympics,EVENT,biathlon,positive
20/20,CARDINAL,biathlon,positive
16th,ORDINAL,biathlon,positive
Olympics,EVENT,biathlon,positive
12,CARDINAL,biathlon,positive
WaPo,ORG,olympics,neutral
canada,GPE,olympics,neutral
50 year old,DATE,olympics,positive
American,NORP,olympics,positive
Italy,GPE,Curling,negative
half,CARDINAL,skiing,negative
Winter,DATE,skiing,negative
0,CARDINAL,Curling,positive
2,CARDINAL,FigureSkating,neutral
2,CARDINAL,FigureSkating,neutral
What’s Alysa,PERSON,FigureSkating,neutral
3,CARDINAL,FigureSkating,neutral
one,CARDINAL,hockey,negative
2010,DATE,hockey,negative
2014,DATE,hockey,negative
This year,DATE,hockey,negative
2,CARDINAL,hockey,negative
3,CARDINAL,hockey,negative
Kennedy,PERSON,Curling,positive
Milan,GPE,olympics,positive
Sogno di Volare,WORK_OF_ART,olympics,positive
a Winter Olympics,EVENT,olympics,positive
COVID,PERSON,biathlon,positive
Europe,LOC,biathlon,positive
China,GPE,biathlon,positive
26,CARDINAL,FigureSkating,positive
19 days,DATE,FigureSkating,positive
second,ORDINAL,hockey,positive
CBC Gem,PRODUCT,hockey,positive
Olympics,EVENT,hockey,positive
France,GPE,biathlon,negative
today,DATE,biathlon,negative
Emilien,ORG,biathlon,negative
20 years ago,DATE,FigureSkating,positive
Christine,ORG,FigureSkating,positive
2,CARDINAL,olympics,negative
Two,CARDINAL,olympics,neutral
last year's,DATE,biathlon,positive
WCH,GPE,biathlon,positive
Océane,WORK_OF_ART,biathlon,positive
2nd,DATE,biathlon,positive
Maren 3rd,PERSON,biathlon,positive
Adeliia,PERSON,FigureSkating,positive
Gold Medal,PERSON,FigureSkating,positive
Olympics,EVENT,FigureSkating,positive
2,CARDINAL,FigureSkating,positive
3,CARDINAL,FigureSkating,positive
Ilia,GPE,FigureSkating,positive
Ami Nakai,PERSON,FigureSkating,positive
Alysa,PERSON,FigureSkating,positive
next season,DATE,FigureSkating,positive
One,CARDINAL,FigureSkating,positive
Germany,GPE,olympics,negative
Trinidad n Tobago,FAC,olympics,negative
Ilia,GPE,olympics,positive
English,LANGUAGE,olympics,positive
Brier,PERSON,Curling,positive
a week,DATE,Curling,positive
Romania,GPE,FigureSkating,negative
Ceausescu,PERSON,FigureSkating,negative
80,CARDINAL,FigureSkating,negative
Glenn,PERSON,FigureSkating,positive
France,GPE,biathlon,negative
a minute,TIME,biathlon,negative
Olympics,EVENT,biathlon,negative
Bland,PERSON,biathlon,negative
Paralympics,ORG,olympics,neutral
France,GPE,olympics,negative
Vienna,GPE,hockey,neutral
1683,DATE,hockey,neutral
Ottoman,NORP,hockey,neutral
Ponsi,ORG,biathlon,positive
30,DATE,biathlon,positive
Sebbe,ORG,biathlon,positive
28,CARDINAL,biathlon,positive
the next 4 years,DATE,biathlon,positive
Denmark,GPE,olympics,positive
Yuma,PERSON,FigureSkating,positive
Shun,PERSON,FigureSkating,positive
Misha,PERSON,FigureSkating,positive
Olympic,PERSON,olympics,positive
Klaebo,PERSON,olympics,positive
9th,ORDINAL,olympics,positive
Winter,DATE,olympics,positive
Olympian,NORP,olympics,positive
Mikael Kingsbury,PERSON,olympics,positive
Canada,GPE,olympics,positive
first,ORDINAL,olympics,positive
Femke Kok,PERSON,olympics,positive
500,CARDINAL,olympics,positive
0.67,CARDINAL,olympics,positive
second,ORDINAL,olympics,positive
1972,DATE,olympics,positive
Great Britain,GPE,olympics,positive
three,CARDINAL,olympics,positive
Anna Odine Stroem,PERSON,olympics,positive
Norway,GPE,olympics,positive
Nika Prevc of Slovenia,PERSON,olympics,positive
NYT,ORG,olympics,negative
DHS,ORG,olympics,negative
BBC,ORG,olympics,negative
DHS,ORG,olympics,negative
USA Today,ORG,olympics,negative
State Department,ORG,olympics,negative
AP,ORG,olympics,negative
Trump,PERSON,olympics,negative
4A,CARDINAL,FigureSkating,negative
Alps,LOC,olympics,neutral
3,CARDINAL,FigureSkating,negative
American,NORP,FigureSkating,positive
American,NORP,olympics,positive
American,NORP,olympics,positive
Jacquelin,PERSON,biathlon,neutral
the day,DATE,biathlon,neutral
Lægreid,PERSON,biathlon,neutral
second,ORDINAL,biathlon,neutral
today,DATE,biathlon,neutral
Hanna,ORG,biathlon,neutral
remontada,GPE,biathlon,neutral
the end of the day,DATE,FigureSkating,positive
Mao,PERSON,FigureSkating,positive
"https://preview.redd.it/3rdnjs26nmog1.jpeg?width=1080&format=pjpg&auto=webp&s=386fde2c1f6124c014e6a35b20686c8eb2cfae9e

Peacock",ORG,olympics,negative
Jason,PERSON,FigureSkating,positive
a Joshua Farris,PERSON,FigureSkating,positive
one,CARDINAL,FigureSkating,positive
Jason,PERSON,FigureSkating,positive
two,CARDINAL,FigureSkating,positive
Olympics,EVENT,FigureSkating,positive
Jason,PERSON,FigureSkating,positive
Japanese,NORP,olympics,negative
first,ORDINAL,olympics,negative
Europe,LOC,olympics,negative
Japan,GPE,olympics,negative
second,ORDINAL,olympics,negative
99,CARDINAL,olympics,neutral
Olympic,EVENT,olympics,neutral
the Time/Points,ORG,olympics,neutral
Paralympics,ORG,FigureSkating,positive
two,CARDINAL,FigureSkating,positive
Australia,GPE,biathlon,positive
1,CARDINAL,biathlon,positive
first,ORDINAL,biathlon,positive
2014,DATE,biathlon,positive
slovakia,ORG,biathlon,positive
romania,GPE,biathlon,positive
29.01,CARDINAL,biathlon,positive
4.02,CARDINAL,biathlon,positive
2026,DATE,olympics,positive
China,GPE,olympics,positive
Latvia,GPE,olympics,positive
Congrats,NORP,olympics,positive
Bronze,PERSON,olympics,positive
Kuzmina,GPE,biathlon,positive
20/20,CARDINAL,biathlon,positive
first,ORDINAL,biathlon,positive
Shun,PERSON,FigureSkating,positive
Sydney,GPE,olympics,neutral
Maybe Closing,PERSON,olympics,neutral
Israeli,NORP,FigureSkating,positive
Polish,NORP,FigureSkating,positive
second,ORDINAL,olympics,neutral
Canada,GPE,hockey,positive
2030,DATE,hockey,positive
today,DATE,Curling,negative
Russia,GPE,olympics,negative
pro-Russia,NORP,olympics,negative
the years,DATE,olympics,negative
Larry Nassar,PERSON,olympics,negative
American,NORP,olympics,negative
Summer,DATE,olympics,negative
Japan,GPE,FigureSkating,positive
Rikuryu,ORG,FigureSkating,positive
Botox,PERSON,FigureSkating,neutral
20s these days,DATE,FigureSkating,neutral
Slovakia,ORG,olympics,positive
6:45 - 2nd,DATE,olympics,positive
Radek Zelinka,PERSON,olympics,positive
Czechia,GPE,olympics,positive
Vaclav Hecko,PERSON,olympics,positive
Hecko,GPE,olympics,positive
Martin Joppa,PERSON,olympics,positive
Joppa,PERSON,olympics,positive
Lepacek,PERSON,olympics,positive
Joppa,PERSON,olympics,positive
a couple of weeks ago,DATE,hockey,neutral
0,CARDINAL,olympics,negative
Tonight,TIME,olympics,negative
https://www.reddit.com/r/hockey/comments/1qvt9ye/ben_steiner_if_you_think_the_milan_cortina_2026/,ORG,hockey,neutral
50k,CARDINAL,olympics,positive
Chad,PERSON,biathlon,positive
2002,DATE,biathlon,positive
one,CARDINAL,hockey,positive
USA,GPE,hockey,positive
Korea,GPE,Curling,positive
first,ORDINAL,Curling,positive
this year,DATE,hockey,neutral
1984,DATE,olympics,neutral
LA,GPE,olympics,neutral
Merit,PERSON,FigureSkating,positive
Linn,PERSON,biathlon,negative
Ella,ORG,biathlon,negative
the years,DATE,olympics,positive
fifth,ORDINAL,Curling,positive
3,CARDINAL,Curling,positive
Canada,GPE,Curling,positive
Sweden,GPE,Curling,positive
1,CARDINAL,Curling,positive
USA,GPE,Curling,positive
Italy,GPE,Curling,positive
2,CARDINAL,Curling,positive
Canada,GPE,Curling,positive
first,ORDINAL,Curling,positive
Canada,GPE,Curling,positive
Canada,GPE,Curling,positive
US,GPE,Curling,positive
GB,PERSON,Curling,positive
one more year,DATE,hockey,positive
WJC,NORP,hockey,positive
2023,DATE,hockey,positive
English,LANGUAGE,FigureSkating,positive
English,LANGUAGE,FigureSkating,positive
Olympics,EVENT,FigureSkating,positive
Chinese,NORP,FigureSkating,positive
China,GPE,FigureSkating,positive
Netflix,GPE,FigureSkating,positive
five,CARDINAL,FigureSkating,positive
doc,ORG,FigureSkating,positive
2,CARDINAL,FigureSkating,positive
Chock/Bates,ORG,FigureSkating,positive
C/B,ORG,FigureSkating,positive
19.85,CARDINAL,FigureSkating,positive
19.5,CARDINAL,FigureSkating,positive
0.35,CARDINAL,FigureSkating,positive
PCS,ORG,FigureSkating,positive
38.18,CARDINAL,FigureSkating,positive
38.24,CARDINAL,FigureSkating,positive
PCS,ORG,FigureSkating,positive
two,CARDINAL,FigureSkating,positive
Composition,GPE,FigureSkating,positive
Presentation,EVENT,FigureSkating,positive
Skating Skills,PERSON,FigureSkating,positive
1.33,CARDINAL,FigureSkating,positive
0.06,CARDINAL,FigureSkating,positive
PCS,ORG,FigureSkating,positive
0.29,CARDINAL,FigureSkating,positive
C/B .75,ORG,FigureSkating,positive
FD,ORG,FigureSkating,positive
the day,DATE,FigureSkating,positive
Japan,GPE,FigureSkating,positive
Sato,PERSON,FigureSkating,positive
Malinin,PERSON,FigureSkating,positive
today,DATE,FigureSkating,positive
Olympics,EVENT,olympics,positive
U.S.,GPE,olympics,positive
30 seconds,TIME,FigureSkating,neutral
canada,GPE,Curling,positive
canada,GPE,Curling,positive
Olympics,EVENT,Curling,positive
thighs,GPE,snowboarding,positive
QFM,ORG,biathlon,positive
4th,ORDINAL,biathlon,positive
Bjorndalen-Fourcade-Boe,ORG,biathlon,positive
500,CARDINAL,olympics,positive
1000,CARDINAL,olympics,positive
Pol,PERSON,olympics,positive
1500,CARDINAL,olympics,positive
the World Tour,ORG,olympics,positive
russian,NORP,FigureSkating,negative
freudian,NORP,FigureSkating,negative
Missing Point,ORG,hockey,negative
37 year old,DATE,hockey,negative
Marchy,ORG,hockey,negative
13th,ORDINAL,hockey,negative
30 million,CARDINAL,hockey,negative
Canadians,NORP,hockey,negative
Rule 4,LAW,FigureSkating,negative
4,CARDINAL,FigureSkating,negative
XYZ,PERSON,FigureSkating,negative
ABC,ORG,FigureSkating,negative
XYZ,PERSON,FigureSkating,negative
four,CARDINAL,FigureSkating,negative
3 day,DATE,FigureSkating,negative
first,ORDINAL,FigureSkating,negative
second,ORDINAL,FigureSkating,negative
third,ORDINAL,FigureSkating,negative
half an hour,TIME,biathlon,negative
Shun,PERSON,FigureSkating,positive
shun stan,PERSON,FigureSkating,positive
danish,NORP,biathlon,positive
30s,DATE,biathlon,positive
friday,DATE,biathlon,positive
italian,NORP,biathlon,positive
HBOmax,ORG,biathlon,positive
Shaun,PERSON,snowboarding,positive
FIS,ORG,snowboarding,positive
the year,DATE,snowboarding,positive
3,CARDINAL,hockey,negative
Gala,GPE,FigureSkating,positive
the last minute,TIME,FigureSkating,positive
a few years,DATE,olympics,positive
four,CARDINAL,FigureSkating,positive
Ami,PERSON,FigureSkating,negative
PCS,ORG,FigureSkating,negative
her first year,DATE,FigureSkating,negative
LOL,ORG,FigureSkating,negative
8.7,CARDINAL,hockey,neutral
Olympics,EVENT,FigureSkating,negative
Beijing,GPE,FigureSkating,negative
AI,GPE,olympics,negative
Canada,GPE,hockey,neutral
USA,GPE,hockey,neutral
Czechoslovakia,GPE,hockey,neutral
Peter Gumennik,PERSON,olympics,positive
Russian,NORP,olympics,positive
Adeliia,PERSON,olympics,positive
half,CARDINAL,olympics,positive
Adeliia,PERSON,olympics,positive
Adeliia,PERSON,olympics,positive
Congrats,NORP,olympics,positive
Canada,GPE,olympics,positive
GB,GPE,olympics,neutral
6-3,CARDINAL,olympics,neutral
Latvia,GPE,olympics,neutral
6th,ORDINAL,olympics,neutral
5,CARDINAL,hockey,positive
5,CARDINAL,hockey,positive
OT,ORG,hockey,positive
4,CARDINAL,hockey,positive
4,CARDINAL,hockey,positive
3,CARDINAL,hockey,positive
3,CARDINAL,hockey,positive
0.1 percent,PERCENT,hockey,positive
this every other year,DATE,olympics,positive
the second half,DATE,FigureSkating,positive
Ami,PERSON,FigureSkating,positive
Olympics,EVENT,olympics,negative
French,NORP,biathlon,negative
today,DATE,biathlon,negative
20/20,CARDINAL,biathlon,negative
Olympics,EVENT,FigureSkating,positive
Super G,ORG,olympics,positive
Giovanni Franzoni,ORG,olympics,positive
Kitzbuhel,ORG,olympics,positive
the Super G in,ORG,olympics,positive
Wengen,GPE,olympics,positive
two,CARDINAL,olympics,positive
the World Cup,EVENT,olympics,positive
Olympics,EVENT,olympics,positive
Petra,ORG,olympics,positive
two years,DATE,olympics,positive
Slovakia,ORG,olympics,positive
Olympic,EVENT,olympics,positive
Petra,ORG,olympics,positive
Alice Robinson,PERSON,olympics,positive
Cortina,GPE,olympics,positive
second,ORDINAL,olympics,positive
Spinderluv,GPE,olympics,positive
13th,ORDINAL,olympics,positive
Kronplatz,PERSON,olympics,positive
Super G,ORG,olympics,positive
30,CARDINAL,olympics,positive
Emma Aicher,PERSON,olympics,positive
Amber Glenn,PERSON,FigureSkating,positive
Eric,PERSON,biathlon,positive
Vetle,PERSON,biathlon,positive
Olympics,EVENT,olympics,positive
Birkebeiner,PERSON,olympics,positive
Legend,ORG,FigureSkating,neutral
Reddit,NORP,FigureSkating,positive
Instagram,ORG,FigureSkating,positive
Grassl,PERSON,FigureSkating,positive
Grassl,PERSON,FigureSkating,positive
between 2022 and 2024,DATE,FigureSkating,positive
Tomás,PERSON,FigureSkating,positive
Grassl,PERSON,FigureSkating,positive
Tomás,ORG,FigureSkating,positive
Grassl,PERSON,FigureSkating,positive
American Olympians,ORG,olympics,neutral
24 year-old,DATE,Curling,positive
Edin,PERSON,Curling,positive
Mouat,PERSON,Curling,positive
Nordic,NORP,olympics,positive
today,DATE,olympics,positive
Canada,GPE,olympics,positive
Shaun,PERSON,snowboarding,positive
the years,DATE,snowboarding,positive
Wheelchair Curling,ORG,olympics,positive
weeks,DATE,snowboarding,neutral
months,DATE,snowboarding,neutral
next week,DATE,snowboarding,neutral
Italy,GPE,Curling,negative
Italian,NORP,Curling,negative
2021,DATE,hockey,positive
Canada,GPE,hockey,positive
24,CARDINAL,hockey,positive
10,CARDINAL,hockey,positive
USA,GPE,hockey,positive
7,CARDINAL,hockey,positive
Canada,GPE,Curling,positive
Saudi Arabia,GPE,olympics,positive
Asian,NORP,olympics,positive
winter,DATE,olympics,positive
Mao Asada 2014,PERSON,FigureSkating,negative
US,GPE,hockey,positive
a week,DATE,hockey,positive
Helloooo,ORG,FigureSkating,positive
https://antsqualityforagedlinks.blogspot.com/2026/02/milan-cortina-olympics-ceremonies-2026.html,ORG,olympics,neutral
ninth,ORDINAL,FigureSkating,positive
5,CARDINAL,FigureSkating,positive
night,TIME,FigureSkating,positive
Kaori,PERSON,FigureSkating,positive
100%,PERCENT,FigureSkating,negative
Petrosian,NORP,FigureSkating,negative
Medvedeva,GPE,FigureSkating,negative
Trusova,ORG,FigureSkating,negative
Valieva,PERSON,FigureSkating,negative
Scherbs,NORP,FigureSkating,negative
Kostornaia,PERSON,FigureSkating,negative
Adeliia,PERSON,FigureSkating,negative
Gran Turismo,ORG,olympics,positive
summer,DATE,olympics,positive
one,CARDINAL,FigureSkating,positive
Ami Nakai,ORG,FigureSkating,positive
five years old,DATE,FigureSkating,positive
Mao,PERSON,FigureSkating,positive
Sochi,GPE,FigureSkating,positive
2014,DATE,FigureSkating,positive
Olympic,EVENT,FigureSkating,positive
2022,DATE,FigureSkating,positive
2018,DATE,FigureSkating,positive
NBC,ORG,FigureSkating,positive
US Nationals,ORG,FigureSkating,positive
NBC,ORG,FigureSkating,positive
Olympics,EVENT,FigureSkating,positive
IOC,ORG,FigureSkating,positive
one,CARDINAL,FigureSkating,positive
Johnny,PERSON,FigureSkating,positive
Russia,GPE,FigureSkating,positive
second,ORDINAL,olympics,neutral
first,ORDINAL,olympics,neutral
Franzi,ORG,biathlon,positive
two,CARDINAL,biathlon,positive
Binnington,ORG,hockey,negative
Ilia,GPE,FigureSkating,positive
Danny,PERSON,FigureSkating,positive
Braunhofer,PERSON,biathlon,negative
Italy,GPE,biathlon,negative
Bionaz,PERSON,biathlon,negative
Braunhofer,PERSON,biathlon,negative
Jack,PERSON,hockey,positive
Guy,PERSON,hockey,positive
Robertson,PERSON,hockey,positive
Knies,GPE,hockey,positive
Caufield,GPE,hockey,positive
Tuch,GPE,hockey,positive
all day,DATE,FigureSkating,neutral
Fillon-Maillet,ORG,biathlon,positive
this season,DATE,biathlon,positive
yesterday,DATE,biathlon,positive
Botn,PERSON,biathlon,positive
Ponsi,ORG,biathlon,positive
Nawrath,GPE,biathlon,positive
Chandigarh,PERSON,hockey,neutral
Pakistan,GPE,hockey,neutral
Japanese,NORP,FigureSkating,positive
Sweden,GPE,biathlon,positive
France,GPE,biathlon,positive
QFM,ORG,biathlon,positive
Lou,PERSON,biathlon,positive
Simon,PERSON,biathlon,positive
Sweden,GPE,biathlon,positive
Ponsiluoma,PERSON,biathlon,positive
Brady,PERSON,olympics,negative
Matthew,PERSON,olympics,negative
Peterman/Gallant,WORK_OF_ART,Curling,positive
Brett,PERSON,Curling,positive
Jacobs,ORG,Curling,positive
Canadas,ORG,hockey,neutral
Tannheimer,ORG,biathlon,neutral
Grotian,PERSON,biathlon,neutral
this year,DATE,biathlon,neutral
Swedes,NORP,biathlon,neutral
Hejdenberg,GPE,biathlon,neutral
Anderson,PERSON,biathlon,neutral
1,CARDINAL,biathlon,neutral
2,CARDINAL,biathlon,neutral
Yuma,GPE,FigureSkating,neutral
Elvira,ORG,biathlon,positive
Hanna,ORG,biathlon,positive
Canada,GPE,olympics,positive
60/40,CARDINAL,olympics,positive
China,GPE,olympics,positive
1,CARDINAL,olympics,positive
Sunday,DATE,olympics,positive
XC,GPE,olympics,positive
2,CARDINAL,olympics,positive
tomorrow,DATE,olympics,positive
Danny,PERSON,FigureSkating,positive
the day,DATE,FigureSkating,positive
Team USA,ORG,FigureSkating,positive
IDK,ORG,FigureSkating,positive
Voigt,PERSON,biathlon,neutral
Vobornikova,GPE,biathlon,neutral
Magnusson,PERSON,biathlon,neutral
4th,ORDINAL,biathlon,neutral
Denis,PERSON,FigureSkating,positive
WOOP,PERSON,olympics,neutral
OG,ORG,biathlon,negative
Pitt,PERSON,hockey,positive
Vegas,PERSON,hockey,positive
OT,ORG,hockey,positive
Pittsburgh,GPE,hockey,positive
Woodward,PERSON,skiing,positive
Woodward Park City,PERSON,skiing,positive
Olympics,EVENT,olympics,neutral
three,CARDINAL,olympics,neutral
Norway,GPE,olympics,neutral
Industriespionage,ORG,biathlon,positive
Chan/Howe,ORG,FigureSkating,negative
KamO,PERSON,FigureSkating,negative
the year,DATE,hockey,positive
Canadian,NORP,hockey,positive
korean,NORP,olympics,positive
10,CARDINAL,FigureSkating,positive
Superb,NORP,Curling,positive
Swiss,NORP,Curling,positive
one,CARDINAL,biathlon,negative
♀,NORP,biathlon,negative
Snoop,ORG,olympics,neutral
a decade ago,DATE,olympics,neutral
One,CARDINAL,FigureSkating,positive
3,CARDINAL,hockey,negative
3,CARDINAL,hockey,negative
5,CARDINAL,hockey,negative
5,CARDINAL,hockey,negative
Ya,PERSON,hockey,positive
Olympics,EVENT,skiing,positive
Israeli,NORP,skiing,positive
American,NORP,skiing,positive
Iraq,GPE,skiing,positive
Maduro,PERSON,skiing,positive
Russian,NORP,skiing,positive
Belarusian,NORP,skiing,positive
2,CARDINAL,olympics,negative
Olympics,EVENT,olympics,negative
Olympic,FAC,olympics,negative
Russia,GPE,olympics,negative
December 2022,DATE,olympics,negative
Ukraine,GPE,olympics,negative
February 2022,DATE,olympics,negative
Olympic,FAC,olympics,negative
1 week,DATE,olympics,negative
Olympics,EVENT,olympics,negative
1 week,DATE,olympics,negative
Paralympics,ORG,olympics,negative
USA,GPE,olympics,negative
Israel,GPE,olympics,negative
past few days,DATE,olympics,negative
Iran,GPE,olympics,negative
North Korea,GPE,olympics,negative
China,GPE,olympics,negative
Hungary,GPE,olympics,negative
Venezuela,GPE,olympics,negative
Ami,PERSON,FigureSkating,positive
Alysa,PERSON,FigureSkating,positive
American,NORP,Curling,positive
Olympics,EVENT,olympics,positive
the end of the day,DATE,olympics,positive
Olympic,EVENT,olympics,positive
first,ORDINAL,olympics,positive
11,CARDINAL,olympics,positive
Italians,NORP,olympics,positive
100,CARDINAL,olympics,positive
Harry H_son,PERSON,hockey,neutral
Bobby B_son,PERSON,hockey,neutral
yesterday,DATE,olympics,positive
One,CARDINAL,Curling,positive
two,CARDINAL,Curling,positive
2,CARDINAL,Curling,positive
2030,DATE,olympics,positive
2034,DATE,olympics,positive
Winter Paralympics,ORG,olympics,positive
zero,CARDINAL,hockey,positive
first,ORDINAL,hockey,positive
5v5,CARDINAL,hockey,neutral
third,ORDINAL,olympics,negative
danish,NORP,olympics,negative
Olympics,EVENT,olympics,negative
5,CARDINAL,olympics,negative
NHL,ORG,olympics,negative
North Amer,GPE,olympics,negative
Great Britain,GPE,biathlon,positive
300,CARDINAL,biathlon,positive
this season,DATE,biathlon,positive
Greenland,GPE,biathlon,positive
today,DATE,biathlon,positive
tomorrow,DATE,biathlon,positive
UI,ORG,biathlon,positive
Profile,ORG,biathlon,positive
Olympic,LANGUAGE,Curling,positive
overnight,TIME,Curling,positive
2,CARDINAL,Curling,positive
today,DATE,Curling,positive
"Big"" Olympics",WORK_OF_ART,olympics,positive
IOC,ORG,olympics,positive
winter,DATE,olympics,positive
Olympics,EVENT,olympics,positive
GEM,ORG,hockey,positive
OLYMPICS,ORG,hockey,positive
TSS,ORG,hockey,neutral
Olympic,EVENT,olympics,positive
5th,ORDINAL,olympics,positive
4,CARDINAL,olympics,positive
Germany,GPE,olympics,positive
TWO,CARDINAL,olympics,positive
Gianluigi Rosa,PERSON,olympics,positive
Macri,PERSON,olympics,positive
1 goal and,CARDINAL,olympics,positive
6,CARDINAL,olympics,positive
Italy,GPE,olympics,positive
Kaori,PERSON,FigureSkating,negative
Anna,PERSON,FigureSkating,negative
GER,ORG,Curling,positive
NOR,ORG,Curling,positive
ITA,ORG,Curling,positive
One,CARDINAL,Curling,positive
four,CARDINAL,Curling,positive
five,CARDINAL,Curling,positive
NOR,ORG,Curling,positive
ITA,ORG,Curling,positive
one,CARDINAL,Curling,positive
5,CARDINAL,Curling,positive
USA,GPE,Curling,positive
3,CARDINAL,Curling,positive
only 4,CARDINAL,Curling,positive
USA,GPE,Curling,positive
Germany,GPE,Curling,positive
Norway,GPE,Curling,positive
2,CARDINAL,Curling,positive
Italy,GPE,Curling,positive
Great Britain,GPE,Curling,positive
1,CARDINAL,Curling,positive
Norway,GPE,Curling,positive
Germany,GPE,Curling,positive
2,CARDINAL,Curling,positive
Germany,GPE,Curling,positive
Norway,GPE,Curling,positive
Italy,GPE,Curling,positive
USA,GPE,Curling,positive
Germany,GPE,Curling,positive
American,NORP,hockey,positive
Mullvad,NORP,FigureSkating,positive
Youtube,PERSON,FigureSkating,positive
South Africa,GPE,FigureSkating,positive
Nigeria,GPE,FigureSkating,positive
Youtube,PRODUCT,FigureSkating,positive
one,CARDINAL,FigureSkating,positive
two,CARDINAL,FigureSkating,positive
beautifully,PERSON,FigureSkating,positive
ALYSA LIU,PERSON,FigureSkating,neutral
Peacock,ORG,olympics,positive
Canada,GPE,olympics,positive
American,NORP,FigureSkating,negative
US,GPE,FigureSkating,negative
Israel,GPE,FigureSkating,negative
Olympics,EVENT,FigureSkating,negative
Iran,GPE,FigureSkating,negative
two,CARDINAL,olympics,positive
First,ORDINAL,olympics,positive
Paris 2024,EVENT,olympics,positive
Leonardo da Vinci’s,PERSON,olympics,positive
Second,ORDINAL,olympics,positive
AI,GPE,olympics,positive
Italy,GPE,olympics,positive
Renaissance,ORG,olympics,positive
Leonardo,GPE,olympics,positive
Michelangelo,PERSON,olympics,positive
Raphael,PERSON,olympics,positive
FWIW,ORG,snowboarding,neutral
Olympics,EVENT,snowboarding,neutral
Lutz,ORG,FigureSkating,positive
toepick,GPE,FigureSkating,positive
M,ORG,hockey,positive
Canada,GPE,FigureSkating,positive
like 30 minutes,TIME,FigureSkating,positive
America,GPE,FigureSkating,positive
decades,DATE,olympics,neutral
first,ORDINAL,FigureSkating,positive
IOC,ORG,olympics,neutral
Russia,GPE,olympics,neutral
the last week,DATE,olympics,neutral
1990,DATE,hockey,neutral
today,DATE,hockey,neutral
Olympics,EVENT,hockey,neutral
QFM,ORG,biathlon,positive
Jacquelin,PERSON,biathlon,positive
Eric,PERSON,biathlon,positive
last year,DATE,biathlon,positive
Ilia,PERSON,olympics,positive
Alysa Liu,PERSON,olympics,positive
Glenn,PERSON,olympics,positive
Alysa,PERSON,olympics,positive
Winter Olympic,EVENT,olympics,positive
Miracle,PERSON,olympics,positive
Eddie,PERSON,olympics,positive
Eagle,ORG,olympics,positive
Blades of Glory,ORG,olympics,positive
Alysa Liu,PERSON,olympics,positive
zero,CARDINAL,FigureSkating,negative
four,CARDINAL,FigureSkating,negative
Mouat’s,PERSON,Curling,negative
first,ORDINAL,Curling,negative
US,GPE,olympics,negative
5,CARDINAL,olympics,negative
Homan,ORG,Curling,positive
🇸🇪,PERSON,Curling,neutral
Olympics,EVENT,olympics,positive
2008,DATE,olympics,negative
Olympics,EVENT,FigureSkating,positive
2018,DATE,FigureSkating,positive
Shibs,ORG,FigureSkating,positive
years past,DATE,hockey,positive
April/May,DATE,FigureSkating,positive
two days,DATE,FigureSkating,positive
3,CARDINAL,FigureSkating,positive
Less than half,CARDINAL,FigureSkating,positive
2,CARDINAL,FigureSkating,positive
African,NORP,olympics,positive
the Baseball World Classics,ORG,olympics,positive
this year,DATE,olympics,positive
today,DATE,olympics,positive
half days,DATE,FigureSkating,negative
StubHub,ORG,olympics,positive
SeatGeek,DATE,olympics,positive
2034,CARDINAL,olympics,positive
two years old,DATE,olympics,positive
Tage Thompson,PERSON,olympics,positive
WNYer Sabres,ORG,olympics,positive
all year,DATE,olympics,negative
USA,GPE,Curling,positive
5 minutes,TIME,olympics,positive
these days,DATE,olympics,positive
the month,DATE,olympics,positive
Kaori,ORG,FigureSkating,positive
Alysa,PERSON,FigureSkating,positive
Maddie Schizas,PERSON,FigureSkating,positive
Germany,GPE,olympics,positive
Cizeron,ORG,FigureSkating,positive
London,GPE,olympics,positive
2012,DATE,olympics,positive
Olympics,EVENT,olympics,neutral
the Nobel,WORK_OF_ART,olympics,neutral
Steven chu,PERSON,olympics,neutral
Chinese,NORP,olympics,neutral
Chinese,NORP,olympics,neutral
Chu,PERSON,olympics,neutral
American,NORP,olympics,neutral
Chinese,NORP,olympics,neutral
American,NORP,olympics,neutral
Lmao NRK,PERSON,olympics,positive
the Heated Rivalry,ORG,olympics,positive
two,CARDINAL,olympics,positive
Klæbo,NORP,olympics,positive
Iversen,GPE,olympics,positive
Olympics,EVENT,olympics,positive
NRK,ORG,olympics,positive
5,CARDINAL,biathlon,positive
Sturla,PERSON,biathlon,positive
Shun,PERSON,FigureSkating,neutral
100,CARDINAL,FigureSkating,neutral
US,GPE,olympics,positive
Italian,NORP,biathlon,neutral
Passler,ORG,biathlon,neutral
Simon,PERSON,biathlon,neutral
Aussie,PERSON,olympics,positive
Adam,PERSON,FigureSkating,positive
Vitruvian,NORP,FigureSkating,positive
Bless Kevin,PERSON,FigureSkating,positive
Ilia,GPE,FigureSkating,positive
Selevko,GPE,FigureSkating,positive
Gogo,PERSON,FigureSkating,positive
Donovan,PERSON,FigureSkating,positive
Selevko,PERSON,FigureSkating,positive
6,CARDINAL,olympics,positive
Slovakia,ORG,olympics,positive
1,CARDINAL,olympics,positive
12:17 - 3rd,DATE,olympics,positive
David Korman,PERSON,olympics,positive
Martin Joppa,PERSON,olympics,positive
Ferencik,ORG,olympics,positive
Slovakia,ORG,olympics,positive
US,GPE,FigureSkating,positive
US,GPE,olympics,positive
Eileen Gu,PERSON,olympics,positive
Swedes,NORP,biathlon,positive
400,CARDINAL,biathlon,positive
one,CARDINAL,biathlon,positive
8 weeks,DATE,olympics,positive
4,CARDINAL,olympics,positive
Kaori,PERSON,FigureSkating,positive
USA,GPE,olympics,positive
Canada,GPE,Curling,positive
german,NORP,hockey,positive
only 18,DATE,hockey,positive
65/35,CARDINAL,hockey,positive
Topps,PERSON,olympics,neutral
1,CARDINAL,FigureSkating,neutral
first,ORDINAL,olympics,positive
nbc,ORG,olympics,positive
John Williams,PERSON,olympics,positive
Brazil,GPE,olympics,positive
Red Bull,ORG,olympics,positive
Dale,ORG,biathlon,negative
Oberhof,ORG,biathlon,negative
Antholz,GPE,biathlon,negative
german,NORP,biathlon,negative
decades,DATE,biathlon,negative
Dahlmeier,PERSON,biathlon,negative
GOAT,ORG,biathlon,negative
german,NORP,biathlon,negative
WiFi,PERSON,olympics,neutral
Worlds,PERSON,FigureSkating,positive
6,CARDINAL,FigureSkating,positive
Olympic,EVENT,FigureSkating,positive
Velzeboer,ORG,olympics,negative
1,CARDINAL,Curling,positive
3,CARDINAL,Curling,positive
3,CARDINAL,Curling,positive
Hasseborg,ORG,Curling,positive
Isabella,PERSON,Curling,positive
Americans,NORP,FigureSkating,positive
American,NORP,FigureSkating,positive
US Navy,ORG,FigureSkating,positive
the 1940s and,DATE,FigureSkating,positive
1950s,DATE,FigureSkating,positive
1992,DATE,FigureSkating,positive
Olympian Russ Witherby,WORK_OF_ART,FigureSkating,positive
today,DATE,FigureSkating,positive
Two,CARDINAL,olympics,positive
Atomic Habits,PERSON,olympics,positive
first,ORDINAL,olympics,positive
second,ORDINAL,olympics,positive
Poiree,ORG,biathlon,negative
Svendsen,PERSON,biathlon,negative
T. Boe,PERSON,biathlon,negative
Americans,NORP,FigureSkating,neutral
USA,GPE,olympics,negative
today,DATE,biathlon,negative
Norway,GPE,biathlon,negative
Julia Simon,PERSON,biathlon,negative
Julia,ORG,biathlon,negative
second,ORDINAL,biathlon,negative
third,ORDINAL,biathlon,negative
Justine Braisaz-Bouchet,PERSON,biathlon,negative
German,NORP,biathlon,negative
germans,NORP,biathlon,positive
first,ORDINAL,Curling,negative
Canadian,NORP,Curling,negative
Retornaz,PERSON,Curling,negative
Gallant,PERSON,Curling,negative
Olympics,EVENT,olympics,positive
😆,CARDINAL,olympics,positive
Olympics,EVENT,olympics,positive
Out Cold,WORK_OF_ART,snowboarding,positive
mug,PERSON,snowboarding,positive
the season,DATE,hockey,positive
NHL,ORG,hockey,positive
Olympic,DATE,hockey,positive
CBC,ORG,hockey,positive
1,CARDINAL,olympics,neutral
Paris,GPE,olympics,positive
Paris,GPE,olympics,positive
Paris,GPE,olympics,positive
metro,FAC,olympics,positive
The Culture House's,ORG,olympics,positive
the day,DATE,olympics,positive
Olympics,EVENT,olympics,positive
The days,DATE,olympics,positive
Team USA,ORG,olympics,neutral
Canada,GPE,olympics,neutral
declan farmer goat,PERSON,hockey,neutral
the past 20 years,DATE,hockey,negative
Nickelbacks,PERSON,hockey,negative
Morgan Wallens,ORG,hockey,negative
hundreds,CARDINAL,hockey,negative
Canadian,NORP,Curling,negative
Js,PERSON,FigureSkating,positive
Hamas,ORG,FigureSkating,positive
Nigeria,GPE,FigureSkating,positive
IRGC,GPE,FigureSkating,positive
Iran,GPE,FigureSkating,positive
31s,DATE,biathlon,positive
25,CARDINAL,biathlon,positive
One,CARDINAL,FigureSkating,neutral
Mount Hood,FAC,skiing,neutral
one,CARDINAL,skiing,neutral
six,CARDINAL,olympics,neutral
5,CARDINAL,biathlon,positive
Alysa,PERSON,FigureSkating,positive
kinda,PERSON,FigureSkating,positive
Ami,PERSON,FigureSkating,positive
winter,DATE,olympics,positive
second,ORDINAL,olympics,positive
one,CARDINAL,FigureSkating,positive
Adam,PERSON,FigureSkating,positive
Ilia,PERSON,FigureSkating,negative
recent years,DATE,FigureSkating,negative
Jackie Wong’s,PERSON,FigureSkating,positive
NHL,ORG,hockey,neutral
6 Olympics,MONEY,hockey,neutral
more than,CARDINAL,hockey,neutral
Jesus,PERSON,hockey,positive
Fialkova Having,ORG,biathlon,positive
a good day,DATE,biathlon,positive
Seattle,GPE,hockey,neutral
two,CARDINAL,snowboarding,positive
first,ORDINAL,snowboarding,positive
12,CARDINAL,snowboarding,positive
30 foot,QUANTITY,snowboarding,positive
the quarter,DATE,snowboarding,positive
quarter,CARDINAL,snowboarding,positive
this Chock/Bates Paint,ORG,olympics,positive
a few days ago,DATE,olympics,positive
tonight,TIME,olympics,positive
"1,900",CARDINAL,olympics,positive
Great Britain,GPE,olympics,positive
Latvia,GPE,olympics,positive
tonight,TIME,biathlon,positive
Wheelchair Fencer,PERSON,olympics,neutral
Wheelchair Fencing,ORG,olympics,neutral
Paris 2024,EVENT,olympics,neutral
Jo,PERSON,olympics,neutral
Para,PRODUCT,olympics,neutral
Snoop Dogg’s,PERSON,FigureSkating,positive
the Games 💀💀,EVENT,FigureSkating,positive
Olympics,EVENT,olympics,positive
Olympics,EVENT,olympics,positive
10 days,DATE,olympics,positive
Paralympians,NORP,olympics,positive
two weeks,DATE,olympics,positive
Olympics,EVENT,olympics,positive
Paralympics,ORG,olympics,positive
Ducks,ORG,hockey,positive
Hawks,ORG,hockey,positive
Banks,PERSON,hockey,positive
Team USA,ORG,hockey,positive
Banks,PERSON,hockey,positive
Mouat,PERSON,Curling,positive
Lammy,WORK_OF_ART,Curling,positive
CBC,ORG,Curling,positive
11 second,TIME,Curling,positive
most 5%,PERCENT,Curling,positive
Mouat,PERSON,Curling,positive
20-25%,PERCENT,Curling,positive
HSI,ORG,olympics,negative
Olympics,EVENT,olympics,negative
Norway,GPE,olympics,negative
Netherlands,GPE,olympics,neutral
American,NORP,olympics,neutral
Figure Skating,WORK_OF_ART,olympics,negative
USA,GPE,olympics,neutral
Curling,GPE,olympics,neutral
today,DATE,olympics,neutral
Hubbell,ORG,FigureSkating,positive
30s,DATE,FigureSkating,positive
two,CARDINAL,FigureSkating,positive
Swedish,NORP,olympics,positive
Louisiana    Went,ORG,olympics,positive
Europeans,NORP,olympics,positive
Americans,NORP,olympics,positive
Italian,NORP,olympics,positive
Sorrento,ORG,olympics,positive
second,ORDINAL,olympics,positive
American,NORP,olympics,positive
European,NORP,olympics,positive
PCS,ORG,FigureSkating,positive
80s,DATE,FigureSkating,positive
Alysa,PERSON,FigureSkating,positive
3-3,CARDINAL,FigureSkating,positive
this season,DATE,FigureSkating,positive
（,PRODUCT,FigureSkating,positive
Kaori,GPE,FigureSkating,positive
PCS,ORG,FigureSkating,positive
CB,ORG,FigureSkating,positive
Olympics,EVENT,FigureSkating,positive
Nikolaj,ORG,FigureSkating,positive
thinkCB’s,PERSON,FigureSkating,positive
LoC,ORG,FigureSkating,positive
PCS,ORG,FigureSkating,positive
TCS,ORG,FigureSkating,positive
PCS,ORG,FigureSkating,positive
Ilia,GPE,FigureSkating,positive
Shadolov,PERSON,FigureSkating,positive
ISU,ORG,FigureSkating,positive
US,GPE,olympics,positive
Canada,GPE,olympics,positive
Bjørn Dæhlie,PERSON,olympics,positive
Klæbo,PERSON,olympics,positive
max+,ORG,olympics,positive
US,GPE,olympics,neutral
a few days ago,DATE,hockey,neutral
Feb. 12,DATE,hockey,neutral
8:30 a.m.,TIME,hockey,neutral
Johnny Tara,PERSON,FigureSkating,positive
Terry,PERSON,FigureSkating,positive
YOI,ORG,FigureSkating,positive
Olympics,EVENT,biathlon,negative
the last few weeks,DATE,skiing,negative
Reddit,GPE,skiing,negative
second,ORDINAL,hockey,positive
first,ORDINAL,hockey,positive
one,CARDINAL,hockey,positive
Alysa,PRODUCT,olympics,positive
four years ago,DATE,olympics,positive
two years ago,DATE,olympics,positive
Olympic,EVENT,olympics,positive
today,DATE,olympics,positive
RD,ORG,FigureSkating,positive
Olympics,EVENT,FigureSkating,positive
a few years,DATE,FigureSkating,positive
Virtue/Moir,ORG,FigureSkating,positive
Océane,PERSON,biathlon,positive
Richard,PERSON,biathlon,positive
American,NORP,olympics,negative
the last twenty years,DATE,olympics,positive
Australians,NORP,olympics,positive
half,CARDINAL,olympics,positive
the Summer Olympics,EVENT,olympics,positive
ping pong,PERSON,olympics,positive
2,CARDINAL,olympics,positive
4,CARDINAL,olympics,positive
hundreds,CARDINAL,olympics,positive
the Winter Olympics,EVENT,olympics,positive
20,CARDINAL,olympics,positive
Norwegian,NORP,olympics,positive
Beijing 2022,EVENT,FigureSkating,negative
four-year-fan,DATE,FigureSkating,negative
Russian,NORP,FigureSkating,negative
Trusova,ORG,FigureSkating,negative
5,CARDINAL,hockey,positive
4,CARDINAL,hockey,positive
4,CARDINAL,hockey,positive
OT,ORG,hockey,positive
3-on-3,QUANTITY,hockey,positive
Columbia,ORG,Curling,positive
US,GPE,Curling,positive
post-Olympics,EVENT,Curling,positive
4th,ORDINAL,FigureSkating,positive
FS,ORG,FigureSkating,positive
sonic wii,ORG,olympics,positive
2010,DATE,olympics,positive
Susan Külm,PERSON,biathlon,positive
tomorrow,DATE,biathlon,positive
billions,CARDINAL,olympics,positive
max,PERSON,olympics,positive
Jordon,GPE,olympics,positive
Snoop on the Stoop,WORK_OF_ART,olympics,neutral
Paralympics,ORG,olympics,neutral
yesterday,DATE,olympics,neutral
Para Ice,LOC,olympics,neutral
USA,GPE,olympics,neutral
14,CARDINAL,olympics,neutral
two,CARDINAL,FigureSkating,positive
2022,DATE,FigureSkating,positive
2 year,DATE,FigureSkating,positive
the 2 years,DATE,FigureSkating,positive
kinda,GPE,FigureSkating,positive
13,CARDINAL,FigureSkating,positive
4,CARDINAL,FigureSkating,neutral
Russia,GPE,olympics,negative
3,CARDINAL,olympics,positive
Runner,PERSON,olympics,positive
Rio,ORG,olympics,positive
First,ORDINAL,biathlon,negative
Omfg,ORG,hockey,neutral
russian,NORP,FigureSkating,positive
18,CARDINAL,FigureSkating,positive
Worlds,PERSON,FigureSkating,positive
USFS,ORG,FigureSkating,positive
🤡,CARDINAL,olympics,neutral
Karen,PERSON,Curling,neutral
Netflix,GPE,FigureSkating,positive
3,CARDINAL,FigureSkating,positive
5,CARDINAL,FigureSkating,positive
Italian,NORP,Curling,positive
Italian,NORP,Curling,positive
zero,CARDINAL,Curling,positive
American,NORP,Curling,positive
Halloween,DATE,Curling,positive
4,CARDINAL,Curling,positive
Pimms,FAC,Curling,positive
the weekends,DATE,Curling,positive
6 year old,DATE,Curling,positive
first,ORDINAL,Curling,positive
the 86 year old,DATE,Curling,positive
200th,ORDINAL,Curling,positive
90 minutes,TIME,Curling,positive
Canada Men's,ORG,Curling,positive
100x,PRODUCT,Curling,positive
Olympics,EVENT,Curling,positive
18th,DATE,biathlon,positive
122.23,CARDINAL,biathlon,positive
99.92,CARDINAL,biathlon,positive
one,CARDINAL,biathlon,positive
two,CARDINAL,biathlon,positive
this season,DATE,biathlon,positive
last season,DATE,biathlon,positive
Croatia,GPE,biathlon,positive
Norwegians,NORP,skiing,neutral
usfed gaf,PERSON,FigureSkating,negative
russians,NORP,FigureSkating,negative
the last 2 decades,DATE,FigureSkating,negative
the whole season,DATE,FigureSkating,negative
2025,DATE,FigureSkating,negative
boston,GPE,FigureSkating,negative
one,CARDINAL,FigureSkating,negative
Olympics,EVENT,FigureSkating,negative
100%,PERCENT,hockey,neutral
Italy,GPE,olympics,positive
Thiesse,GPE,olympics,positive
South Korea,GPE,olympics,positive
Tutberidze Methods,PERSON,FigureSkating,neutral
Kennedy,PERSON,olympics,positive
Korea,GPE,olympics,neutral
8,CARDINAL,olympics,neutral
Japan,GPE,olympics,neutral
russian,NORP,FigureSkating,positive
Alysa’s,PERSON,FigureSkating,positive
Kaori,GPE,FigureSkating,positive
Olympics,EVENT,olympics,positive
three,CARDINAL,olympics,positive
just a few hours,TIME,olympics,positive
the east coast,LOC,olympics,positive
Australia,GPE,olympics,positive
Olympics,EVENT,olympics,positive
Asia,LOC,olympics,positive
Only 2,CARDINAL,olympics,positive
3 hours,TIME,olympics,positive
US,GPE,olympics,positive
Park City,GPE,olympics,positive
LA,GPE,olympics,positive
6 hours,TIME,olympics,positive
France,GPE,olympics,positive
Brisbane,GPE,olympics,positive
14 hours,TIME,olympics,positive
Ukkima,ORG,FigureSkating,negative
🤣,EVENT,FigureSkating,negative
US,GPE,FigureSkating,neutral
Xfinity,ORG,FigureSkating,neutral
USA,GPE,FigureSkating,neutral
one,CARDINAL,FigureSkating,neutral
NBC,ORG,FigureSkating,neutral
two,CARDINAL,FigureSkating,neutral
two,CARDINAL,FigureSkating,neutral
DVR,ORG,FigureSkating,neutral
16,CARDINAL,FigureSkating,neutral
Sturla Holm Laegreid,PERSON,olympics,neutral
first,ORDINAL,Curling,negative
Curling,ORG,olympics,positive
gentlemans,NORP,olympics,positive
Sweden,GPE,olympics,positive
Canada,GPE,olympics,positive
this morning,TIME,FigureSkating,positive
April,DATE,FigureSkating,positive
April Fools',PERSON,FigureSkating,positive
first,ORDINAL,olympics,positive
Rio,ORG,olympics,neutral
South Korea,GPE,olympics,neutral
Tokyo,GPE,olympics,neutral
a decade,DATE,olympics,neutral
Sturla,PERSON,biathlon,negative
Bendika,PERSON,biathlon,positive
GPF,ORG,FigureSkating,positive
GPF,ORG,FigureSkating,positive
2,CARDINAL,FigureSkating,positive
2,CARDINAL,hockey,positive
Canadian,NORP,hockey,positive
Poulin,ORG,hockey,positive
OT,ORG,hockey,positive
year,DATE,olympics,neutral
Olympic games!](https://www.reddit.com,WORK_OF_ART,olympics,neutral
medal_events_preview_team_usa_medal_hopes_outlook/,GPE,olympics,neutral
US,GPE,olympics,positive
Russian,NORP,FigureSkating,positive
daily,DATE,olympics,positive
Draft,PERSON,hockey,negative
NHL,ORG,hockey,negative
the coming days,DATE,hockey,negative
Reddit,GPE,olympics,negative
a few weeks ago,DATE,hockey,negative
the Stanley Cup,EVENT,hockey,negative
US,GPE,hockey,positive
Matthews,PERSON,hockey,positive
4N,CARDINAL,hockey,positive
Matthews,ORG,hockey,positive
last year,DATE,hockey,positive
Heartbroken,PERSON,olympics,positive
Noah,PERSON,olympics,positive
China,GPE,olympics,positive
4th,ORDINAL,olympics,positive
😆,CARDINAL,biathlon,positive
1,CARDINAL,olympics,positive
China,GPE,olympics,positive
21.9 - 1st,DATE,olympics,positive
para ice,LOC,olympics,positive
the Paralympic Games,FAC,olympics,positive
https://preview.redd.it/jftahb69bljg1.jpeg?width=1080&format=pjpg&auto=webp&s=4b512fe30fbea574cb621f44b9b0a2abc67794e5,PERSON,Curling,neutral
USA,GPE,Curling,negative
all day,DATE,Curling,negative
today,DATE,Curling,negative
USA,GPE,Curling,negative
Paris,GPE,olympics,positive
Gojira,PERSON,olympics,positive
Anna,PERSON,FigureSkating,negative
Olympics,EVENT,FigureSkating,negative
English,NORP,Curling,negative
Canadian,NORP,Curling,negative
Milano-Cortina,GPE,olympics,positive
Los Angeles,GPE,olympics,positive
2028,DATE,olympics,positive
Ingrid,ORG,biathlon,positive
one,CARDINAL,biathlon,positive
Maren,PERSON,biathlon,positive
Sprints,NORP,biathlon,positive
Congrats,NORP,olympics,positive
Italy,GPE,olympics,positive
8 minutes and 41 seconds,TIME,hockey,positive
Olympics,EVENT,hockey,positive
1 minute and,TIME,hockey,positive
41 seconds,TIME,hockey,positive
Gold Medal,PRODUCT,hockey,positive
Congrats,NORP,hockey,positive
USA,GPE,hockey,positive
UK,GPE,olympics,negative
2024,DATE,olympics,negative
Paris,GPE,olympics,negative
Meaux,LOC,olympics,negative
Booking.com,ORG,olympics,negative
Milan,GPE,olympics,negative
Sondrio,DATE,olympics,negative
Bormio,GPE,olympics,negative
Milan,GPE,olympics,negative
6–12 months,DATE,olympics,negative
3–6 months,DATE,olympics,negative
a day,DATE,olympics,negative
CBC Gem,PERSON,olympics,positive
YouTube,ORG,olympics,positive
CBC Sports,ORG,olympics,positive
another year,DATE,olympics,positive
summer,DATE,olympics,positive
LA,GPE,olympics,positive
Jason Knapp,PERSON,Curling,negative
Canada,GPE,Curling,positive
Italy,GPE,Curling,positive
an over 50%,PERCENT,Curling,positive
4th,ORDINAL,Curling,positive
second,ORDINAL,Curling,positive
two,CARDINAL,biathlon,neutral
4 years,DATE,biathlon,neutral
Olympics,EVENT,biathlon,neutral
Dinamo Riga,LOC,hockey,positive
Liiga,ORG,hockey,positive
Liiga,ORG,hockey,positive
midnight,TIME,FigureSkating,positive
Paris,GPE,olympics,positive
Paris,GPE,olympics,positive
Games,FAC,olympics,positive
Olympics,EVENT,olympics,positive
London,GPE,olympics,positive
Paris,GPE,olympics,positive
Olympics,EVENT,olympics,positive
Paris,GPE,olympics,positive
a few days,DATE,olympics,positive
Congratsssss,PRODUCT,olympics,positive
Team USA,ORG,hockey,negative
years,DATE,hockey,negative
PP,ORG,hockey,positive
Celebrini-McDavid-Mackinnon,PERSON,hockey,positive
6,CARDINAL,olympics,positive
Huggge,PERSON,Curling,neutral
today,DATE,Curling,neutral
Olympics,EVENT,hockey,positive
SCF,ORG,hockey,positive
a hundred thousand,CARDINAL,olympics,neutral
previous galas,GPE,olympics,neutral
Rule 2:,PRODUCT,FigureSkating,negative
Drama,PERSON,FigureSkating,negative
2,CARDINAL,FigureSkating,negative
troll,ORG,FigureSkating,negative
East Asian,NORP,FigureSkating,positive
Bindi,GPE,FigureSkating,positive
Meryl,PERSON,FigureSkating,positive
Charlie,PERSON,FigureSkating,positive
Bollywood,PERSON,FigureSkating,positive
2010,DATE,FigureSkating,positive
Vancouver Games,EVENT,FigureSkating,positive
Vonn,GPE,olympics,neutral
Olympics,EVENT,olympics,neutral
pro Danny and Ellie,PERSON,FigureSkating,positive
2002,DATE,olympics,neutral
the Norwegian National,ORG,biathlon,neutral
Media,ORG,biathlon,neutral
second,ORDINAL,FigureSkating,positive
half,CARDINAL,FigureSkating,positive
the first half,DATE,FigureSkating,positive
LOT,ORG,FigureSkating,positive
MacArthur Park,ORG,FigureSkating,positive
the first half,DATE,FigureSkating,positive
next year,DATE,FigureSkating,positive
Cortina,GPE,FigureSkating,neutral
oooo ooooo ooooo,PERSON,FigureSkating,neutral
first,ORDINAL,FigureSkating,positive
Olympics,EVENT,FigureSkating,positive
Canadian,NORP,FigureSkating,positive
Keegan Messing,PERSON,FigureSkating,positive
Olympic,EVENT,FigureSkating,positive
Canadian,NORP,FigureSkating,positive
only one,CARDINAL,FigureSkating,positive
two,CARDINAL,FigureSkating,positive
three,CARDINAL,FigureSkating,positive
US,GPE,FigureSkating,positive
first,ORDINAL,FigureSkating,positive
Olympics,EVENT,FigureSkating,positive
Nathan,GPE,FigureSkating,positive
Jason,PERSON,FigureSkating,positive
two,CARDINAL,FigureSkating,positive
Russian,NORP,FigureSkating,neutral
Australia,GPE,hockey,neutral
Christmas,DATE,hockey,neutral
one,CARDINAL,hockey,neutral
about 3000-3500,CARDINAL,hockey,neutral
IOC,ORG,FigureSkating,positive
ISU,ORG,FigureSkating,positive
Worlds,PERSON,FigureSkating,positive
Chinese,NORP,FigureSkating,neutral
PRC,GPE,FigureSkating,neutral
China,GPE,FigureSkating,neutral
Crimea,GPE,FigureSkating,neutral
Luhansk,PERSON,FigureSkating,neutral
Ukraine,GPE,FigureSkating,neutral
The Summer Games,EVENT,olympics,neutral
the first year,DATE,olympics,neutral
Olympiad,ORG,olympics,neutral
article 32,LAW,olympics,neutral
the Olympic Charter,EVENT,olympics,neutral
2024,DATE,olympics,neutral
2028,DATE,olympics,neutral
90s,DATE,FigureSkating,positive
6.0,CARDINAL,FigureSkating,positive
IJS,ORG,FigureSkating,positive
Rebecca Passler,PERSON,biathlon,positive
the Italian Winter Sports Federation,ORG,biathlon,positive
100%,PERCENT,biathlon,positive
Roda,PERSON,biathlon,positive
Rebecca,GPE,biathlon,positive
2014,DATE,hockey,neutral
Carey Price,PERSON,hockey,neutral
Kash,PERSON,hockey,positive
Denmark,GPE,hockey,positive
the Winter Paralympics,ORG,olympics,neutral
Paralympics YouTube,ORG,olympics,neutral
the next few days,DATE,olympics,neutral
the Winter Olympics,EVENT,olympics,neutral
Olympics,EVENT,olympics,neutral
just 2 days,DATE,olympics,neutral
Japan,GPE,FigureSkating,positive
Japan,GPE,FigureSkating,positive
Hughes,ORG,hockey,positive
Toronto,GPE,hockey,positive
Canadians,NORP,hockey,positive
today,DATE,hockey,positive
L.A. Guides,GPE,olympics,neutral
Russian,NORP,FigureSkating,negative
Russia,GPE,FigureSkating,negative
Mouat,PERSON,Curling,positive
Olympics,EVENT,olympics,positive
the work day,DATE,olympics,positive
Peacock,GPE,olympics,positive
winter,DATE,olympics,positive
Russia,GPE,FigureSkating,negative
The United States,GPE,FigureSkating,negative
Canadian,NORP,hockey,negative
Canadians,NORP,hockey,negative
Isabeau,PERSON,FigureSkating,positive
6,CARDINAL,FigureSkating,positive
2024,DATE,FigureSkating,positive
Worlds Silver,WORK_OF_ART,FigureSkating,positive
the first half,DATE,FigureSkating,positive
US,GPE,FigureSkating,positive
NBC,ORG,FigureSkating,positive
Amber and Alysa,ORG,FigureSkating,positive
three,CARDINAL,FigureSkating,positive
US,GPE,FigureSkating,positive
Amber and Alysa,ORG,FigureSkating,positive
Olympics,EVENT,Curling,neutral
NRK,ORG,biathlon,positive
Dave Ramsey,PERSON,hockey,positive
today,DATE,hockey,positive
next season,DATE,FigureSkating,positive
IIHF,ORG,hockey,neutral
Nastya,PERSON,FigureSkating,negative
Luka,PERSON,FigureSkating,negative
FS,ORG,FigureSkating,negative
Nastya,PERSON,FigureSkating,negative
1000%,PERCENT,FigureSkating,negative
first,ORDINAL,FigureSkating,negative
Luka,PERSON,FigureSkating,negative
Skeleton,ORG,olympics,positive
Great Britain's,GPE,olympics,positive
Winter Olympic,EVENT,olympics,positive
9 Olympic Games,EVENT,olympics,positive
GB,PERSON,olympics,positive
8,CARDINAL,olympics,positive
Beijing 2022,EVENT,olympics,positive
11,CARDINAL,olympics,positive
5,CARDINAL,olympics,positive
8 medals,MONEY,olympics,positive
& 4 golds &,ORG,olympics,positive
7 medals,MONEY,olympics,positive
3,CARDINAL,olympics,positive
Haein,PERSON,FigureSkating,negative
the previous year,DATE,FigureSkating,negative
15,CARDINAL,FigureSkating,negative
16,DATE,FigureSkating,negative
19,DATE,FigureSkating,negative
Korean,NORP,FigureSkating,negative
a month ago,DATE,FigureSkating,negative
Norway,GPE,Curling,positive
one,CARDINAL,Curling,positive
two,CARDINAL,Curling,positive
Canada & Switzerland,ORG,Curling,positive
Italy,GPE,Curling,positive
Canada & Switzerland,ORG,Curling,positive
1500,CARDINAL,olympics,negative
4,CARDINAL,olympics,negative
60 straight minutes,TIME,olympics,negative
Olympians,NORP,olympics,negative
more than 30 seconds,TIME,olympics,negative
Cmon,PERSON,olympics,negative
Olympic,DATE,olympics,positive
Kagiyama,GPE,olympics,neutral
all day,DATE,olympics,neutral
Sweden,GPE,Curling,neutral
Olympic,EVENT,FigureSkating,negative
Surya Monalay,ORG,FigureSkating,negative
US,GPE,olympics,neutral
Iran,GPE,olympics,positive
winter,DATE,olympics,positive
Shiffrin,ORG,olympics,negative
1,CARDINAL,olympics,negative
American,NORP,olympics,negative
next season,DATE,FigureSkating,positive
next season,DATE,FigureSkating,positive
Iliya,GPE,olympics,positive
American,NORP,olympics,positive
Olympics,EVENT,olympics,positive
4 years later,DATE,olympics,positive
JEEZ,PERSON,hockey,neutral
ACAB,ORG,hockey,positive
Hidden,GPE,olympics,neutral
Olympics,EVENT,olympics,neutral
MK,ORG,olympics,neutral
ISU,ORG,FigureSkating,negative
2,CARDINAL,FigureSkating,negative
Olympics,EVENT,FigureSkating,negative
daily,DATE,FigureSkating,negative
the European Champs,ORG,FigureSkating,positive
Jan 15th,DATE,FigureSkating,positive
kinda,GPE,hockey,positive
Serbia,GPE,hockey,positive
Montenegro,GPE,hockey,positive
2006,DATE,hockey,positive
Milan,GPE,olympics,positive
America,GPE,olympics,positive
Italy,GPE,olympics,positive
- Robert,PERSON,olympics,positive
Japanese,NORP,olympics,positive
Julia,ORG,biathlon,positive
german,NORP,olympics,neutral
Leonie Maria Walter,ORG,olympics,neutral
51 seconds,TIME,olympics,neutral
Simona Bubeníčková,FAC,olympics,neutral
Elvira,ORG,biathlon,positive
today,DATE,biathlon,positive
first,ORDINAL,olympics,negative
Korea,GPE,olympics,positive
Ramen,GPE,olympics,positive
10/10,CARDINAL,olympics,positive
Russia,GPE,olympics,positive
London,GPE,olympics,positive
Paris,GPE,olympics,positive
brie baguette,PERSON,olympics,positive
the Roman Empire,LOC,hockey,neutral
Gabi,GPE,FigureSkating,negative
NHL,ORG,olympics,positive
First,ORDINAL,olympics,positive
NHL,ORG,olympics,positive
North American,NORP,olympics,positive
2,CARDINAL,olympics,positive
NHL,ORG,olympics,positive
NBC,ORG,olympics,positive
Finland,GPE,biathlon,positive
1979,DATE,olympics,positive
Iraq,GPE,olympics,positive
US,GPE,olympics,positive
Iraq,GPE,olympics,positive
Saddam Husein,PERSON,olympics,positive
Iran,GPE,olympics,positive
american,NORP,olympics,positive
iranian,NORP,olympics,positive
american,NORP,olympics,positive
iran,GPE,olympics,positive
iranian,NORP,olympics,positive
iran,GPE,olympics,positive
libya,GPE,olympics,positive
iraq,GPE,olympics,positive
syria,GPE,olympics,positive
afghanistan,GPE,olympics,positive
iran,GPE,olympics,positive
Canada,GPE,hockey,positive
three,CARDINAL,hockey,positive
Bronze,GPE,hockey,positive
1620,DATE,olympics,negative
1440,DATE,olympics,negative
Figure Skating,WORK_OF_ART,FigureSkating,negative
2024,DATE,FigureSkating,negative
this Milano Season,GPE,FigureSkating,negative
Kamila Valieva,PERSON,FigureSkating,negative
Trussova,ORG,FigureSkating,negative
Valieva,ORG,FigureSkating,negative
2026,DATE,FigureSkating,negative
Trussova,ORG,FigureSkating,negative
Paralympics,ORG,FigureSkating,positive
March 6,DATE,FigureSkating,positive
15,CARDINAL,olympics,positive
summer,DATE,olympics,positive
Olympics,EVENT,olympics,positive
2026,DATE,olympics,negative
Winter Games,EVENT,olympics,negative
Andrew,PERSON,FigureSkating,negative
2,CARDINAL,FigureSkating,negative
6,CARDINAL,FigureSkating,negative
France,GPE,FigureSkating,negative
9th,ORDINAL,FigureSkating,negative
NHK,ORG,FigureSkating,negative
At least,CARDINAL,biathlon,positive
today,DATE,biathlon,positive
winter,DATE,olympics,positive
"Mens Snowboard Cross SB UL 

Gold and Silver",ORG,olympics,neutral
China,GPE,olympics,neutral
Bronze,GPE,olympics,neutral
Switzerland,GPE,olympics,neutral
Olympics,EVENT,olympics,neutral
Olympics,EVENT,olympics,neutral
Jeanne Richard,PERSON,biathlon,neutral
Antholz,PERSON,biathlon,neutral
6th,ORDINAL,biathlon,neutral
French,NORP,biathlon,neutral
Claude,PERSON,biathlon,neutral
Norwegians,NORP,biathlon,neutral
Giacomel,GPE,biathlon,neutral
Ponsiluoma,GPE,biathlon,neutral
american,NORP,hockey,neutral
Denmark,GPE,Curling,negative
Korea,GPE,Curling,negative
4,CARDINAL,Curling,negative
Italy,GPE,Curling,negative
Korea,GPE,Curling,negative
Dutch,NORP,olympics,positive
France,GPE,olympics,positive
4th,ORDINAL,Curling,positive
"2nd to 3rd, USA 3rd to 2nd",DATE,Curling,positive
Rasmus,PERSON,Curling,positive
Bella,PERSON,Curling,positive
2024,DATE,Curling,positive
😃,ORG,FigureSkating,neutral
three months,DATE,biathlon,positive
two weeks,DATE,olympics,positive
french,NORP,olympics,positive
Olympics,EVENT,olympics,positive
SkiMo,ORG,olympics,neutral
Jack Donaghy,PERSON,olympics,neutral
Shun Sato,PERSON,FigureSkating,positive
Firebird,PERSON,FigureSkating,positive
ROC,GPE,FigureSkating,negative
Chinese,NORP,FigureSkating,negative
Taipei,GPE,FigureSkating,negative
7,CARDINAL,FigureSkating,neutral
ya,PERSON,olympics,negative
San Jose,GPE,hockey,positive
decades,DATE,hockey,positive
Sharks,PERSON,hockey,positive
Sharks Ice,LOC,hockey,positive
Mississippi,LOC,hockey,positive
the South Bay,LOC,hockey,positive
the 90s,DATE,hockey,positive
Piper's,ORG,FigureSkating,neutral
about 3 minutes,TIME,FigureSkating,neutral
rondbjerg,PERSON,hockey,positive
Reddit,GPE,olympics,positive
4A3,CARDINAL,FigureSkating,neutral
Tkachuk,ORG,hockey,neutral
NHL,ORG,hockey,neutral
the Paul Brothers,ORG,hockey,neutral
US,GPE,FigureSkating,negative
Japan,GPE,FigureSkating,negative
Italy,GPE,FigureSkating,negative
Connor Bedard,PERSON,hockey,positive
Armstrong,PERSON,hockey,positive
GM,ORG,hockey,positive
the last few weeks,DATE,hockey,positive
30,CARDINAL,hockey,positive
two,CARDINAL,hockey,positive
4,CARDINAL,hockey,positive
Miracle,PERSON,hockey,positive
ISU,ORG,FigureSkating,neutral
Olympics,EVENT,FigureSkating,neutral
minkyu,PERSON,FigureSkating,positive
Italy,GPE,olympics,positive
Olympics,EVENT,olympics,positive
Canada,GPE,olympics,positive
2010,DATE,olympics,positive
2030,DATE,olympics,positive
Canada,GPE,olympics,positive
2018,DATE,olympics,positive
an hour,TIME,olympics,positive
the middle east,LOC,olympics,negative
the Ukrainian war,EVENT,olympics,negative
American,NORP,olympics,negative
french,NORP,olympics,negative
Africa,LOC,olympics,negative
south America,LOC,olympics,negative
the Game Day Thread,EVENT,hockey,positive
page.](https://www.reddit.com,ORG,hockey,positive
NORWAY,ORG,Curling,positive
russian,NORP,FigureSkating,positive
Georgia,GPE,FigureSkating,positive
Georgia,GPE,FigureSkating,positive
Davis,PERSON,FigureSkating,positive
2023,DATE,FigureSkating,positive
this season,DATE,FigureSkating,positive
Ricky Martin,PERSON,FigureSkating,positive
2,CARDINAL,FigureSkating,positive
Alysa,PRODUCT,FigureSkating,positive
Alysa,PERSON,FigureSkating,positive
Olympic,EVENT,FigureSkating,positive
Kaori,PERSON,FigureSkating,positive
first,ORDINAL,FigureSkating,positive
two,CARDINAL,FigureSkating,positive
Japan,GPE,FigureSkating,positive
Japan,GPE,FigureSkating,positive
Ami,PERSON,FigureSkating,positive
Olympic,EVENT,FigureSkating,positive
3As,CARDINAL,FigureSkating,positive
Olympics,EVENT,FigureSkating,positive
three,CARDINAL,FigureSkating,positive
first,ORDINAL,FigureSkating,positive
Olympics,EVENT,FigureSkating,positive
Cincinnati,GPE,hockey,neutral
France,GPE,olympics,positive
Scandinavian,NORP,olympics,positive
1,CARDINAL,FigureSkating,positive
Alysa’s 3F,PERSON,FigureSkating,positive
0.91,CARDINAL,FigureSkating,positive
Milan,GPE,FigureSkating,positive
1.7,CARDINAL,FigureSkating,positive
Sasha,PERSON,FigureSkating,positive
2,CARDINAL,FigureSkating,positive
2,CARDINAL,FigureSkating,positive
4,CARDINAL,FigureSkating,positive
two,CARDINAL,FigureSkating,positive
4lz,ORDINAL,FigureSkating,positive
3,CARDINAL,FigureSkating,positive
Sasha,PERSON,FigureSkating,positive
Beijing,GPE,FigureSkating,positive
4,CARDINAL,FigureSkating,positive
3,CARDINAL,FigureSkating,positive
Milan,GPE,FigureSkating,positive
1.56,CARDINAL,FigureSkating,positive
Sweden,GPE,Curling,neutral
1,CARDINAL,Curling,neutral
Canada,GPE,Curling,neutral
two,CARDINAL,Curling,neutral
three,CARDINAL,Curling,neutral
Switzerland,GPE,Curling,neutral
Sweden,GPE,Curling,neutral
Italy,GPE,Curling,neutral
USA,GPE,Curling,neutral
GB,GPE,Curling,neutral
Olympics,EVENT,FigureSkating,positive
Japanese,NORP,FigureSkating,neutral
4th,ORDINAL,FigureSkating,neutral
Italian,NORP,hockey,negative
Clara,PERSON,hockey,negative
Mikutina,PERSON,FigureSkating,neutral
Ukrainian,GPE,FigureSkating,neutral
one million,CARDINAL,FigureSkating,positive
"the ""Noble Prize",LAW,olympics,negative
tomorrow,DATE,FigureSkating,positive
GS,ORG,snowboarding,negative
the early days,DATE,snowboarding,negative
Tom Burt,PERSON,snowboarding,negative
Palmer,GPE,snowboarding,negative
Jeremy Jones,PERSON,snowboarding,negative
Craig Kelly,PERSON,snowboarding,negative
Gate,PERSON,snowboarding,negative
Burton,PERSON,snowboarding,negative
Olympics,EVENT,Curling,positive
Americans,NORP,hockey,negative
USA,GPE,hockey,negative
American,NORP,hockey,negative
Bunch,NORP,hockey,negative
this year,DATE,FigureSkating,positive
9th,ORDINAL,FigureSkating,positive
NBC,ORG,FigureSkating,positive
early in the season,DATE,FigureSkating,positive
months ago,DATE,FigureSkating,negative
two,CARDINAL,FigureSkating,negative
Google,ORG,olympics,neutral
Google,ORG,olympics,neutral
Google,ORG,olympics,neutral
Google,ORG,olympics,neutral
IPC,ORG,olympics,positive
a day,DATE,FigureSkating,positive
Achilles,GPE,olympics,positive
may 2025,DATE,olympics,positive
March 2025,DATE,olympics,positive
USFS,ORG,FigureSkating,positive
US,GPE,FigureSkating,positive
2022,DATE,FigureSkating,positive
Nathan CHen,PERSON,FigureSkating,positive
2022,DATE,FigureSkating,positive
Jason Brown,PERSON,FigureSkating,positive
2026,DATE,FigureSkating,positive
Bingo,GPE,olympics,positive
Reggie,PERSON,olympics,positive
Having Bened,ORG,biathlon,positive
Lombardot,GPE,biathlon,positive
Fabien,GPE,biathlon,positive
Jacquelin,PERSON,biathlon,positive
Olympics,EVENT,biathlon,positive
three,CARDINAL,biathlon,positive
Jacquelin,PERSON,biathlon,positive
2,CARDINAL,biathlon,positive
3,CARDINAL,biathlon,positive
3rd,ORDINAL,biathlon,positive
16th,ORDINAL,biathlon,positive
eighty years,DATE,olympics,positive
one,CARDINAL,olympics,positive
Finland,GPE,olympics,positive
Olympics,EVENT,olympics,positive
summer,DATE,olympics,positive
Grazie,PERSON,olympics,positive
🙏,ORG,olympics,positive
2024,DATE,hockey,positive
U.S.,GPE,hockey,positive
south korea,GPE,biathlon,neutral
1,CARDINAL,biathlon,negative
Runthrough,ORG,FigureSkating,neutral
You’re Olympic Champion… America’s Biggest,WORK_OF_ART,FigureSkating,neutral
South Korea,GPE,olympics,positive
Vancouver,PERSON,olympics,positive
Sochi,PERSON,olympics,positive
Milan,GPE,olympics,positive
Beijing,GPE,olympics,positive
South Korea,GPE,olympics,positive
DH,ORG,olympics,negative
SG,ORG,olympics,negative
Quebec,GPE,olympics,negative
SG,ORG,olympics,negative
NBC,ORG,FigureSkating,neutral
Tara,PERSON,FigureSkating,neutral
Botox,ORG,FigureSkating,neutral
Olympics,EVENT,FigureSkating,neutral
Australia,GPE,olympics,positive
winter,DATE,olympics,positive
two,CARDINAL,olympics,positive
Freestyle Skiing and Snowboarding,ORG,olympics,positive
one day,DATE,olympics,positive
US,GPE,olympics,positive
Kaori,PERSON,olympics,positive
Alysa,PERSON,olympics,positive
2022,DATE,olympics,positive
Russian,NORP,olympics,positive
Photoshop,PRODUCT,olympics,positive
Chock,ORG,FigureSkating,positive
Bates,PERSON,FigureSkating,positive
first,ORDINAL,olympics,positive
Russia,GPE,olympics,positive
first,ORDINAL,olympics,positive
second,ORDINAL,olympics,neutral
Netflix,GPE,FigureSkating,positive
Russian,NORP,FigureSkating,negative
Olympic Charter,EVENT,FigureSkating,negative
US,GPE,FigureSkating,negative
russia,GPE,FigureSkating,negative
Ukraine,GPE,FigureSkating,negative
Ukrainians,NORP,FigureSkating,negative
Lipinski,PERSON,FigureSkating,positive
Vonn,PERSON,olympics,neutral
Idk,PERSON,FigureSkating,positive
I´m,ORG,FigureSkating,positive
Junhwan,PERSON,FigureSkating,positive
Alysa Liu's,PERSON,FigureSkating,neutral
first,ORDINAL,FigureSkating,neutral
Lady Gaga,PERSON,FigureSkating,neutral
US,GPE,hockey,positive
Canadian,NORP,hockey,positive
Russian,NORP,FigureSkating,positive
Eteri,ORG,FigureSkating,positive
Italian,NORP,biathlon,positive
Passler,ORG,biathlon,positive
Iran,GPE,olympics,positive
Island,LOC,hockey,neutral
German,NORP,FigureSkating,negative
Daniel Weiß,PERSON,FigureSkating,negative
Olympics,EVENT,FigureSkating,negative
Pakistan,GPE,FigureSkating,negative
America,GPE,olympics,negative
Matthews,GPE,hockey,neutral
Tkachuk,ORG,hockey,neutral
Tkachuk,ORG,hockey,neutral
2030,DATE,hockey,neutral
Olympics,EVENT,olympics,positive
Einaudi,PRODUCT,olympics,positive
Norway,GPE,olympics,positive
the winter,DATE,olympics,positive
Olympics,EVENT,olympics,positive
US,GPE,olympics,positive
Paris,GPE,olympics,positive
about 2-3 weeks,DATE,olympics,positive
Olympics,EVENT,olympics,positive
Olympics,EVENT,olympics,positive
https://www.olympics.com/en/olympic-games/olympic-videos,ORG,olympics,positive
the middle east,LOC,olympics,negative
the Ukrainian war,EVENT,olympics,negative
American,NORP,olympics,negative
french,NORP,olympics,negative
Africa,LOC,olympics,negative
south America,LOC,olympics,negative
Edmonton,ORG,hockey,positive
Bouchard,PERSON,hockey,positive
Edmonton,ORG,hockey,positive
McDavid,NORP,hockey,positive
Colton Parayko,ORG,hockey,positive
Travis Sanheim,PERSON,hockey,positive
Schaeffer,PERSON,hockey,positive
McDavid,PERSON,hockey,positive
Barkov,PERSON,hockey,positive
Olympics,EVENT,hockey,positive
34,DATE,hockey,positive
Laine,PERSON,hockey,positive
Rantanen,PERSON,hockey,positive
Barkov,PERSON,hockey,positive
koivu,PERSON,hockey,positive
Jokinen,PERSON,hockey,positive
2016,DATE,hockey,positive
GB,PERSON,Curling,positive
ITA,ORG,Curling,positive
USA,GPE,Curling,positive
Draw Shot Challenge Score,ORG,Curling,positive
KOR,ORG,Curling,positive
Asia,LOC,olympics,positive
the Asian Games,EVENT,olympics,positive
second,ORDINAL,olympics,positive
Olympics,EVENT,olympics,positive
Olympics,EVENT,olympics,positive
the Youth Olympic Games,ORG,olympics,positive
Dakar,PERSON,olympics,positive
this year,DATE,olympics,positive
Bjørgen/Johaug,ORG,olympics,positive
today,DATE,olympics,positive
The first day,DATE,olympics,negative
3 ish days,DATE,olympics,negative
HOST,ORG,olympics,negative
Paralympics,ORG,olympics,positive
Chinese,NORP,olympics,positive
5,CARDINAL,olympics,positive
the 2nd,DATE,olympics,positive
Mone,ORG,FigureSkating,negative
Ami,PERSON,FigureSkating,negative
one,CARDINAL,olympics,positive
belgian,NORP,olympics,negative
dutch,NORP,olympics,negative
yesterday,DATE,olympics,negative
Vetle,GPE,biathlon,negative
today,DATE,biathlon,negative
Sturla,PERSON,biathlon,negative
IOC,ORG,olympics,negative
Americans,NORP,olympics,negative
Ayatollah,PERSON,olympics,negative
Anna Odine Strøm,PERSON,olympics,positive
Women's Ski Jumping & Jens Lurås Oftebro,ORG,olympics,positive
Men's Nordic Combined,ORG,olympics,positive
2/2,CARDINAL,olympics,positive
three,CARDINAL,olympics,positive
Piper,ORG,FigureSkating,neutral
Paul,PERSON,FigureSkating,neutral
"Official 

America",ORG,olympics,positive
WBC,ORG,olympics,positive
Italy,GPE,olympics,positive
Botn,PERSON,biathlon,positive
Germany,GPE,Curling,negative
Bock,ORG,FigureSkating,neutral
Fear/Gibson,ORG,FigureSkating,neutral
first,ORDINAL,FigureSkating,neutral
nhl,GPE,hockey,positive
3,CARDINAL,hockey,positive
8,CARDINAL,hockey,positive
Swedes,NORP,Curling,positive
English,LANGUAGE,Curling,positive
winter,DATE,olympics,positive
Chloe,LOC,olympics,positive
the last several decades,DATE,olympics,positive
Asians,NORP,olympics,positive
USA,GPE,olympics,positive
Brier,PERSON,Curling,neutral
Olympics,EVENT,Curling,neutral
Madi,PERSON,FigureSkating,positive
Celebrini,PERSON,hockey,neutral
2030,DATE,hockey,neutral
Paul,PERSON,FigureSkating,positive
70,DATE,FigureSkating,positive
lou,PERSON,biathlon,positive
lou,PERSON,biathlon,positive
hanna,PERSON,biathlon,positive
simon,PERSON,biathlon,positive
Alps,LOC,olympics,neutral
Milan,GPE,olympics,neutral
2,CARDINAL,hockey,positive
Ukaleq,ORG,biathlon,positive
6,CARDINAL,olympics,positive
Mod,PERSON,olympics,positive
Canadians,NORP,olympics,positive
Einerson,PERSON,Curling,positive
Homan,PERSON,Curling,positive
today,DATE,snowboarding,positive
One,CARDINAL,snowboarding,positive
two,CARDINAL,snowboarding,positive
NBC,ORG,olympics,neutral
one,CARDINAL,olympics,neutral
two,CARDINAL,olympics,neutral
Men,ORG,olympics,neutral
Andrew Torgashev,PERSON,olympics,neutral
the Gaussian Spat :),PRODUCT,olympics,neutral
a masterpist or,QUANTITY,FigureSkating,negative
two,CARDINAL,FigureSkating,negative
Merde,PERSON,biathlon,neutral
Alysa,PERSON,FigureSkating,positive
GB,GPE,Curling,positive
US,GPE,Curling,positive
GB,GPE,Curling,positive
Norway,GPE,Curling,positive
at least one,CARDINAL,Curling,positive
Switzerland,GPE,Curling,positive
Canada,GPE,Curling,positive
Italy,GPE,Curling,positive
Switzerland,GPE,Curling,positive
Canada,GPE,Curling,positive
US,GPE,Curling,positive
Great Britain,GPE,Curling,positive
Norway + Italy,GPE,Curling,positive
two,CARDINAL,Curling,positive
Germany,GPE,Curling,positive
China,GPE,Curling,positive
four,CARDINAL,Curling,positive
fourth,ORDINAL,Curling,positive
4-5,DATE,Curling,positive
US,GPE,Curling,positive
Germany,GPE,Curling,positive
2,CARDINAL,Curling,positive
four,CARDINAL,Curling,positive
first,ORDINAL,Curling,positive
US,GPE,Curling,positive
Germany,GPE,Curling,positive
Russia,GPE,olympics,negative
US,GPE,olympics,negative
US,GPE,olympics,negative
Russia,GPE,olympics,negative
Elvira,ORG,biathlon,neutral
Kirkeeide,LOC,biathlon,neutral
Kirkeeide,GPE,biathlon,neutral
first,ORDINAL,biathlon,neutral
two,CARDINAL,biathlon,neutral
Ilia,PERSON,FigureSkating,positive
the last few weeks,DATE,FigureSkating,positive
IBU,ORG,biathlon,positive
1,CARDINAL,biathlon,positive
4,CARDINAL,biathlon,positive
5,CARDINAL,biathlon,positive
11-20,CARDINAL,biathlon,positive
4,CARDINAL,biathlon,positive
Belgium,GPE,biathlon,positive
4,CARDINAL,biathlon,positive
4,CARDINAL,biathlon,positive
Belgium,GPE,biathlon,positive
Joan Thiele,PERSON,olympics,positive
Il Mondo,PERSON,olympics,positive
the Winter Olympics,EVENT,olympics,positive
🎶,PERSON,olympics,positive
beijing,GPE,olympics,negative
Russia,GPE,FigureSkating,negative
Olympic,FAC,FigureSkating,negative
Ukraine,GPE,FigureSkating,negative
Olympic,FAC,FigureSkating,negative
Olympic,FAC,FigureSkating,negative
ACL,ORG,skiing,positive
Russia,GPE,FigureSkating,negative
today,DATE,FigureSkating,negative
Russia,GPE,FigureSkating,negative
Adele,PERSON,FigureSkating,negative
this season,DATE,FigureSkating,negative
two,CARDINAL,FigureSkating,negative
3A,CARDINAL,FigureSkating,negative
Ilia,PERSON,FigureSkating,neutral
ChockBates,ORG,FigureSkating,neutral
yesterday,DATE,FigureSkating,negative
Nordic,ORG,olympics,neutral
Olympics,EVENT,olympics,neutral
Nordic Sprint,PERSON,biathlon,neutral
sprint(cross,PERSON,biathlon,neutral
the Nordic Combined Event,ORG,biathlon,neutral
Cross Country,ORG,biathlon,neutral
Gülcennet,PERSON,olympics,positive
Turkey,GPE,olympics,positive
3,CARDINAL,olympics,positive
a full 7 days,DATE,olympics,negative
the Para Olympics,ORG,olympics,negative
Oscar La Renta,WORK_OF_ART,FigureSkating,positive
Deanna,PERSON,FigureSkating,positive
two,CARDINAL,FigureSkating,positive
Alysa,PERSON,FigureSkating,positive
Philip,PERSON,FigureSkating,positive
1,CARDINAL,FigureSkating,negative
Sochi,PERSON,FigureSkating,negative
Yuna,GPE,FigureSkating,negative
Carolina,GPE,FigureSkating,negative
Mao,PERSON,FigureSkating,negative
Yulia,GPE,FigureSkating,negative
2,CARDINAL,FigureSkating,negative
PyeongChang,PERSON,FigureSkating,negative
Alina,ORG,FigureSkating,negative
Katelyn,GPE,FigureSkating,negative
Kaori,GPE,FigureSkating,negative
Carolina,GPE,FigureSkating,negative
3,CARDINAL,FigureSkating,negative
Milan,GPE,FigureSkating,negative
Sofia,GPE,FigureSkating,negative
Nina,GPE,FigureSkating,negative
Lara,GPE,FigureSkating,negative
Alysa,PERSON,FigureSkating,negative
Jia,PERSON,FigureSkating,negative
1,CARDINAL,FigureSkating,negative
PyeongChang,PERSON,FigureSkating,negative
Shoma,GPE,FigureSkating,negative
Boyang,GPE,FigureSkating,negative
Nathan,GPE,FigureSkating,negative
Misha,GPE,FigureSkating,negative
Patrick,PERSON,FigureSkating,negative
2,CARDINAL,FigureSkating,negative
Beijing,GPE,FigureSkating,negative
Yuma,GPE,FigureSkating,negative
Nathan,GPE,FigureSkating,negative
Yuzuru,GPE,FigureSkating,negative
Shoma,GPE,FigureSkating,negative
Jun,PERSON,FigureSkating,negative
3,CARDINAL,FigureSkating,negative
Sochi,PERSON,FigureSkating,negative
Patrick,PERSON,FigureSkating,negative
Javi,PERSON,FigureSkating,negative
Denis,PERSON,FigureSkating,negative
4,CARDINAL,FigureSkating,negative
Milan,GPE,FigureSkating,negative
Shun,PERSON,FigureSkating,negative
Yuma,PERSON,FigureSkating,negative
second,ORDINAL,biathlon,positive
ten,CARDINAL,biathlon,positive
yesterday,DATE,biathlon,positive
Cricket,ORG,olympics,positive
2028,DATE,olympics,positive
First,ORDINAL,olympics,positive
Olympics,EVENT,olympics,positive
1900,DATE,olympics,positive
LA,GPE,olympics,positive
Fairplex,PERSON,olympics,positive
Plainer,ORG,olympics,negative
Classification Games 5th-8th Round 1 -,ORG,olympics,negative
Slovakia,ORG,olympics,negative
3,CARDINAL,olympics,negative
Germany,GPE,olympics,negative
3,CARDINAL,olympics,negative
3:43 - 3rd,DATE,olympics,negative
Felix Schrader,PERSON,olympics,negative
HAT,ORG,olympics,negative
Germany,GPE,olympics,negative
2030,DATE,FigureSkating,positive
Sasha,PERSON,FigureSkating,positive
today,DATE,hockey,positive
10-20 years ago,DATE,hockey,positive
10-20 years ago,DATE,hockey,positive
American,NORP,olympics,negative
Don Boyle,PERSON,hockey,positive
WiFi,PERSON,olympics,negative
Olympic,DATE,olympics,negative
Russia,GPE,FigureSkating,negative
Ukraine,GPE,FigureSkating,negative
the Olympic Truce,EVENT,FigureSkating,negative
Beijing Olympics and,ORG,FigureSkating,negative
Paralympics,ORG,FigureSkating,negative
IOC,ORG,FigureSkating,negative
ISU,ORG,FigureSkating,negative
IIRC,ORG,FigureSkating,negative
Israel,GPE,FigureSkating,negative
Gaza,GPE,FigureSkating,negative
"the ""Olympic Truce",EVENT,FigureSkating,negative
IOC,ORG,FigureSkating,negative
RD,ORG,FigureSkating,positive
BBC,ORG,FigureSkating,positive
Women's Ski Mountaineering Sprint,ORG,olympics,negative
the Scotty Pippen,ORG,olympics,negative
Norway,GPE,Curling,positive
vriendelijk buurman,PERSON,olympics,neutral
Alysa,PERSON,FigureSkating,positive
20 years old,DATE,FigureSkating,positive
homan,PERSON,Curling,positive
5,CARDINAL,Curling,positive
4am to 7 am this morning,TIME,Curling,positive
a few days,DATE,FigureSkating,positive
unc,ORG,hockey,positive
Daugavins,PERSON,hockey,positive
Latvia,GPE,hockey,positive
Germany,GPE,hockey,positive
US,GPE,snowboarding,positive
Kate Bush's,PERSON,FigureSkating,neutral
Wuthering Heights,PERSON,FigureSkating,neutral
3F,ORG,FigureSkating,neutral
3F2,CARDINAL,FigureSkating,neutral
Jarvy,NORP,olympics,negative
Ilia Malinin,PERSON,FigureSkating,negative
TWO,CARDINAL,FigureSkating,negative
1,CARDINAL,FigureSkating,negative
Japan,GPE,FigureSkating,negative
Liu,PERSON,FigureSkating,negative
third,ORDINAL,FigureSkating,negative
4,CARDINAL,FigureSkating,negative
Liu,PERSON,FigureSkating,negative
2,CARDINAL,FigureSkating,negative
Japanese,NORP,FigureSkating,negative
Gu,PERSON,olympics,negative
US,GPE,olympics,negative
millions,CARDINAL,olympics,negative
China,GPE,olympics,negative
Italy,GPE,biathlon,negative
tomorrow,DATE,biathlon,negative
Canada,GPE,hockey,positive
4-4,CARDINAL,hockey,positive
USA,GPE,hockey,positive
Canada,GPE,hockey,positive
French,NORP,biathlon,positive
American,NORP,olympics,neutral
Curling,WORK_OF_ART,olympics,neutral
Samkova,GPE,olympics,neutral
Sochi PoV,ORG,olympics,neutral
NBC,ORG,FigureSkating,positive
Tirico,GPE,FigureSkating,positive
Michelobe,PERSON,FigureSkating,positive
3,CARDINAL,FigureSkating,negative
15,CARDINAL,FigureSkating,negative
Alyssa,PERSON,FigureSkating,negative
Homan,PERSON,Curling,neutral
first,ORDINAL,Curling,neutral
Italy,GPE,Curling,positive
2006,DATE,Curling,positive
Italy,GPE,Curling,positive
Lampič,ORG,biathlon,neutral
this season,DATE,biathlon,neutral
51st,ORDINAL,olympics,neutral
between 1st,DATE,skiing,positive
Elway,PERSON,skiing,positive
Vonn,PERSON,skiing,positive
today,DATE,skiing,positive
Breezy,PERSON,skiing,positive
FS,ORG,FigureSkating,positive
2030,DATE,FigureSkating,positive
Turkish,NORP,olympics,positive
today,DATE,FigureSkating,positive
CSV,ORG,FigureSkating,negative
USA,GPE,Curling,negative
10,CARDINAL,olympics,positive
winter,DATE,olympics,positive
yesterday,DATE,olympics,positive
Canada,GPE,olympics,positive
US,GPE,olympics,positive
US,GPE,olympics,positive
Canada,GPE,olympics,positive
Canada,GPE,olympics,positive
Canada,GPE,olympics,positive
US,GPE,olympics,positive
a good day,DATE,olympics,positive
Canada,GPE,olympics,positive
US,GPE,olympics,positive
Sweden,GPE,olympics,positive
Finland,GPE,olympics,positive
Slovakia,ORG,olympics,positive
Czechia,GPE,olympics,positive
Estonian,NORP,Curling,positive
Los Angeles,GPE,olympics,positive
28,CARDINAL,olympics,positive
Nice 2030,EVENT,olympics,positive
2032,DATE,olympics,positive
Utah,GPE,olympics,positive
2034,DATE,olympics,positive
first,ORDINAL,Curling,positive
two,CARDINAL,Curling,positive
One,CARDINAL,Curling,positive
4,CARDINAL,Curling,positive
Ami,PERSON,FigureSkating,positive
Jinx,PERSON,FigureSkating,positive
2 years ago,DATE,FigureSkating,positive
Youth Olympics,ORG,FigureSkating,positive
japan,GPE,FigureSkating,positive
that year,DATE,FigureSkating,positive
the day,DATE,olympics,positive
This week,DATE,olympics,positive
Ekaterina Gordeeva's,PERSON,olympics,positive
My Sergei,PERSON,olympics,positive
Olympic,DATE,olympics,positive
Sergei Grinkov,PERSON,olympics,positive
28,CARDINAL,olympics,positive
Every Winter Olympics,EVENT,olympics,positive
G&G,ORG,olympics,positive
4 years,DATE,olympics,positive
0,CARDINAL,hockey,positive
Wilson,ORG,hockey,positive
one,CARDINAL,hockey,positive
u20s,ORG,hockey,positive
a single season,DATE,hockey,positive
Bellissimo,PERSON,olympics,positive
Chinese,NORP,olympics,positive
English,LANGUAGE,olympics,positive
Haerheng,PERSON,olympics,positive
Kazakh,PERSON,olympics,positive
Karkhen,PERSON,olympics,positive
OBS,GPE,Curling,negative
English,LANGUAGE,Curling,negative
past years,DATE,Curling,negative
Winter Olympics,WORK_OF_ART,Curling,negative
Babilonia,GPE,FigureSkating,neutral
Milan,GPE,olympics,positive
Milan,GPE,olympics,positive
Shaun,PERSON,snowboarding,positive
SEQ,ORG,FigureSkating,neutral
2A,CARDINAL,FigureSkating,neutral
2024,DATE,olympics,positive
Julien Alfred,PERSON,olympics,positive
2,CARDINAL,olympics,positive
St Lucia,PERSON,olympics,positive
Jamaica,GPE,olympics,positive
6,CARDINAL,olympics,positive
2.8M.,CARDINAL,olympics,positive
St Lucia’s,PERSON,olympics,positive
11,CARDINAL,olympics,positive
Jamaica,GPE,olympics,positive
2,CARDINAL,olympics,positive
St Lucia,PERSON,olympics,positive
Jamaica,GPE,olympics,positive
1,CARDINAL,olympics,positive
more than 40 seconds,TIME,Curling,neutral
CZE,ORG,Curling,neutral
USA,GPE,olympics,positive
first,ORDINAL,olympics,positive
46 years,DATE,olympics,positive
Canadian,NORP,olympics,positive
Alysa Liu,PERSON,olympics,positive
Italian,NORP,olympics,negative
US,GPE,olympics,negative
English,LANGUAGE,olympics,negative
the 2nd or 3rd,DATE,olympics,negative
first,ORDINAL,olympics,negative
US,GPE,olympics,negative
X-Games,PRODUCT,snowboarding,positive
ESPN,ORG,snowboarding,positive
4,CARDINAL,FigureSkating,positive
4,CARDINAL,FigureSkating,positive
3,CARDINAL,FigureSkating,positive
4,CARDINAL,FigureSkating,positive
99.9%,PERCENT,biathlon,positive
0.1%,PERCENT,biathlon,positive
the end of the day,DATE,FigureSkating,positive
Max,PERSON,FigureSkating,positive
Olympics,EVENT,FigureSkating,positive
Olympics,EVENT,FigureSkating,positive
10+ years,DATE,FigureSkating,positive
the end of the day,DATE,FigureSkating,positive
US,GPE,hockey,neutral
Tirico,GPE,hockey,neutral
Idk,PERSON,skiing,negative
ACL,ORG,skiing,negative
Vonn,PERSON,skiing,negative
first,ORDINAL,skiing,negative
Bergsma,PERSON,olympics,positive
Paris,GPE,olympics,positive
a month,DATE,olympics,positive
BBC,ORG,olympics,positive
Paris,GPE,olympics,positive
Christmas,DATE,olympics,positive
Olympic,EVENT,olympics,positive
December,DATE,olympics,positive
winter,DATE,olympics,positive
Olympics,EVENT,FigureSkating,positive
3,CARDINAL,olympics,positive
NZ,GPE,olympics,positive
Zoi Sadowski-Synnott,PERSON,olympics,positive
5/9,CARDINAL,olympics,positive
Winter Olympic,EVENT,olympics,positive
M/K,ORG,FigureSkating,positive
Boyang,PERSON,FigureSkating,positive
Daiwei Dai,PERSON,FigureSkating,positive
Yudong Chen,PERSON,FigureSkating,positive
Chinese,NORP,FigureSkating,positive
Sui,PERSON,FigureSkating,positive
Parise,PERSON,hockey,negative
12,CARDINAL,hockey,negative
OT,GPE,hockey,negative
yesterday,DATE,hockey,negative
OT,GPE,hockey,negative
JBB,ORG,biathlon,negative
Olympics,EVENT,biathlon,negative
4D,CARDINAL,olympics,negative
Daniel Grassl,PERSON,FigureSkating,positive
Conclave,PERSON,FigureSkating,positive
japan,GPE,FigureSkating,positive
Glad Kaori,PERSON,FigureSkating,positive
Olympics,EVENT,FigureSkating,neutral
Reddit,NORP,FigureSkating,neutral
Finland,GPE,biathlon,positive
Kaisas,GPE,biathlon,positive
2,CARDINAL,olympics,positive
Russia,GPE,FigureSkating,negative
2022,DATE,FigureSkating,negative
Ukraine,GPE,FigureSkating,negative
Olympic,FAC,FigureSkating,negative
Canadian,NORP,Curling,negative
Canadian,NORP,Curling,negative
Olympics,EVENT,Curling,negative
five,CARDINAL,Curling,negative
Canadian,NORP,Curling,negative
Italy,GPE,olympics,negative
today,DATE,olympics,negative
US,GPE,olympics,negative
7,CARDINAL,olympics,negative
2,CARDINAL,olympics,negative
americans,NORP,olympics,negative
USA,GPE,olympics,negative
china,GPE,olympics,negative
a ton,QUANTITY,olympics,negative
USA,GPE,olympics,negative
UK,GPE,biathlon,positive
100%,PERCENT,FigureSkating,positive
Olympics,EVENT,olympics,positive
NBC,ORG,olympics,positive
Olympic,EVENT,olympics,positive
Kale,PERSON,hockey,neutral
Andy Lau,PERSON,FigureSkating,negative
Limao Zhou,PERSON,FigureSkating,negative
Zhenlong Yang,PERSON,FigureSkating,negative
Hacken Lee,PERSON,FigureSkating,negative
Hasegawa Shuhei,PERSON,FigureSkating,negative
Weiyuan Pan,PERSON,FigureSkating,negative
eight,CARDINAL,snowboarding,negative
GS,ORG,snowboarding,negative
Sara Conti,PERSON,FigureSkating,negative
Grassl,PERSON,FigureSkating,negative
PB,FAC,FigureSkating,negative
GPF,ORG,FigureSkating,negative
13th,DATE,FigureSkating,negative
Europeans,NORP,FigureSkating,negative
Sara,PERSON,FigureSkating,negative
100%,PERCENT,FigureSkating,negative
Conti/Macii,ORG,FigureSkating,negative
IP,ORG,FigureSkating,neutral
Mac Arthur Park,PERSON,FigureSkating,positive
Wennberg,PERSON,hockey,positive
Columbus,GPE,hockey,positive
US,GPE,olympics,neutral
Canada,GPE,hockey,neutral
46,CARDINAL,hockey,neutral
2006,DATE,hockey,neutral
2010,DATE,hockey,neutral
Canada,GPE,hockey,neutral
48,CARDINAL,hockey,neutral
second,ORDINAL,olympics,neutral
The Burnt Peanut,WORK_OF_ART,olympics,neutral
IOC,ORG,olympics,positive
one,CARDINAL,olympics,positive
Opening Ceremony,ORG,olympics,positive
the Grand Prix,FAC,FigureSkating,positive
the first half,DATE,FigureSkating,positive
second,ORDINAL,FigureSkating,positive
half,CARDINAL,FigureSkating,positive
Post Olympics,EVENT,olympics,negative
Olympic,EVENT,olympics,negative
next week,DATE,olympics,neutral
Paralympics,ORG,olympics,neutral
today,DATE,FigureSkating,positive
Wierer,PERSON,biathlon,positive
Kirkeeide,LOC,biathlon,positive
Hristova,ORG,biathlon,positive
Vitozzi,ORG,biathlon,positive
Botn,PERSON,biathlon,positive
Dale,ORG,biathlon,positive
first,ORDINAL,biathlon,positive
Michelon,ORG,biathlon,positive
Vobornikova,GPE,biathlon,positive
Oceane,PERSON,biathlon,positive
Weirer,ORG,biathlon,positive
Preuss,GPE,biathlon,positive
W.O.,GPE,biathlon,positive
today,DATE,hockey,positive
at least one,CARDINAL,hockey,positive
LT1/LT2,ORG,olympics,positive
Norwegian,NORP,olympics,positive
Olympics,EVENT,FigureSkating,negative
2014,DATE,olympics,neutral
8,CARDINAL,olympics,neutral
2014,DATE,olympics,neutral
7,CARDINAL,olympics,neutral
2018,DATE,olympics,neutral
6,CARDINAL,olympics,neutral
2022,DATE,olympics,neutral
5,CARDINAL,olympics,neutral
2014,DATE,olympics,neutral
Casper,GPE,Curling,negative
around $20,MONEY,Curling,neutral
12 millions,CARDINAL,hockey,positive
Emilien,ORG,biathlon,positive
at least the next couple of years,DATE,biathlon,positive
US,GPE,olympics,positive
Figure Skating,PERSON,olympics,positive
Olympics,EVENT,olympics,positive
americans,NORP,olympics,positive
Liu,PERSON,olympics,positive
this year,DATE,olympics,positive
europeans,NORP,olympics,positive
XC,GPE,olympics,positive
Alpine,PERSON,olympics,positive
Olympics,EVENT,hockey,positive
Paralympics,ORG,olympics,positive
Paralympics,ORG,olympics,positive
Zermatt,GPE,skiing,positive
700chf,MONEY,skiing,positive
Norway,GPE,olympics,neutral
nbc sports,ORG,FigureSkating,neutral
2,CARDINAL,FigureSkating,neutral
4,CARDINAL,FigureSkating,neutral
Sweden,GPE,Curling,positive
Scotland,GPE,Curling,positive
today,DATE,Curling,positive
25,CARDINAL,Curling,positive
8,CARDINAL,Curling,positive
Estonia,GPE,Curling,positive
7,CARDINAL,Curling,positive
Estonia,GPE,Curling,positive
4,CARDINAL,Curling,positive
only 5,CARDINAL,Curling,positive
Homan,PERSON,Curling,positive
Mouat,PERSON,Curling,positive
swiss,NORP,Curling,positive
the last four years,DATE,Curling,positive
Norwegian,NORP,Curling,positive
2030,DATE,Curling,positive
🇻,PERSON,Curling,positive
under 5 minutes,TIME,hockey,positive
5 minutes,TIME,hockey,positive
second,ORDINAL,hockey,positive
here.](https://www.reddit.com,ORG,hockey,positive
on&t,ORG,hockey,positive
Need,PERSON,hockey,positive
dutch,NORP,olympics,positive
Winter Olympics,EVENT,olympics,positive
Milano-Cortina 2026,GPE,olympics,positive
Jeanmonnot,ORG,biathlon,positive
Vittozzi,ORG,biathlon,positive
H. Öberg,PERSON,biathlon,positive
Justine Braisaz,PERSON,biathlon,positive
Minkkinen,PERSON,biathlon,positive
Ingrid,PRODUCT,biathlon,positive
20/20,CARDINAL,biathlon,positive
Italy,GPE,hockey,positive
2,CARDINAL,hockey,positive
Two,CARDINAL,olympics,neutral
Science News Magazine,ORG,FigureSkating,positive
5 years ago,DATE,FigureSkating,positive
one,CARDINAL,FigureSkating,positive
CO2,PRODUCT,FigureSkating,positive
Ya,PERSON,hockey,positive
US,GPE,hockey,positive
Canada,GPE,hockey,positive
2,CARDINAL,hockey,positive
Canada,GPE,hockey,positive
an hour,TIME,FigureSkating,positive
P2,PERSON,FigureSkating,positive
YouTube,PRODUCT,FigureSkating,positive
Paul,PERSON,FigureSkating,positive
Lilah,ORG,FigureSkating,positive
Lewis,PERSON,FigureSkating,positive
the end of the day,DATE,FigureSkating,positive
Piper,ORG,FigureSkating,positive
Paul,PERSON,FigureSkating,positive
Belinda,GPE,FigureSkating,negative
😆,CARDINAL,FigureSkating,positive
french,NORP,FigureSkating,positive
Lorine Schild,PERSON,FigureSkating,positive
adam siao,PERSON,FigureSkating,positive
second,ORDINAL,FigureSkating,positive
french,NORP,FigureSkating,positive
Vera,PERSON,FigureSkating,positive
the years,DATE,FigureSkating,positive
the season,DATE,FigureSkating,positive
Paralympics,ORG,olympics,positive
Olympics,EVENT,olympics,positive
Nathan,PERSON,FigureSkating,positive
7th,ORDINAL,FigureSkating,positive
second,ORDINAL,FigureSkating,positive
Olympics,EVENT,FigureSkating,positive
first,ORDINAL,FigureSkating,positive
4th,ORDINAL,FigureSkating,positive
season,DATE,FigureSkating,positive
first,ORDINAL,FigureSkating,positive
Olympics,EVENT,FigureSkating,positive
2030,DATE,FigureSkating,positive
2026,DATE,FigureSkating,positive
n’t,GPE,FigureSkating,positive
Misha,ORG,FigureSkating,positive
Nathan,ORG,FigureSkating,positive
Olympics,EVENT,FigureSkating,positive
another day,DATE,skiing,positive
two,CARDINAL,FigureSkating,positive
Alysa,PERSON,FigureSkating,positive
Kaori,PERSON,FigureSkating,positive
2A,CARDINAL,FigureSkating,positive
first,ORDINAL,FigureSkating,neutral
Japan,GPE,FigureSkating,positive
Shub Sato,PERSON,FigureSkating,positive
Kaori,GPE,FigureSkating,positive
Ryuichi,GPE,FigureSkating,positive
Miura,GPE,FigureSkating,positive
Yuma Kagiyama,PERSON,FigureSkating,positive
Love Liu,PERSON,FigureSkating,positive
Glenn,PERSON,FigureSkating,positive
Elie Kam,PERSON,FigureSkating,positive
Illya,NORP,FigureSkating,positive
Jap,PERSON,FigureSkating,positive
Kaori,PERSON,FigureSkating,positive
ONE,CARDINAL,FigureSkating,positive
gb,PERSON,olympics,positive
First,ORDINAL,olympics,positive
2,CARDINAL,olympics,positive
second,ORDINAL,olympics,positive
Norway,GPE,olympics,positive
1,CARDINAL,olympics,positive
9,CARDINAL,olympics,positive
75-90%,PERCENT,olympics,positive
40,CARDINAL,olympics,positive
a good day,DATE,olympics,positive
Latvia,GPE,olympics,positive
16 year,DATE,olympics,positive
one,CARDINAL,FigureSkating,positive
15 year,DATE,FigureSkating,positive
Kaori,PERSON,FigureSkating,positive
Inviting,PERSON,hockey,neutral
Patel,PERSON,hockey,neutral
Maga,PERSON,hockey,neutral
4,CARDINAL,hockey,neutral
Olympic,PERSON,olympics,neutral
Eiffel 65,LAW,olympics,neutral
the end ceremony this year,DATE,olympics,neutral
Jordan,GPE,olympics,positive
Japanese,NORP,olympics,positive
Canadian,NORP,hockey,positive
1991,DATE,hockey,positive
European,NORP,olympics,neutral
NA,ORG,olympics,neutral
Power Breaks,ORG,olympics,neutral
Norwegian,NORP,biathlon,positive
Olympics,EVENT,FigureSkating,neutral
Mone,PERSON,FigureSkating,neutral
Canada,GPE,hockey,positive
2022,DATE,hockey,positive
just 4 years,DATE,hockey,positive
Swedish,NORP,biathlon,positive
France,GPE,biathlon,positive
Elvira,ORG,biathlon,positive
AK,ORG,biathlon,positive
Halvarsson,PERSON,biathlon,positive
Linn,PERSON,biathlon,positive
Hanna,GPE,biathlon,positive
K.Mag,PERSON,biathlon,positive
Olympics,EVENT,biathlon,positive
Russians,NORP,FigureSkating,positive
Hungarian,NORP,FigureSkating,positive
Moscow,GPE,FigureSkating,positive
Sochi,NORP,FigureSkating,positive
Budapest,GPE,FigureSkating,positive
Hungarian,NORP,FigureSkating,positive
Balazs Nagy,PERSON,FigureSkating,positive
2021,DATE,FigureSkating,positive
2022,DATE,FigureSkating,positive
Sviatchenko,PERSON,FigureSkating,positive
Hungary,GPE,FigureSkating,positive
😆,CARDINAL,FigureSkating,positive
Wheelchair,ORG,olympics,negative
the Organising Committees,ORG,olympics,positive
Village,LOC,olympics,positive
Dale,ORG,biathlon,positive
Ponsi,ORG,biathlon,positive
Samuelsson,ORG,biathlon,positive
Norwegians,NORP,biathlon,positive
Canada,GPE,hockey,negative
Canadians,NORP,hockey,negative
Italy,GPE,hockey,negative
the 2002 World Cup,EVENT,hockey,negative
1998,DATE,hockey,negative
Canada,GPE,hockey,negative
4 est,TIME,olympics,neutral
American,NORP,olympics,neutral
this year,DATE,skiing,positive
Olympics,EVENT,skiing,positive
a ton,QUANTITY,skiing,positive
this season,DATE,skiing,positive
Olympics,EVENT,skiing,positive
Paris,GPE,FigureSkating,negative
CBC,ORG,FigureSkating,negative
2026,DATE,olympics,positive
Swedes,NORP,hockey,positive
Swedes,NORP,hockey,positive
Snowboard Cross,ORG,olympics,negative
Olympics,EVENT,olympics,negative
50,CARDINAL,olympics,negative
a few 40,CARDINAL,olympics,negative
Mac,ORG,olympics,neutral
Vetle,PERSON,biathlon,positive
NRK,ORG,biathlon,positive
QFM,ORG,biathlon,positive
Italian,NORP,olympics,negative
30,CARDINAL,olympics,negative
Vittozzi,LOC,olympics,negative
Italy,GPE,olympics,negative
first,ORDINAL,olympics,negative
third,ORDINAL,skiing,neutral
US,GPE,olympics,positive
a better year,DATE,olympics,positive
the last winter,DATE,olympics,positive
Olympics,EVENT,olympics,positive
minutes,TIME,hockey,negative
Russia,GPE,FigureSkating,negative
Olympic,FAC,FigureSkating,negative
Russian,NORP,FigureSkating,negative
Milan,GPE,FigureSkating,negative
Russian,NORP,FigureSkating,negative
Paris,GPE,FigureSkating,negative
Paris,GPE,FigureSkating,negative
Olympic,EVENT,FigureSkating,negative
Tokyo,GPE,FigureSkating,negative
Olympics,EVENT,FigureSkating,negative
Paralympics,ORG,FigureSkating,negative
Ukraine,GPE,FigureSkating,negative
2022,DATE,FigureSkating,negative
n’t,GPE,FigureSkating,positive
polish,NORP,FigureSkating,positive
poland,GPE,FigureSkating,positive
this year,DATE,FigureSkating,positive
polish,NORP,FigureSkating,positive
Underrated,ORG,FigureSkating,positive
Japanese,NORP,FigureSkating,positive
4th,ORDINAL,FigureSkating,positive
Olympics,EVENT,FigureSkating,positive
Satoko Miyahara,PERSON,FigureSkating,positive
today,DATE,Curling,negative
Switzerland,GPE,Curling,negative
Switzerland,GPE,Curling,negative
Tkachuk,ORG,hockey,negative
Stephen Gogolev,PERSON,olympics,positive
Gilles/Poirier,ORG,olympics,positive
Mogul,PERSON,olympics,positive
Alysa Liu,PERSON,olympics,positive
Kaori,PERSON,olympics,positive
two,CARDINAL,olympics,positive
Olympics,EVENT,olympics,positive
Homan,PERSON,olympics,positive
Taylor Swift,PERSON,FigureSkating,positive
Olympic,EVENT,olympics,positive
8,CARDINAL,olympics,positive
tomorrow,DATE,olympics,positive
usa vs canada,ORG,olympics,positive
Olympics TV,ORG,Curling,negative
Channel 4,ORG,olympics,positive
30 minute,TIME,olympics,positive
UK,GPE,olympics,positive
YouTube,ORG,olympics,positive
the Milan Olympics,ORG,olympics,negative
two weeks,DATE,olympics,negative
Beijing,GPE,FigureSkating,negative
10th,ORDINAL,olympics,neutral
the Wheelchair Curling Mixed Team,ORG,olympics,neutral
My Shazam,PERSON,FigureSkating,positive
2,CARDINAL,biathlon,positive
3/4,CARDINAL,biathlon,positive
Swedes,NORP,biathlon,positive
one,CARDINAL,skiing,negative
US,GPE,olympics,neutral
Wish Fialková,PERSON,biathlon,positive
tomorrow,DATE,biathlon,positive
Latvia,GPE,hockey,positive
Germany,GPE,hockey,positive
NHL,ORG,hockey,positive
German,NORP,hockey,positive
"Draisaitl, Stützle",ORG,hockey,positive
Peterka,ORG,hockey,positive
Seider,PERSON,hockey,positive
Klaebo,ORG,olympics,neutral
Bonaly,GPE,FigureSkating,neutral
Olympics,EVENT,FigureSkating,negative
5,CARDINAL,FigureSkating,negative
one,CARDINAL,Curling,positive
today,DATE,Curling,positive
GB,GPE,Curling,positive
Korea,GPE,Curling,positive
tomorrow,DATE,Curling,positive
80.000,CARDINAL,FigureSkating,negative
Era,ORG,FigureSkating,negative
Ilia,GPE,FigureSkating,positive
332.60,CARDINAL,FigureSkating,positive
2024,DATE,FigureSkating,positive
Skate Canada,ORG,FigureSkating,positive
2025,DATE,FigureSkating,positive
Worlds,PERSON,FigureSkating,positive
2024,DATE,FigureSkating,positive
WR,ORG,FigureSkating,positive
Ilia,GPE,FigureSkating,positive
332,CARDINAL,FigureSkating,positive
340,CARDINAL,FigureSkating,positive
332.60,CARDINAL,FigureSkating,positive
Ilia,GPE,FigureSkating,positive
Nathan,ORG,FigureSkating,positive
332.60,CARDINAL,FigureSkating,positive
French,NORP,olympics,negative
15,CARDINAL,biathlon,negative
Uldal,ORG,biathlon,negative
Frey,ORG,biathlon,negative
NHL,ORG,hockey,positive
zero,CARDINAL,FigureSkating,positive
Sasha,PERSON,FigureSkating,positive
Anna,PERSON,FigureSkating,positive
the bed year,DATE,hockey,negative
year,DATE,hockey,negative
United Healthcare’s,ORG,skiing,positive
Vegas,GPE,hockey,positive
the Gold Medal,FAC,hockey,positive
OT,GPE,hockey,positive
Canada,GPE,hockey,positive
PyeongChang,ORG,FigureSkating,positive
2018,DATE,FigureSkating,positive
19,DATE,FigureSkating,positive
Italy,GPE,FigureSkating,positive
Compagnoni,PERSON,FigureSkating,positive
Goggia,GPE,FigureSkating,positive
Norway,GPE,Curling,positive
Norwegian,NORP,Curling,positive
Kinda,GPE,Curling,positive
UK,GPE,Curling,positive
Ramsfjell,ORG,Curling,positive
Pål Trulsen,PERSON,Curling,positive
2002,DATE,Curling,positive
Ami,PERSON,FigureSkating,positive
Alysa,PERSON,FigureSkating,positive
Ami,PERSON,FigureSkating,positive
a few feet,QUANTITY,FigureSkating,positive
Kaori,PERSON,FigureSkating,positive
less than 60 seconds,TIME,FigureSkating,positive
2022,DATE,FigureSkating,positive
Alexis Joseph,PERSON,hockey,positive
1OA,GPE,hockey,positive
next year,DATE,hockey,positive
DuPont,ORG,hockey,positive
Sweden,GPE,hockey,positive
Switzerland,GPE,hockey,positive
Canada,GPE,hockey,positive
US,GPE,hockey,positive
Sweden,GPE,hockey,positive
US,GPE,hockey,positive
Canada,GPE,hockey,positive
Mullvad,NORP,FigureSkating,positive
5,CARDINAL,FigureSkating,positive
$5.91 USD,MONEY,FigureSkating,positive
Gothenburg,GPE,FigureSkating,positive
Sweden,GPE,FigureSkating,positive
tonight,TIME,FigureSkating,negative
RD,ORG,FigureSkating,negative
1 am,QUANTITY,FigureSkating,negative
a few hours,TIME,FigureSkating,negative
the Team Event,ORG,FigureSkating,negative
last year,DATE,FigureSkating,positive
Norway,GPE,olympics,positive
Korea,GPE,Curling,neutral
MAGA,ORG,FigureSkating,positive
Olympics,EVENT,olympics,positive
Cortina,GPE,olympics,positive
Breezy Johnson,PERSON,olympics,positive
Olympics,EVENT,olympics,positive
totalitarian,NORP,olympics,negative
thousands,CARDINAL,olympics,negative
russia,GPE,olympics,negative
ukraine,GPE,olympics,negative
Olympics,EVENT,olympics,positive
another 3 days,DATE,FigureSkating,positive
summer,DATE,biathlon,positive
Olympics,EVENT,biathlon,positive
the Winter Olympics,EVENT,biathlon,positive
💔,ORG,FigureSkating,positive
0,CARDINAL,olympics,positive
Olympic,DATE,olympics,positive
winter,DATE,olympics,positive
150,CARDINAL,FigureSkating,positive
second,ORDINAL,FigureSkating,positive
dgaf,PERSON,FigureSkating,positive
Bronze Medal,PERSON,Curling,positive
Switzerland,GPE,Curling,positive
Synchro,ORG,FigureSkating,positive
Olympics,EVENT,FigureSkating,positive
Snoop Dogg,PERSON,olympics,neutral
Snoop Dogg,PERSON,olympics,neutral
the years,DATE,FigureSkating,negative
Junhwan,PERSON,FigureSkating,negative
5-8th,DATE,olympics,negative
5,CARDINAL,olympics,negative
today,DATE,hockey,neutral
US,GPE,FigureSkating,negative
US,GPE,FigureSkating,negative
AI,GPE,FigureSkating,neutral
Italian,NORP,FigureSkating,neutral
today,DATE,Curling,positive
GB,PERSON,Curling,positive
Kim,PERSON,FigureSkating,neutral
Chen,PERSON,FigureSkating,neutral
Lambiel Kostner,PERSON,FigureSkating,neutral
first,ORDINAL,biathlon,positive
the next hours,TIME,biathlon,positive
Nelin,PERSON,biathlon,positive
only 4,CARDINAL,biathlon,positive
World Cup MS,EVENT,biathlon,positive
Corey,PERSON,Curling,positive
Kory,PERSON,Curling,positive
Team Canada,ORG,hockey,positive
USA,GPE,hockey,positive
Canada,GPE,hockey,positive
Canada,GPE,hockey,positive
two years,DATE,hockey,positive
Crosby,PERSON,hockey,positive
us,GPE,hockey,positive
28,CARDINAL,hockey,positive
today,DATE,hockey,positive
Australia,GPE,olympics,neutral
British,NORP,olympics,neutral
10,CARDINAL,biathlon,positive
OBS intro/,ORG,Curling,positive
outro,PERSON,Curling,positive
four,CARDINAL,Curling,positive
CGI,ORG,Curling,positive
I. Malinin,ORG,FigureSkating,positive
Chloe Kim,PERSON,olympics,positive
Myles Garrett's,PERSON,olympics,positive
DM,ORG,hockey,positive
Anne de Besche,PERSON,biathlon,positive
first,ORDINAL,biathlon,positive
Denmark,GPE,biathlon,positive
Indy,GPE,olympics,positive
Tennessee,GPE,olympics,positive
Austria,GPE,hockey,positive
Hungary,GPE,hockey,positive
the day,DATE,hockey,positive
Olympics,EVENT,hockey,positive
Austria,GPE,hockey,positive
Hungary,GPE,hockey,positive
Bohemia,PERSON,hockey,positive
Austro Hungarian,NORP,hockey,positive
Sweden,GPE,hockey,positive
Candian,NORP,hockey,positive
Sharks,PERSON,hockey,positive
Canada,GPE,hockey,positive
USA,GPE,hockey,positive
Canada,GPE,hockey,positive
Canada,GPE,olympics,positive
PB,ORG,biathlon,positive
9th,ORDINAL,biathlon,positive
24th,ORDINAL,biathlon,positive
16th,ORDINAL,biathlon,positive
23rd,DATE,biathlon,positive
Anne de Besche,ORG,biathlon,positive
16th,ORDINAL,biathlon,positive
70th,ORDINAL,biathlon,positive
two,CARDINAL,biathlon,positive
PB,ORG,biathlon,positive
Manca Caserman,ORG,biathlon,positive
65th,ORDINAL,biathlon,positive
73rd,ORDINAL,biathlon,positive
Maren Kirkeeide,PERSON,biathlon,positive
Oleksandra Merkushyna,PERSON,biathlon,positive
44.5,CARDINAL,biathlon,positive
first,ORDINAL,biathlon,positive
Fastest,ORG,biathlon,positive
Lisa Vittozzi,PERSON,biathlon,positive
46.5,CARDINAL,biathlon,positive
the three hours,TIME,FigureSkating,negative
Italian,NORP,FigureSkating,positive
Teams,GPE,FigureSkating,negative
Vancouver,GPE,olympics,negative
ten,CARDINAL,olympics,negative
2018,DATE,olympics,positive
Pyeongchang,GPE,olympics,positive
labour](https://en.wikipedia.org/wiki/Sexual_division_of_labour,ORG,olympics,neutral
USA,GPE,olympics,positive
Olympics,EVENT,olympics,positive
Liu,PERSON,olympics,positive
tomorrow,DATE,olympics,positive
USA,GPE,olympics,positive
Alysa,PERSON,olympics,positive
zero,CARDINAL,FigureSkating,neutral
Hutson,ORG,hockey,neutral
American,NORP,FigureSkating,neutral
Gogglebox,PERSON,olympics,negative
10 minutes,TIME,olympics,negative
one,CARDINAL,olympics,neutral
a bad day,DATE,Curling,negative
Ilia,PERSON,FigureSkating,negative
french,NORP,olympics,positive
french,NORP,olympics,positive
USFS,ORG,FigureSkating,positive
[gif](giphy|NSqOdnGXlJFCUFmx1S,PERSON,olympics,positive
NBC,ORG,hockey,positive
cbs,ORG,hockey,positive
Matthews,PERSON,hockey,positive
one,CARDINAL,hockey,positive
five,CARDINAL,hockey,positive
tomorrow,DATE,FigureSkating,negative
DD,GPE,hockey,negative
the Stade de Nice,FAC,hockey,positive
US,GPE,olympics,negative
Asian,NORP,olympics,negative
Olympics,EVENT,olympics,negative
Italy,GPE,biathlon,positive
Italy,GPE,biathlon,positive
Olympics,EVENT,olympics,neutral
Canadians,NORP,Curling,positive
LFG,ORG,FigureSkating,neutral
Paralympics,ORG,olympics,neutral
March 6th,DATE,olympics,neutral
about a month,DATE,Curling,positive
first,ORDINAL,hockey,positive
Hilary Knight's,PERSON,hockey,positive
Olympics,EVENT,olympics,negative
millions,CARDINAL,olympics,negative
a month,DATE,olympics,negative
one,CARDINAL,hockey,positive
Sweden,GPE,hockey,positive
France,GPE,hockey,positive
Canadian,NORP,hockey,positive
Canada,GPE,hockey,positive
Switzerland,GPE,hockey,positive
Finland,GPE,hockey,positive
Slovakia,GPE,hockey,positive
Germany,GPE,hockey,positive
ESPECIALLY USA,ORG,hockey,positive
Sweden,GPE,hockey,positive
I.  Good,PERSON,olympics,negative
Trusova,ORG,FigureSkating,negative
Valieva,ORG,FigureSkating,negative
2030,DATE,FigureSkating,negative
Mariia Senuiks,PERSON,FigureSkating,negative
the Snowboard Cross,ORG,olympics,positive
40s,DATE,olympics,positive
50s,DATE,olympics,positive
Olympics,EVENT,olympics,positive
6 months,DATE,biathlon,positive
3 months ago,DATE,biathlon,positive
3 months,DATE,biathlon,positive
Siegfried,PERSON,biathlon,positive
Germans,NORP,biathlon,positive
8am,TIME,olympics,positive
tomorrow,DATE,olympics,positive
8:30am,CARDINAL,olympics,positive
Voboronikova,LOC,biathlon,neutral
one more penny,MONEY,hockey,negative
every 4 years,DATE,Curling,neutral
the past three years,DATE,FigureSkating,positive
every year,DATE,FigureSkating,positive
Vincent Zhou,PERSON,FigureSkating,positive
18-19,DATE,FigureSkating,positive
USFS,ORG,FigureSkating,positive
Jason,PERSON,FigureSkating,positive
Olympics,EVENT,FigureSkating,positive
four year,DATE,FigureSkating,positive
three,CARDINAL,FigureSkating,positive
third,ORDINAL,FigureSkating,positive
Olympics,EVENT,FigureSkating,positive
Narumi Takahashi,PERSON,FigureSkating,positive
RikuRyu,ORG,FigureSkating,positive
Nah,PERSON,hockey,negative
two,CARDINAL,hockey,negative
two,CARDINAL,hockey,negative
one,CARDINAL,olympics,neutral
Chloe,PRODUCT,snowboarding,negative
Ponsi,ORG,biathlon,positive
Samuelsson,ORG,biathlon,positive
6-7 years,DATE,biathlon,positive
Swedish,NORP,biathlon,positive
Ponsi,PERSON,biathlon,positive
Sebbe,ORG,biathlon,positive
Olympics,EVENT,biathlon,positive
Sweden,GPE,biathlon,positive
"a ""Live"" Best of Curling",LAW,Curling,neutral
multi-year,DATE,biathlon,positive
several years,DATE,biathlon,positive
Olympics,EVENT,biathlon,positive
Bon,PERSON,biathlon,neutral
Japanese,NORP,FigureSkating,negative
Olympics,EVENT,FigureSkating,negative
Ilia,GPE,FigureSkating,negative
Ami,PERSON,FigureSkating,positive
Alysa,PERSON,FigureSkating,positive
London,GPE,FigureSkating,positive
L.A. 2028,DATE,FigureSkating,positive
2012,DATE,olympics,positive
Paul McCartney,PERSON,olympics,positive
The End and Hey Jude,WORK_OF_ART,olympics,positive
Kate Bush,PERSON,olympics,positive
Lady Gaga,PERSON,olympics,positive
Paris 2024,EVENT,olympics,positive
Kim Clijsters,PERSON,olympics,positive
Achilles,GPE,olympics,positive
last fall,DATE,olympics,positive
almost a year,DATE,olympics,positive
Katatrina Witt,PERSON,FigureSkating,positive
Makar,PERSON,hockey,positive
3,CARDINAL,hockey,positive
daily,DATE,olympics,positive
DEN,ORG,Curling,positive
+2500,ORG,Curling,positive
Alysa’s,PERSON,FigureSkating,negative
FedEx,GPE,FigureSkating,negative
🤡,CARDINAL,olympics,neutral
LA,GPE,hockey,positive
280,CARDINAL,FigureSkating,positive
103,CARDINAL,FigureSkating,positive
4,CARDINAL,FigureSkating,positive
Adam,PERSON,FigureSkating,positive
second,ORDINAL,FigureSkating,positive
4,CARDINAL,FigureSkating,positive
Maxim,ORG,FigureSkating,positive
Kyrylo,ORG,FigureSkating,positive
Boyang,GPE,FigureSkating,positive
3,CARDINAL,FigureSkating,positive
Dorothea Wierer,PERSON,biathlon,positive
44th,ORDINAL,biathlon,positive
9th,ORDINAL,biathlon,positive
Olympics,EVENT,biathlon,positive
two,CARDINAL,biathlon,positive
Vittozzi,ORG,biathlon,positive
Minkkinen,ORG,biathlon,positive
Kirkeeide,PERSON,biathlon,positive
3,CARDINAL,biathlon,positive
Instagram,ORG,biathlon,positive
yesterday,DATE,biathlon,positive
today,DATE,biathlon,positive
Tarjei Boe,PERSON,biathlon,positive
Italian,NORP,biathlon,positive
three,CARDINAL,biathlon,positive
Vittozzi,ORG,biathlon,positive
NBC,ORG,biathlon,positive
Italian,NORP,biathlon,positive
Amber Glenn,PERSON,olympics,positive
Czechia,GPE,hockey,positive
Sweden Germany,GPE,hockey,positive
Switzerland,GPE,hockey,positive
Shaun White,PERSON,olympics,negative
the Opening Ceremony,ORG,olympics,negative
a Nobel Peace Prize,WORK_OF_ART,FigureSkating,positive
Australia,GPE,hockey,neutral
Japan,GPE,hockey,neutral
Italy,GPE,hockey,neutral
4 years,DATE,hockey,neutral
Wierer,ORG,biathlon,positive
Zeev Bium,ORG,hockey,positive
2022,DATE,FigureSkating,neutral
one year ago,DATE,FigureSkating,neutral
Last years,DATE,olympics,negative
Luke,PERSON,hockey,positive
Jack,PERSON,hockey,positive
Luke,PERSON,hockey,positive
Jack,PERSON,hockey,positive
Stoic Quinn,PERSON,hockey,positive
one,CARDINAL,hockey,positive
Luke,PERSON,hockey,positive
three,CARDINAL,hockey,positive
Jack,PERSON,hockey,positive
first,ORDINAL,olympics,neutral
1896,DATE,olympics,neutral
the Frey / Botn,LAW,biathlon,positive
Norwegian,NORP,biathlon,positive
Botn,ORG,biathlon,positive
the IBU Cup,EVENT,biathlon,positive
Johannes,GPE,biathlon,positive
this season,DATE,biathlon,positive
TodaySportson,ORG,FigureSkating,neutral
Alysa Liu,PERSON,olympics,positive
wang,ORG,olympics,positive
xu,PERSON,olympics,positive
Olympics,EVENT,FigureSkating,positive
Olympic,EVENT,FigureSkating,positive
Italian,NORP,olympics,neutral
the March of athletes,DATE,olympics,neutral
Niklas,PERSON,Curling,neutral
France,GPE,biathlon,positive
three,CARDINAL,biathlon,positive
2024–25,CARDINAL,biathlon,positive
Émilien Jacquelin,PERSON,biathlon,positive
tomorrow,DATE,biathlon,positive
three,CARDINAL,biathlon,positive
Claude’s,PERSON,biathlon,positive
Olympics,EVENT,biathlon,positive
80 %,PERCENT,biathlon,positive
68 %,PERCENT,biathlon,positive
Jacquelin,PERSON,biathlon,positive
76 %,PERCENT,biathlon,positive
QFM,ORG,biathlon,positive
Christiansen,PERSON,biathlon,positive
Botn,PERSON,biathlon,positive
Lægreid,PERSON,biathlon,positive
above 90 %,PERCENT,biathlon,positive
Olympics,EVENT,biathlon,positive
Stafett,PERSON,biathlon,positive
5,CARDINAL,FigureSkating,positive
Canada,GPE,olympics,positive
the years,DATE,olympics,positive
Canadian,NORP,olympics,positive
25,CARDINAL,olympics,positive
one,CARDINAL,olympics,positive
25,CARDINAL,olympics,positive
4,CARDINAL,olympics,positive
2,CARDINAL,olympics,positive
Russia,GPE,FigureSkating,negative
Piper,PERSON,FigureSkating,positive
two,CARDINAL,Curling,positive
Alyssa,PERSON,FigureSkating,positive
Gossip,PERSON,biathlon,negative
Sturla,PERSON,biathlon,positive
"Skiing, Speed Skating",WORK_OF_ART,olympics,neutral
USA,GPE,FigureSkating,neutral
one,CARDINAL,FigureSkating,positive
Evan,PERSON,FigureSkating,positive
Eff,CARDINAL,olympics,positive
Canada,GPE,hockey,positive
Mao’s,PERSON,FigureSkating,positive
2014,DATE,FigureSkating,positive
Olympics,EVENT,FigureSkating,positive
Red Wings,ORG,hockey,negative
HNiC,GPE,hockey,positive
Gem,PERSON,hockey,positive
2nd,ORDINAL,olympics,neutral
Wheelchair Curling,ORG,olympics,neutral
today,DATE,olympics,neutral
GB,GPE,olympics,neutral
The King Lover,ORG,hockey,positive
Isabeau,PERSON,FigureSkating,negative
half,CARDINAL,FigureSkating,negative
Italian,NORP,FigureSkating,negative
Olympics,EVENT,FigureSkating,negative
Putin,PERSON,olympics,positive
twenty-five years,DATE,olympics,positive
Celebrini,PERSON,hockey,positive
later today,TIME,FigureSkating,negative
360 million,CARDINAL,olympics,neutral
German,NORP,olympics,neutral
France,GPE,olympics,neutral
UK,GPE,olympics,neutral
current day,DATE,olympics,positive
Fingers,PERSON,biathlon,neutral
"the ""night night",TIME,olympics,negative
Europe,LOC,olympics,positive
US,GPE,olympics,positive
below $100,MONEY,olympics,positive
350,MONEY,olympics,positive
US,GPE,olympics,positive
Vittozzi,ORG,biathlon,positive
Wierer,GPE,biathlon,positive
44th,ORDINAL,biathlon,positive
9th,ORDINAL,biathlon,positive
Minkkinen,PERSON,biathlon,positive
Curling,ORG,olympics,positive
Bobsleigh,GPE,olympics,positive
Cortina,GPE,olympics,positive
JD,PERSON,olympics,neutral
2 warmup,QUANTITY,FigureSkating,positive
12,CARDINAL,FigureSkating,positive
GB,PERSON,olympics,negative
29%,PERCENT,olympics,negative
90%,PERCENT,olympics,negative
one,CARDINAL,olympics,negative
FS,ORG,FigureSkating,positive
Meh,PERSON,olympics,negative
two,CARDINAL,FigureSkating,negative
Japanese,NORP,FigureSkating,negative
one,CARDINAL,FigureSkating,negative
Alysa,PERSON,FigureSkating,negative
Kaori,PERSON,FigureSkating,negative
tonight,TIME,FigureSkating,negative
Kaori,PERSON,FigureSkating,negative
only two,CARDINAL,FigureSkating,negative
Alysa,PERSON,FigureSkating,negative
the Winter Olympics,EVENT,olympics,positive
Emilien,ORG,biathlon,positive
every year,DATE,biathlon,positive
only 30,CARDINAL,biathlon,positive
two,CARDINAL,biathlon,positive
1,CARDINAL,FigureSkating,negative
2A,CARDINAL,FigureSkating,negative
HSI,ORG,olympics,negative
DHS > ICE,ORG,olympics,negative
HSI,ORG,olympics,negative
235,CARDINAL,olympics,negative
the United States,GPE,olympics,negative
90,CARDINAL,olympics,negative
more than 50,CARDINAL,olympics,negative
HSI,ORG,olympics,negative
the United States,GPE,olympics,negative
HSI,ORG,olympics,negative
RIP,ORG,skiing,positive
Alysa,PERSON,FigureSkating,positive
Alysa,PERSON,FigureSkating,positive
Alysa,PERSON,FigureSkating,positive
Alysa,PRODUCT,FigureSkating,positive
Alysa,PERSON,FigureSkating,positive
Japan,GPE,FigureSkating,positive
USA,GPE,FigureSkating,positive
US,GPE,FigureSkating,positive
Worlds,PERSON,FigureSkating,positive
the last 2 years,DATE,FigureSkating,positive
Olympic,EVENT,FigureSkating,positive
Beijing,GPE,FigureSkating,negative
one,CARDINAL,FigureSkating,positive
six,CARDINAL,FigureSkating,positive
French,NORP,biathlon,negative
Bulgarian,NORP,biathlon,negative
Latvian,NORP,biathlon,negative
Norwegian,NORP,biathlon,negative
Olympics,EVENT,biathlon,negative
ASAP,ORG,biathlon,negative
Bob,PERSON,biathlon,negative
9 Hours Left,WORK_OF_ART,olympics,positive
1,CARDINAL,Curling,positive
Italian,NORP,Curling,positive
2,CARDINAL,Curling,positive
Korey,PERSON,Curling,positive
Amos,PERSON,Curling,positive
3rd year in a row,DATE,biathlon,neutral
CBC,ORG,FigureSkating,neutral
Canada,GPE,FigureSkating,neutral
Ya,PERSON,hockey,negative
US,GPE,olympics,negative
Russia,GPE,olympics,negative
US,GPE,olympics,negative
Israel,GPE,olympics,negative
US,GPE,olympics,negative
UN,ORG,olympics,negative
Indian,NORP,FigureSkating,negative
13 years,DATE,FigureSkating,negative
American,NORP,olympics,positive
recent years,DATE,olympics,positive
12 years,DATE,olympics,positive
Olympics,EVENT,olympics,positive
4 summer,DATE,olympics,positive
One,CARDINAL,olympics,positive
3 to 10,CARDINAL,olympics,positive
one,CARDINAL,olympics,positive
8,CARDINAL,olympics,positive
50%,PERCENT,olympics,positive
Alyssa Liu,PERSON,olympics,neutral
Levi,PERSON,olympics,positive
only 1000,CARDINAL,olympics,positive
Ruka,PERSON,olympics,positive
GS,ORG,olympics,positive
Super-G,ORG,olympics,positive
Downhill,ORG,olympics,positive
"15, 16 years",DATE,FigureSkating,positive
Olympics,EVENT,FigureSkating,positive
12 hours,TIME,FigureSkating,neutral
Paris,GPE,olympics,positive
Milano-Cortina,GPE,olympics,positive
Alps,LOC,olympics,positive
two years,DATE,olympics,positive
2030,DATE,olympics,positive
2028,DATE,olympics,positive
Olympics,EVENT,olympics,positive
12 months,DATE,olympics,positive
winter,DATE,olympics,positive
the day,DATE,olympics,positive
one morning,TIME,olympics,positive
evening,TIME,olympics,positive
one,CARDINAL,olympics,positive
26,CARDINAL,olympics,negative
1926,DATE,olympics,negative
Russian,NORP,FigureSkating,neutral
Russia,GPE,FigureSkating,neutral
n’t,GPE,hockey,positive
SP,ORG,FigureSkating,negative
FS,ORG,FigureSkating,negative
Romeo,NORP,FigureSkating,positive
Juliet,NORP,FigureSkating,positive
Plushenko,PERSON,FigureSkating,positive
four,CARDINAL,FigureSkating,positive
NHL,ORG,hockey,neutral
Germany,GPE,biathlon,neutral
Austria,GPE,biathlon,neutral
Bronze,PERSON,biathlon,neutral
Norway,GPE,biathlon,neutral
Pichler,PERSON,biathlon,negative
Sweden,GPE,biathlon,negative
Elvira,ORG,biathlon,negative
2023,DATE,biathlon,negative
Swiss,NORP,Curling,neutral
500,MONEY,Curling,neutral
MacArthur Park,PERSON,FigureSkating,positive
Michael Tyllesen,PERSON,FigureSkating,positive
2030,DATE,olympics,negative
2034,DATE,olympics,negative
France,GPE,olympics,negative
La Plagne,ORG,olympics,negative
Utah,GPE,olympics,negative
Park City,GPE,olympics,negative
Voigt,PERSON,biathlon,positive
today,DATE,biathlon,positive
KILL,ORG,FigureSkating,negative
one,CARDINAL,Curling,negative
Norway,GPE,Curling,negative
US,GPE,Curling,negative
Kristen Ritter,PERSON,olympics,negative
Italian,NORP,olympics,negative
Kagiyama,PERSON,FigureSkating,neutral
Idk,PERSON,hockey,positive
Norway,GPE,olympics,positive
Olympics,EVENT,olympics,positive
Norwegian,NORP,olympics,positive
2030,DATE,olympics,positive
Nick Olesen,PERSON,hockey,negative
Fleurys,ORG,hockey,negative
Canada,GPE,hockey,negative
last May,DATE,hockey,negative
Belinda,NORP,FigureSkating,negative
Olly,PERSON,FigureSkating,negative
Deanna,ORG,FigureSkating,neutral
Broken,PERSON,olympics,negative
10 days later,DATE,olympics,negative
100%,PERCENT,olympics,negative
Jun,PERSON,FigureSkating,neutral
Shawshank Redemption,ORG,olympics,negative
Lisa,PERSON,biathlon,positive
10,CARDINAL,biathlon,positive
44th,ORDINAL,biathlon,positive
today,DATE,biathlon,positive
French,NORP,biathlon,positive
Swedes,NORP,biathlon,positive
Norway,GPE,biathlon,positive
Kirkeeide,GPE,biathlon,positive
Italy,GPE,biathlon,positive
American,NORP,olympics,positive
Olympics,EVENT,FigureSkating,positive
Olympic Worlds,PERSON,FigureSkating,positive
1,CARDINAL,FigureSkating,positive
Jason,PERSON,FigureSkating,positive
Jason,PERSON,FigureSkating,positive
the last 2 years,DATE,FigureSkating,positive
Trialeti Trophy,PERSON,FigureSkating,positive
FS,ORG,FigureSkating,positive
GP Finland,ORG,FigureSkating,positive
20,CARDINAL,FigureSkating,positive
Worlds,ORG,FigureSkating,positive
last year,DATE,FigureSkating,positive
Ilia,GPE,FigureSkating,positive
US,GPE,FigureSkating,positive
Olympics,EVENT,FigureSkating,positive
Max,PERSON,FigureSkating,positive
Andrew,PERSON,FigureSkating,positive
fourth,ORDINAL,FigureSkating,positive
Tomoki,GPE,FigureSkating,positive
Jacob,PERSON,FigureSkating,positive
second,ORDINAL,FigureSkating,positive
third,ORDINAL,FigureSkating,positive
Andrew,PERSON,FigureSkating,positive
Chad,PERSON,biathlon,negative
Canada,GPE,olympics,neutral
WtF,ORG,olympics,negative
#CBJ #,MONEY,olympics,negative
JohnnyHockey,PERSON,olympics,negative
Beijing,GPE,olympics,positive
Elvira,ORG,biathlon,negative
Bolshunov,NORP,skiing,positive
OGM,ORG,FigureSkating,neutral
AI,GPE,olympics,positive
first,ORDINAL,olympics,positive
one,CARDINAL,olympics,negative
Olympics,EVENT,FigureSkating,positive
three weeks,DATE,hockey,positive
the seconds,TIME,Curling,positive
Gimme Data,ORG,Curling,positive
ISU,ORG,FigureSkating,neutral
Youtube,PRODUCT,FigureSkating,neutral
first,ORDINAL,FigureSkating,neutral
Nazgûl,PERSON,olympics,neutral
FS v SP,ORG,FigureSkating,positive
FS,ORG,FigureSkating,positive
Milan Cortina,ORG,olympics,neutral
Damn Lewis,PERSON,FigureSkating,positive
Italy,GPE,Curling,negative
5 hours ago,TIME,Curling,negative
Canada,GPE,olympics,negative
Ontario,GPE,olympics,negative
a weekend,DATE,olympics,negative
1000,MONEY,olympics,negative
Jun,PERSON,FigureSkating,positive
3,CARDINAL,FigureSkating,positive
Ilia,GPE,FigureSkating,positive
Ilia,GPE,FigureSkating,positive
Yuma,PERSON,FigureSkating,positive
Adam,PERSON,FigureSkating,positive
this past season,DATE,FigureSkating,positive
Time,ORG,olympics,positive
Europe,LOC,olympics,positive
Asia,LOC,olympics,positive
North America,LOC,olympics,positive
Europe,LOC,olympics,positive
Paul,PERSON,FigureSkating,positive
Fear and Gibsob,WORK_OF_ART,FigureSkating,positive
Netflix,GPE,FigureSkating,positive
Evan,PERSON,FigureSkating,positive
4,CARDINAL,FigureSkating,positive
a week,DATE,FigureSkating,positive
first,ORDINAL,hockey,positive
Olympics,EVENT,hockey,positive
4,CARDINAL,hockey,positive
1/3,CARDINAL,hockey,positive
NHL,ORG,hockey,positive
Denmark,GPE,olympics,neutral
Jeremy Swayman,PERSON,olympics,neutral
tonight,TIME,olympics,neutral
2,CARDINAL,olympics,neutral
Americans,NORP,olympics,neutral
3,CARDINAL,olympics,neutral
about 2 and half minute,DATE,olympics,neutral
second,ORDINAL,olympics,neutral
Bates,PERSON,FigureSkating,negative
1453,DATE,hockey,positive
Constantinople,ORG,hockey,positive
Byzantines,ORG,hockey,positive
WC Curling,ORG,olympics,positive
Crown,PRODUCT,olympics,positive
this year,DATE,FigureSkating,positive
tuesday,DATE,FigureSkating,positive
today,DATE,FigureSkating,positive
Nolan Patrick,PERSON,hockey,negative
Canada,GPE,hockey,negative
2018,DATE,hockey,negative
2022,DATE,hockey,negative
Olympics,EVENT,hockey,negative
4,CARDINAL,hockey,negative
1,CARDINAL,hockey,negative
OT,ORG,hockey,negative
canada,GPE,Curling,positive
one,CARDINAL,Curling,positive
99%,PERCENT,Curling,positive
John Elway,PERSON,skiing,positive
ACL,ORG,skiing,positive
Four years,DATE,skiing,positive
two years,DATE,skiing,positive
16 years,DATE,skiing,positive
NFL,ORG,skiing,positive
ACL,ORG,skiing,positive
one,CARDINAL,skiing,positive
two,CARDINAL,olympics,negative
Olympics,EVENT,olympics,positive
USA,GPE,olympics,positive
USA,GPE,olympics,positive
CHEDDAR,GPE,olympics,negative
Italy,GPE,olympics,negative
Martha,PERSON,olympics,negative
3,CARDINAL,biathlon,positive
3,CARDINAL,biathlon,positive
America,GPE,olympics,positive
11,CARDINAL,olympics,positive
20,CARDINAL,olympics,positive
Science News Magazine,ORG,FigureSkating,positive
Olympic Synchronicity,ORG,olympics,positive
1980,DATE,olympics,positive
2010,DATE,olympics,positive
1,CARDINAL,olympics,positive
Mike Eruzione's,PERSON,olympics,positive
2,CARDINAL,olympics,positive
Vancouver Olympic Ice Hockey,ORG,olympics,positive
2,CARDINAL,olympics,positive
Paris,GPE,FigureSkating,positive
2008,DATE,FigureSkating,positive
Paris,GPE,FigureSkating,positive
Paris,GPE,FigureSkating,positive
the Grand Palais,FAC,FigureSkating,positive
equestrian,NORP,FigureSkating,positive
Versailles,WORK_OF_ART,FigureSkating,positive
Trusova,ORG,olympics,positive
Russian,NORP,olympics,positive
Sweden,GPE,hockey,neutral
Swiss,NORP,hockey,neutral
Winter Olympics,EVENT,olympics,neutral
more than 5,CARDINAL,olympics,neutral
2022,DATE,olympics,neutral
Estonia,GPE,olympics,positive
90%,PERCENT,FigureSkating,positive
Ilia,PERSON,FigureSkating,positive
Olympics,EVENT,FigureSkating,positive
the extra day,DATE,FigureSkating,positive
3 days,DATE,olympics,neutral
6 days,DATE,olympics,neutral
Olympic,EVENT,olympics,positive
a 15 years,DATE,FigureSkating,positive
kim,PERSON,FigureSkating,positive
south korea,GPE,FigureSkating,positive
Olympics,EVENT,olympics,positive
Norway,GPE,olympics,positive
Dutch,NORP,olympics,positive
Olympics,EVENT,olympics,positive
tomorrow,DATE,hockey,positive
afternoon,TIME,hockey,positive
Kennedy,PERSON,Curling,negative
first,ORDINAL,Curling,negative
Gallant,PERSON,Curling,negative
Donna Summers,PERSON,FigureSkating,negative
the Fire Bird,FAC,FigureSkating,negative
tonight,TIME,FigureSkating,negative
Liu,PERSON,FigureSkating,negative
Kaori,PERSON,FigureSkating,negative
last night,TIME,FigureSkating,negative
Paul,PERSON,FigureSkating,neutral
Hahah,PERSON,biathlon,negative
Beautifull,PERSON,olympics,neutral
llia,GPE,FigureSkating,positive
Sato,PERSON,FigureSkating,positive
200,CARDINAL,FigureSkating,positive
200,CARDINAL,FigureSkating,positive
Chloe Kim,PERSON,olympics,positive
years,DATE,biathlon,negative
6,CARDINAL,olympics,negative
canada,GPE,hockey,positive
Meh,PERSON,Curling,negative
today,DATE,biathlon,negative
151,CARDINAL,FigureSkating,positive
142,CARDINAL,FigureSkating,positive
First,ORDINAL,FigureSkating,positive
8,CARDINAL,FigureSkating,positive
NHL,ORG,hockey,neutral
16,CARDINAL,biathlon,positive
USA,GPE,hockey,neutral
Slovakia,ORG,hockey,neutral
Demitra,ORG,hockey,neutral
tonight,TIME,hockey,neutral
South Africa,GPE,olympics,neutral
Idk,PERSON,biathlon,negative
American,NORP,hockey,positive
Calgary,GPE,hockey,positive
Olympic,EVENT,olympics,neutral
Hockey Sweaters,PERSON,olympics,neutral
today,DATE,olympics,neutral
the lsat few days,DATE,olympics,neutral
2018,DATE,olympics,neutral
3rd,ORDINAL,olympics,neutral
Swedes,NORP,olympics,positive
Norwegian,NORP,olympics,positive
Dallas,GPE,hockey,positive
San Jose Sharks,GPE,hockey,positive
the Colorado Avalanche,FAC,hockey,positive
third,ORDINAL,hockey,positive
European,NORP,hockey,positive
Tokyo,GPE,FigureSkating,positive
Olympics,EVENT,FigureSkating,positive
2024,DATE,FigureSkating,positive
Latvian,NORP,hockey,positive
HS Riga,ORG,hockey,positive
Estonia,GPE,hockey,positive
Lithuania,GPE,hockey,positive
Ukraine,GPE,hockey,positive
the Alps Hockey Leauge,ORG,hockey,positive
ICEHL,ORG,hockey,positive
European,NORP,hockey,positive
Swedish,NORP,hockey,positive
IFK Mariehamn,ORG,hockey,positive
Åland,ORG,hockey,positive
KHL,ORG,hockey,positive
israel,GPE,olympics,positive
18,CARDINAL,hockey,neutral
cazzo cannelloni,PERSON,hockey,neutral
March 6th,DATE,olympics,neutral
2,CARDINAL,olympics,negative
Vincent Boily,PERSON,olympics,negative
Canada,GPE,olympics,negative
Elvira,ORG,biathlon,positive
Sweden,GPE,biathlon,positive
Elvira,ORG,biathlon,positive
4 years,DATE,biathlon,positive
ET,PERSON,olympics,positive
U.S.,GPE,olympics,positive
Slaf,ORG,hockey,positive
this season,DATE,hockey,positive
Ray Gunn,PERSON,olympics,neutral
Kennedy,PERSON,Curling,negative
two decades,DATE,Curling,negative
Oskar,PERSON,Curling,negative
Kennedy,PERSON,Curling,negative
15,CARDINAL,olympics,neutral
7,CARDINAL,olympics,neutral
12,CARDINAL,olympics,neutral
last summer,DATE,olympics,neutral
Olympics,EVENT,olympics,neutral
17,CARDINAL,olympics,neutral
🏅,DATE,FigureSkating,neutral
this season,DATE,FigureSkating,positive
a little while ago,DATE,FigureSkating,positive
morning,TIME,FigureSkating,positive
one,CARDINAL,FigureSkating,positive
AirPod,ORG,FigureSkating,positive
One,CARDINAL,FigureSkating,positive
Canada,GPE,olympics,negative
10,CARDINAL,olympics,negative
the Winter Olympics,EVENT,olympics,negative
the Summer Olympics,EVENT,olympics,negative
winter,DATE,olympics,negative
Ilia,PERSON,olympics,negative
yeh,PERSON,biathlon,positive
Switzerland,GPE,biathlon,positive
Czechia,GPE,biathlon,positive
USA,GPE,biathlon,positive
3,CARDINAL,biathlon,positive
finland,GPE,biathlon,positive
Italy,GPE,olympics,positive
the Winter Olympics 3,EVENT,olympics,positive
one,CARDINAL,olympics,positive
only 12,CARDINAL,olympics,positive
every Winter Olympics,EVENT,olympics,positive
Rule 4,LAW,FigureSkating,negative
4,CARDINAL,FigureSkating,negative
XYZ,PERSON,FigureSkating,negative
ABC,ORG,FigureSkating,negative
XYZ,PERSON,FigureSkating,negative
four,CARDINAL,FigureSkating,negative
3 day,DATE,FigureSkating,negative
first,ORDINAL,FigureSkating,negative
second,ORDINAL,FigureSkating,negative
third,ORDINAL,FigureSkating,negative
Russia,GPE,biathlon,positive
7,CARDINAL,biathlon,positive
FIS Men's,ORG,biathlon,positive
IBU,ORG,biathlon,positive
4,CARDINAL,biathlon,positive
Ukraine,GPE,biathlon,positive
Italy,GPE,biathlon,positive
23,CARDINAL,biathlon,positive
Biathlon,ORG,biathlon,positive
Cross Country,ORG,biathlon,positive
XC,GPE,biathlon,positive
2,CARDINAL,biathlon,positive
Norway,GPE,biathlon,positive
FIS,ORG,biathlon,positive
the day,DATE,biathlon,positive
Every day,DATE,biathlon,positive
the last 5 years,DATE,biathlon,positive
Norway,GPE,biathlon,positive
last weekend,DATE,biathlon,positive
10,CARDINAL,biathlon,positive
1,CARDINAL,biathlon,positive
20 seconds,TIME,biathlon,positive
France,GPE,biathlon,positive
4,CARDINAL,biathlon,positive
10 seconds,TIME,biathlon,positive
last weekend,DATE,biathlon,positive
Frey,ORG,biathlon,positive
80%,PERCENT,biathlon,positive
Arnekleiv,GPE,biathlon,neutral
Sturla,PERSON,biathlon,positive
4 medals,QUANTITY,biathlon,positive
4,CARDINAL,biathlon,positive
Olympics,EVENT,olympics,negative
Olympics,EVENT,olympics,negative
John Williams,PERSON,olympics,negative
Swiss,NORP,Curling,negative
Ilia,GPE,FigureSkating,negative
Yuma,PERSON,FigureSkating,negative
Ilia,PERSON,FigureSkating,negative
Ilia,GPE,FigureSkating,negative
Paris,GPE,olympics,positive
French,NORP,olympics,positive
Today,DATE,olympics,positive
russian,NORP,FigureSkating,negative
Olympic,EVENT,FigureSkating,positive
2008,DATE,FigureSkating,positive
Beune,ORG,olympics,positive
Takagi,ORG,olympics,positive
1.500,CARDINAL,olympics,positive
second,ORDINAL,olympics,positive
Beune,ORG,olympics,positive
Dutchies,NORP,olympics,positive
2,CARDINAL,olympics,positive
Takagi,NORP,olympics,positive
Groenewoud,PERSON,olympics,positive
this season,DATE,olympics,positive
One,CARDINAL,Curling,positive
Czech,NORP,Curling,positive
Czech,NORP,Curling,positive
Frank,PERSON,olympics,positive
two,CARDINAL,olympics,positive
7,CARDINAL,olympics,positive
Canadian,NORP,olympics,positive
one eighth,CARDINAL,olympics,neutral
The Jack Hughes,PERSON,olympics,positive
Donny,ORG,olympics,positive
Epstein,PERSON,olympics,positive
3rd,ORDINAL,FigureSkating,positive
Ilia,PERSON,FigureSkating,positive
Japan,GPE,FigureSkating,positive
Team Gold,ORG,FigureSkating,positive
Olympics,EVENT,olympics,positive
Breezy Johnson,PERSON,olympics,positive
another 4 years,DATE,Curling,positive
IOC,ORG,olympics,positive
Olympic,EVENT,olympics,positive
Olympics,EVENT,olympics,positive
Olympics,EVENT,olympics,positive
Lol 😄,PERSON,FigureSkating,positive
Nathan Chen,PERSON,olympics,positive
Bravissimo,PERSON,olympics,neutral
Maren,PERSON,biathlon,positive
Pavel Datayuk,PERSON,hockey,positive
Gubanova FS,ORG,FigureSkating,positive
G/F RD,ORG,FigureSkating,positive
F/G FD,ORG,FigureSkating,positive
Charlene’s FD,ORG,FigureSkating,positive
Diana’s FD,ORG,FigureSkating,positive
Laurence’s FD,ORG,FigureSkating,positive
Morning,TIME,olympics,positive
Nathan,PERSON,FigureSkating,positive
4A,CARDINAL,FigureSkating,positive
only 3,CARDINAL,FigureSkating,positive
3,CARDINAL,FigureSkating,positive
PCS,ORG,FigureSkating,positive
Saturday,DATE,FigureSkating,positive
Iraq,GPE,olympics,negative
tonight,TIME,olympics,negative
Canadians,NORP,Curling,negative
Curling,ORG,Curling,negative
Mens,PERSON,olympics,neutral
Biathlon,NORP,olympics,neutral
"Standing

Gold",ORG,olympics,neutral
canada,GPE,olympics,neutral
Bronze,GPE,olympics,neutral
Germany,GPE,olympics,neutral
Mens para Snowboard,ORG,olympics,neutral
italy,GPE,olympics,neutral
australia,GPE,olympics,neutral
South korea,GPE,olympics,neutral
🕯🕯🕯🕯🕯🕯,PRODUCT,FigureSkating,neutral
2,CARDINAL,olympics,positive
4th,ORDINAL,olympics,positive
yesterday,DATE,olympics,positive
Finnish,NORP,olympics,positive
today,DATE,olympics,positive
russians,NORP,olympics,negative
2018,DATE,olympics,neutral
2024,DATE,olympics,neutral
"Gangwon Winter Youth Olympics

Milano Cortina 2026",ORG,olympics,neutral
2028,DATE,olympics,neutral
Italy Winter Youth Olympics,ORG,olympics,neutral
2022,CARDINAL,FigureSkating,positive
Russia,GPE,FigureSkating,positive
Petrosian,NORP,FigureSkating,positive
Alyssa,PERSON,FigureSkating,positive
USA,GPE,FigureSkating,positive
Amber,ORG,FigureSkating,positive
Erik Lesser,PERSON,biathlon,negative
Eastern Europeans,NORP,FigureSkating,positive
15 centuries,DATE,FigureSkating,positive
Russia,GPE,FigureSkating,positive
Ukrainians,NORP,FigureSkating,positive
Asian,NORP,FigureSkating,positive
one,CARDINAL,FigureSkating,positive
Israel,GPE,FigureSkating,positive
three,CARDINAL,hockey,positive
U.S.,GPE,olympics,negative
Houston,GPE,olympics,negative
first,ORDINAL,olympics,negative
Georgian,NORP,olympics,negative
Nodar Kumaritashvili,PERSON,olympics,negative
2010,DATE,olympics,negative
Winter Olympics,EVENT,olympics,negative
first,ORDINAL,olympics,negative
Olympics,EVENT,olympics,negative
OT,GPE,hockey,positive
U.S.,GPE,olympics,negative
all week,DATE,Curling,positive
Homan,PERSON,Curling,positive
Jacobs,ORG,Curling,positive
Canadian,NORP,Curling,positive
American,NORP,olympics,positive
Norway,GPE,Curling,negative
First,ORDINAL,Curling,positive
one,CARDINAL,Curling,positive
Second,ORDINAL,Curling,positive
Olympic,EVENT,Curling,positive
Fairplex,PERSON,olympics,positive
LA,GPE,olympics,positive
every year,DATE,olympics,positive
9000,CARDINAL,olympics,positive
months ago,DATE,FigureSkating,positive
two,CARDINAL,FigureSkating,negative
Trusova,ORG,FigureSkating,negative
2022,DATE,FigureSkating,negative
FS,ORG,FigureSkating,negative
Trusova,ORG,FigureSkating,negative
PCS,ORG,FigureSkating,negative
88.50,CARDINAL,FigureSkating,negative
PCS,ORG,FigureSkating,negative
2026,DATE,FigureSkating,negative
TSS,ORG,FigureSkating,negative
194.66,CARDINAL,FigureSkating,negative
8.29,CARDINAL,FigureSkating,negative
2026,DATE,FigureSkating,negative
Stephen Gogolev,PERSON,FigureSkating,negative
186.37,CARDINAL,FigureSkating,negative
PCS,ORG,FigureSkating,negative
80.22,CARDINAL,FigureSkating,negative
second,ORDINAL,FigureSkating,negative
2026,DATE,FigureSkating,negative
season2526,PERSON,FigureSkating,negative
Ilia Malinin,PERSON,FigureSkating,negative
Germany,GPE,olympics,positive
10,CARDINAL,olympics,positive
December,DATE,olympics,negative
two,CARDINAL,olympics,negative
first,ORDINAL,olympics,negative
one,CARDINAL,olympics,negative
6 weeks,DATE,olympics,negative
5kg,QUANTITY,olympics,negative
7 weeks,DATE,olympics,negative
2kg,QUANTITY,olympics,negative
9 weeks,DATE,olympics,negative
10-15 degrees,QUANTITY,olympics,negative
100%,PERCENT,olympics,negative
🤝,ORG,olympics,negative
Claude,PERSON,biathlon,negative
Jacquelin,PERSON,biathlon,negative
QFM,ORG,biathlon,negative
Norwegians,NORP,biathlon,negative
CZE,ORG,olympics,positive
Russia,GPE,FigureSkating,negative
Alyssa,PERSON,FigureSkating,negative
U.S.,GPE,hockey,positive
Olympics,EVENT,hockey,positive
Gretzky,PERSON,hockey,negative
3000,CARDINAL,hockey,negative
skill mismatch,PERSON,hockey,negative
2000,DATE,hockey,negative
Canadian,NORP,Curling,positive
Canadian,NORP,Curling,positive
2,CARDINAL,Curling,positive
Canada,GPE,Curling,positive
Homan,PERSON,Curling,positive
Jones,PERSON,Curling,positive
Jill Officer,PERSON,Curling,positive
Dawn Askin,PERSON,Curling,positive
Cathy,PERSON,Curling,positive
2005-2010,DATE,Curling,positive
Jones,PERSON,Curling,positive
2014,DATE,Curling,positive
a year,DATE,Curling,positive
Homan,PERSON,Curling,positive
australian,NORP,hockey,negative
4 years,DATE,Curling,positive
coulda,PERSON,Curling,positive
5,CARDINAL,Curling,positive
first,ORDINAL,Curling,positive
USonians,NORP,olympics,negative
France,GPE,FigureSkating,positive
Russia,GPE,FigureSkating,negative
US,GPE,FigureSkating,negative
US,GPE,FigureSkating,negative
the Olympic Charter,LAW,FigureSkating,negative
the Second World War,EVENT,FigureSkating,negative
Russia,GPE,FigureSkating,negative
US,GPE,FigureSkating,negative
WADA,ORG,FigureSkating,negative
Canada,GPE,FigureSkating,negative
Western,NORP,FigureSkating,negative
US,GPE,FigureSkating,negative
2,CARDINAL,olympics,negative
Wheelchair,ORG,olympics,negative
2,CARDINAL,olympics,negative
Paralympic,GPE,olympics,negative
first,ORDINAL,olympics,negative
Olympic,EVENT,olympics,negative
UK,GPE,olympics,negative
three,CARDINAL,olympics,negative
European,NORP,olympics,negative
Africa,LOC,olympics,negative
Asia,LOC,olympics,negative
Idk,PERSON,olympics,negative
Americans,NORP,olympics,negative
Ellie,PERSON,FigureSkating,positive
Love,WORK_OF_ART,FigureSkating,positive
Ryuchi,PERSON,olympics,positive
Riku,ORG,olympics,positive
Italian,NORP,olympics,positive
the next half hour,TIME,olympics,positive
second,ORDINAL,olympics,positive
Wheelchair Curling,ORG,olympics,neutral
Japan,GPE,FigureSkating,negative
Japanese,NORP,FigureSkating,negative
yesterday,DATE,FigureSkating,negative
today,DATE,FigureSkating,negative
the past 36 hours,TIME,FigureSkating,negative
Jürgen,ORG,olympics,neutral
Minus-9 goal,PERSON,hockey,positive
1st,ORDINAL,hockey,positive
Canada,GPE,Curling,positive
Canada,GPE,Curling,positive
Eric Perrot,PERSON,olympics,positive
Beijing,GPE,olympics,positive
Preuß,PERSON,olympics,positive
the summer,DATE,olympics,positive
this year,DATE,olympics,positive
first,ORDINAL,olympics,positive
Olympic,GPE,olympics,positive
first,ORDINAL,olympics,positive
two,CARDINAL,olympics,positive
first,ORDINAL,olympics,positive
the World Championships,EVENT,olympics,positive
82,CARDINAL,hockey,positive
4,CARDINAL,hockey,positive
Olympics,EVENT,hockey,positive
Canadian,NORP,hockey,positive
Olympian,NORP,hockey,positive
USA Women's,ORG,olympics,positive
Italians,NORP,biathlon,positive
Fondo Italia,ORG,biathlon,positive
\[machine,ORG,biathlon,positive
World Cup,EVENT,biathlon,positive
four years ago,DATE,biathlon,positive
14th,ORDINAL,biathlon,positive
Sunday,DATE,biathlon,positive
Today,DATE,biathlon,positive
three,CARDINAL,biathlon,positive
Sweden,GPE,hockey,positive
American,NORP,hockey,positive
2006,DATE,hockey,positive
Canada,GPE,hockey,positive
40,CARDINAL,hockey,positive
USA,GPE,hockey,positive
Americans,NORP,hockey,positive
O.T.,GPE,hockey,positive
Canada,GPE,hockey,positive
Theodore,PERSON,hockey,positive
Americans,NORP,hockey,positive
McDavid,NORP,hockey,positive
9,CARDINAL,olympics,negative
Australia,GPE,olympics,negative
Olympics,EVENT,olympics,negative
GAF,ORG,olympics,negative
Brits,NORP,olympics,neutral
the 1st end,DATE,olympics,neutral
French,NORP,biathlon,positive
Norwegians,NORP,biathlon,positive
Bias,PERSON,hockey,negative
Misa,PERSON,hockey,negative
Dickinson,PERSON,hockey,negative
days later,DATE,olympics,positive
Vonn,GPE,olympics,positive
a day,DATE,olympics,positive
Ilia,GPE,olympics,positive
Loser,PERSON,olympics,negative
edin vs mouat vs,PERSON,Curling,negative
Jacobs,ORG,Curling,negative
50/50,CARDINAL,Curling,negative
first,ORDINAL,Curling,negative
Canada,GPE,Curling,negative
years,DATE,Curling,negative
Lawes,PERSON,Curling,negative
Canada,GPE,Curling,negative
Olympics,EVENT,biathlon,neutral
Bjoerndalen,GPE,biathlon,neutral
Domracheva,GPE,biathlon,neutral
Martin Fourcade,PERSON,biathlon,positive
Guy,PERSON,biathlon,positive
Lia,PERSON,FigureSkating,positive
Trennt,PERSON,FigureSkating,positive
woww,ORG,FigureSkating,positive
Olympics,EVENT,olympics,positive
Italy,GPE,olympics,positive
Alps,LOC,olympics,positive
59 million,CARDINAL,olympics,positive
25th,ORDINAL,olympics,positive
Netherlands,GPE,olympics,positive
both latest Summer,DATE,olympics,positive
Winter Olympics,EVENT,olympics,positive
Italy,GPE,olympics,positive
Kash Patel,PERSON,olympics,positive
7th,ORDINAL,Curling,neutral
RussiaHer,ORG,FigureSkating,negative
Russia,GPE,FigureSkating,negative
first,ORDINAL,olympics,positive
Olympics,EVENT,olympics,positive
first,ORDINAL,olympics,positive
Ilia,GPE,FigureSkating,neutral
Nazgul,GPE,olympics,negative
European,NORP,olympics,positive
Spain,GPE,olympics,positive
Netherlands,GPE,olympics,positive
18 million,CARDINAL,olympics,positive
South Korea,GPE,olympics,positive
51 million,CARDINAL,olympics,positive
Norway,GPE,olympics,positive
4,CARDINAL,olympics,positive
the previous summer,DATE,olympics,positive
scandinavian,NORP,olympics,positive
some years,DATE,FigureSkating,positive
Chiddy,PERSON,FigureSkating,positive
Indians,NORP,FigureSkating,positive
India,GPE,FigureSkating,positive
Hollywood,GPE,FigureSkating,positive
Bollywood,ORG,FigureSkating,positive
Sofia Vergara,PERSON,FigureSkating,positive
millions,CARDINAL,FigureSkating,positive
Indian,NORP,FigureSkating,positive
One,CARDINAL,FigureSkating,positive
Indian,NORP,FigureSkating,positive
Tchaikovsky,GPE,FigureSkating,positive
Indian,NORP,FigureSkating,positive
Japanese,NORP,FigureSkating,negative
IOC,ORG,FigureSkating,negative
Japan,GPE,FigureSkating,negative
Italy,GPE,FigureSkating,negative
U.S.,GPE,FigureSkating,negative
Julia Simon,PERSON,biathlon,positive
Lou Jeanmonnot,PERSON,biathlon,positive
Maren Kirkeeide,PERSON,biathlon,positive
Lisa Vittozzi,PERSON,biathlon,positive
Magnusson,PERSON,biathlon,positive
Dorothea Wierer,PERSON,biathlon,positive
Justine Braisaz-Bouchet,PERSON,biathlon,positive
Paulina,GPE,biathlon,positive
Batovska,GPE,biathlon,positive
Great Britain's,GPE,olympics,positive
Celebrini,PERSON,hockey,negative
MacKinnln,ORG,hockey,negative
MacKinnon,ORG,hockey,negative
Glad,PERSON,hockey,positive
Daniil,PRODUCT,FigureSkating,negative
Friday,DATE,biathlon,positive
Vetles,GPE,biathlon,positive
Ruhpolding,GPE,biathlon,positive
sunday,DATE,biathlon,positive
2h,CARDINAL,biathlon,positive
French,NORP,biathlon,positive
the day,DATE,biathlon,positive
JBB,PERSON,biathlon,positive
the day before,DATE,biathlon,positive
Halvarsson,PERSON,biathlon,positive
100%,PERCENT,biathlon,positive
Linn,GPE,biathlon,positive
2006,DATE,biathlon,positive
Ya,PERSON,biathlon,positive
10th,ORDINAL,biathlon,positive
the Women’s Individual,ORG,biathlon,positive
the Olympic Games,EVENT,biathlon,positive
Herrmann-Wick,ORG,biathlon,positive
GER,ORG,biathlon,positive
first,ORDINAL,biathlon,positive
1992,DATE,biathlon,positive
Myriam Bédard,PERSON,biathlon,positive
first,ORDINAL,biathlon,positive
North American,NORP,biathlon,positive
Bronze,PERSON,biathlon,positive
1994,DATE,biathlon,positive
Olympic Champion,WORK_OF_ART,biathlon,positive
Two,CARDINAL,biathlon,positive
2,CARDINAL,biathlon,positive
Uschi Disl,ORG,biathlon,positive
GER,ORG,biathlon,positive
2,CARDINAL,biathlon,positive
Bronze,GPE,biathlon,positive
"1994, 1998",DATE,biathlon,positive
Darya Domracheva,PERSON,biathlon,positive
BLR,ORG,biathlon,positive
2014,DATE,biathlon,positive
Bronze,PERSON,biathlon,positive
2010,DATE,biathlon,positive
Germany,GPE,biathlon,positive
3,CARDINAL,biathlon,positive
1992,DATE,biathlon,positive
2002,DATE,biathlon,positive
2022,DATE,biathlon,positive
Herrmann-Wick,ORG,biathlon,positive
2014,DATE,biathlon,positive
9,CARDINAL,biathlon,positive
Domracheva,GPE,biathlon,positive
S. Gasparin,PERSON,biathlon,positive
Skardino,GPE,biathlon,positive
BLR,ORG,biathlon,positive
H. Öberg,PERSON,biathlon,positive
Kuzmin,PERSON,biathlon,positive
Eriksson,ORG,Curling,positive
Sondre,PERSON,biathlon,neutral
Pursuit,ORG,biathlon,neutral
Olympics,EVENT,biathlon,positive
Canada,GPE,Curling,neutral
Germany,GPE,Curling,neutral
Casper,GPE,Curling,positive
first,ORDINAL,Curling,positive
Lilah,ORG,FigureSkating,negative
selfie,ORG,olympics,positive
Worlds,PERSON,FigureSkating,positive
2025,DATE,FigureSkating,positive
MacArthur Park,FAC,FigureSkating,positive
this past year,DATE,FigureSkating,positive
Alysa,PERSON,FigureSkating,positive
MacArthur Park,FAC,FigureSkating,positive
first,ORDINAL,FigureSkating,positive
Michelle Kwan,PERSON,FigureSkating,positive
Olympics,EVENT,FigureSkating,positive
Alysa Liu,PERSON,FigureSkating,positive
Danny,PERSON,FigureSkating,neutral
🌋,PERSON,snowboarding,neutral
Covid 19,PERSON,olympics,positive
Olympics,EVENT,olympics,positive
two,CARDINAL,olympics,positive
Idk,PERSON,hockey,positive
nearly 50 years,DATE,hockey,positive
Canada,GPE,hockey,positive
Alyssa,PERSON,FigureSkating,positive
half,CARDINAL,FigureSkating,positive
Russian,NORP,FigureSkating,positive
Markéta Davidová's,PERSON,biathlon,negative
Boyang Jin's,PERSON,FigureSkating,negative
Boyang,PERSON,FigureSkating,negative
MIA,ORG,FigureSkating,negative
2024/2025 season,DATE,FigureSkating,negative
2022-2023,DATE,FigureSkating,negative
the first season,DATE,FigureSkating,negative
American,NORP,olympics,negative
-1,ORG,FigureSkating,positive
hahaha,PERSON,olympics,positive
Skeleton,GPE,olympics,negative
Kinda,GPE,olympics,negative
2,CARDINAL,olympics,negative
german,NORP,olympics,negative
german,NORP,olympics,negative
Fridays 9am,TIME,olympics,negative
less than 10k,CARDINAL,olympics,negative
Youtube,GPE,olympics,negative
Bobsleigh,ORG,olympics,negative
9am,TIME,olympics,negative
5,CARDINAL,FigureSkating,positive
russia,GPE,olympics,negative
Olympics,EVENT,Curling,positive
Covid,PERSON,Curling,positive
only 6,CARDINAL,Curling,positive
one,CARDINAL,Curling,positive
8,CARDINAL,Curling,positive
two year,DATE,Curling,positive
this year,DATE,Curling,positive
Peterson,PERSON,Curling,positive
the last couple seasons,DATE,Curling,positive
Kim,PERSON,Curling,positive
Barkov,PERSON,hockey,positive
IOC,ORG,olympics,positive
Trump,ORG,olympics,positive
Olympic,PERSON,olympics,positive
Ingrid,ORG,biathlon,positive
Arnekleiv,GPE,biathlon,positive
Ingrid,ORG,biathlon,positive
Ingrid,FAC,biathlon,positive
30,CARDINAL,biathlon,positive
German,NORP,olympics,neutral
four year,DATE,biathlon,positive
Olympic,DATE,biathlon,positive
Olympic,PERSON,biathlon,positive
this season,DATE,FigureSkating,neutral
year,DATE,hockey,positive
2,CARDINAL,hockey,positive
10,CARDINAL,hockey,positive
North American,NORP,hockey,positive
Americans,NORP,hockey,positive
Japan,GPE,FigureSkating,positive
China,GPE,Curling,negative
Heartbreaker,ORG,Curling,negative
3-2,CARDINAL,Curling,negative
Switzerland,GPE,hockey,positive
summer,DATE,hockey,positive
winter,DATE,hockey,positive
winter,DATE,hockey,positive
Olympics,EVENT,hockey,positive
Olympics,EVENT,olympics,positive
Trump,ORG,hockey,negative
Europeans,NORP,hockey,negative
Middle East,LOC,hockey,negative
Congress,ORG,hockey,negative
Trump,PERSON,hockey,negative
George w bush,PERSON,hockey,negative
dick Cheney,PERSON,hockey,negative
today,DATE,hockey,negative
Gallant,PERSON,Curling,negative
R8e,PERSON,Curling,negative
Visa,PERSON,olympics,positive
PGS,ORG,snowboarding,positive
next year,DATE,snowboarding,positive
U18s,PRODUCT,hockey,positive
Canada,GPE,hockey,positive
U.S.,GPE,hockey,positive
TSN,ORG,hockey,positive
400,CARDINAL,olympics,negative
400,CARDINAL,olympics,negative
France,GPE,olympics,negative
Petrosian,NORP,olympics,neutral
6th,ORDINAL,olympics,neutral
Olympic,GPE,olympics,positive
2,CARDINAL,olympics,positive
Ilia Malinin,PERSON,olympics,positive
Saturday,DATE,olympics,positive
Sally,PERSON,olympics,positive
around noon,TIME,FigureSkating,negative
🤣,EVENT,FigureSkating,negative
Olympics,EVENT,FigureSkating,positive
Ron,PERSON,hockey,positive
winter,DATE,FigureSkating,positive
one,CARDINAL,biathlon,negative
two,CARDINAL,biathlon,negative
a ton,QUANTITY,biathlon,negative
Olympics,EVENT,biathlon,neutral
algb,GPE,biathlon,neutral
a bad 2 weeks,DATE,olympics,positive
GS,ORG,olympics,positive
Matthews,PERSON,hockey,positive
The Quad Fraud,PERSON,olympics,negative
wang,PERSON,FigureSkating,positive
liu,PERSON,FigureSkating,positive
2026,DATE,FigureSkating,positive
Liu,PERSON,FigureSkating,positive
2022,DATE,FigureSkating,positive
Olympic,PERSON,FigureSkating,positive
12,DATE,FigureSkating,positive
13,CARDINAL,FigureSkating,positive
2021,DATE,FigureSkating,positive
Stockholm,GPE,FigureSkating,positive
Boyang,PERSON,FigureSkating,positive
Canada,GPE,FigureSkating,positive
two,CARDINAL,FigureSkating,positive
Team China,ORG,FigureSkating,positive
18-year-old,DATE,FigureSkating,positive
Ruiyang Zhang,PERSON,FigureSkating,positive
30,DATE,FigureSkating,positive
2018,DATE,FigureSkating,positive
Boyang Jin's,PERSON,FigureSkating,positive
28,DATE,FigureSkating,positive
second,ORDINAL,FigureSkating,positive
Kevin Aymoz,PERSON,FigureSkating,positive
2016-2018,DATE,FigureSkating,positive
2026,DATE,FigureSkating,positive
ten yea,TIME,FigureSkating,positive
Italy,GPE,hockey,negative
Magot,ORG,hockey,positive
Dylan Larkin,PERSON,hockey,positive
Detroit,GPE,hockey,positive
three,CARDINAL,olympics,neutral
third,ORDINAL,FigureSkating,neutral
2nd,ORDINAL,FigureSkating,neutral
Alysa,PERSON,FigureSkating,positive
Alysa,PERSON,FigureSkating,positive
Alysa,PERSON,FigureSkating,positive
first,ORDINAL,Curling,positive
Olympics,EVENT,Curling,positive
Olympics,EVENT,Curling,positive
Vancouver,GPE,Curling,positive
Olympics,EVENT,Curling,positive
Lou,PERSON,biathlon,positive
tomorrow,DATE,biathlon,positive
Preuß,PERSON,biathlon,positive
the 2nd or 3rd,DATE,biathlon,positive
Voigt,PERSON,biathlon,positive
Paul Mcartney,PERSON,olympics,neutral
London,GPE,olympics,neutral
IOC,ORG,olympics,neutral
Youtube,PRODUCT,olympics,neutral
3,CARDINAL,FigureSkating,positive
Italians,NORP,FigureSkating,positive
the last three years,DATE,FigureSkating,positive
Olympic,EVENT,FigureSkating,positive
National,ORG,FigureSkating,positive
🇩🇪❤️🛷,PERSON,olympics,neutral
13,CARDINAL,FigureSkating,neutral
this season,DATE,FigureSkating,neutral
Google,ORG,hockey,positive
Pixel,PERSON,hockey,positive
10,CARDINAL,hockey,positive
Android,ORG,hockey,positive
Sasha,PERSON,FigureSkating,positive
Olympics,EVENT,FigureSkating,positive
Russia,GPE,FigureSkating,positive
Neutral,ORG,FigureSkating,positive
Beijing,GPE,FigureSkating,positive
first,ORDINAL,olympics,neutral
Olympics,EVENT,olympics,neutral
Olympics,EVENT,olympics,neutral
Lillehammer,GPE,olympics,neutral
Aksel Lund Svindal,PERSON,skiing,negative
2,CARDINAL,olympics,negative
Canada,GPE,olympics,negative
3,CARDINAL,olympics,negative
3,CARDINAL,Curling,positive
2,CARDINAL,Curling,positive
1,CARDINAL,Curling,positive
95%,PERCENT,Curling,positive
Finlandia Trophy,PERSON,FigureSkating,positive
last 10k,DATE,olympics,positive
BP,ORG,olympics,positive
ISU,ORG,FigureSkating,neutral
6th,ORDINAL,olympics,negative
School and Uni,ORG,olympics,negative
less than 2 months,DATE,olympics,negative
LLM,ORG,Curling,positive
Olympic,EVENT,Curling,positive
this year,DATE,FigureSkating,positive
Molfar Intelligence Institute,ORG,FigureSkating,positive
Ukraine,GPE,FigureSkating,positive
Olympic Committee,ORG,FigureSkating,positive
CBC,ORG,olympics,neutral
a ton,QUANTITY,olympics,neutral
Youtube,ORG,olympics,neutral
Lake Placid,GPE,olympics,neutral
Sochi 2014,ORG,biathlon,neutral
PCS,ORG,FigureSkating,negative
Malinin,PERSON,FigureSkating,negative
5,CARDINAL,FigureSkating,negative
8th,ORDINAL,FigureSkating,negative
15th,ORDINAL,FigureSkating,negative
8th,ORDINAL,FigureSkating,negative
timey,NORP,hockey,neutral
Eileen,PERSON,skiing,positive
Sofia,GPE,FigureSkating,positive
Alysa,PERSON,FigureSkating,positive
last year,DATE,FigureSkating,positive
Amber,PRODUCT,FigureSkating,positive
Kaori,PERSON,FigureSkating,positive
overnight,TIME,FigureSkating,positive
Olympic,EVENT,FigureSkating,positive
Beijing,GPE,FigureSkating,positive
Alysa,PERSON,FigureSkating,positive
Hofer,ORG,biathlon,positive
Sprint,ORG,biathlon,positive
a train some years ago,DATE,olympics,positive
Germany,GPE,hockey,negative
second,ORDINAL,hockey,negative
Swedish,NORP,hockey,negative
German,NORP,hockey,negative
4,CARDINAL,hockey,negative
Germans,NORP,hockey,negative
2,CARDINAL,hockey,negative
18,CARDINAL,hockey,negative
Montreal,GPE,hockey,positive
Crosby,ORG,hockey,positive
quarter,DATE,hockey,positive
US,GPE,FigureSkating,positive
Olympics,EVENT,FigureSkating,positive
two,CARDINAL,biathlon,neutral
two,CARDINAL,biathlon,neutral
LA,GPE,olympics,neutral
2 years,DATE,olympics,neutral
Botn and Giacomel,LOC,biathlon,positive
French,NORP,olympics,positive
100%,PERCENT,olympics,negative
Sondre Slettemark,PERSON,biathlon,neutral
Olympic,EVENT,biathlon,neutral
winter,DATE,Curling,neutral
Canada,GPE,Curling,neutral
September,DATE,Curling,neutral
October,DATE,Curling,neutral
March,DATE,Curling,neutral
Mike Tirico,PERSON,hockey,neutral
Agree Vancouver,PERSON,olympics,positive
recent decades,DATE,olympics,positive
PyeungChang,ORG,olympics,positive
Beijing,GPE,olympics,positive
Sochi,PERSON,olympics,positive
Milan,GPE,olympics,positive
Vancouver,GPE,olympics,positive
French,NORP,olympics,positive
Alps,LOC,olympics,positive
Utah,GPE,olympics,positive
Switzerland,GPE,olympics,positive
Quebec,GPE,olympics,positive
Montreal,GPE,olympics,positive
Quebec City,GPE,olympics,positive
Oscar Fisker-Mølgaard,PERSON,hockey,positive
20,CARDINAL,hockey,positive
Love,WORK_OF_ART,FigureSkating,positive
NHK,ORG,FigureSkating,positive
Norway,GPE,olympics,positive
Norway,GPE,olympics,positive
Bjørndalen,PERSON,biathlon,positive
4,CARDINAL,biathlon,positive
2002,DATE,biathlon,positive
first,ORDINAL,biathlon,positive
Emilien,ORG,biathlon,positive
fourth,ORDINAL,biathlon,positive
30,CARDINAL,biathlon,positive
two,CARDINAL,biathlon,positive
Edgars Mise,ORG,biathlon,positive
Rastorgujevs,PERSON,biathlon,positive
two minutes,TIME,biathlon,positive
Birkentāls,GPE,biathlon,positive
5,CARDINAL,biathlon,positive
four,CARDINAL,biathlon,positive
16-year old,DATE,biathlon,positive
Lozbers,ORG,biathlon,positive
Beijing,GPE,FigureSkating,positive
Hungarian,NORP,hockey,positive
Hungarian,NORP,hockey,positive
Hungarian,NORP,hockey,positive
two,CARDINAL,olympics,negative
2.5 years,DATE,olympics,negative
6 PM,TIME,FigureSkating,negative
iPlayer,NORP,FigureSkating,negative
two,CARDINAL,FigureSkating,negative
NEVER,ORG,FigureSkating,positive
Joyful,PERSON,FigureSkating,positive
FREE,ORG,FigureSkating,positive
3,CARDINAL,hockey,positive
"4, days",DATE,hockey,positive
four,CARDINAL,hockey,positive
tomorrow,DATE,FigureSkating,neutral
Ellie Kam,PERSON,FigureSkating,positive
Danny Oshea,PERSON,FigureSkating,positive
Canadian,NORP,olympics,positive
American,NORP,FigureSkating,neutral
Israel,GPE,FigureSkating,neutral
almost 250 years,DATE,Curling,positive
Hristova,ORG,biathlon,positive
Olympia,ORG,biathlon,positive
3rd,ORDINAL,biathlon,positive
Olympic,EVENT,biathlon,positive
first,ORDINAL,biathlon,positive
20 years,DATE,biathlon,positive
Bulgaria,GPE,biathlon,positive
11th,ORDINAL,biathlon,positive
Sprint,ORG,biathlon,positive
7,CARDINAL,biathlon,positive
Bulgaria,GPE,biathlon,positive
Turin,GPE,biathlon,positive
2006,DATE,biathlon,positive
Massstart,PERSON,biathlon,positive
14,DATE,biathlon,positive
Bulgarian,NORP,biathlon,positive
China,GPE,skiing,positive
winter,DATE,skiing,positive
Olympics,EVENT,skiing,positive
2 PM,TIME,olympics,neutral
Milan,GPE,olympics,neutral
Femke,WORK_OF_ART,olympics,positive
Camille,PERSON,biathlon,positive
Justine,PERSON,biathlon,positive
Justine,PERSON,biathlon,positive
Justine,PERSON,biathlon,positive
Justine,PERSON,biathlon,positive
Camille,PERSON,biathlon,positive
Justine,PERSON,biathlon,positive
four years ago,DATE,biathlon,positive
Camille,PERSON,biathlon,positive
Justine,PERSON,biathlon,positive
Camille,PERSON,biathlon,positive
Camille,PERSON,biathlon,positive
French,NORP,biathlon,positive
Justine,PERSON,biathlon,positive
Camille,PERSON,biathlon,positive
French,NORP,biathlon,positive
two,CARDINAL,FigureSkating,positive
Friday the 13th,DATE,FigureSkating,neutral
1980,DATE,hockey,positive
today,DATE,hockey,positive
Disney *Miracle*,ORG,hockey,positive
Soviets,NORP,hockey,positive
Afghanistan,GPE,hockey,positive
1998,DATE,hockey,positive
Olympic,FAC,hockey,positive
American,NORP,hockey,positive
US,GPE,hockey,positive
first,ORDINAL,hockey,positive
Olympic,EVENT,hockey,positive
Curling Canada,ORG,Curling,negative
Olympics,EVENT,Curling,negative
93rd,ORDINAL,biathlon,negative
8/20,CARDINAL,biathlon,negative
Antholz,GPE,biathlon,negative
4 years ago,DATE,biathlon,negative
today,DATE,biathlon,negative
Lisa Vittozzi,PERSON,biathlon,negative
World Cup,EVENT,biathlon,negative
World,EVENT,biathlon,negative
Olympic,EVENT,biathlon,negative
today,DATE,biathlon,negative
Switzerland,GPE,hockey,negative
Sweden,GPE,hockey,negative
Brits,NORP,olympics,positive
Skeleton,GPE,olympics,positive
Norwegian,NORP,olympics,negative
Google,ORG,FigureSkating,positive
Alysa,PERSON,FigureSkating,positive
Ami,PERSON,FigureSkating,positive
2010,DATE,hockey,positive
Doughty,GPE,hockey,positive
20 years,DATE,hockey,positive
every single year,DATE,hockey,positive
france,GPE,olympics,neutral
0,CARDINAL,FigureSkating,negative
0,CARDINAL,FigureSkating,negative
0,CARDINAL,FigureSkating,negative
-1,ORG,FigureSkating,negative
ISU,ORG,FigureSkating,negative
next season,DATE,FigureSkating,negative
France,GPE,FigureSkating,negative
2030,DATE,FigureSkating,negative
Canada,GPE,hockey,positive
Canada,GPE,hockey,positive
Quin,PERSON,hockey,positive
USA,GPE,hockey,positive
Hughes,ORG,hockey,positive
Canada,GPE,hockey,positive
Hanna Öberg,FAC,biathlon,negative
Swedish,NORP,biathlon,negative
Jeanmonnot-Simon-Vittozzi,ORG,biathlon,negative
Jeanmonnot,ORG,biathlon,negative
OMG,ORG,Curling,negative
three,CARDINAL,Curling,negative
TIME,ORG,Curling,negative
Jen,PERSON,Curling,negative
Mike,PERSON,Curling,negative
Georgia,GPE,FigureSkating,positive
1997,DATE,olympics,positive
European Grand Prix,LAW,olympics,positive
three,CARDINAL,olympics,positive
the day,DATE,skiing,neutral
Verona,GPE,skiing,neutral
Canadian,NORP,olympics,positive
one,CARDINAL,hockey,positive
Finn,PERSON,hockey,positive
Canada,GPE,hockey,positive
Canada,GPE,hockey,positive
first,ORDINAL,hockey,positive
CAN-FIN,ORG,hockey,positive
Canada,GPE,hockey,positive
Switzerland,GPE,hockey,positive
Sweden,GPE,hockey,positive
Mallorie,PERSON,olympics,positive
USA TODAY,ORG,olympics,positive
WhatsApp,ORG,olympics,positive
link](https://profile.usatoday.com,ORG,olympics,positive
the Lego Ferrari,FAC,FigureSkating,positive
Kamila,PERSON,FigureSkating,positive
fifteen,CARDINAL,FigureSkating,positive
Anna,PERSON,FigureSkating,positive
Sasha,GPE,FigureSkating,positive
17,CARDINAL,FigureSkating,positive
a thousand,CARDINAL,FigureSkating,positive
Ami,PERSON,FigureSkating,positive
3rd,ORDINAL,FigureSkating,positive
Ami,PERSON,FigureSkating,positive
Alysa,PERSON,FigureSkating,positive
Ami,PERSON,FigureSkating,positive
Ami,PERSON,FigureSkating,positive
Ami,PERSON,FigureSkating,positive
Amber,PERSON,FigureSkating,positive
Kaori,PERSON,FigureSkating,positive
Sweden,GPE,biathlon,positive
Olympics,EVENT,biathlon,positive
Antholz,ORG,biathlon,positive
the week,DATE,biathlon,positive
Mesto,PERSON,biathlon,positive
the past 4 years,DATE,biathlon,positive
Olympics,EVENT,biathlon,positive
Elvira Öberg,PERSON,biathlon,positive
Mixed,PERSON,biathlon,positive
Sweden,GPE,biathlon,positive
Central Europe,LOC,olympics,positive
LOH,PERSON,biathlon,positive
JEAN,ORG,biathlon,positive
first,ORDINAL,biathlon,positive
Nah,PERSON,hockey,negative
2,CARDINAL,hockey,positive
~5,CARDINAL,hockey,positive
USA,GPE,hockey,positive
Brändli,GPE,hockey,positive
Switzerland,GPE,hockey,positive
USA,GPE,hockey,positive
2042,DATE,olympics,negative
Nordic,NORP,olympics,negative
Binnington,ORG,hockey,positive
Paralympics,ORG,olympics,negative
Paralympic,GPE,olympics,negative
this year,DATE,olympics,positive
over a year,DATE,olympics,positive
last year,DATE,FigureSkating,positive
3,CARDINAL,olympics,positive
the day,DATE,FigureSkating,positive
Olympics,EVENT,FigureSkating,positive
trusova,PERSON,FigureSkating,positive
2022,DATE,FigureSkating,positive
Olympic,EVENT,biathlon,positive
Turin,GPE,biathlon,positive
'06,DATE,biathlon,positive
America,GPE,biathlon,positive
Hobbiest,ORG,olympics,positive
American,NORP,hockey,positive
27,CARDINAL,hockey,positive
China,GPE,olympics,positive
China,GPE,olympics,positive
this year,DATE,olympics,positive
American,NORP,olympics,positive
Bock,ORG,FigureSkating,positive
Ilia,GPE,FigureSkating,positive
Max,PERSON,FigureSkating,positive
4,CARDINAL,olympics,positive
China,GPE,olympics,positive
9:36 - 2nd,DATE,olympics,positive
Declan Farmer's,PERSON,olympics,positive
Stick,FAC,olympics,positive
Zhu Zhangfu,PERSON,olympics,positive
Shen Yifeng,PERSON,olympics,positive
China,GPE,olympics,positive
Olympics,EVENT,olympics,positive
Nyenget,PERSON,olympics,positive
Zingnik,PERSON,FigureSkating,positive
one,CARDINAL,olympics,neutral
Piedmont,GPE,olympics,neutral
Milan Cortina &,ORG,olympics,neutral
French,NORP,olympics,neutral
Alps,LOC,olympics,neutral
two,CARDINAL,olympics,neutral
the World Cup,EVENT,olympics,positive
World Championships,EVENT,olympics,positive
IOC,ORG,olympics,positive
Nordic,PRODUCT,olympics,positive
Olympics,EVENT,olympics,positive
Jesus,PERSON,biathlon,negative
3,CARDINAL,FigureSkating,negative
4,CARDINAL,FigureSkating,negative
Georgia,GPE,FigureSkating,negative
Georgia,GPE,FigureSkating,negative
Luka & Diana,ORG,FigureSkating,negative
Russia,GPE,FigureSkating,negative
British,NORP,FigureSkating,negative
German,NORP,FigureSkating,negative
Spain,GPE,FigureSkating,negative
Nika,PERSON,FigureSkating,negative
Luka/Anastasia,ORG,FigureSkating,negative
first,ORDINAL,FigureSkating,positive
5,CARDINAL,FigureSkating,positive
years,DATE,FigureSkating,neutral
years,DATE,hockey,neutral
the Chock/Bates,ORG,FigureSkating,positive
kinda,GPE,FigureSkating,positive
kinda,GPE,FigureSkating,positive
Georgian,NORP,FigureSkating,positive
3/12,CARDINAL,olympics,positive
warmup,ORG,FigureSkating,negative
a couple weeks,DATE,olympics,neutral
Lou,PERSON,biathlon,positive
Czechia,GPE,olympics,neutral
Shouhei Otani,PERSON,olympics,neutral
Brier,PERSON,Curling,positive
one,CARDINAL,hockey,positive
Canada,GPE,hockey,positive
https://preview.redd.it/cw1dihww0njg1.png?width=1505&format=png&auto=webp&s=178e29186c6fdbe5e4f76c6cb0b897a5e15e6ad1,PERSON,FigureSkating,neutral
bbc,ORG,FigureSkating,positive
1980,DATE,FigureSkating,positive
Skaslien,PERSON,Curling,positive
Rørvik,PERSON,Curling,positive
Victor Hedman,PERSON,hockey,neutral
Jon Cooper,PERSON,hockey,neutral
Thursday,DATE,hockey,neutral
Brayden Point,ORG,hockey,neutral
20,CARDINAL,Curling,positive
decades ago,DATE,skiing,positive
Israel,GPE,olympics,negative
USA,GPE,olympics,negative
one,CARDINAL,olympics,negative
first,ORDINAL,olympics,negative
6 million,CARDINAL,olympics,positive
1/3rd,CARDINAL,olympics,positive
US,GPE,olympics,positive
Norway,GPE,olympics,positive
Canada,GPE,olympics,positive
Olympics,EVENT,olympics,positive
this year,DATE,olympics,positive
Holmenkollen,PERSON,biathlon,positive
Antholz,ORG,biathlon,positive
2009,DATE,biathlon,positive
Antholz,PERSON,biathlon,positive
WCH,ORG,biathlon,positive
2020,DATE,biathlon,positive
Antholz,GPE,biathlon,positive
later in the evening,TIME,biathlon,positive
working days,DATE,biathlon,positive
THE CANADA WOMENS TEAM,ORG,Curling,neutral
TOO,ORG,Curling,neutral
Korean,NORP,Curling,negative
Seol Ye-eun,PERSON,Curling,negative
😆,CARDINAL,olympics,neutral
USA,GPE,FigureSkating,neutral
a year ago,DATE,FigureSkating,positive
Tomas,PERSON,olympics,positive
first,ORDINAL,olympics,positive
Tomas,PERSON,olympics,positive
7,CARDINAL,Curling,negative
4,CARDINAL,Curling,negative
8,CARDINAL,Curling,negative
K. Martin,PERSON,Curling,negative
Levito,PERSON,FigureSkating,neutral
only one,CARDINAL,olympics,positive
one,CARDINAL,olympics,positive
Olympics,EVENT,olympics,positive
Olympics,EVENT,olympics,positive
"ITA
Damn",ORG,olympics,positive
Italian,NORP,olympics,positive
Korea,GPE,olympics,positive
https://www.tv2.no/sport/opplysninger-til-tv-2-far-ny-mulighet-etter-sprint-vraking/18570897/,NORP,biathlon,positive
three,CARDINAL,olympics,positive
Milan,GPE,olympics,positive
Russian,NORP,FigureSkating,positive
Juniors Alysa,ORG,FigureSkating,positive
second,ORDINAL,FigureSkating,positive
Anna,PERSON,FigureSkating,positive
Olympics,EVENT,FigureSkating,positive
Japan,GPE,FigureSkating,positive
South Korea,GPE,FigureSkating,positive
Russians,NORP,FigureSkating,positive
Adelina,GPE,FigureSkating,positive
Yuna Kim,PERSON,FigureSkating,positive
Olympics,EVENT,FigureSkating,positive
Jun,PERSON,FigureSkating,positive
Monaco,ORG,olympics,negative
winter,DATE,olympics,negative
three months ago,DATE,biathlon,negative
last week,DATE,biathlon,negative
the week,DATE,biathlon,negative
NGL,ORG,biathlon,negative
Dutch,NORP,olympics,neutral
so🫠,GPE,biathlon,neutral
Yuma,PERSON,FigureSkating,positive
Ilia,GPE,FigureSkating,positive
Misha,PERSON,FigureSkating,positive
one,CARDINAL,FigureSkating,neutral
today Jan 22,DATE,FigureSkating,neutral
https://www.skateguardblog.com/2016/07/adele-inge-girl-who-did-backflips-on.html,ORDINAL,FigureSkating,negative
at least the 40s,DATE,FigureSkating,negative
first,ORDINAL,FigureSkating,negative
US,GPE,olympics,positive
about 2 inches,QUANTITY,olympics,positive
one,CARDINAL,olympics,positive
A-Levels,ORG,olympics,neutral
this year,DATE,olympics,positive
Albertville,GPE,olympics,neutral
One,CARDINAL,Curling,positive
Olympcis,NORP,FigureSkating,neutral
USA,GPE,FigureSkating,neutral
ISU YouTube,ORG,FigureSkating,neutral
the national hymn of usa,ORG,FigureSkating,positive
Alysa,PERSON,FigureSkating,positive
Ami,PERSON,FigureSkating,positive
Olympics,EVENT,biathlon,positive
HBO Max,PERSON,biathlon,positive
Norway,GPE,biathlon,positive
NRK,ORG,biathlon,positive
World Cup,EVENT,biathlon,positive
Olympics,EVENT,biathlon,positive
her froma few months ago,DATE,FigureSkating,positive
kinda,PERSON,FigureSkating,positive
milan,GPE,FigureSkating,positive
macarthur park,PERSON,FigureSkating,positive
Jackie,PERSON,FigureSkating,positive
macarthur park,PERSON,FigureSkating,positive
ISU,ORG,FigureSkating,negative
Olympics,EVENT,FigureSkating,negative
yesterday,DATE,FigureSkating,negative
Paralympics,ORG,olympics,neutral
YouTube,ORG,olympics,neutral
Dun ako nanonood ng,ORG,olympics,neutral
Philippines,GPE,olympics,neutral
the World Curling Federation,ORG,Curling,negative
2018,DATE,Curling,negative
Canada Curling,ORG,Curling,negative
mid march,DATE,olympics,positive
Bill,PERSON,hockey,negative
Miller,PERSON,hockey,negative
Vinnie,PERSON,hockey,negative
Nelson,PERSON,hockey,negative
yesterday,DATE,olympics,neutral
nhl,GPE,olympics,neutral
US Nationals,ORG,Curling,neutral
next week,DATE,Curling,neutral
Amber,PRODUCT,FigureSkating,negative
Olympic,DATE,olympics,positive
the Olympic Village,GPE,olympics,positive
Olympic,FAC,olympics,positive
Olympics,EVENT,FigureSkating,positive
eight,CARDINAL,olympics,neutral
UTAH,GPE,olympics,neutral
2034,DATE,olympics,neutral
American,NORP,olympics,positive
Nordic,GPE,olympics,positive
2010,DATE,olympics,positive
3X,CARDINAL,olympics,positive
US,GPE,olympics,positive
2038,DATE,olympics,positive
Switzerland,GPE,olympics,positive
Switzerland,GPE,olympics,positive
2038,DATE,olympics,positive
anna pezzetta,FAC,FigureSkating,positive
Sakamoto,GPE,olympics,positive
Alysa,PERSON,olympics,positive
5,CARDINAL,FigureSkating,positive
4,CARDINAL,FigureSkating,positive
3,CARDINAL,FigureSkating,positive
Danny,PERSON,FigureSkating,positive
2,CARDINAL,FigureSkating,positive
1,CARDINAL,FigureSkating,positive
Alysa Liu,PERSON,FigureSkating,positive
Nazgul,GPE,FigureSkating,positive
about 10x,CARDINAL,olympics,positive
Kaori,GPE,FigureSkating,positive
The Unified Team,WORK_OF_ART,FigureSkating,positive
1992,DATE,FigureSkating,positive
Summer Olympics](https://en.wikipedia.org/wiki/Unified_Team_at_the_1992_Summer_Olympics,EVENT,FigureSkating,positive
New Zealand,GPE,olympics,positive
26th,ORDINAL,olympics,positive
Paralympics,ORG,olympics,positive
the Beijing 2022 Winter Paralympics,FAC,olympics,positive
Canadian,NORP,FigureSkating,positive
5,CARDINAL,olympics,positive
Milan,GPE,olympics,positive
26,CARDINAL,olympics,positive
Milan,GPE,olympics,positive
22,CARDINAL,olympics,positive
Beijing,GPE,olympics,positive
Worlds,PERSON,FigureSkating,negative
Brier,PERSON,olympics,positive
US,GPE,olympics,positive
this year,DATE,olympics,positive
Kennedy,PERSON,Curling,positive
1983,DATE,FigureSkating,positive
Bolero,PERSON,FigureSkating,positive
One,CARDINAL,FigureSkating,neutral
Cizeron,NORP,FigureSkating,neutral
Nazgul,GPE,FigureSkating,neutral
Marc Miller,PERSON,hockey,positive
Canadian Identity and Culture,ORG,hockey,positive
CBC,ORG,hockey,positive
CBC,ORG,hockey,positive
US,GPE,olympics,positive
Johnny Gudreau,PERSON,olympics,positive
johnny,PERSON,olympics,positive
USA,GPE,olympics,positive
russia,GPE,FigureSkating,negative
more than 40,CARDINAL,FigureSkating,negative
Ukrainians,NORP,FigureSkating,negative
russian,NORP,FigureSkating,negative
China,GPE,olympics,positive
1 10:32 - 3rd,DATE,olympics,positive
Zhu Zhanfu,PERSON,olympics,positive
Tian Jintao,PERSON,olympics,positive
China,GPE,olympics,positive
2nd,ORDINAL,olympics,positive
Paralympic,GPE,olympics,positive
Zhu,PERSON,olympics,positive
half,CARDINAL,Curling,positive
Canadian,NORP,Curling,positive
Team Lawes,ORG,Curling,positive
8,CARDINAL,Curling,positive
year,DATE,Curling,positive
Scotties,ORG,Curling,positive
Olympic,EVENT,Curling,positive
Olympics,EVENT,olympics,negative
winters,DATE,olympics,negative
one,CARDINAL,olympics,negative
100k,PRODUCT,olympics,negative
Wikipedia,ORG,olympics,negative
Czechia,GPE,FigureSkating,negative
Poland,GPE,FigureSkating,negative
Lithuania,GPE,FigureSkating,negative
Olympics,EVENT,olympics,positive
each year,DATE,olympics,positive
norwegian,NORP,biathlon,positive
today,DATE,biathlon,positive
Australia,GPE,olympics,positive
Winter Olympics,EVENT,olympics,positive
Canada,GPE,hockey,positive
canadian,NORP,Curling,positive
Misha,PERSON,FigureSkating,positive
Misha,ORG,FigureSkating,positive
Norwegian,NORP,FigureSkating,positive
NRK,ORG,FigureSkating,positive
Olympics,EVENT,FigureSkating,positive
Norwegian,NORP,FigureSkating,positive
Norway,GPE,FigureSkating,positive
\-,PERSON,FigureSkating,positive
2018,DATE,FigureSkating,positive
OST,ORG,FigureSkating,positive
Clair Obscur,ORG,FigureSkating,positive
M/K,ORG,FigureSkating,positive
🧹 🧹,PERSON,olympics,positive
🧹,ORG,olympics,positive
WHYYYYYYY,PERSON,biathlon,negative
Evan,PERSON,FigureSkating,negative
First,ORDINAL,FigureSkating,negative
French,NORP,FigureSkating,negative
Nikolaj Sorensen,PERSON,FigureSkating,negative
British,NORP,FigureSkating,neutral
Paralympics,ORG,olympics,neutral
CBC,ORG,olympics,neutral
ACL,ORG,skiing,negative
ACL,ORG,skiing,negative
ACL,ORG,skiing,negative
Swedish,NORP,biathlon,positive
Sunday,DATE,olympics,positive
Thursday,DATE,olympics,positive
Jordan Rzepka 😊,PERSON,olympics,positive
Canada,GPE,olympics,neutral
Denmark,GPE,olympics,neutral
2034,DATE,olympics,neutral
IPC,ORG,olympics,neutral
AI,ORG,olympics,positive
Olympics,EVENT,olympics,positive
one,CARDINAL,olympics,positive
London,GPE,olympics,positive
Italy,GPE,olympics,positive
Opera,ORG,olympics,positive
Rossini,PERSON,olympics,positive
Botticelli,PERSON,olympics,positive
Michelangelo,PERSON,olympics,positive
Cassini,PERSON,olympics,positive
Galileo,PRODUCT,olympics,positive
70s,DATE,olympics,positive
80s Europop,QUANTITY,olympics,positive
Ryan,PERSON,olympics,positive
Theron,PERSON,olympics,positive
Italian,NORP,olympics,positive
Pavarotti,ORG,olympics,positive
Nessun Dorma,PERSON,olympics,positive
Ferraris,PERSON,olympics,positive
the Men Sprint,ORG,biathlon,positive
this evening,TIME,biathlon,positive
Zeni,PERSON,biathlon,positive
Romanin,PRODUCT,biathlon,positive
Zeni,PERSON,biathlon,positive
Romanin,PRODUCT,biathlon,positive
Zeni,GPE,biathlon,positive
Zezo,PERSON,biathlon,positive
Paul,PERSON,FigureSkating,negative
French,NORP,FigureSkating,positive
Chock,ORG,FigureSkating,positive
Bates,PERSON,FigureSkating,positive
RIP Johnny,PERSON,olympics,neutral
Lou Jeanmonnot,PERSON,biathlon,negative
Ingrid,PERSON,biathlon,negative
1996,DATE,olympics,positive
Atlanta Olympics,ORG,olympics,positive
the last two days,DATE,olympics,positive
2077,CARDINAL,olympics,positive
Christmas,DATE,olympics,positive
the other day,DATE,FigureSkating,positive
Jens van ',PERSON,olympics,neutral
one,CARDINAL,FigureSkating,neutral
the entire season,DATE,FigureSkating,positive
one,CARDINAL,FigureSkating,positive
Olympics,EVENT,FigureSkating,positive
Perrot,PERSON,biathlon,negative
Botn,PERSON,biathlon,negative
Giacomel,PERSON,biathlon,negative
Olympics,EVENT,biathlon,negative
the coming months,DATE,Curling,positive
QFM,ORG,biathlon,positive
2nd,ORDINAL,biathlon,positive
today,DATE,biathlon,positive
🤣,EVENT,biathlon,positive
TVP,ORG,FigureSkating,neutral
FS,ORG,FigureSkating,neutral
Babiarz,PERSON,FigureSkating,neutral
Polsat,PERSON,FigureSkating,neutral
Eurosport,LOC,FigureSkating,neutral
HBO,ORG,FigureSkating,neutral
the end of the day,DATE,biathlon,positive
Justine,PERSON,biathlon,positive
Ingrid,PERSON,biathlon,positive
this season,DATE,biathlon,positive
Kappa,ORG,snowboarding,positive
Italian,NORP,snowboarding,positive
American,NORP,snowboarding,positive
Pidruchnyi,ORG,biathlon,positive
Sebbe,ORG,biathlon,positive
Deschamps,PERSON,FigureSkating,positive
Fox,ORG,olympics,negative
nottt,PERSON,FigureSkating,positive
10 degrees,QUANTITY,biathlon,negative
five degrees colder,QUANTITY,biathlon,negative
both night,TIME,biathlon,negative
Antholz,GPE,biathlon,negative
5 km,QUANTITY,biathlon,negative
400 meters,QUANTITY,biathlon,negative
WARMER,ORG,biathlon,negative
next Sunday,DATE,biathlon,negative
Sjusjøen,ORG,biathlon,negative
Sunday,DATE,biathlon,negative
Opening Ceremony,EVENT,olympics,positive
two,CARDINAL,biathlon,negative
first,ORDINAL,olympics,positive
Alysa,PERSON,olympics,positive
Rule 1,LAW,FigureSkating,negative
1,CARDINAL,FigureSkating,negative
Russian,NORP,FigureSkating,negative
season,DATE,biathlon,positive
second,ORDINAL,biathlon,positive
third,ORDINAL,biathlon,positive
Botn,PERSON,biathlon,positive
January,DATE,biathlon,positive
Giacomel,ORG,biathlon,positive
these past two weeks,DATE,biathlon,positive
Oebergs,PERSON,biathlon,positive
Hannah,PERSON,biathlon,positive
Preuss imho,LOC,biathlon,positive
Portland,GPE,hockey,positive
the last 15 years,DATE,hockey,positive
4am,QUANTITY,olympics,positive
3 months ago,DATE,biathlon,positive
Saint Paul,GPE,hockey,neutral
MN,ORG,hockey,neutral
2-4 inches,QUANTITY,hockey,neutral
tomorrow,DATE,hockey,neutral
Frey,ORG,biathlon,neutral
One,CARDINAL,olympics,neutral
Olympic,EVENT,olympics,neutral
all day,DATE,olympics,neutral
night,TIME,olympics,neutral
Milan,GPE,olympics,neutral
63,CARDINAL,olympics,negative
88,CARDINAL,olympics,negative
canada,GPE,FigureSkating,negative
USA,GPE,FigureSkating,positive
Team Gold,ORG,FigureSkating,positive
1,CARDINAL,FigureSkating,positive
Miura/Kihara,ORG,FigureSkating,positive
Metelkina/Berulava,PERSON,FigureSkating,positive
These Team Event,ORG,FigureSkating,positive
180,CARDINAL,olympics,positive
Eliud Kipchoge,PERSON,olympics,positive
millions,CARDINAL,olympics,positive
2,CARDINAL,olympics,positive
tens of thousands,CARDINAL,olympics,positive
America,GPE,olympics,positive
a single day,DATE,olympics,positive
year,DATE,olympics,positive
'94,DATE,olympics,positive
non-US,NORP,olympics,positive
two decades,DATE,olympics,positive
London,GPE,olympics,neutral
2012,DATE,olympics,neutral
US,GPE,hockey,negative
1/100,CARDINAL,hockey,negative
Marcs,GPE,Curling,negative
Canada,GPE,Curling,negative
Team Canada,ORG,Curling,negative
Team Sweden,PERSON,Curling,negative
Team Canada,ORG,Curling,negative
France,GPE,hockey,positive
5,CARDINAL,hockey,positive
American,NORP,hockey,positive
World Cup,EVENT,hockey,positive
us,GPE,hockey,positive
96,CARDINAL,hockey,positive
American,NORP,hockey,positive
1980,DATE,hockey,positive
Disney,ORG,hockey,positive
a million,CARDINAL,hockey,positive
two,CARDINAL,hockey,positive
Olympic,DATE,hockey,positive
World Cup,EVENT,hockey,positive
American,NORP,hockey,positive
96,CARDINAL,hockey,positive
the 1980s,DATE,olympics,neutral
only 3,CARDINAL,olympics,positive
Finnish,NORP,olympics,positive
Finn Swedes,PERSON,olympics,positive
Finnish,NORP,olympics,positive
NHL,ORG,hockey,negative
Olympic,DATE,hockey,negative
Sweden,GPE,hockey,negative
November,DATE,hockey,negative
NHL,ORG,hockey,negative
Finland,GPE,hockey,negative
NHL,ORG,hockey,negative
IIHF/Olympic,ORG,hockey,negative
16-year-old,DATE,biathlon,positive
Rihards Lozbers,ORG,biathlon,positive
Latvia,GPE,biathlon,positive
32nd,DATE,biathlon,positive
8/10,CARDINAL,biathlon,positive
26th,ORDINAL,biathlon,positive
France,GPE,biathlon,neutral
3,CARDINAL,biathlon,neutral
4,CARDINAL,biathlon,neutral
🤯,ORG,biathlon,neutral
4,CARDINAL,FigureSkating,positive
6,CARDINAL,FigureSkating,positive
24,CARDINAL,FigureSkating,positive
2,CARDINAL,FigureSkating,positive
first,ORDINAL,FigureSkating,positive
half,CARDINAL,FigureSkating,positive
2,CARDINAL,FigureSkating,positive
3,CARDINAL,FigureSkating,positive
ISU,ORG,FigureSkating,positive
Euros,PERSON,FigureSkating,positive
4CC,DATE,FigureSkating,positive
Worlds,PERSON,FigureSkating,positive
JGP,ORG,FigureSkating,positive
as many as 40,CARDINAL,FigureSkating,positive
Olympics,EVENT,FigureSkating,positive
the European Championships,LAW,FigureSkating,positive
10x,CARDINAL,FigureSkating,positive
Kevin,PERSON,FigureSkating,positive
SP,ORG,FigureSkating,positive
Selevko,GPE,FigureSkating,positive
Daniel,PERSON,FigureSkating,positive
Daniel,PERSON,FigureSkating,positive
15th,ORDINAL,FigureSkating,positive
5th,ORDINAL,FigureSkating,positive
8th,ORDINAL,FigureSkating,positive
238,CARDINAL,FigureSkating,positive
SharkNaki,ORG,FigureSkating,positive
IAM,ORG,FigureSkating,negative
7/13,CARDINAL,FigureSkating,negative
US,GPE,FigureSkating,negative
Alysa,PERSON,FigureSkating,negative
Botnan,PERSON,biathlon,positive
days ago,DATE,biathlon,positive
Uldal,ORG,biathlon,positive
Uldal,ORG,biathlon,positive
NGL,ORG,olympics,negative
US,GPE,olympics,negative
Olympics,ORG,Curling,neutral
Fingers,PERSON,FigureSkating,positive
Olympics,EVENT,olympics,positive
Milan,GPE,olympics,positive
Livigno,PERSON,olympics,positive
Glad,PERSON,olympics,positive
Adam,PERSON,FigureSkating,positive
last year's,DATE,FigureSkating,positive
million,CARDINAL,FigureSkating,negative
Anywho,PERSON,FigureSkating,negative
9pm,TIME,olympics,neutral
Yuma,PERSON,FigureSkating,positive
next season,DATE,FigureSkating,positive
Wheelchair Curling,PERSON,olympics,positive
1,CARDINAL,olympics,negative
2,CARDINAL,olympics,negative
Asian,NORP,olympics,negative
3) 1st,DATE,olympics,negative
2nd,ORDINAL,olympics,negative
3rd,ORDINAL,olympics,negative
Eugenics,NORP,olympics,negative
first,ORDINAL,FigureSkating,positive
day,DATE,FigureSkating,positive
Numbers,ORG,hockey,neutral
the winter,DATE,olympics,positive
winter,DATE,olympics,positive
canada,GPE,olympics,positive
sweden,GPE,olympics,positive
finland,GPE,olympics,positive
russia,GPE,olympics,positive
30,CARDINAL,olympics,positive
2,CARDINAL,olympics,positive
today,DATE,FigureSkating,negative
Germany,GPE,biathlon,positive
Selina,GPE,biathlon,positive
Vanessa,PERSON,biathlon,positive
Vanessa,PERSON,biathlon,positive
Franzi,ORG,biathlon,positive
a few days ago,DATE,biathlon,positive
Franzi,ORG,biathlon,positive
Germany,GPE,biathlon,positive
🙏,ORG,biathlon,positive
Canadians,NORP,Curling,positive
China,GPE,Curling,positive
american,NORP,olympics,negative
US,GPE,olympics,negative
CIA,ORG,olympics,negative
Olympics,EVENT,olympics,negative
US,GPE,olympics,negative
US,GPE,olympics,negative
Olympics,EVENT,olympics,negative
Gernot Reinstadler,PERSON,skiing,negative
1991,DATE,skiing,negative
Two,CARDINAL,olympics,positive
55,CARDINAL,biathlon,positive
three,CARDINAL,biathlon,positive
15,CARDINAL,biathlon,positive
three,CARDINAL,biathlon,positive
Olympic,PERSON,biathlon,positive
day,DATE,Curling,positive
ITT,ORG,hockey,neutral
15 years,DATE,hockey,neutral
two,CARDINAL,hockey,neutral
Worlds,PERSON,hockey,neutral
November,DATE,hockey,neutral
Johaug,PERSON,biathlon,positive
Sinner,PERSON,biathlon,positive
Carl,PERSON,biathlon,positive
Carls,NORP,biathlon,positive
weeks,DATE,biathlon,positive
months,DATE,biathlon,positive
Toews,ORG,hockey,positive
Makar,PERSON,hockey,positive
Bouch,ORG,hockey,positive
110%,PERCENT,hockey,positive
CBC Gem,ORG,FigureSkating,positive
Canada,GPE,FigureSkating,positive
a week or so,DATE,hockey,neutral
U.S.,GPE,olympics,positive
1st,DATE,hockey,negative
2nd,ORDINAL,hockey,negative
Cooper,FAC,hockey,negative
Olympics,EVENT,hockey,negative
Bennett,PERSON,hockey,negative
Cirelli,PERSON,hockey,negative
WyJo,ORG,hockey,negative
Hyman,PERSON,hockey,negative
Nature,WORK_OF_ART,FigureSkating,positive
Sweden,GPE,olympics,positive
US,GPE,olympics,positive
Sweden,GPE,olympics,positive
7th,ORDINAL,olympics,positive
Canada,GPE,olympics,positive
Sweden,GPE,olympics,positive
Finland,GPE,olympics,positive
China,GPE,olympics,positive
3,CARDINAL,olympics,positive
Canada,GPE,olympics,positive
3 - 8th,DATE,olympics,positive
Wang Haitao,PERSON,olympics,positive
QF,ORG,hockey,negative
The Golden Goal,FAC,hockey,negative
1,CARDINAL,olympics,positive
2022,DATE,olympics,positive
6,CARDINAL,olympics,positive
Evan Bates,PERSON,FigureSkating,positive
5th Olympics,FAC,FigureSkating,positive
Max Naumov,PERSON,FigureSkating,positive
French,NORP,hockey,neutral
Marseille,ORG,hockey,neutral
1992,DATE,hockey,neutral
|Year|Men,GPE,hockey,positive
Olympic,DATE,hockey,positive
Olympic,EVENT,hockey,positive
2002|Canada|Canada|United States,GPE,hockey,positive
2006|Sweden|Canada|Canada,CARDINAL,hockey,positive
2010|Canada|Canada|United States,GPE,hockey,positive
2014|Canada|Canada|United States,GPE,hockey,positive
States,GPE,hockey,positive
2022|Finland|Canada|United States,GPE,hockey,positive
Paralympics,ORG,hockey,positive
1994,DATE,hockey,positive
Women,ORG,hockey,positive
Olympics,EVENT,hockey,positive
1998,DATE,hockey,positive
Smart/Dieck’s,ORG,FigureSkating,positive
Maddie,PERSON,FigureSkating,positive
Kevin,PERSON,FigureSkating,positive
Gaga,PERSON,FigureSkating,positive
Adam,PERSON,FigureSkating,positive
KamO,ORG,FigureSkating,positive
Homan,PERSON,Curling,positive
Canadians,NORP,Curling,positive
American,NORP,Curling,positive
US,GPE,FigureSkating,neutral
Junwhan Cha Olympic,PERSON,FigureSkating,neutral
Germany,GPE,Curling,positive
Norway,GPE,Curling,positive
CPom,PERSON,FigureSkating,positive
Detroit,GPE,FigureSkating,positive
Emi and,ORG,FigureSkating,positive
Vadim,ORG,FigureSkating,positive
5,CARDINAL,olympics,negative
Italian,NORP,olympics,neutral
Italian,NORP,olympics,neutral
Ingrid,FAC,biathlon,negative
Sturla Laegreid,PERSON,biathlon,negative
Spain,GPE,olympics,positive
Georgian,NORP,olympics,positive
Nagano,ORG,olympics,neutral
Sydney,GPE,olympics,neutral
Salt Lake,GPE,olympics,neutral
Yuma,PERSON,FigureSkating,neutral
Ilia,GPE,FigureSkating,neutral
Russia,GPE,FigureSkating,negative
Ukrainians,NORP,FigureSkating,negative
Russians,NORP,FigureSkating,negative
Olympics,EVENT,FigureSkating,negative
Russia,GPE,FigureSkating,negative
the last winter,DATE,FigureSkating,negative
Olympics,EVENT,FigureSkating,negative
Ukraine,GPE,FigureSkating,negative
Russia,GPE,FigureSkating,negative
US,GPE,FigureSkating,negative
decades,DATE,FigureSkating,negative
Olympics,EVENT,FigureSkating,negative
the Middle East,LOC,FigureSkating,negative
Olympics,EVENT,FigureSkating,negative
Olympics,EVENT,FigureSkating,negative
Israel,GPE,FigureSkating,negative
2023,DATE,FigureSkating,negative
2024,DATE,FigureSkating,negative
IOC,ORG,FigureSkating,negative
4 week,DATE,FigureSkating,negative
FYI,ORG,olympics,positive
Xinjiang,GPE,olympics,positive
UG,GPE,olympics,positive
Kazakh,PERSON,olympics,positive
Tajik,PERSON,olympics,positive
Mongol,NORP,olympics,positive
بۇلۇر,PERSON,olympics,positive
迪妮格尔·衣拉木江（越野滑雪,PERSON,olympics,positive
居巴依·赛克依（雪橇,PERSON,olympics,positive
阿合娜尔·阿达克（速度滑冰,PERSON,olympics,positive
Prisencolinensinainciusol,WORK_OF_ART,olympics,neutral
two,CARDINAL,olympics,neutral
Italian,NORP,olympics,neutral
Two,CARDINAL,snowboarding,neutral
one,CARDINAL,snowboarding,neutral
Canada,GPE,olympics,neutral
Sunday,DATE,olympics,neutral
ya,PERSON,olympics,positive
about 4 hours,TIME,olympics,positive
Joan Thiele,PERSON,olympics,neutral
one,CARDINAL,olympics,positive
ya Italians,NORP,olympics,positive
Netherlands,GPE,olympics,positive
1,CARDINAL,olympics,positive
20,CARDINAL,olympics,positive
Italy,GPE,hockey,neutral
Finnish,NORP,hockey,neutral
the summer,DATE,olympics,positive
first,ORDINAL,FigureSkating,positive
GM,ORG,hockey,negative
American Heroes,ORG,olympics,positive
NBC,ORG,olympics,positive
WWII,EVENT,olympics,positive
the London Olympics,ORG,olympics,positive
Olympics,EVENT,olympics,neutral
the beginning of next season,DATE,FigureSkating,positive
first,ORDINAL,FigureSkating,positive
Challenger,ORG,FigureSkating,positive
Worlds,PERSON,FigureSkating,positive
Ted Nolan,PERSON,hockey,neutral
Latvia,GPE,hockey,neutral
Latvia,GPE,hockey,neutral
second,ORDINAL,olympics,positive
Weston,PERSON,olympics,positive
Shaidorov,PERSON,olympics,positive
Kennedy,PERSON,olympics,positive
OMG,ORG,olympics,positive
Italy,GPE,olympics,negative
"Bias Rankings
Team",PERSON,hockey,negative
Rank,ORG,hockey,negative
Anaheim Ducks,ORG,hockey,negative
17,CARDINAL,hockey,negative
11,CARDINAL,hockey,negative
Boston Bruins,PERSON,hockey,negative
2,CARDINAL,hockey,negative
|8 |3,PRODUCT,hockey,negative
Buffalo Sabres,PERSON,hockey,negative
Calgary Flames,ORG,hockey,negative
27,CARDINAL,hockey,negative
12,CARDINAL,hockey,negative
|2,ORG,hockey,negative
Carolina Hurricanes,ORG,hockey,negative
5,CARDINAL,hockey,negative
Chicago Blackhawks,ORG,hockey,negative
30,CARDINAL,hockey,negative
julger7  |2 |4,PERSON,hockey,negative
Colorado Avalanche,FAC,hockey,negative
1,CARDINAL,hockey,negative
32,CARDINAL,hockey,negative
|32,PRODUCT,hockey,negative
Columbus Blue Jackets,ORG,hockey,negative
28,CARDINAL,hockey,negative
timmablimma  |2 |2 rankers,PERSON,hockey,negative
Dallas,GPE,hockey,negative
Detroit Red Wings,ORG,hockey,negative
6,CARDINAL,hockey,negative
3,CARDINAL,hockey,negative
|10 |/u,PRODUCT,hockey,negative
Edmonton Oilers,ORG,hockey,negative
13,CARDINAL,hockey,negative
6 | 2,QUANTITY,hockey,negative
Florida Panthers,ORG,hockey,negative
9 | 6 |,QUANTITY,hockey,negative
|10 |/u,PRODUCT,hockey,negative
Los Angeles Kings,GPE,hockey,negative
25 | 11,QUANTITY,hockey,negative
Minnesota Wild,FAC,hockey,negative
2,CARDINAL,hockey,negative
0,CARDINAL,hockey,negative
21,CARDINAL,hockey,negative
7,CARDINAL,hockey,negative
4 |,QUANTITY,hockey,negative
OP,ORG,hockey,negative
Americans,NORP,hockey,negative
the past 2 days,DATE,hockey,negative
Japanese,NORP,olympics,positive
Kaori,GPE,olympics,positive
Germany,GPE,Curling,negative
100%,PERCENT,biathlon,positive
every minute,TIME,olympics,positive
Paralympics,ORG,olympics,positive
American,NORP,olympics,negative
$$$,MONEY,olympics,negative
White House,ORG,olympics,negative
6,CARDINAL,olympics,positive
one,CARDINAL,olympics,positive
Shun,PERSON,FigureSkating,neutral
PCS,ORG,FigureSkating,neutral
this morning,TIME,olympics,negative
3,CARDINAL,olympics,negative
6,CARDINAL,olympics,negative
🇸,PERSON,olympics,negative
second,ORDINAL,Curling,negative
one,CARDINAL,Curling,negative
two,CARDINAL,FigureSkating,neutral
kaori,PERSON,FigureSkating,neutral
3As,CARDINAL,FigureSkating,neutral
3as,ORDINAL,FigureSkating,neutral
Norwegian,NORP,biathlon,negative
today,DATE,biathlon,negative
Olympics,EVENT,biathlon,negative
American,NORP,Curling,negative
Olympics,EVENT,Curling,negative
the four years,DATE,Curling,negative
NBC,ORG,Curling,negative
years,DATE,Curling,negative
NBC,ORG,olympics,positive
US,GPE,olympics,positive
European,NORP,hockey,positive
NA,GPE,hockey,positive
Olympics,EVENT,hockey,positive
millions,CARDINAL,hockey,positive
Zetterberg,PERSON,hockey,positive
Kronwall,ORG,hockey,positive
2006,DATE,hockey,positive
2006,DATE,hockey,positive
Stanley Cup Winner,ORG,hockey,positive
2008,DATE,hockey,positive
2014,DATE,hockey,positive
IIHF Silver,ORG,hockey,positive
2003,DATE,hockey,positive
Stanley Cup Loser,ORG,hockey,positive
2009,DATE,hockey,positive
1984,DATE,hockey,positive
1988,DATE,hockey,positive
7x,CARDINAL,hockey,positive
between 1978 and 1990,DATE,hockey,positive
Stanley Cup Winner,ORG,hockey,positive
1997,DATE,hockey,positive
1998,DATE,hockey,positive
1980,DATE,hockey,positive
IIHF Silver,ORG,hockey,positive
1987,DATE,hockey,positive
Stanley Cup Loser,ORG,hockey,positive
1995,DATE,hockey,positive
Devils,GPE,hockey,positive
Detroit,GPE,hockey,positive
french,NORP,biathlon,positive
🙏,ORG,biathlon,positive
10,CARDINAL,hockey,negative
the 2010s,DATE,hockey,negative
~2017-18,DATE,hockey,negative
Juraj Slafkovsky,PERSON,hockey,positive
Czech,NORP,hockey,positive
Czech,NORP,hockey,neutral
Sturla,PERSON,biathlon,positive
Stars,PRODUCT,hockey,positive
Finland,GPE,hockey,positive
March,DATE,olympics,neutral
month,DATE,olympics,neutral
January,DATE,olympics,neutral
today,DATE,Curling,negative
paris,GPE,olympics,positive
2024,DATE,olympics,positive
Swiss,NORP,olympics,positive
Milan,GPE,olympics,positive
quarter,CARDINAL,hockey,positive
2,CARDINAL,hockey,positive
LOL,ORG,olympics,positive
Jack,PERSON,hockey,positive
Quinn,GPE,hockey,positive
african,NORP,olympics,negative
african,NORP,olympics,negative
4,CARDINAL,olympics,negative
Idk,PERSON,olympics,negative
US,GPE,olympics,negative
Netherlands,GPE,olympics,negative
4,CARDINAL,olympics,negative
2,CARDINAL,olympics,negative
Amber for Kaori,ORG,FigureSkating,positive
Isabeau,PERSON,FigureSkating,positive
Habs,ORG,hockey,positive
5:30 am,QUANTITY,hockey,positive
2 am,QUANTITY,hockey,positive
the Winter Games,EVENT,olympics,positive
Cizeron,ORG,FigureSkating,positive
Brendan Fraser's,PERSON,FigureSkating,positive
Shibutanis,NORP,FigureSkating,positive
Wu Tang,PERSON,FigureSkating,positive
RD,ORG,FigureSkating,positive
Perrot,PERSON,biathlon,neutral
Netherlands,GPE,olympics,neutral
US,GPE,FigureSkating,negative
Russian,NORP,FigureSkating,negative
Mmmmm,PERSON,hockey,negative
Austrian,NORP,hockey,negative
Marco Rossi,PERSON,hockey,negative
russians,NORP,Curling,positive
Putin,PERSON,Curling,positive
Wilkes,ORG,Curling,negative
100%,PERCENT,Curling,negative
GB,GPE,Curling,positive
number one,CARDINAL,FigureSkating,positive
Sighel,PERSON,olympics,positive
first,ORDINAL,olympics,positive
tonight,TIME,olympics,positive
Canadian,NORP,olympics,positive
25,DATE,FigureSkating,positive
Kaori,PERSON,FigureSkating,positive
OSM,ORG,FigureSkating,positive
2-day,DATE,FigureSkating,positive
Adam,PERSON,FigureSkating,positive
Yuma,PERSON,FigureSkating,positive
two,CARDINAL,FigureSkating,positive
Ilia,PERSON,FigureSkating,positive
first,ORDINAL,FigureSkating,positive
Olys,PERSON,FigureSkating,positive
the Team Event,LAW,FigureSkating,positive
Olys,PERSON,FigureSkating,positive
GB,GPE,Curling,positive
GB,PERSON,Curling,positive
US,GPE,Curling,positive
3,CARDINAL,olympics,positive
one,CARDINAL,olympics,positive
Leila Marques :D,ORG,olympics,neutral
4,CARDINAL,olympics,neutral
Paralympian,NORP,olympics,neutral
Portugal,GPE,olympics,neutral
day 2,DATE,FigureSkating,negative
first,ORDINAL,FigureSkating,negative
5ish,CARDINAL,FigureSkating,negative
2,CARDINAL,olympics,negative
DSC,ORG,olympics,negative
South Korea,GPE,olympics,negative
second,ORDINAL,olympics,negative
2,CARDINAL,olympics,negative
Estonia,GPE,olympics,negative
GB,PERSON,olympics,negative
South Korea,GPE,olympics,negative
Estonia,GPE,olympics,negative
USA,GPE,olympics,negative
Olympics,EVENT,FigureSkating,positive
American,NORP,FigureSkating,negative
Boeing,ORG,FigureSkating,negative
U.S.,GPE,FigureSkating,negative
Boeing,ORG,FigureSkating,negative
months,DATE,FigureSkating,negative
English,LANGUAGE,FigureSkating,negative
Americans,NORP,FigureSkating,negative
a Luna 🌙🐈‍⬛,PERSON,FigureSkating,negative
the kiss & cry,ORG,FigureSkating,negative
daily,DATE,hockey,positive
one,CARDINAL,hockey,positive
#####,MONEY,hockey,positive
7,CARDINAL,olympics,neutral
8,CARDINAL,olympics,neutral
4th,ORDINAL,FigureSkating,neutral
Olympics,EVENT,FigureSkating,neutral
the Centre Videotron,ORG,hockey,neutral
Quebec,GPE,hockey,neutral
the Centre Videotron,ORG,hockey,neutral
Justine,PERSON,biathlon,neutral
last season,DATE,biathlon,neutral
USA Canada,ORG,hockey,positive
Tomoki,PERSON,FigureSkating,positive
Nationals,GPE,FigureSkating,positive
non-Ilia US Guys,ORG,FigureSkating,positive
Finnish,NORP,FigureSkating,positive
Iida,PRODUCT,FigureSkating,positive
two,CARDINAL,FigureSkating,positive
Olympics,EVENT,FigureSkating,positive
Finnish,NORP,FigureSkating,positive
the days,DATE,FigureSkating,positive
Laura Lepistö,PERSON,FigureSkating,positive
Kiira Korpi,PERSON,FigureSkating,positive
Adam Siao Him Fa's,PERSON,FigureSkating,positive
Yuma Kagiyama's,PERSON,FigureSkating,positive
Julia Sauter's,PERSON,FigureSkating,positive
Ilia Malinin's,PERSON,FigureSkating,positive
1,CARDINAL,olympics,positive
JBB,ORG,biathlon,neutral
Olympic Games,EVENT,biathlon,neutral
29 years,DATE,biathlon,neutral
four years,DATE,biathlon,neutral
Seth Jarvis,PERSON,hockey,neutral
1,CARDINAL,hockey,neutral
5,CARDINAL,hockey,neutral
Eight days,DATE,FigureSkating,positive
Denis,PERSON,FigureSkating,positive
Trialeti Trophy,PERSON,FigureSkating,positive
this season,DATE,FigureSkating,positive
Jeff Bezos',PERSON,olympics,neutral
Gigi D'Agostino,PERSON,olympics,positive
the day,DATE,FigureSkating,positive
three,CARDINAL,FigureSkating,positive
week,DATE,FigureSkating,positive
this year,DATE,FigureSkating,positive
a minute,TIME,olympics,neutral
20 minute,TIME,olympics,neutral
Skiing Cross,ORG,olympics,positive
south africa,GPE,hockey,positive
this year,DATE,hockey,positive
first,ORDINAL,hockey,positive
african,NORP,hockey,positive
estonia,GPE,hockey,positive
bulgaria,GPE,hockey,positive
Amazon,ORG,hockey,positive
about 2006,DATE,hockey,negative
2002,DATE,hockey,negative
2014,DATE,hockey,negative
Canada,GPE,hockey,negative
Latvia,GPE,hockey,negative
Alysa,PERSON,FigureSkating,neutral
SP,ORG,FigureSkating,neutral
BV,ORG,FigureSkating,neutral
LOL,ORG,FigureSkating,negative
the first few days,DATE,Curling,positive
an off day,DATE,Curling,positive
FedEx,GPE,FigureSkating,positive
Memphis,GPE,FigureSkating,positive
non-Western,NORP,FigureSkating,negative
Slavic,NORP,FigureSkating,negative
1,CARDINAL,FigureSkating,negative
non-Westerners,NORP,FigureSkating,negative
Olympics,EVENT,FigureSkating,negative
Western,LOC,FigureSkating,negative
half,CARDINAL,FigureSkating,negative
today,DATE,biathlon,negative
JBB,ORG,biathlon,negative
10 minutes,TIME,olympics,positive
one,CARDINAL,olympics,positive
Italy,GPE,Curling,positive
Sweden,GPE,Curling,positive
Switzerland,GPE,Curling,positive
Sweden,GPE,Curling,positive
2,CARDINAL,Curling,positive
Switzerland,GPE,Curling,positive
0-2,CARDINAL,Curling,positive
5,CARDINAL,Curling,positive
Sweden,GPE,Curling,positive
Switzerland,GPE,Curling,positive
Sweden,GPE,Curling,positive
1,CARDINAL,Curling,positive
Switzerland,GPE,Curling,positive
0,CARDINAL,Curling,positive
Switzerland,GPE,Curling,positive
two,CARDINAL,Curling,positive
Japan,GPE,FigureSkating,positive
this season,DATE,FigureSkating,positive
Olympic Champions❤️🇯,WORK_OF_ART,FigureSkating,positive
first,ORDINAL,hockey,negative
two,CARDINAL,hockey,negative
Czech,NORP,hockey,negative
IPC,ORG,olympics,positive
Kirkeeide,LOC,biathlon,positive
french,NORP,biathlon,positive
Hanna,NORP,biathlon,positive
Elvira,ORG,biathlon,positive
Wierer,PERSON,biathlon,positive
last year,DATE,biathlon,positive
more than half,CARDINAL,hockey,positive
NL,ORG,hockey,positive
Switzerland,GPE,hockey,positive
France,GPE,hockey,positive
Italy,GPE,hockey,positive
Hebert,PERSON,Curling,positive
Galant,PERSON,Curling,positive
Hebert,PERSON,Curling,positive
Georgian,NORP,FigureSkating,negative
Russian,NORP,FigureSkating,negative
Russia,GPE,FigureSkating,negative
🏾 ❤️,PERSON,FigureSkating,positive
🇲,PERSON,FigureSkating,positive
Denmark,GPE,biathlon,neutral
Norway,GPE,biathlon,neutral
Olympics,EVENT,FigureSkating,positive
Snoop,ORG,olympics,neutral
Parmantier,PRODUCT,biathlon,positive
Mackels,PERSON,biathlon,positive
the European Championships,FAC,biathlon,positive
this week,DATE,biathlon,positive
Belgium,GPE,biathlon,positive
Olympic,EVENT,biathlon,positive
today,DATE,olympics,positive
English,LANGUAGE,FigureSkating,positive
Chinese,NORP,FigureSkating,positive
90s,DATE,FigureSkating,positive
First,ORDINAL,olympics,positive
first,ORDINAL,olympics,positive
3 nights,TIME,olympics,positive
3 days later,DATE,olympics,positive
4 nights,TIME,olympics,positive
this year,DATE,olympics,positive
Olympics,EVENT,olympics,positive
Second,ORDINAL,olympics,positive
one,CARDINAL,olympics,positive
5,CARDINAL,olympics,negative
Japanese,NORP,FigureSkating,neutral
GPF,ORG,FigureSkating,positive
2x,CARDINAL,FigureSkating,positive
Idk,PERSON,olympics,negative
Liberian,NORP,Curling,positive
Megan,PERSON,olympics,neutral
Canada,GPE,olympics,neutral
Lisa and Suvi,ORG,biathlon,positive
Maren,PERSON,biathlon,positive
Doro,ORG,biathlon,positive
Polish,NORP,biathlon,positive
Lindsey Vonn's,PERSON,skiing,negative
Vonn,GPE,skiing,negative
3 Olympic,QUANTITY,skiing,negative
USOC,ORG,skiing,negative
one,CARDINAL,olympics,positive
gif](giphy|KvDycWx6D9XH2,WORK_OF_ART,olympics,positive
Alice Tai,PERSON,olympics,neutral
Para Sking,PERSON,olympics,neutral
2030,DATE,olympics,neutral
Tiril,GPE,biathlon,positive
earlier today,TIME,biathlon,positive
the season,DATE,biathlon,positive
Swedes,NORP,olympics,positive
the United States,GPE,olympics,negative
Stars and Stripes,WORK_OF_ART,olympics,negative
4,CARDINAL,olympics,positive
"Lol

https://preview.redd.it/nw64khno3yjg1.jpeg?width=4320&format=pjpg&auto=webp&s=73a1bc9ef77e30154869d2f3d55cd13ffe3bb6b7",PERSON,olympics,positive
five,CARDINAL,FigureSkating,positive
Chock,ORG,FigureSkating,positive
Bates,PERSON,FigureSkating,positive
Olympics,EVENT,FigureSkating,positive
Stolz,GPE,olympics,positive
Juulia Turkila,ORG,FigureSkating,positive
1,CARDINAL,Curling,positive
90%,PERCENT,Curling,positive
1,CARDINAL,Curling,positive
2,CARDINAL,Curling,positive
1,CARDINAL,Curling,positive
Marc,PERSON,Curling,negative
two,CARDINAL,Curling,negative
about another 10 or 20,CARDINAL,skiing,negative
first,ORDINAL,skiing,negative
ACL,ORG,skiing,negative
Graham Bell,PERSON,skiing,negative
first,ORDINAL,skiing,negative
Kilde,GPE,skiing,negative
Srarzan,GPE,skiing,negative
Latvian,NORP,biathlon,negative
Thursday,DATE,biathlon,negative
29.01,CARDINAL,biathlon,negative
English,LANGUAGE,FigureSkating,positive
Japanese,NORP,FigureSkating,positive
JBB,ORG,biathlon,negative
ISU,ORG,FigureSkating,neutral
🤔,PERSON,FigureSkating,neutral
Italy,GPE,olympics,positive
Canada,GPE,hockey,negative
USA,GPE,hockey,negative
four,CARDINAL,hockey,positive
American,NORP,hockey,positive
Americans,NORP,hockey,positive
McDavid,PERSON,hockey,positive
Hockey Canada,ORG,hockey,positive
Canadian,NORP,hockey,positive
Gaga,PERSON,FigureSkating,negative
Canadian,NORP,hockey,negative
TSN,ORG,hockey,negative
SN,ORG,hockey,negative
a few months,DATE,FigureSkating,negative
Canada,GPE,hockey,neutral
Russians,NORP,FigureSkating,neutral
Russian,NORP,FigureSkating,neutral
Kyrylo,ORG,FigureSkating,neutral
Simone Biles,PERSON,FigureSkating,negative
Michael Phelps,PERSON,FigureSkating,negative
American,NORP,Curling,neutral
American,NORP,Curling,neutral
Evan,PERSON,FigureSkating,neutral
Laurence,PERSON,FigureSkating,neutral
Bates,PERSON,FigureSkating,neutral
Laurence or Guillaume,ORG,FigureSkating,neutral
the Summer Olympics,EVENT,olympics,positive
one,CARDINAL,olympics,positive
Paralympic,GPE,hockey,positive
Kaori,PERSON,FigureSkating,positive
Alysa,PERSON,FigureSkating,positive
tonight,TIME,FigureSkating,positive
Sverre,PERSON,biathlon,positive
Nazgul,GPE,olympics,positive
Switzerland,GPE,hockey,positive
1,CARDINAL,FigureSkating,positive
Matteo,ORG,FigureSkating,positive
10,CARDINAL,FigureSkating,positive
2,CARDINAL,FigureSkating,positive
Misha,PERSON,FigureSkating,positive
one,CARDINAL,FigureSkating,positive
Ilia,PERSON,FigureSkating,positive
3,CARDINAL,FigureSkating,positive
Ami,PERSON,FigureSkating,positive
Alysa,PERSON,FigureSkating,positive
Olympic,EVENT,FigureSkating,positive
4,CARDINAL,FigureSkating,positive
Olympic,EVENT,FigureSkating,positive
5,CARDINAL,FigureSkating,positive
Kaori,PERSON,FigureSkating,positive
Hahaha,GPE,FigureSkating,positive
Thursday,DATE,FigureSkating,positive
years,DATE,Curling,positive
Canada,GPE,Curling,positive
4a,CARDINAL,FigureSkating,neutral
1,CARDINAL,FigureSkating,positive
Feb 2nd,DATE,biathlon,neutral
US,GPE,olympics,neutral
USA,GPE,olympics,neutral
NBC,ORG,olympics,neutral
B-Roll,ORG,olympics,neutral
USA,GPE,olympics,neutral
Gaga,PERSON,FigureSkating,positive
japan,GPE,FigureSkating,positive
tomorrow,DATE,biathlon,positive
the day,DATE,biathlon,positive
3,CARDINAL,hockey,positive
3,CARDINAL,hockey,positive
Allen,PERSON,hockey,neutral
about 18 years,DATE,hockey,neutral
World Cup,EVENT,olympics,positive
Olympics,EVENT,olympics,positive
Sunday,DATE,olympics,positive
Julia Simon,PERSON,olympics,positive
Lou Jeanmonnot,PERSON,olympics,positive
Lisa Vittozzi,PERSON,olympics,positive
Oceane Michelon,ORG,olympics,positive
four,CARDINAL,olympics,positive
third,ORDINAL,olympics,positive
four,CARDINAL,olympics,positive
5,CARDINAL,olympics,positive
5,DATE,olympics,positive
four,CARDINAL,olympics,positive
Jeanmonnot,ORG,olympics,positive
Simon,PERSON,olympics,positive
Michelon and Vittozzi,ORG,olympics,positive
the final couple hundred meters,DATE,olympics,positive
Russia,GPE,olympics,negative
two,CARDINAL,hockey,positive
Bennington,PERSON,hockey,positive
100,CARDINAL,skiing,neutral
Eteri Tutberidze,PERSON,olympics,neutral
Georgia,GPE,olympics,neutral
Russian,NORP,olympics,neutral
Hopefully Canada,ORG,hockey,negative
afternoon,TIME,hockey,negative
Sweden,GPE,biathlon,positive
Samuelsson,ORG,biathlon,positive
🤔,PERSON,biathlon,positive
Sturla,PERSON,biathlon,positive
3,CARDINAL,biathlon,positive
Norway,GPE,biathlon,positive
Emilien,ORG,biathlon,positive
2,CARDINAL,biathlon,positive
France,GPE,biathlon,positive
one,CARDINAL,biathlon,positive
Norway,GPE,biathlon,positive
France,GPE,biathlon,positive
Sweden,GPE,biathlon,positive
Russian,NORP,FigureSkating,negative
Russian,NORP,FigureSkating,negative
US,GPE,FigureSkating,negative
40 years,DATE,FigureSkating,negative
5 years,DATE,FigureSkating,negative
Paul Poirier,PERSON,FigureSkating,neutral
Olympics,EVENT,FigureSkating,negative
the Olympic Village,FAC,FigureSkating,negative
4,CARDINAL,biathlon,neutral
norway,GPE,biathlon,neutral
Lotte Lie,PERSON,biathlon,neutral
zero,CARDINAL,olympics,positive
Donodouche,ORG,FigureSkating,positive
FUCKED,ORG,FigureSkating,negative
the eve day,DATE,FigureSkating,positive
Magnusson,PERSON,biathlon,positive
two grueling weeks,DATE,biathlon,positive
Japanese,NORP,olympics,positive
Netherlands,GPE,olympics,positive
fourth,ORDINAL,olympics,positive
only 18mi,CARDINAL,olympics,positive
Alysa,PERSON,FigureSkating,positive
Kaori,PERSON,FigureSkating,positive
Ami,PERSON,FigureSkating,positive
US,GPE,hockey,positive
Slovakia,ORG,hockey,positive
Finland,GPE,hockey,positive
Irans,NORP,olympics,positive
"30,000",CARDINAL,olympics,positive
American,NORP,olympics,positive
Iran,GPE,olympics,positive
Ponsiluoma,GPE,biathlon,positive
Jacquelin,PERSON,biathlon,positive
Laegreid,ORG,biathlon,positive
Summer,DATE,snowboarding,neutral
Winter,DATE,snowboarding,neutral
Edeas,GPE,FigureSkating,neutral
2018,DATE,FigureSkating,neutral
Klingbeils,GPE,FigureSkating,neutral
RIP,ORG,FigureSkating,neutral
Olympics,EVENT,Curling,positive
US,GPE,olympics,positive
’s Jared Keeso,PERSON,olympics,positive
Ilia,GPE,FigureSkating,neutral
360,CARDINAL,skiing,negative
these days,DATE,skiing,negative
Hanna Sola,FAC,olympics,positive
4th,ORDINAL,olympics,positive
Pursuit,FAC,olympics,positive
Beijing,GPE,olympics,positive
3,CARDINAL,olympics,positive
10th,ORDINAL,olympics,positive
8,CARDINAL,olympics,positive
6th,ORDINAL,olympics,positive
JBB,PERSON,olympics,positive
29 years old,DATE,olympics,positive
Dzinara Alimbekeva,PERSON,olympics,positive
30 years old,DATE,olympics,positive
5th,ORDINAL,olympics,positive
Beijing,GPE,olympics,positive
6,CARDINAL,olympics,positive
2 seasons,DATE,olympics,positive
one,CARDINAL,olympics,positive
Pyeongchang,GPE,olympics,positive
Domracheva,GPE,olympics,positive
Kryuko,ORG,olympics,positive
Skardino,GPE,olympics,positive
Anton Smolski,PERSON,olympics,positive
the Individual Silver,WORK_OF_ART,olympics,positive
Beijing,GPE,olympics,positive
10th,ORDINAL,olympics,positive
Hristova,ORG,olympics,positive
Ponsi,ORG,olympics,positive
Gülcennet,PERSON,olympics,neutral
Turkey,GPE,olympics,neutral
Olympics,EVENT,olympics,neutral
Second,ORDINAL,olympics,positive
Jordanrzepka,PERSON,olympics,positive
Figure Skating Gala,WORK_OF_ART,olympics,negative
Julia Simon's,PERSON,biathlon,negative
JBB,ORG,biathlon,negative
Lou,PERSON,biathlon,negative
Lou,PERSON,biathlon,negative
3rd,ORDINAL,biathlon,negative
Canada,GPE,Curling,neutral
Jones,PERSON,Curling,neutral
These days,DATE,Curling,neutral
Homan,PERSON,Curling,neutral
Einerson,PERSON,Curling,neutral
Hooley Smith,ORG,hockey,positive
Maroons,ORG,hockey,positive
Stanley Cup,EVENT,hockey,positive
New York,GPE,hockey,positive
Americans,NORP,hockey,positive
Harry Oliver,PERSON,hockey,positive
Paolo Nutini,PERSON,FigureSkating,neutral
Alex,PERSON,olympics,positive
Jordan,GPE,olympics,positive
first,ORDINAL,olympics,positive
five,CARDINAL,olympics,neutral
Julia,GPE,biathlon,negative
JBB,ORG,biathlon,negative
two,CARDINAL,biathlon,negative
12/20 and 6/10,CARDINAL,biathlon,negative
Ingrid,FAC,biathlon,positive
Island,LOC,biathlon,positive
Beijing,GPE,FigureSkating,neutral
one,CARDINAL,olympics,positive
the 3 days of this,DATE,olympics,positive
CBC,ORG,hockey,neutral
Ali,PERSON,snowboarding,positive
Salvador Dali,PERSON,snowboarding,positive
today,DATE,olympics,positive
6,CARDINAL,olympics,positive
Japan,GPE,olympics,positive
first,ORDINAL,olympics,positive
Georgia,GPE,olympics,positive
first,ORDINAL,olympics,positive
winter,DATE,olympics,positive
Canada,GPE,olympics,positive
second,ORDINAL,olympics,positive
Megan Oldham,FAC,olympics,positive
Elana Meyers Taylor,PERSON,olympics,positive
41 years old,DATE,olympics,positive
Xandra Velzeboer,PERSON,olympics,positive
1000,CARDINAL,olympics,positive
2nd,ORDINAL,olympics,positive
Loïc Meillard,PERSON,olympics,positive
US,GPE,Curling,negative
today,DATE,Curling,negative
Cizeron,ORG,FigureSkating,neutral
Olympic,DATE,FigureSkating,neutral
Gabi,GPE,FigureSkating,neutral
2022,DATE,FigureSkating,neutral
second,ORDINAL,FigureSkating,neutral
one,CARDINAL,hockey,neutral
3/4,CARDINAL,FigureSkating,positive
four,CARDINAL,FigureSkating,positive
2014,DATE,FigureSkating,positive
2026,DATE,FigureSkating,positive
Alysa,PERSON,FigureSkating,positive
Kaori,PERSON,FigureSkating,positive
💔,ORG,FigureSkating,positive
Milan,GPE,FigureSkating,positive
2022,DATE,FigureSkating,positive
2014,DATE,FigureSkating,positive
2026,DATE,FigureSkating,positive
Jason,PERSON,FigureSkating,positive
US,GPE,FigureSkating,positive
Ilia,GPE,FigureSkating,positive
Jason,PERSON,FigureSkating,positive
"Daniel or Matteo, Nika",ORG,FigureSkating,positive
Shun,PERSON,FigureSkating,positive
Gogolev,ORG,FigureSkating,positive
Adam,PERSON,FigureSkating,positive
Lighthouse,ORG,olympics,positive
Finns,NORP,olympics,positive
Finn,PERSON,olympics,positive
Three,CARDINAL,olympics,positive
Ole Einar,PERSON,olympics,positive
40,DATE,olympics,positive
last Olympic Games,EVENT,olympics,positive
Klæbo,PERSON,olympics,positive
41,CARDINAL,olympics,positive
another 12 years,DATE,olympics,positive
BBC,ORG,biathlon,negative
Aaaaargh,PERSON,biathlon,negative
JBB,ORG,biathlon,neutral
Norway,GPE,biathlon,neutral
1st,DATE,biathlon,neutral
3rd,ORDINAL,biathlon,neutral
Finland,GPE,biathlon,neutral
4th,ORDINAL,biathlon,neutral
Anna,PERSON,FigureSkating,negative
two,CARDINAL,FigureSkating,negative
Sasha,PERSON,FigureSkating,negative
Kaori,ORG,FigureSkating,negative
Sasha,PERSON,FigureSkating,negative
Kaori,PERSON,FigureSkating,negative
Alysa,PERSON,FigureSkating,negative
Anna,PERSON,FigureSkating,negative
Sasha,PERSON,FigureSkating,negative
Japanese,NORP,FigureSkating,positive
Olympics,EVENT,FigureSkating,positive
Between Kaori,PERSON,FigureSkating,positive
Ami,PERSON,FigureSkating,positive
John Fetterman,PERSON,olympics,neutral
Washington,GPE,olympics,neutral
Cooper,ORG,hockey,neutral
Canada,GPE,hockey,negative
2030,DATE,hockey,negative
2034,CARDINAL,hockey,negative
😥,ORG,FigureSkating,positive
Shaidarov,PERSON,FigureSkating,positive
Ilia,PERSON,FigureSkating,positive
NBC,ORG,FigureSkating,positive
😔,ORG,FigureSkating,positive
Olympics,EVENT,olympics,positive
Canada,GPE,hockey,neutral
Adam,PERSON,FigureSkating,positive
19th,ORDINAL,FigureSkating,positive
NHL,ORG,hockey,positive
CTE,ORG,hockey,positive
decades,DATE,hockey,positive
one,CARDINAL,hockey,positive
Blackhawks,PERSON,hockey,positive
Sam Bennet,PERSON,hockey,positive
Wilson,ORG,hockey,positive
Panarin,PERSON,hockey,positive
Marty McSorley,PERSON,hockey,positive
two,CARDINAL,hockey,positive
Donald,PERSON,hockey,positive
Bettuzzi and Moore,ORG,hockey,positive
USA,GPE,hockey,positive
Canada,GPE,hockey,positive
millions of dollars,MONEY,hockey,positive
over 30 years,DATE,hockey,positive
Norway,GPE,biathlon,positive
France,GPE,biathlon,positive
wright,PERSON,biathlon,positive
second,ORDINAL,biathlon,positive
2018,DATE,olympics,positive
USA,GPE,olympics,positive
"last"" Olympics",WORK_OF_ART,olympics,positive
Tandrevol,ORG,biathlon,positive
Canada,GPE,olympics,negative
Canada,GPE,olympics,negative
the coming years,DATE,olympics,negative
US,GPE,olympics,negative
the day,DATE,biathlon,positive
"Botn, F. Claude",ORG,biathlon,positive
Tannheimer,ORG,biathlon,positive
Michelon,ORG,biathlon,positive
American,NORP,FigureSkating,negative
US,GPE,FigureSkating,negative
ANI,ORG,FigureSkating,negative
Milan,GPE,FigureSkating,negative
Russia,GPE,FigureSkating,negative
East Germany,GPE,FigureSkating,positive
Indian Army,ORG,hockey,negative
Canada,GPE,Curling,positive
Czechia,NORP,Curling,positive
I‘m,PERSON,biathlon,negative
Ski‘s,ORG,biathlon,negative
2000 years later,DATE,hockey,negative
Italians,NORP,hockey,negative
Paris,GPE,olympics,negative
this year,DATE,olympics,negative
Olympics,EVENT,olympics,negative
Kennedy,PERSON,Curling,positive
Sweden,GPE,hockey,positive
Kate Hudson,PERSON,olympics,positive
CBC,ORG,hockey,negative
YouTube,ORG,FigureSkating,positive
Canada,GPE,olympics,neutral
Witch Watch,PERSON,olympics,positive
Tusk,PERSON,olympics,positive
Mandalorian,ORG,olympics,positive
One,CARDINAL,FigureSkating,neutral
Compagnoni,PERSON,FigureSkating,neutral
100%,PERCENT,biathlon,positive
three feet,QUANTITY,Curling,negative
Super Bowls,PERSON,olympics,positive
Gabby,ORG,FigureSkating,positive
Maddy,PERSON,FigureSkating,positive
Maddy,PERSON,FigureSkating,positive
the past several years,DATE,FigureSkating,negative
tonight,TIME,FigureSkating,positive
Adam,PERSON,FigureSkating,positive
Jun,PERSON,FigureSkating,positive
NEED,ORG,FigureSkating,neutral
Alysa Liu,PERSON,FigureSkating,neutral
Amber Glenn,PERSON,FigureSkating,neutral
Team USA,ORG,hockey,neutral
Apple,ORG,olympics,neutral
Google,ORG,olympics,neutral
NBC,ORG,FigureSkating,negative
U.S.,GPE,FigureSkating,negative
Sasha,PERSON,FigureSkating,positive
Misha,PERSON,FigureSkating,positive
Ilia Malinin,PERSON,FigureSkating,positive
Alysa,PERSON,FigureSkating,positive
US,GPE,FigureSkating,positive
Alysa,PERSON,FigureSkating,positive
Olympics,EVENT,FigureSkating,positive
american,NORP,FigureSkating,positive
Misha,ORG,FigureSkating,positive
Shun,PERSON,FigureSkating,positive
Yuma,PERSON,FigureSkating,positive
Kaori,PERSON,FigureSkating,positive
Ami,PERSON,FigureSkating,positive
American,NORP,FigureSkating,positive
MK,ORG,olympics,positive
MK,ORG,olympics,positive
HBO,ORG,olympics,positive
Olympics,EVENT,olympics,neutral
this year,DATE,olympics,neutral
Australia,GPE,olympics,positive
John Farnham,PERSON,olympics,positive
Olivia Newton-John,PERSON,olympics,positive
Tina Arena,PERSON,olympics,positive
Vanessa Amorosi,PERSON,olympics,positive
Nah,PERSON,hockey,negative
Ilia,GPE,olympics,positive
one day,DATE,olympics,positive
today,DATE,olympics,positive
US,GPE,olympics,positive
American,NORP,FigureSkating,neutral
3,CARDINAL,FigureSkating,neutral
8,CARDINAL,FigureSkating,neutral
at least two,CARDINAL,FigureSkating,positive
today,DATE,FigureSkating,positive
NBC,ORG,olympics,negative
first,ORDINAL,FigureSkating,negative
Olympics,EVENT,FigureSkating,negative
6.5 hours,TIME,FigureSkating,negative
Italy,GPE,FigureSkating,negative
Amber,PRODUCT,FigureSkating,neutral
Point,ORG,hockey,positive
Austria,GPE,biathlon,positive
02.02,CARDINAL,biathlon,positive
OP,ORG,biathlon,positive
Italy,GPE,biathlon,positive
3rd,ORDINAL,biathlon,positive
4th,ORDINAL,biathlon,positive
February,DATE,biathlon,positive
american,NORP,FigureSkating,positive
USA,GPE,FigureSkating,positive
First,ORDINAL,FigureSkating,positive
The United States,GPE,olympics,positive
Canada,GPE,olympics,positive
2nd,ORDINAL,olympics,positive
Czechia,GPE,olympics,positive
China,GPE,olympics,positive
4,CARDINAL,olympics,positive
Canada,GPE,olympics,positive
1,CARDINAL,olympics,positive
Olympic,DATE,olympics,neutral
nfl,GPE,olympics,neutral
nba,ORG,olympics,neutral
nhl,GPE,olympics,neutral
Voigt,PERSON,biathlon,positive
Maren,PERSON,biathlon,positive
Franzi,ORG,biathlon,positive
M/K,ORG,FigureSkating,positive
BOTH,PRODUCT,FigureSkating,positive
Aeroflot,ORG,FigureSkating,neutral
this year,DATE,FigureSkating,neutral
French,NORP,FigureSkating,positive
USA,GPE,FigureSkating,positive
Gb,PERSON,olympics,negative
USA,GPE,olympics,negative
Olympics,EVENT,Curling,positive
tomorrow,DATE,Curling,positive
Brathal,PERSON,hockey,positive
Jaxon Jacobson,PERSON,hockey,positive
2027,DATE,hockey,positive
50,CARDINAL,hockey,positive
Jacobson,PERSON,hockey,positive
the previous year,DATE,hockey,positive
NHL,ORG,hockey,positive
the 1st round,DATE,hockey,positive
next year,DATE,hockey,positive
Miller,ORG,hockey,negative
2 months,DATE,hockey,negative
Pittsford,ORG,olympics,positive
Cortina,GPE,olympics,neutral
D'Ampezzo,PERSON,olympics,neutral
Verona,GPE,olympics,neutral
Russia,GPE,FigureSkating,negative
Russia,GPE,FigureSkating,negative
Communist,NORP,FigureSkating,negative
East German,NORP,FigureSkating,negative
'70s,DATE,FigureSkating,negative
'80s,DATE,FigureSkating,negative
Bs,PERSON,FigureSkating,positive
Doubles,PRODUCT,olympics,neutral
6th,ORDINAL,olympics,neutral
2010,DATE,hockey,positive
Gold Medal,ORG,hockey,positive
OT,ORG,hockey,positive
20 minutes,TIME,hockey,positive
4,CARDINAL,hockey,positive
OT,GPE,hockey,positive
Connor McfuckingRobot,PERSON,hockey,negative
GWG,ORG,hockey,negative
last year,DATE,hockey,negative
Declan Farmer,GPE,olympics,neutral
100%,PERCENT,olympics,negative
American,NORP,olympics,negative
Shaidorov,PERSON,FigureSkating,positive
AHL,ORG,hockey,positive
AHL,ORG,hockey,positive
Reichel,PERSON,hockey,positive
Stachowiak,PERSON,hockey,positive
German,NORP,hockey,positive
AHL,ORG,hockey,positive
Stachowiak,PERSON,hockey,positive
Syracuse,GPE,hockey,positive
Beijing,GPE,olympics,neutral
Montréal,GPE,FigureSkating,positive
FD,ORG,FigureSkating,positive
the Eaton Centre,FAC,FigureSkating,positive
Wednesday,DATE,FigureSkating,positive
February,DATE,FigureSkating,positive
Gilles/Poirier,ORG,FigureSkating,positive
Gilles/Poirier's,ORG,FigureSkating,positive
Olympics,EVENT,FigureSkating,positive
Congrats,NORP,FigureSkating,positive
CraftyNEGATIVE (NoFun2700,ORG,Curling,neutral
Olympics,EVENT,snowboarding,positive
first,ORDINAL,snowboarding,positive
sec,ORG,Curling,positive
450,CARDINAL,Curling,positive
447,CARDINAL,Curling,positive
100,CARDINAL,Curling,positive
Tessa Virtue,PERSON,FigureSkating,positive
Tessa,ORG,FigureSkating,positive
tonight,TIME,olympics,positive
Riku,ORG,FigureSkating,positive
Ryuichi,GPE,FigureSkating,positive
Riku,ORG,FigureSkating,positive
Courtney Sarault,PERSON,olympics,positive
Norwegian,NORP,olympics,positive
BBC,ORG,olympics,negative
Frida Karlsson,PERSON,olympics,neutral
Wranås,PERSON,olympics,neutral
Canada,GPE,olympics,positive
Russian,NORP,olympics,neutral
Russians,NORP,olympics,neutral
https://preview.redd.it/qwkp77mfkfig1.png?width=1080&format=png&auto=webp&s=1f8f6eeccfb82245eb999c38d6dd2267c8cbf46d,PERSON,FigureSkating,positive
Sturla,PERSON,biathlon,neutral
Eight days,DATE,FigureSkating,positive
four,CARDINAL,FigureSkating,positive
Phelps,GPE,olympics,positive
Stanley Cup,FAC,hockey,negative
NHL,ORG,hockey,negative
AF,ORG,biathlon,neutral
China,GPE,biathlon,positive
00s,DATE,biathlon,positive
only 30 minutes,TIME,FigureSkating,positive
Google Chrome,ORG,FigureSkating,positive
America,GPE,FigureSkating,positive
US Nats,ORG,FigureSkating,positive
Worlds,PERSON,FigureSkating,neutral
4CC,CARDINAL,FigureSkating,neutral
one,CARDINAL,olympics,positive
Olympics,EVENT,olympics,positive
night,TIME,olympics,positive
Hope,PERSON,olympics,positive
Soul,PERSON,olympics,positive
NBC,ORG,olympics,positive
Olympics,EVENT,olympics,positive
Gabbi,PERSON,FigureSkating,positive
fifteen minutes,TIME,FigureSkating,positive
Kevin,PERSON,FigureSkating,positive
season - 93,DATE,FigureSkating,positive
87,DATE,FigureSkating,positive
93,DATE,FigureSkating,positive
87,DATE,FigureSkating,positive
53,DATE,FigureSkating,positive
Kevin Roulette,PERSON,FigureSkating,positive
Kevin,PERSON,FigureSkating,positive
today,DATE,FigureSkating,positive
Quad God,WORK_OF_ART,olympics,positive
Canadians,NORP,olympics,positive
two,CARDINAL,olympics,positive
at least 2,CARDINAL,FigureSkating,neutral
Maren Kirkeeide's,GPE,biathlon,positive
tomorrow,DATE,biathlon,positive
Lou and/or Ingrid,PERSON,biathlon,positive
Pursuit,ORG,biathlon,positive
Norwegian,NORP,biathlon,positive
Botn,ORG,biathlon,positive
Lagreid,PERSON,biathlon,positive
🤷,GPE,FigureSkating,neutral
e.g athletes,GPE,FigureSkating,positive
Sharks,PERSON,hockey,negative
^(There,ORG,hockey,negative
Ibu,ORG,biathlon,neutral
Promise,PRODUCT,FigureSkating,positive
Norway,GPE,olympics,negative
10,CARDINAL,FigureSkating,positive
New Zealand,GPE,olympics,positive
one,CARDINAL,FigureSkating,neutral
six,CARDINAL,FigureSkating,neutral
Flo,ORG,FigureSkating,neutral
Tina,PERSON,FigureSkating,neutral
China,GPE,olympics,positive
second,ORDINAL,olympics,positive
Willander,ORG,hockey,positive
Spotify,ORG,hockey,positive
Sultans of Swing,PERSON,hockey,positive
Gem,PERSON,FigureSkating,neutral
Filip Gustavsson,PERSON,hockey,negative
Swiss,NORP,Curling,positive
max,PERSON,skiing,positive
two,CARDINAL,FigureSkating,negative
Russia,GPE,FigureSkating,negative
two,CARDINAL,FigureSkating,negative
one,CARDINAL,FigureSkating,negative
two,CARDINAL,FigureSkating,negative
AIN,ORG,FigureSkating,negative
more than one,CARDINAL,FigureSkating,negative
AIN,ORG,FigureSkating,negative
Olympics,EVENT,FigureSkating,negative
ISU,ORG,FigureSkating,negative
Swayman,PERSON,olympics,positive
tonight,TIME,olympics,positive
Olympics,EVENT,olympics,positive
IOC,ORG,hockey,negative
one,CARDINAL,biathlon,negative
Norway,GPE,biathlon,negative
one,CARDINAL,biathlon,negative
Antholz,GPE,biathlon,negative
this 18 February 2026,DATE,biathlon,negative
Today,DATE,biathlon,negative
1,CARDINAL,biathlon,negative
France,GPE,biathlon,negative
2,CARDINAL,biathlon,negative
Sweden,GPE,biathlon,negative
3,CARDINAL,biathlon,negative
Norway,GPE,biathlon,negative
20,CARDINAL,biathlon,negative
4x6 km,QUANTITY,biathlon,negative
|1| France,ORG,biathlon,negative
|2| Sweden,PRODUCT,biathlon,negative
|3|,GPE,biathlon,negative
Norway,GPE,biathlon,negative
|4| Germany,GPE,biathlon,negative
|5| Czechia,PERSON,biathlon,negative
|6| Poland,ORG,biathlon,negative
|8| Switzerland,PERSON,biathlon,negative
|9| Ukraine,PERSON,biathlon,negative
Slovakia,ORG,biathlon,negative
Italy,GPE,biathlon,negative
Bulgaria,GPE,biathlon,negative
Belgium,GPE,biathlon,negative
Estonia,GPE,biathlon,negative
|15| Austria,PERSON,biathlon,negative
Latvia,GPE,biathlon,negative
|18| United States,GPE,biathlon,negative
Canada,GPE,biathlon,negative
Lithuania,GPE,biathlon,negative
10,CARDINAL,biathlon,negative
winter,DATE,snowboarding,positive
Alpine,ORG,snowboarding,positive
POV,GPE,snowboarding,positive
SuperPipe,ORG,snowboarding,positive
this year,DATE,snowboarding,positive
Italian,NORP,olympics,neutral
Yuma,PERSON,FigureSkating,positive
Shun,PERSON,FigureSkating,positive
japanese,NORP,FigureSkating,positive
Europe,LOC,olympics,positive
Two,CARDINAL,FigureSkating,positive
Medal Tally,PERSON,olympics,positive
1,CARDINAL,olympics,positive
China,GPE,olympics,positive
8,CARDINAL,olympics,positive
17,CARDINAL,olympics,positive
2,CARDINAL,olympics,positive
Ukraine,GPE,olympics,positive
3,CARDINAL,olympics,positive
5,CARDINAL,olympics,positive
10,CARDINAL,olympics,positive
3,CARDINAL,olympics,positive
1,CARDINAL,olympics,positive
0,CARDINAL,olympics,positive
4,CARDINAL,olympics,positive
4,CARDINAL,olympics,positive
Italy,GPE,olympics,positive
2,CARDINAL,olympics,positive
2,CARDINAL,olympics,positive
1,CARDINAL,olympics,positive
5,CARDINAL,olympics,positive
5,CARDINAL,olympics,positive
Canada,GPE,olympics,positive
1,CARDINAL,olympics,positive
7,CARDINAL,olympics,positive
6,CARDINAL,olympics,positive
United States,GPE,olympics,positive
1,CARDINAL,olympics,positive
6,CARDINAL,olympics,positive
France,GPE,olympics,positive
1,CARDINAL,olympics,positive
3,CARDINAL,olympics,positive
0,CARDINAL,olympics,positive
4,CARDINAL,olympics,positive
Germany,GPE,olympics,positive
1,CARDINAL,olympics,positive
5,CARDINAL,olympics,positive
7,CARDINAL,olympics,positive
9,CARDINAL,olympics,positive
Netherlands,GPE,olympics,positive
1,CARDINAL,olympics,positive
1,CARDINAL,olympics,positive
0,CARDINAL,olympics,positive
1,CARDINAL,olympics,positive
1,CARDINAL,olympics,positive
0,CARDINAL,olympics,positive
2,CARDINAL,olympics,positive
Spain,GPE,olympics,positive
1,CARDINAL,olympics,positive
1,CARDINAL,olympics,positive
0,CARDINAL,olympics,positive
2,CARDINAL,olympics,positive
17,CARDINAL,olympics,positive
Australia,GPE,olympics,positive
0,CARDINAL,olympics,positive
1,CARDINAL,olympics,positive
0,CARDINAL,olympics,positive
1,CARDINAL,olympics,positive
EMT,ORG,olympics,neutral
6,CARDINAL,hockey,positive
the Olympic Committee,ORG,olympics,negative
Finland,GPE,hockey,positive
3,CARDINAL,hockey,positive
Jeremy Abbott,PERSON,FigureSkating,negative
Saturday,DATE,Curling,positive
morning,TIME,Curling,positive
"Heheh

Yeah",LAW,Curling,positive
night,TIME,olympics,neutral
late night,TIME,olympics,neutral
Milan,GPE,olympics,neutral
Jake Paul,PERSON,olympics,negative
Womens 10Km Visually Impared Cross,ORG,olympics,neutral
Bronze,GPE,olympics,neutral
Germany,GPE,olympics,neutral
Greeks,PERSON,hockey,neutral
more than 3,CARDINAL,biathlon,positive
Olympic,EVENT,biathlon,positive
Sarah Brightman,PERSON,olympics,positive
Jose Carreras,PERSON,olympics,positive
Amigos Para Siempre,WORK_OF_ART,olympics,positive
first,ORDINAL,olympics,neutral
Makar,PERSON,hockey,positive
Canada,GPE,hockey,positive
IOC,ORG,FigureSkating,positive
ISU,ORG,FigureSkating,positive
Kate Bush,PERSON,olympics,negative
2012,DATE,olympics,negative
Kate Bush,PERSON,olympics,negative
London,GPE,olympics,negative
2012,DATE,olympics,negative
Hill,PERSON,olympics,negative
2012,DATE,olympics,negative
Paul McCartney,PERSON,olympics,negative
George Michael,PERSON,olympics,negative
Mike Oldfield,PERSON,olympics,negative
Liam Gallagher,PERSON,olympics,negative
Arctic Monkeys,GPE,olympics,negative
Madness,GPE,olympics,negative
Eric Idle,PERSON,olympics,negative
Sweden,GPE,Curling,negative
Kranjec,PERSON,olympics,positive
2nd,DATE,olympics,positive
Odermatt,PERSON,olympics,positive
2nd,ORDINAL,olympics,positive
second,ORDINAL,olympics,positive
RD,ORG,FigureSkating,neutral
this season,DATE,FigureSkating,neutral
Justin Trudeau,PERSON,hockey,neutral
America,GPE,hockey,neutral
Canada,GPE,hockey,neutral
This year,DATE,biathlon,positive
one,CARDINAL,biathlon,positive
a year,DATE,biathlon,positive
at least one,CARDINAL,biathlon,positive
Olympics,EVENT,biathlon,positive
Cup,EVENT,hockey,positive
last year,DATE,hockey,positive
Avs,LOC,hockey,positive
their 30 year,DATE,hockey,positive
Stars,PRODUCT,hockey,positive
Achilles,GPE,hockey,positive
2nd,DATE,hockey,positive
San Jose,GPE,hockey,positive
this year,DATE,hockey,positive
Macklin Celebrini,PERSON,hockey,positive
Lou 2nd,DATE,biathlon,neutral
Kyle Larson,PERSON,olympics,positive
Max Verstappen,PERSON,olympics,positive
Lewis Hamilton,PERSON,olympics,positive
80%,PERCENT,Curling,positive
3rd,ORDINAL,biathlon,positive
Overall,GPE,biathlon,positive
Elvira,ORG,biathlon,positive
Anna,PERSON,biathlon,positive
tomorrow,DATE,biathlon,positive
2026,DATE,hockey,positive
NBC,ORG,hockey,positive
a minute,TIME,FigureSkating,negative
Women's Snowboard Slopestyle,ORG,olympics,negative
Men's Snowboard Slopestyle,ORG,olympics,negative
Russia,GPE,FigureSkating,neutral
Germany,GPE,Curling,positive
12,CARDINAL,Curling,positive
Brad,PERSON,Curling,positive
Noooooo,ORG,FigureSkating,neutral
almost 40 years ago,DATE,FigureSkating,positive
first,ORDINAL,FigureSkating,positive
Kurt Browning,PERSON,FigureSkating,positive
1988,DATE,FigureSkating,positive
Skaters,ORG,FigureSkating,positive
Six,CARDINAL,FigureSkating,positive
five,CARDINAL,FigureSkating,positive
4s,CARDINAL,FigureSkating,positive
Milano,ORG,FigureSkating,positive
Yea Lenzerheide,PERSON,biathlon,negative
French,NORP,biathlon,negative
Sweden,GPE,biathlon,negative
MS,GPE,biathlon,negative
This year,DATE,biathlon,negative
Hochfilzen,PRODUCT,biathlon,negative
Justine,PERSON,biathlon,negative
Maren,PERSON,biathlon,negative
Justine,PERSON,biathlon,negative
at least one,CARDINAL,biathlon,negative
Holmenkollen,PERSON,biathlon,negative
Tandrevold,PERSON,biathlon,negative
Oberhof,GPE,biathlon,negative
Tandrevold,PERSON,biathlon,negative
second,ORDINAL,skiing,positive
ACL,ORG,skiing,positive
Norway,GPE,biathlon,positive
last year,DATE,biathlon,positive
France,GPE,biathlon,positive
France,GPE,biathlon,positive
6.0,CARDINAL,olympics,neutral
the '90s,DATE,FigureSkating,positive
Eva Cassidy,PERSON,FigureSkating,positive
Swedens,ORG,hockey,neutral
8 years old,DATE,skiing,positive
Congrats,NORP,olympics,positive
Italy,GPE,olympics,positive
5th,ORDINAL,olympics,positive
Germanys,GPE,olympics,positive
2,CARDINAL,olympics,positive
OT,ORG,hockey,negative
Olympic,EVENT,hockey,negative
Rule 2:,PRODUCT,FigureSkating,negative
Drama,PERSON,FigureSkating,negative
2,CARDINAL,FigureSkating,negative
troll,ORG,FigureSkating,negative
Milan,GPE,FigureSkating,positive
Cortina,GPE,FigureSkating,positive
--Canadian,NORP,FigureSkating,positive
007,CARDINAL,FigureSkating,positive
almost 93,CARDINAL,FigureSkating,positive
PCS,ORG,FigureSkating,negative
PCS,ORG,FigureSkating,negative
Bradie,PERSON,FigureSkating,positive
2018,DATE,FigureSkating,positive
Olympics,EVENT,FigureSkating,positive
"1,400",CARDINAL,olympics,neutral
Kazakhstan,GPE,biathlon,positive
Mensa,ORG,biathlon,neutral
2022,CARDINAL,hockey,positive
2010,DATE,hockey,negative
Gold Medal,PRODUCT,hockey,negative
2014,DATE,hockey,negative
Canada,GPE,hockey,negative
Sid,ORG,hockey,negative
Sid,PERSON,hockey,negative
the Golden Goal,FAC,hockey,negative
a ton,QUANTITY,hockey,negative
Bob,PERSON,olympics,positive
French,NORP,olympics,positive
German,NORP,olympics,positive
3 scores,QUANTITY,FigureSkating,positive
2022,CARDINAL,FigureSkating,positive
Anna,PERSON,FigureSkating,positive
Sasha,PERSON,FigureSkating,positive
Kaori,PERSON,FigureSkating,positive
4th,ORDINAL,FigureSkating,positive
Milan,GPE,FigureSkating,positive
Brits,NORP,FigureSkating,negative
4,CARDINAL,olympics,negative
US,GPE,olympics,negative
Nbc,ORG,olympics,negative
gala.they,NORP,olympics,negative
Americans,NORP,olympics,negative
American,NORP,olympics,negative
the Team Deutschland,ORG,olympics,positive
Cortina,GPE,olympics,positive
us,GPE,olympics,neutral
Canada,GPE,olympics,neutral
China,GPE,olympics,negative
two,CARDINAL,olympics,negative
Trudeau,PERSON,olympics,positive
Kerri Strug’s,PERSON,olympics,positive
Team Gold,ORG,olympics,positive
1996,DATE,olympics,positive
Atlanta Games,EVENT,olympics,positive
Magnificent Seven,WORK_OF_ART,olympics,positive
Jason Lezak’s,PERSON,olympics,positive
Michael Phelps’s,PERSON,olympics,positive
2008,DATE,olympics,positive
the 2008,EVENT,olympics,positive
Summer Olympics,EVENT,olympics,positive
Phelps,PERSON,olympics,positive
Strug,ORG,olympics,positive
Canada,GPE,Curling,positive
Norway,GPE,Curling,positive
1,MONEY,Curling,positive
second,ORDINAL,Curling,positive
Niklas,ORG,Curling,neutral
Oskar,PERSON,Curling,neutral
Sweden,GPE,Curling,neutral
Congress,ORG,olympics,positive
🤔,PERSON,olympics,positive
4CC,ORG,FigureSkating,positive
World Team,ORG,FigureSkating,positive
4CC,CARDINAL,FigureSkating,positive
Worlds,PERSON,FigureSkating,positive
Spiegel,PERSON,FigureSkating,positive
Chardine Sloof,PERSON,biathlon,positive
Netherlands,GPE,biathlon,positive
Swedish,NORP,biathlon,positive
Switzerland,GPE,Curling,positive
4th,ORDINAL,Curling,positive
First Paetz,ORG,Curling,positive
99%,PERCENT,Curling,positive
Schwarz van Berkel,PERSON,Curling,positive
96%,PERCENT,Curling,positive
georgian,NORP,FigureSkating,positive
Georgia,GPE,FigureSkating,positive
Georgia,GPE,FigureSkating,positive
Russia,GPE,FigureSkating,positive
Maja Dahlquist,ORG,olympics,positive
XC,GPE,olympics,positive
two,CARDINAL,olympics,positive
the winter,DATE,olympics,positive
the Today Show,WORK_OF_ART,FigureSkating,positive
Sennecke,PERSON,hockey,positive
19 year old,DATE,hockey,positive
45,CARDINAL,hockey,positive
20,CARDINAL,hockey,positive
55,CARDINAL,hockey,positive
40,CARDINAL,hockey,positive
Max,PERSON,FigureSkating,positive
Andrew,PERSON,FigureSkating,positive
Andrew,PERSON,FigureSkating,positive
Max at Nationals,ORG,FigureSkating,positive
Max,PERSON,FigureSkating,positive
Andrew,PERSON,FigureSkating,positive
Jason,PERSON,FigureSkating,positive
Greek,NORP,olympics,positive
Giannis,PERSON,olympics,positive
NBA,ORG,olympics,positive
Yao Ming,PERSON,olympics,positive
NBA,ORG,olympics,positive
Gu,PERSON,olympics,positive
first,ORDINAL,olympics,positive
first,ORDINAL,olympics,positive
Asian,NORP,olympics,positive
Tom Brady,PERSON,olympics,positive
NHL,ORG,hockey,positive
Oscar,PERSON,Curling,positive
Oscar,PERSON,Curling,positive
Kennedy,PERSON,Curling,positive
Russia,GPE,FigureSkating,negative
ISU,ORG,FigureSkating,negative
Israel,GPE,FigureSkating,negative
n’t,GPE,FigureSkating,negative
100%,PERCENT,FigureSkating,negative
ISU,ORG,FigureSkating,negative
today,DATE,Curling,positive
Connor,PERSON,hockey,neutral
second,ORDINAL,hockey,neutral
Greg Cote,PERSON,hockey,neutral
🤣,WORK_OF_ART,FigureSkating,neutral
Olympics,EVENT,olympics,positive
2,CARDINAL,olympics,positive
Rachel Homan's,PERSON,hockey,positive
https://preview.redd.it/yti82jff3jkg1.jpeg?width=640&format=pjpg&auto=webp&s=7b1ad9184285050571151ba7333acd564896c120,ORG,hockey,neutral
Hughes,ORG,olympics,positive
Stanley cup champion,FAC,olympics,positive
American,NORP,olympics,positive
3 seconds,TIME,biathlon,positive
Christiansen,PERSON,biathlon,positive
Sturla,PERSON,biathlon,positive
9seconds,CARDINAL,biathlon,positive
QFM,ORG,biathlon,positive
Sturla 50.5 Christiansen,FAC,biathlon,positive
2nd,ORDINAL,olympics,neutral
OT,ORG,biathlon,negative
czech,NORP,biathlon,negative
Makula,PERSON,biathlon,negative
tomorrow,DATE,olympics,positive
Turin,GPE,olympics,positive
the Olympic Oval Lingotto,FAC,olympics,positive
5 minutes,TIME,olympics,positive
French,NORP,olympics,negative
Opera,ORG,olympics,neutral
Japan,GPE,olympics,neutral
japanese,NORP,olympics,neutral
3a,CARDINAL,FigureSkating,positive
PCS,ORG,FigureSkating,positive
Kirsty Muir,ORG,olympics,positive
4,CARDINAL,olympics,positive
4th,ORDINAL,olympics,positive
4,CARDINAL,olympics,positive
4 +,CARDINAL,olympics,positive
Wtf,PERSON,olympics,positive
Brazil,GPE,olympics,neutral
Chile,GPE,olympics,neutral
Argentina,GPE,olympics,neutral
Trump,PERSON,olympics,positive
Canada,GPE,olympics,positive
Morrissey,GPE,olympics,positive
America Is Not The World,WORK_OF_ART,olympics,positive
Canada,GPE,FigureSkating,positive
second,ORDINAL,FigureSkating,positive
the Polish Pierogi,ORG,olympics,positive
Sweden,GPE,olympics,negative
v gb,PERSON,olympics,negative
two,CARDINAL,olympics,negative
100%,PERCENT,olympics,positive
li,PERSON,olympics,positive
RUSSIA,ORG,olympics,positive
Alpine Ski,PERSON,olympics,positive
Russians,NORP,olympics,positive
Canada,GPE,olympics,positive
Matt Boldy,PERSON,hockey,neutral
Americans,NORP,hockey,neutral
fourth,ORDINAL,olympics,neutral
100%,PERCENT,olympics,positive
IOC,ORG,olympics,positive
first,ORDINAL,olympics,positive
FIS,ORG,olympics,positive
Olympic,EVENT,hockey,neutral
7,CARDINAL,hockey,neutral
8,CARDINAL,hockey,neutral
1,CARDINAL,olympics,positive
1,CARDINAL,olympics,positive
US,GPE,olympics,neutral
NBC,ORG,olympics,neutral
Italy,GPE,Curling,positive
Eurosport,LOC,olympics,positive
summer,DATE,olympics,positive
Dutch,NORP,olympics,positive
NOS,ORG,olympics,positive
second,ORDINAL,olympics,positive
winter,DATE,olympics,positive
Olympics,EVENT,olympics,positive
Paralympics,ORG,olympics,positive
Jutta Leerdam,PERSON,olympics,positive
Jake Paul,PERSON,olympics,positive
Alysa Liu,PERSON,olympics,positive
Nazgul,GPE,olympics,positive
Hughes,ORG,hockey,positive
USA,GPE,hockey,positive
Mei,PERSON,FigureSkating,positive
Sam fucking Bennett,PERSON,hockey,negative
Bennett,PERSON,hockey,negative
two,CARDINAL,hockey,negative
yesterday,DATE,hockey,negative
Hamas,ORG,olympics,neutral
Reddit,GPE,olympics,negative
YTTV,ORG,olympics,negative
this morning,TIME,olympics,negative
one,CARDINAL,FigureSkating,negative
Russia,GPE,FigureSkating,negative
Russia,GPE,FigureSkating,negative
Italy,GPE,olympics,positive
Para,PRODUCT,olympics,positive
Europe,LOC,olympics,positive
Iran,GPE,olympics,negative
Olympics,EVENT,olympics,negative
Paralympics,ORG,olympics,negative
today,DATE,olympics,negative
four,CARDINAL,Curling,positive
World Champions,EVENT,Curling,positive
Italy,GPE,Curling,positive
Olympic Champion,FAC,Curling,positive
1,CARDINAL,Curling,positive
2,CARDINAL,Curling,positive
Sasha,PERSON,FigureSkating,positive
Anna,PERSON,FigureSkating,positive
Alysa,PERSON,FigureSkating,positive
Sasha,PERSON,FigureSkating,positive
Anna,GPE,FigureSkating,positive
6th,ORDINAL,FigureSkating,positive
first,ORDINAL,FigureSkating,positive
Russia,GPE,FigureSkating,positive
a week,DATE,FigureSkating,positive
Quads,GPE,FigureSkating,positive
Olympic,FAC,FigureSkating,positive
4 years ago,DATE,FigureSkating,positive
Aliona,PERSON,FigureSkating,neutral
2030,DATE,FigureSkating,neutral
the World Championships,EVENT,hockey,positive
CBC,ORG,hockey,positive
European,NORP,olympics,positive
European,NORP,olympics,positive
Aryan,NORP,olympics,positive
Kleptomania,GPE,biathlon,negative
Oilers,ORG,hockey,positive
Canada,GPE,hockey,positive
Rio Grande,GPE,olympics,neutral
Kirsty,ORG,olympics,positive
Bach,PERSON,olympics,positive
Germany,GPE,biathlon,positive
Olympics,EVENT,biathlon,positive
One,CARDINAL,olympics,positive
Nordic Combined,ORG,olympics,positive
Nah Jeannmonnot,PERSON,biathlon,positive
Jbb,PERSON,biathlon,positive
Simon,PERSON,biathlon,positive
Braisaz,PERSON,biathlon,positive
first,ORDINAL,biathlon,positive
today,DATE,biathlon,positive
later today,TIME,hockey,neutral
kyrylos,PERSON,FigureSkating,positive
milan,GPE,FigureSkating,positive
russian,NORP,FigureSkating,positive
Alysa,LOC,FigureSkating,positive
winter,DATE,olympics,positive
2nd,ORDINAL,olympics,positive
Vancouver,GPE,olympics,positive
first,ORDINAL,FigureSkating,negative
first,ORDINAL,FigureSkating,negative
100%,PERCENT,skiing,neutral
3rd,ORDINAL,skiing,neutral
the day before,DATE,skiing,neutral
Raf,ORG,FigureSkating,positive
Philipp,NORP,biathlon,positive
tomorrow,DATE,biathlon,positive
Sprint,PERSON,biathlon,positive
Swede,NORP,Curling,neutral
Jets,ORG,hockey,positive
Team Canada,ORG,hockey,positive
Hellebuyck,ORG,hockey,positive
Unofficial,ORG,biathlon,neutral
156 cm,QUANTITY,biathlon,neutral
AMERICAN,NORP,hockey,negative
4,CARDINAL,olympics,neutral
Olympics,EVENT,FigureSkating,positive
1,CARDINAL,hockey,positive
2,CARDINAL,hockey,positive
3,CARDINAL,hockey,positive
2/3on1,CARDINAL,hockey,positive
4,CARDINAL,hockey,positive
5,CARDINAL,hockey,positive
Stick,FAC,hockey,positive
years,DATE,biathlon,neutral
2022,CARDINAL,biathlon,neutral
World Cup,EVENT,hockey,negative
Olympics,EVENT,hockey,negative
Olympics,EVENT,olympics,neutral
Mao,PERSON,FigureSkating,negative
Sturla,PERSON,biathlon,positive
these past days,DATE,biathlon,positive
later this season,DATE,biathlon,positive
❤,CARDINAL,olympics,positive
185cm,QUANTITY,snowboarding,positive
Nika,PERSON,FigureSkating,neutral
American,NORP,olympics,neutral
American,NORP,olympics,neutral
canadian,NORP,Curling,negative
Gaga,PERSON,FigureSkating,positive
Canadians,NORP,Curling,neutral
US,GPE,Curling,neutral
3,CARDINAL,Curling,neutral
Homan and Co,ORG,Curling,neutral
1-3,CARDINAL,Curling,neutral
Emilien,ORG,biathlon,positive
today,DATE,biathlon,positive
Fabien,GPE,biathlon,positive
one,CARDINAL,biathlon,positive
Atlantis,PRODUCT,olympics,neutral
one,CARDINAL,olympics,positive
Btw,PERSON,olympics,positive
2000,DATE,FigureSkating,positive
one,CARDINAL,FigureSkating,positive
Arakawa,PERSON,FigureSkating,positive
this year,DATE,FigureSkating,positive
Liu,PERSON,FigureSkating,positive
https://www.reddit.com/r/FigureSkating/s/dgxkCvWpUs,ORG,FigureSkating,neutral
US,GPE,Curling,negative
US,GPE,Curling,negative
Italy,GPE,Curling,negative
0,CARDINAL,Curling,negative
PCS,ORG,FigureSkating,negative
Ilia,PERSON,FigureSkating,negative
two,CARDINAL,olympics,positive
Olympians,NORP,olympics,positive
Alex Pretti,PERSON,olympics,neutral
Canada,GPE,olympics,neutral
Olympic,EVENT,FigureSkating,positive
years,DATE,FigureSkating,positive
Olympic,FAC,FigureSkating,positive
Milano,GPE,FigureSkating,positive
summer,DATE,olympics,neutral
Olympics,EVENT,olympics,neutral
Merzlikins,PERSON,hockey,negative
Latvia,GPE,hockey,negative
FwF,WORK_OF_ART,olympics,neutral
Megathread,ORG,olympics,neutral
tomorrow,DATE,olympics,neutral
Heyyy,PERSON,olympics,positive
21-22 season,DATE,hockey,negative
CBC,ORG,FigureSkating,positive
last couple of years,DATE,FigureSkating,positive
Raf,ORG,FigureSkating,positive
Petrs,PERSON,FigureSkating,positive
years,DATE,biathlon,negative
IOC,ORG,olympics,neutral
April this year,DATE,olympics,neutral
Second,ORDINAL,FigureSkating,neutral
three,CARDINAL,FigureSkating,positive
Norwegian,NORP,olympics,neutral
Europeans,NORP,olympics,neutral
European,NORP,olympics,neutral
French,NORP,olympics,neutral
Micheline,NORP,olympics,neutral
Norwegian,NORP,olympics,neutral
Norway,GPE,olympics,neutral
Norway,GPE,olympics,neutral
1970,DATE,olympics,neutral
1980,DATE,olympics,neutral
Shove,WORK_OF_ART,olympics,neutral
winter,DATE,olympics,neutral
Zegras,PERSON,hockey,positive
a great season,DATE,hockey,positive
Sennecke,PERSON,hockey,positive
56,CARDINAL,hockey,positive
NHL,ORG,hockey,positive
3+ more years,DATE,hockey,positive
https://preview.redd.it/vv7mkux1r9ng1.png?width=1200&format=png&auto=webp&s=10b6bb2851a8d0c5d021e481acf78a6794a75adc,PERSON,olympics,neutral
US,GPE,hockey,neutral
Gauthier,PERSON,hockey,neutral
Leonard,PERSON,hockey,neutral
Smith,ORG,hockey,neutral
Hutson,ORG,hockey,neutral
Hagans,NORP,hockey,neutral
the Winter Games,EVENT,biathlon,negative
Milan,GPE,biathlon,negative
Cortina,GPE,biathlon,negative
Passler,ORG,biathlon,negative
CAS,ORG,biathlon,negative
Passler,ORG,biathlon,negative
Olympics,EVENT,biathlon,negative
Antholz,GPE,biathlon,negative
Sunday,DATE,biathlon,negative
Passler,ORG,biathlon,negative
first,ORDINAL,biathlon,negative
Russians,NORP,olympics,negative
US,GPE,olympics,negative
iSRaEl,GPE,olympics,negative
Baltic,NORP,hockey,negative
the Soviet Union,GPE,hockey,negative
this season,DATE,FigureSkating,positive
Super-G,ORG,olympics,positive
Boopgate,ORG,olympics,positive
Olympics,EVENT,olympics,positive
two,CARDINAL,skiing,negative
Brisbane,GPE,olympics,positive
this year,DATE,olympics,positive
French,NORP,olympics,positive
Alps,LOC,olympics,positive
French,NORP,olympics,positive
Alps,LOC,olympics,positive
five to six years,DATE,olympics,positive
US,GPE,hockey,neutral
Canadian,NORP,hockey,neutral
Thomas Harley,PERSON,hockey,neutral
Canada,GPE,hockey,neutral
New York,GPE,hockey,neutral
2018,DATE,FigureSkating,positive
20 years before,DATE,FigureSkating,positive
The Zagreb Arena,ORG,FigureSkating,positive
Croatia,GPE,FigureSkating,positive
15k,CARDINAL,FigureSkating,positive
hundreds,CARDINAL,FigureSkating,positive
Olympics,EVENT,FigureSkating,positive
one,CARDINAL,olympics,positive
Gold Coast,LOC,olympics,positive
Brisbane,PERSON,olympics,positive
Paradise,LOC,olympics,positive
Gold Coast,LOC,olympics,positive
Australia,GPE,olympics,positive
12 years ago,DATE,olympics,positive
QLD,ORG,olympics,positive
Justg,PERSON,FigureSkating,positive
EU,ORG,FigureSkating,positive
years,DATE,FigureSkating,positive
KOR,ORG,Curling,positive
DSC,ORG,Curling,positive
USA,GPE,Curling,positive
DSC,ORG,Curling,positive
GBR,ORG,Curling,positive
DSC,ORG,Curling,positive
as much as,CARDINAL,Curling,positive
one,CARDINAL,Curling,positive
max,PERSON,Curling,positive
two,CARDINAL,Curling,positive
two,CARDINAL,Curling,positive
DSC,ORG,Curling,positive
KOR,ORG,Curling,positive
18 cm,QUANTITY,Curling,positive
0,CARDINAL,Curling,positive
1,CARDINAL,Curling,positive
6.0 cm and 5.0 cm,QUANTITY,Curling,positive
KOR,ORG,Curling,positive
DSC,ORG,Curling,positive
18.24 cm,QUANTITY,Curling,positive
Japanese,NORP,FigureSkating,negative
the night,TIME,FigureSkating,negative
100%,PERCENT,FigureSkating,negative
Annika,NORP,FigureSkating,negative
Robert,PERSON,FigureSkating,negative
Hungarians,NORP,FigureSkating,negative
Ladies,PERSON,FigureSkating,negative
Rebecca Passler,PERSON,biathlon,positive
Celine Dion's,PERSON,olympics,neutral
Gojira,PERSON,olympics,neutral
first,ORDINAL,biathlon,positive
age 28,DATE,biathlon,positive
21/22 season,DATE,biathlon,positive
Dahlmeier,ORG,biathlon,positive
16/17,CARDINAL,biathlon,positive
30 seconds,TIME,biathlon,positive
more than 1:30 minutes,TIME,biathlon,positive
Justine,PERSON,biathlon,positive
Elvira,ORG,biathlon,positive
the season,DATE,biathlon,positive
Beijing,GPE,biathlon,positive
Olympics YouTube,ORG,biathlon,positive
22,CARDINAL,FigureSkating,positive
two,CARDINAL,FigureSkating,positive
Tara,PERSON,FigureSkating,positive
15,CARDINAL,FigureSkating,positive
42,CARDINAL,FigureSkating,positive
Chinese,NORP,FigureSkating,positive
Taiwan,GPE,FigureSkating,positive
Yu-Hsiang,PERSON,FigureSkating,positive
Yu-Hsiang,PERSON,FigureSkating,positive
Olympics,EVENT,FigureSkating,positive
the next four years,DATE,FigureSkating,positive
Alysa,PERSON,FigureSkating,negative
about 90%,PERCENT,Curling,positive
Cope,PERSON,Curling,positive
AI,ORG,FigureSkating,positive
millions,CARDINAL,FigureSkating,positive
AI,ORG,FigureSkating,positive
Olympic,CARDINAL,hockey,positive
GLORIOUS,ORG,FigureSkating,positive
matthieu carriou,PERSON,FigureSkating,positive
Tuktamysheva,GPE,FigureSkating,positive
mid 20s,DATE,FigureSkating,positive
Finland,GPE,biathlon,positive
Finland,GPE,biathlon,positive
Klemettinen,ORG,biathlon,positive
Tehran,GPE,olympics,positive
Sunday,DATE,olympics,positive
FS,ORG,FigureSkating,neutral
Euros,PERSON,FigureSkating,neutral
TE,ORG,FigureSkating,neutral
RD,ORG,FigureSkating,neutral
5,CARDINAL,hockey,positive
1,CARDINAL,hockey,positive
J. Hughes/Keller Golden Goals,PERSON,hockey,positive
two,CARDINAL,hockey,positive
2,CARDINAL,hockey,positive
Canada,GPE,hockey,positive
3,CARDINAL,hockey,positive
Matt Boldy,PERSON,hockey,positive
Canada,GPE,hockey,positive
4,CARDINAL,hockey,positive
Q. Hughes OT,PERSON,hockey,positive
Sweden,GPE,hockey,positive
5,CARDINAL,hockey,positive
Latvia,GPE,hockey,positive
Mameli,PERSON,olympics,negative
Novaro,PERSON,olympics,negative
Ya,PERSON,biathlon,positive
Hristova,ORG,biathlon,positive
NHL,ORG,hockey,positive
NHL,ORG,hockey,positive
Tommy,PERSON,biathlon,positive
Tommy,PERSON,biathlon,positive
Tommy,ORG,biathlon,positive
Lukas,NORP,biathlon,positive
Nickelback,ORG,olympics,neutral
Vancouver 2010,EVENT,olympics,neutral
IPC,ORG,olympics,positive
n’t,GPE,olympics,positive
2030,DATE,olympics,positive
Halfpipe,ORG,olympics,positive
Halfpipe,PRODUCT,olympics,positive
2 minutes,TIME,olympics,neutral
6,CARDINAL,olympics,neutral
HSI,ORG,olympics,neutral
Olympic Games,EVENT,olympics,neutral
20,CARDINAL,olympics,positive
4,CARDINAL,olympics,positive
Silver,PERSON,olympics,neutral
Elvira,ORG,biathlon,positive
Magnusson,PERSON,biathlon,positive
44,DATE,skiing,positive
10th,ORDINAL,biathlon,positive
Blaming Bruce,PERSON,hockey,negative
Han,NORP,olympics,neutral
Han,NORP,olympics,neutral
Xinjiang,GPE,olympics,neutral
China,GPE,olympics,neutral
Sox,ORG,olympics,positive
four,CARDINAL,Curling,positive
Sweden,GPE,Curling,positive
GB,PERSON,Curling,positive
One,CARDINAL,Curling,positive
2,CARDINAL,olympics,negative
americans,NORP,olympics,negative
1,CARDINAL,olympics,negative
south african,NORP,olympics,negative
Retornaz,PERSON,Curling,negative
DRM,ORG,Curling,negative
Galant,ORG,Curling,negative
Retornaz,PERSON,Curling,negative
Retornaz,PERSON,Curling,negative
100%,PERCENT,olympics,neutral
one,CARDINAL,biathlon,positive
two,CARDINAL,biathlon,positive
Bates,PERSON,olympics,positive
Canadians,NORP,olympics,positive
million,CARDINAL,olympics,negative
americans,NORP,olympics,negative
three,CARDINAL,olympics,negative
french,NORP,biathlon,positive
the years,DATE,biathlon,positive
norwegian,NORP,biathlon,positive
Doro,ORG,biathlon,positive
Franzi,ORG,biathlon,positive
Finland,GPE,biathlon,positive
nbc,ORG,FigureSkating,positive
Kaori,PERSON,FigureSkating,positive
many years,DATE,FigureSkating,positive
Japan,GPE,FigureSkating,positive
the Olympic Games,EVENT,FigureSkating,positive
2022,DATE,FigureSkating,positive
World Championship,EVENT,FigureSkating,positive
National Champion,ORG,FigureSkating,positive
Kaori,PERSON,FigureSkating,positive
Kaori,PERSON,FigureSkating,positive
Italy,GPE,olympics,positive
12th,ORDINAL,olympics,positive
Olympics,EVENT,olympics,positive
Norway,GPE,olympics,positive
Norway,GPE,olympics,positive
Norway,GPE,olympics,positive
11x,DATE,olympics,positive
n’t,GPE,olympics,positive
Italian,NORP,olympics,positive
"Brown Cheese, Lutefisk",ORG,olympics,positive
Zayak,PERSON,FigureSkating,negative
second,ORDINAL,FigureSkating,negative
7th,ORDINAL,FigureSkating,negative
80%,PERCENT,FigureSkating,negative
Finland,GPE,olympics,neutral
Sweden,GPE,olympics,neutral
Finland,GPE,olympics,neutral
Eric Perrot's,PERSON,biathlon,negative
French,NORP,biathlon,negative
Benoit,PERSON,FigureSkating,neutral
USA,GPE,olympics,neutral
Columbia,ORG,olympics,neutral
150,MONEY,olympics,neutral
20.0,CARDINAL,biathlon,negative
18.7,CARDINAL,biathlon,negative
18.5,CARDINAL,biathlon,negative
Antholz,GPE,biathlon,positive
weekend,DATE,biathlon,positive
Antholz,GPE,biathlon,positive
2014,DATE,biathlon,positive
China,GPE,olympics,positive
Snooker,ORG,olympics,positive
the World Games,EVENT,olympics,positive
The Grand Slam,FAC,olympics,positive
Snooker,ORG,olympics,positive
the Triple Crown,PRODUCT,olympics,positive
The World Championship,EVENT,olympics,positive
Snooker,PERSON,olympics,positive
Commonwealth,ORG,olympics,positive
Chinese,NORP,olympics,positive
Chinese,NORP,olympics,positive
UK,GPE,olympics,positive
Chinese,NORP,olympics,positive
Chinese,NORP,olympics,positive
England,GPE,olympics,positive
Chinese,NORP,olympics,positive
China,GPE,olympics,positive
European,NORP,olympics,positive
3rd,ORDINAL,FigureSkating,positive
Ilia,GPE,FigureSkating,positive
Japan,GPE,FigureSkating,positive
3,CARDINAL,olympics,negative
Ilia,PERSON,olympics,negative
1x,CARDINAL,olympics,negative
Olympic,PERSON,biathlon,positive
Giacomel,PERSON,biathlon,positive
Eric Perrot,PERSON,biathlon,positive
Samuelsson,ORG,biathlon,positive
Norway,GPE,biathlon,positive
Botn,PERSON,biathlon,positive
Emilien Jacquelin,PERSON,biathlon,positive
one,CARDINAL,biathlon,positive
french,NORP,biathlon,positive
Wierer,PERSON,biathlon,positive
Misha,ORG,FigureSkating,positive
PCS,ORG,FigureSkating,positive
FP,ORG,FigureSkating,positive
Rippon,FAC,FigureSkating,positive
Hughes,ORG,FigureSkating,positive
Wagner Misha,PERSON,FigureSkating,positive
21,CARDINAL,FigureSkating,positive
Misha,PERSON,FigureSkating,positive
Misha,ORG,FigureSkating,positive
Ilia,GPE,FigureSkating,positive
Ilia,GPE,FigureSkating,positive
Jacobellis,PERSON,olympics,positive
Beijing,GPE,olympics,positive
Hart,NORP,hockey,neutral
Ovi,ORG,hockey,neutral
2022,CARDINAL,FigureSkating,positive
3 seasons ago,DATE,FigureSkating,positive
Olympic,EVENT,FigureSkating,positive
the years,DATE,FigureSkating,positive
Nino Niederreiter,GPE,hockey,negative
Kaori & Alysa,ORG,FigureSkating,positive
Alys a& Kaori's,ORG,FigureSkating,positive
2030,DATE,FigureSkating,positive
Russia,GPE,FigureSkating,negative
russian,NORP,FigureSkating,negative
Valid,NORP,FigureSkating,neutral
Rule 2:,PRODUCT,FigureSkating,negative
Drama,PERSON,FigureSkating,negative
2,CARDINAL,FigureSkating,negative
troll,ORG,FigureSkating,negative
Rizzo,PERSON,FigureSkating,positive
PHENOMINAL(as,PERSON,FigureSkating,positive
san sananana san sananana,ORG,FigureSkating,negative
Toyota,ORG,hockey,positive
Sid,ORG,hockey,positive
HOF,ORG,hockey,positive
Brady,PERSON,hockey,negative
France,GPE,biathlon,positive
Hanna,NORP,biathlon,positive
Linn,PERSON,biathlon,positive
France,GPE,biathlon,positive
Kirkeeide,GPE,biathlon,positive
Vittozi,PRODUCT,biathlon,positive
Classification Games 5th-8th Round 1,ORG,olympics,positive
Germany,GPE,olympics,positive
Italy,GPE,olympics,positive
Japan,GPE,olympics,positive
5th,ORDINAL,olympics,positive
5th/6th,CARDINAL,olympics,positive
Slovakia,ORG,olympics,positive
Italy,GPE,olympics,positive
7th,ORDINAL,olympics,positive
7th/8th,CARDINAL,olympics,positive
the 14th,DATE,olympics,positive
The Home Page,ORG,Curling,negative
first,ORDINAL,Curling,negative
Ya,PERSON,Curling,positive
one,CARDINAL,Curling,neutral
2,CARDINAL,Curling,neutral
Jesus Christ Sturla,PERSON,biathlon,neutral
U Hockey Team,ORG,olympics,neutral
"Saturday, January 31st",DATE,FigureSkating,negative
Wednesday,DATE,FigureSkating,negative
Sheffield,GPE,FigureSkating,negative
3 days,DATE,FigureSkating,negative
8 days,DATE,FigureSkating,negative
first,ORDINAL,FigureSkating,negative
February 8th,DATE,FigureSkating,negative
2,CARDINAL,Curling,neutral
NBC,ORG,olympics,positive
Frida Karlsson,PERSON,olympics,positive
50 km,QUANTITY,olympics,positive
Cassie Sharpe,PERSON,olympics,positive
Ilia Malinin's,PERSON,olympics,positive
Kunkel,ORG,FigureSkating,positive
Hocke,ORG,FigureSkating,positive
Oceane,PERSON,biathlon,negative
Julia,GPE,biathlon,negative
one,CARDINAL,biathlon,negative
Tereza,ORG,biathlon,negative
JBB,ORG,biathlon,negative
6th,ORDINAL,FigureSkating,neutral
Norway,GPE,biathlon,neutral
Jan 26,DATE,biathlon,neutral
Ami,PERSON,FigureSkating,neutral
Worlds,PERSON,FigureSkating,neutral
Swiss,NORP,hockey,neutral
3rd,ORDINAL,hockey,neutral
just 9,CARDINAL,hockey,neutral
China,GPE,olympics,negative
the second half,DATE,FigureSkating,positive
100%,PERCENT,FigureSkating,positive
at least two,CARDINAL,hockey,positive
Finn,PERSON,hockey,positive
Canada,GPE,hockey,neutral
Brad Marchand,ORG,hockey,neutral
Sam Bennett,PERSON,hockey,neutral
Damon Allen,PERSON,FigureSkating,positive
2023,DATE,Curling,positive
2024,DATE,Curling,positive
Bella,PERSON,Curling,positive
24,CARDINAL,Curling,positive
25,CARDINAL,Curling,positive
two,CARDINAL,Curling,positive
European Championships,ORG,Curling,positive
Anna,PERSON,Curling,positive
third,ORDINAL,Curling,positive
2024-25,DATE,Curling,positive
Sweden,GPE,Curling,positive
Olympic,EVENT,Curling,positive
a few months,DATE,Curling,positive
Only 10,CARDINAL,Curling,positive
2025-26,DATE,Curling,positive
Team Hasselborg,ORG,Curling,positive
2022,DATE,FigureSkating,positive
Fifth,ORDINAL,FigureSkating,positive
Mike Tirico,PERSON,FigureSkating,positive
Benoit,PERSON,FigureSkating,positive
28393743,CARDINAL,FigureSkating,positive
NBC,ORG,FigureSkating,positive
Johnny,PERSON,FigureSkating,positive
Tara so,PERSON,FigureSkating,positive
Ashley,PERSON,FigureSkating,positive
Scott,ORG,FigureSkating,positive
French,NORP,FigureSkating,positive
Johnny,PERSON,FigureSkating,positive
every year,DATE,hockey,positive
US,GPE,Curling,positive
Canada,GPE,Curling,positive
7th,ORDINAL,Curling,positive
US,GPE,Curling,positive
Canadian,NORP,Curling,positive
the end of the 7th,DATE,Curling,positive
Germany,GPE,olympics,positive
Olympics,EVENT,olympics,positive
2018,DATE,FigureSkating,positive
2022,DATE,FigureSkating,positive
Yuzuru,ORG,FigureSkating,positive
third,ORDINAL,FigureSkating,positive
2014,DATE,FigureSkating,positive
2026,DATE,FigureSkating,positive
25,MONEY,olympics,positive
Asia,LOC,olympics,positive
Singapore,GPE,olympics,positive
Singapore,GPE,olympics,positive
US,GPE,olympics,positive
Dakota Johnson,ORG,olympics,positive
Gucci,PERSON,olympics,positive
Eileen,PERSON,olympics,positive
Idk,PERSON,olympics,negative
tonight,TIME,olympics,negative
two,CARDINAL,FigureSkating,positive
350,CARDINAL,olympics,negative
350€,MONEY,olympics,negative
a week,DATE,olympics,negative
French,NORP,olympics,negative
US,GPE,olympics,negative
Chamonix,GPE,hockey,neutral
Sunday,DATE,olympics,positive
livigno,PERSON,olympics,positive
today,DATE,olympics,positive
IJS,ORG,FigureSkating,positive
Olympic,DATE,FigureSkating,positive
US,GPE,hockey,neutral
Calendar,PERSON,hockey,neutral
Estonian,NORP,olympics,positive
India,GPE,FigureSkating,positive
two,CARDINAL,FigureSkating,positive
Indians,NORP,FigureSkating,positive
India,GPE,FigureSkating,positive
Indians,NORP,FigureSkating,positive
Indian,NORP,FigureSkating,positive
Indian,NORP,FigureSkating,positive
Pyeongchang > Milan > Sochi > Beijing,ORG,FigureSkating,positive
Pyeongchang,PERSON,FigureSkating,positive
Zagitiva,ORG,FigureSkating,positive
Chen,PERSON,FigureSkating,positive
Hanyu,PERSON,FigureSkating,positive
Fernandez,WORK_OF_ART,FigureSkating,positive
US,GPE,FigureSkating,positive
Rippon,FAC,FigureSkating,positive
Nagasu,ORG,FigureSkating,positive
Sochi,PERSON,FigureSkating,positive
Virtue & Moir’s,ORG,FigureSkating,positive
Milan,GPE,FigureSkating,positive
"Malinin, Chock & Bates",ORG,FigureSkating,positive
Japan,GPE,FigureSkating,positive
2,CARDINAL,FigureSkating,positive
1,CARDINAL,FigureSkating,positive
2-3,CARDINAL,FigureSkating,positive
Gilles & Poirier’s Vincent,ORG,FigureSkating,positive
three,CARDINAL,FigureSkating,positive
Sochi,NORP,FigureSkating,positive
Sotnikova,GPE,FigureSkating,positive
Yuna Kim’s,PERSON,FigureSkating,positive
Mao Asada,PERSON,FigureSkating,positive
Jeremy Abbott,PERSON,FigureSkating,positive
Beijing,GPE,FigureSkating,positive
Russian,NORP,FigureSkating,positive
Chen and Sui & Han,ORG,FigureSkating,positive
Valieva,ORG,FigureSkating,positive
just last night,TIME,olympics,positive
this year,DATE,olympics,positive
USA Canada,ORG,olympics,positive
Olympic,EVENT,Curling,positive
the Men's World Championships,ORG,Curling,positive
the end of March,DATE,Curling,positive
Norwegian,NORP,Curling,positive
Olympics,EVENT,Curling,positive
Fourth,ORDINAL,Curling,positive
Cortina,GPE,Curling,positive
Women's World Championships,ORG,Curling,positive
a few weeks,DATE,Curling,positive
30 years,DATE,FigureSkating,negative
Future Oilers,ORG,hockey,neutral
Stardew,PERSON,hockey,neutral
Krobus,ORG,hockey,neutral
Brady,PERSON,hockey,positive
Matt,PERSON,hockey,positive
Adam,PERSON,FigureSkating,negative
Jun,PERSON,FigureSkating,negative
100%,PERCENT,olympics,neutral
IOC,ORG,olympics,negative
Belarus,GPE,olympics,negative
Russia,GPE,olympics,negative
Max,PERSON,FigureSkating,positive
Swedish,NORP,Curling,positive
Swedish,NORP,Curling,positive
Estonia,GPE,olympics,negative
2,CARDINAL,olympics,negative
1,CARDINAL,hockey,positive
Suzanne Morrow,PERSON,FigureSkating,positive
1948,DATE,FigureSkating,positive
1948 & 1952,DATE,FigureSkating,positive
Wallace Distelmeyer,PERSON,FigureSkating,positive
1948,DATE,FigureSkating,positive
AP,ORG,olympics,negative
20 min ago,DATE,olympics,negative
the weekend,DATE,olympics,negative
Sunday,DATE,olympics,negative
Italian,NORP,olympics,negative
Minneapolis,GPE,olympics,negative
Trump,ORG,olympics,negative
recent weeks,DATE,olympics,negative
Minneapolis,GPE,olympics,negative
two,CARDINAL,olympics,negative
U.S.,GPE,olympics,negative
Brazilian,NORP,olympics,positive
IOC,ORG,olympics,positive
Chinese,NORP,olympics,positive
Gu,PERSON,olympics,positive
2020,DATE,olympics,neutral
F/s,PRODUCT,FigureSkating,positive
Olympics,EVENT,FigureSkating,positive
Russians,NORP,FigureSkating,positive
Petrosian,NORP,FigureSkating,positive
SCENES,ORG,biathlon,positive
Hristova MS Olympic,ORG,biathlon,positive
Team Ramsfjell,PERSON,Curling,positive
Olympics,EVENT,Curling,positive
Team Norway,PERSON,Curling,positive
Sweden,GPE,Curling,positive
Thomas,PERSON,Curling,positive
Kaori,ORG,FigureSkating,neutral
Alysa,PERSON,FigureSkating,neutral
Johnny,PERSON,FigureSkating,positive
T&J,ORG,FigureSkating,positive
SKAM,PERSON,FigureSkating,positive
yesterday,DATE,FigureSkating,positive
Bah,PERSON,olympics,positive
one,CARDINAL,olympics,positive
Americans,NORP,olympics,positive
Biathlon,ORG,olympics,positive
Youtube,PERSON,olympics,positive
the afternoon,TIME,olympics,positive
evening,TIME,olympics,positive
Olympic,DATE,olympics,positive
the Ski Cross-Country,ORG,olympics,positive
Olympics,EVENT,hockey,negative
gm,ORG,hockey,negative
USA,GPE,hockey,negative
Devils,ORG,hockey,negative
two,CARDINAL,hockey,negative
year,DATE,hockey,negative
Italy,GPE,olympics,positive
Turin,GPE,olympics,positive
2006,DATE,olympics,positive
All I Want for Christmas Is You,WORK_OF_ART,olympics,positive
Italians,NORP,hockey,negative
Norwegian,NORP,Curling,neutral
third,ORDINAL,Curling,neutral
N,ORG,Curling,neutral
summer,DATE,olympics,positive
winter,DATE,olympics,positive
Ilia,PERSON,olympics,neutral
QFM,ORG,biathlon,negative
only 100,CARDINAL,biathlon,negative
Sturla,PERSON,biathlon,negative
1st,ORDINAL,biathlon,negative
Olympics,EVENT,biathlon,negative
QFM,ORG,biathlon,positive
tomorrow,DATE,biathlon,positive
Nakai,ORG,olympics,positive
3,CARDINAL,hockey,neutral
Brock,PERSON,hockey,positive
Guy,PERSON,hockey,positive
Vietnam,GPE,hockey,positive
FGZ,ORG,Curling,negative
LOL,ORG,FigureSkating,positive
Dale,ORG,biathlon,positive
Team Cory 🥌,ORG,olympics,neutral
2,CARDINAL,olympics,positive
Germany,GPE,olympics,positive
Rosa,PERSON,olympics,positive
Italy,GPE,olympics,positive
first,ORDINAL,olympics,positive
2018,DATE,olympics,positive
Winter Paralympics,ORG,olympics,positive
2,CARDINAL,olympics,positive
Sweden,GPE,olympics,positive
Group,ORG,olympics,positive
1,CARDINAL,olympics,positive
United States,GPE,olympics,positive
2,CARDINAL,olympics,positive
6,CARDINAL,olympics,positive
2,CARDINAL,olympics,positive
China,GPE,olympics,positive
2,CARDINAL,olympics,positive
6,CARDINAL,olympics,positive
3,CARDINAL,olympics,positive
Italy,GPE,olympics,positive
1,CARDINAL,olympics,positive
3,CARDINAL,olympics,positive
Germany,GPE,olympics,positive
0,CARDINAL,olympics,positive
3,CARDINAL,olympics,positive
United States-,GPE,olympics,positive
Canada,GPE,olympics,positive
Japan,GPE,olympics,positive
Olympics,EVENT,olympics,positive
kinda,GPE,biathlon,positive
3,CARDINAL,biathlon,positive
max,PERSON,biathlon,positive
3,CARDINAL,biathlon,positive
2,CARDINAL,biathlon,positive
french,NORP,biathlon,positive
sweden,GPE,biathlon,positive
germany,GPE,biathlon,positive
norway,GPE,biathlon,positive
two,CARDINAL,biathlon,positive
Bulgarian,NORP,biathlon,positive
a ton,QUANTITY,biathlon,positive
2,CARDINAL,biathlon,positive
Green/Parsons,ORG,FigureSkating,positive
😥 Their,ORG,FigureSkating,positive
Olympics,EVENT,FigureSkating,positive
Spain,GPE,olympics,negative
Love,WORK_OF_ART,FigureSkating,positive
Santino,NORP,FigureSkating,positive
Sonny,PERSON,FigureSkating,positive
Coppola / Puzo,ORG,FigureSkating,positive
US Hockey,ORG,hockey,positive
awwwwww Deanna,PERSON,FigureSkating,neutral
Max,PERSON,FigureSkating,neutral
Lia and Trent,ORG,FigureSkating,neutral
Amber,PERSON,FigureSkating,positive
1,CARDINAL,FigureSkating,positive
a few years ago,DATE,olympics,neutral
God,PERSON,FigureSkating,positive
all year,DATE,FigureSkating,positive
Olympics,EVENT,biathlon,positive
20 and 21 year old,DATE,biathlon,positive
Ponsi,PERSON,biathlon,positive
🩵,ORG,biathlon,positive
5,CARDINAL,biathlon,positive
5,CARDINAL,biathlon,positive
more than 2 years,DATE,biathlon,positive
Kirkeeide,GPE,biathlon,positive
a couple of years,DATE,biathlon,positive
Frida Karlsson,PERSON,olympics,positive
Vranå,PERSON,olympics,positive
Germany,GPE,FigureSkating,positive
German,NORP,FigureSkating,positive
Belinda,NORP,FigureSkating,positive
Yoytube,PERSON,FigureSkating,positive
6,CARDINAL,olympics,positive
MUST,ORG,olympics,negative
2028,DATE,olympics,positive
Cinderella,PERSON,FigureSkating,positive
Cinderella,PERSON,FigureSkating,positive
2020,DATE,FigureSkating,positive
WOW,ORG,FigureSkating,positive
https://www.youtube.com/watch?v=9mj4LPwVlEg,ORG,FigureSkating,positive
Emeli Sandé,PERSON,olympics,neutral
Pros,PERSON,olympics,neutral
3,CARDINAL,FigureSkating,positive
6,CARDINAL,FigureSkating,positive
roughly half,CARDINAL,olympics,positive
US,GPE,olympics,positive
half,CARDINAL,olympics,positive
POV,ORG,olympics,positive
American,NORP,olympics,positive
Utah,GPE,olympics,positive
2034,DATE,olympics,positive
Danny,PERSON,FigureSkating,negative
today,DATE,biathlon,positive
Tirico,GPE,hockey,positive
Makar,PERSON,hockey,negative
one,CARDINAL,FigureSkating,positive
50,CARDINAL,FigureSkating,positive
CNN,ORG,olympics,neutral
one,CARDINAL,olympics,neutral
NBC,ORG,olympics,neutral
Putin,PERSON,FigureSkating,negative
Trump,ORG,FigureSkating,negative
5,CARDINAL,FigureSkating,negative
Putin,PERSON,FigureSkating,negative
Putin,PERSON,FigureSkating,negative
IM,FAC,FigureSkating,positive
IM,ORG,FigureSkating,positive
Ilia,PERSON,FigureSkating,positive
Olympics,EVENT,olympics,positive
Vancouver,GPE,olympics,positive
Us,GPE,olympics,positive
second,ORDINAL,olympics,positive
second,ORDINAL,olympics,positive
first,ORDINAL,olympics,positive
50 years,DATE,olympics,positive
Second,ORDINAL,olympics,positive
mid 30s,DATE,olympics,positive
20s,DATE,olympics,positive
Olympics,EVENT,olympics,positive
NHL,ORG,hockey,positive
Sprint,ORG,olympics,positive
1km,QUANTITY,olympics,positive
hundreds,CARDINAL,olympics,positive
Yeeeaaa Korea,PERSON,Curling,neutral
Homan,PERSON,Curling,negative
1,MONEY,Curling,negative
Canadians,NORP,Curling,negative
Marc Kennedy,PERSON,Curling,negative
Canadians,NORP,Curling,negative
Probably Bened,PERSON,biathlon,positive
Michelon,ORG,biathlon,positive
3,CARDINAL,biathlon,positive
Justine,PERSON,biathlon,positive
Ingrid,PERSON,biathlon,positive
Googles,PERSON,FigureSkating,negative
the last few years,DATE,Curling,neutral
one,CARDINAL,olympics,negative
winter,DATE,snowboarding,neutral
summer,DATE,snowboarding,neutral
Olympics,EVENT,snowboarding,neutral
WC Rank,ORG,biathlon,positive
Julia,ORG,biathlon,positive
Vanessa,PERSON,biathlon,positive
today,DATE,Curling,neutral
Rizzo,PERSON,olympics,positive
Team Italy,ORG,olympics,positive
one,CARDINAL,olympics,neutral
World Cup,EVENT,olympics,neutral
this season,DATE,olympics,neutral
March 2,DATE,olympics,neutral
Canada,GPE,olympics,positive
26,CARDINAL,olympics,positive
2010,DATE,olympics,positive
1913,DATE,hockey,neutral
American,NORP,hockey,positive
McDavid,NORP,hockey,positive
3,CARDINAL,hockey,positive
1,CARDINAL,hockey,positive
Flames,ORG,hockey,positive
as high as 2nd,CARDINAL,Curling,positive
last three,DATE,Curling,positive
three,CARDINAL,Curling,positive
Italy,GPE,Curling,positive
Sweden,GPE,Curling,positive
Switzerland,GPE,Curling,positive
Italy,GPE,Curling,positive
Italy,GPE,Curling,positive
GB,PERSON,Curling,positive
USA,GPE,Curling,positive
Sweden,GPE,Curling,positive
US,GPE,Curling,positive
Switzerland,GPE,Curling,positive
Canada,GPE,Curling,positive
GB,PERSON,Curling,positive
Yeeted,NORP,skiing,neutral
Taylor,PERSON,olympics,positive
Athletes,FAC,Curling,negative
Chinese,NORP,olympics,neutral
south korean,NORP,olympics,neutral
the Nap King,FAC,hockey,neutral
USA Norway,ORG,Curling,positive
Italy,GPE,Curling,positive
4,CARDINAL,Curling,positive
Italy,GPE,Curling,positive
USA,GPE,Curling,positive
USA,GPE,Curling,positive
Norway,GPE,Curling,positive
Norway,GPE,Curling,positive
Italy,GPE,Curling,positive
DSC,ORG,Curling,positive
USA,GPE,Curling,positive
Germany,GPE,Curling,positive
China,GPE,Curling,positive
4,CARDINAL,Curling,positive
Italy,GPE,Curling,positive
Norway,GPE,Curling,positive
1,CARDINAL,Curling,positive
4,CARDINAL,Curling,positive
USA,GPE,Curling,positive
Germany,GPE,Curling,positive
2,CARDINAL,Curling,positive
4,CARDINAL,Curling,positive
Italy,GPE,Curling,positive
Norway,GPE,Curling,positive
USA,GPE,Curling,positive
Germany,GPE,Curling,positive
China,GPE,Curling,positive
USA,GPE,Curling,positive
Italy,GPE,Curling,positive
1,CARDINAL,Curling,positive
4,CARDINAL,Curling,positive
China,GPE,Curling,positive
Norway,GPE,Curling,positive
2,CARDINAL,Curling,positive
USA,GPE,Curling,positive
Italy,GPE,Curling,positive
Norway,GPE,Curling,positive
China,GPE,Curling,positive
Last day,DATE,Curling,positive
n’t,GPE,Curling,positive
American,NORP,olympics,positive
Trump,ORG,olympics,positive
Will Italy,PERSON,FigureSkating,positive
Dance and Pairs,WORK_OF_ART,FigureSkating,positive
Olympics,EVENT,FigureSkating,positive
TSN,ORG,hockey,neutral
Canada,GPE,hockey,neutral
Brooo,ORG,biathlon,neutral
Canadian,NORP,olympics,neutral
three,CARDINAL,olympics,neutral
Guinea,GPE,olympics,neutral
Kosovo,GPE,olympics,neutral
Pakistan,GPE,olympics,neutral
DNFed,ORG,olympics,neutral
Shun,PERSON,FigureSkating,positive
Yumas,PERSON,FigureSkating,positive
Homan Empire,ORG,Curling,neutral
Instagram,PERSON,FigureSkating,positive
Swiss,NORP,FigureSkating,positive
First,ORDINAL,FigureSkating,positive
Russia,GPE,FigureSkating,positive
Russia,GPE,FigureSkating,positive
us,GPE,FigureSkating,positive
Franzi Preuss,ORG,biathlon,positive
French,NORP,biathlon,positive
Benard,PERSON,biathlon,positive
Benard,PERSON,biathlon,positive
Bulgaria,GPE,biathlon,positive
Latvia,GPE,biathlon,positive
first,ORDINAL,biathlon,positive
two,CARDINAL,biathlon,positive
Said,PERSON,biathlon,positive
2,CARDINAL,hockey,negative
2,CARDINAL,hockey,negative
an extra year,DATE,olympics,positive
Paris,GPE,olympics,positive
Tokyo,GPE,olympics,positive
India,GPE,olympics,positive
2032,DATE,olympics,positive
3,CARDINAL,FigureSkating,positive
Canadian,NORP,hockey,negative
Canadian,NORP,hockey,negative
US,GPE,hockey,negative
Montreal,GPE,olympics,positive
Montreal,GPE,olympics,positive
Canadian,NORP,olympics,positive
the World Cup,EVENT,olympics,neutral
the Commonwealth Games,EVENT,olympics,neutral
Team USA,ORG,FigureSkating,positive
Winter Classic,PRODUCT,hockey,positive
Olympic,FAC,hockey,positive
Robertson,PERSON,hockey,positive
Bedard,PERSON,hockey,positive
USA/Canada,ORG,hockey,positive
Slafkovsky,PRODUCT,hockey,positive
2,CARDINAL,Curling,positive
Selena,GPE,Curling,positive
Miskew,PERSON,Curling,positive
2,MONEY,Curling,positive
Switzerland,GPE,Curling,positive
USA,GPE,Curling,positive
first,ORDINAL,Curling,positive
Norway,GPE,Curling,positive
US,GPE,Curling,positive
1,CARDINAL,Curling,positive
Switzerland,GPE,Curling,positive
Norway,GPE,Curling,positive
Canada,GPE,Curling,positive
Italy,GPE,Curling,positive
1,MONEY,Curling,positive
last year,DATE,olympics,positive
one,CARDINAL,olympics,positive
Achilles,GPE,olympics,positive
ACL,ORG,olympics,positive
3A,CARDINAL,FigureSkating,positive
Alysa,PERSON,FigureSkating,positive
2,CARDINAL,olympics,positive
seven years,DATE,olympics,positive
Tiffels,GPE,olympics,positive
March 6th,DATE,olympics,neutral
a week,DATE,olympics,neutral
10,CARDINAL,FigureSkating,positive
Max,PERSON,FigureSkating,positive
Olympics,EVENT,FigureSkating,positive
IPC,ORG,olympics,negative
Google Music Search,ORG,olympics,positive
AI,ORG,olympics,positive
Winter Olympics,EVENT,olympics,positive
2026,DATE,olympics,positive
Dardust,PRODUCT,olympics,positive
this year,DATE,olympics,positive
2,CARDINAL,olympics,positive
Norway,GPE,olympics,positive
Norway,GPE,olympics,positive
2,CARDINAL,olympics,positive
Norway,GPE,olympics,positive
USA,GPE,olympics,positive
China,GPE,olympics,positive
Canada,GPE,olympics,positive
Australia,GPE,olympics,positive
Norway,GPE,olympics,positive
first,ORDINAL,Curling,positive
Loop,ORG,FigureSkating,negative
winter,DATE,olympics,neutral
Chinese,NORP,olympics,neutral
Edea,PERSON,FigureSkating,negative
Jackson,PERSON,FigureSkating,negative
Jackson,PERSON,FigureSkating,negative
thousands,CARDINAL,FigureSkating,negative
Harlick,PERSON,FigureSkating,negative
Edea,PERSON,FigureSkating,negative
Jacksons,PRODUCT,FigureSkating,negative
Veronika Aigner,PERSON,olympics,positive
3,CARDINAL,olympics,positive
1,CARDINAL,olympics,positive
Boycott,PERSON,olympics,negative
Petrokina’s,ORG,FigureSkating,neutral
Covid,PERSON,biathlon,positive
ZingNik,ORG,FigureSkating,positive
NHL,ORG,olympics,positive
JBB,ORG,biathlon,neutral
Franzi & Doro,ORG,biathlon,neutral
today,DATE,biathlon,neutral
NYC,ORG,hockey,neutral
13,CARDINAL,hockey,neutral
metro,FAC,hockey,neutral
"Philly, Boston",ORG,hockey,neutral
DC,GPE,hockey,neutral
Baltimore,GPE,hockey,neutral
day,DATE,hockey,neutral
Japan,GPE,FigureSkating,positive
US,GPE,FigureSkating,positive
Eileen,GPE,olympics,positive
only 22,DATE,olympics,positive
Mandarin,LANGUAGE,olympics,positive
China,GPE,olympics,positive
almost $25,MONEY,olympics,positive
America,GPE,olympics,positive
America,GPE,olympics,positive
One,CARDINAL,olympics,positive
US,GPE,olympics,positive
China,GPE,olympics,positive
winter,DATE,olympics,positive
China,GPE,olympics,positive
3,CARDINAL,olympics,positive
Chinese,NORP,olympics,positive
China,GPE,olympics,positive
US,GPE,olympics,positive
second,ORDINAL,olympics,positive
Olympics,EVENT,olympics,positive
less than 1/6,CARDINAL,olympics,positive
Eileen,GPE,olympics,positive
American,NORP,olympics,positive
America,GPE,olympics,positive
Alexi Pappas,PERSON,olympics,positive
Worlds,PERSON,hockey,negative
May,DATE,hockey,negative
Penguins,PERSON,hockey,negative
Denmark,GPE,hockey,negative
Rest,PERSON,olympics,positive
3 or 4 months ago,DATE,FigureSkating,positive
Olympics,EVENT,FigureSkating,positive
the next four,DATE,FigureSkating,positive
Italy,GPE,olympics,neutral
tonight,TIME,hockey,neutral
USA,GPE,olympics,negative
this century,DATE,olympics,negative
7th,ORDINAL,hockey,negative
One,CARDINAL,FigureSkating,positive
Olympics,EVENT,FigureSkating,positive
US,GPE,FigureSkating,positive
french,NORP,hockey,neutral
OT,GPE,hockey,positive
three,CARDINAL,hockey,positive
weeks,DATE,hockey,positive
Canadian,NORP,hockey,positive
3,CARDINAL,olympics,positive
China,GPE,olympics,positive
3,CARDINAL,olympics,positive
3,CARDINAL,olympics,positive
2,CARDINAL,olympics,positive
this year,DATE,FigureSkating,positive
MacArthur Park,PERSON,FigureSkating,positive
🤗,ORG,FigureSkating,positive
Kennedy,PERSON,Curling,neutral
5,CARDINAL,olympics,negative
russia,GPE,hockey,negative
Olympics,EVENT,FigureSkating,neutral
Magnussons,FAC,biathlon,negative
Jeannmonnot,GPE,biathlon,negative
Olys,PERSON,FigureSkating,positive
the Pyeongchang Olympics,EVENT,FigureSkating,positive
the season,DATE,FigureSkating,positive
4,CARDINAL,FigureSkating,positive
GPF,ORG,FigureSkating,positive
2018,DATE,FigureSkating,positive
Worlds,PERSON,FigureSkating,positive
2016-17 season,DATE,FigureSkating,positive
2021-22,DATE,FigureSkating,positive
the World Championships,EVENT,FigureSkating,positive
the first full season,DATE,FigureSkating,positive
U.S.,GPE,olympics,positive
french,NORP,biathlon,positive
season,DATE,biathlon,positive
December,DATE,biathlon,positive
Lou,PERSON,biathlon,positive
Camille,PERSON,biathlon,positive
french,NORP,biathlon,positive
French,NORP,biathlon,positive
every week,DATE,biathlon,positive
Olympics,EVENT,biathlon,positive
Camille Bennet,PERSON,biathlon,positive
this season,DATE,biathlon,positive
french,NORP,biathlon,positive
France,GPE,biathlon,positive
Jumps,PERSON,FigureSkating,positive
sixth,ORDINAL,FigureSkating,positive
PCS,ORG,FigureSkating,positive
Wheelchair Mixed Doubles Curling,ORG,olympics,positive
2,CARDINAL,olympics,positive
1,CARDINAL,olympics,positive
Japan,GPE,olympics,positive
4,CARDINAL,olympics,positive
China,GPE,olympics,positive
1,CARDINAL,olympics,positive
South Korea,GPE,olympics,positive
1,CARDINAL,olympics,positive
2,CARDINAL,olympics,positive
arab,NORP,olympics,negative
germans,NORP,olympics,negative
african-germans,NORP,olympics,negative
asian-germans,NORP,olympics,negative
white-germans,NORP,olympics,negative
One,CARDINAL,olympics,negative
vietnamese,NORP,olympics,negative
asian-german,NORP,olympics,negative
Binnington,GPE,hockey,positive
canada,GPE,hockey,positive
helle,PERSON,hockey,positive
Celebrini,PRODUCT,hockey,positive
Mack,PERSON,hockey,positive
OT,GPE,hockey,positive
helle played great,FAC,hockey,positive
this year,DATE,hockey,neutral
French,NORP,biathlon,positive
Canadian,NORP,biathlon,positive
Norwegians,NORP,olympics,positive
FIS,ORG,olympics,positive
FIS,ORG,olympics,positive
USA,GPE,olympics,positive
4h,CARDINAL,olympics,positive
Finish,NORP,olympics,positive
Olympic,EVENT,olympics,positive
3,CARDINAL,Curling,positive
5,CARDINAL,Curling,positive
3,CARDINAL,Curling,positive
Games,FAC,Curling,positive
Morgan Wallen,ORG,hockey,positive
300%,PERCENT,hockey,positive
Estonia,GPE,Curling,positive
USA,GPE,Curling,positive
Britain,GPE,Curling,positive
non-Italian,NORP,biathlon,negative
Japan,GPE,FigureSkating,positive
AI,GPE,olympics,positive
three,CARDINAL,FigureSkating,positive
first,ORDINAL,FigureSkating,positive
the Summer Olympics,EVENT,olympics,negative
Sato,PERSON,FigureSkating,negative
Women's Hockey,ORG,olympics,positive
Morrissey,GPE,hockey,negative
one,CARDINAL,hockey,negative
Team Canada,ORG,hockey,negative
the World Cup,EVENT,hockey,negative
Scheifele,PERSON,hockey,negative
Kim,PERSON,olympics,neutral
The Stunning Scene,ORG,olympics,positive
NY,ORG,olympics,positive
AP,ORG,olympics,positive
these days,DATE,olympics,positive
Lmk,PERSON,olympics,positive
one,CARDINAL,olympics,positive
Alysa,PERSON,olympics,positive
Kaori,GPE,olympics,positive
about 1600,CARDINAL,olympics,negative
winter,DATE,olympics,negative
2014,DATE,olympics,negative
Kennedy,PERSON,Curling,positive
Canadians,NORP,Curling,positive
Americans,NORP,Curling,positive
jake adicoff,PERSON,olympics,positive
two,CARDINAL,olympics,positive
tomorrow,DATE,biathlon,positive
Perrot Giacomel Botn,PERSON,biathlon,positive
Schaefer,PERSON,hockey,positive
Slovak,GPE,olympics,neutral
Eduard Lepacek,PERSON,olympics,neutral
250kg,QUANTITY,olympics,neutral
551,CARDINAL,olympics,neutral
one,CARDINAL,olympics,neutral
one,CARDINAL,FigureSkating,positive
Alysa,PERSON,FigureSkating,positive
Team USA,ORG,FigureSkating,positive
Amber,PRODUCT,FigureSkating,positive
tomorrow,DATE,FigureSkating,positive
three,CARDINAL,FigureSkating,positive
Team USA,ORG,FigureSkating,positive
next week,DATE,FigureSkating,positive
Tuesday,DATE,FigureSkating,positive
the 17th,DATE,FigureSkating,positive
next Thirsday,DATE,FigureSkating,positive
19th,ORDINAL,FigureSkating,positive
one,CARDINAL,FigureSkating,positive
5,CARDINAL,FigureSkating,positive
6,CARDINAL,FigureSkating,positive
Vonn,PERSON,olympics,positive
6 years,DATE,olympics,positive
40 after a,TIME,olympics,positive
1 year,DATE,olympics,positive
Ughhhh,GPE,olympics,positive
ACL,ORG,olympics,positive
2,CARDINAL,olympics,neutral
China,GPE,olympics,neutral
First,ORDINAL,olympics,positive
Arena,ORG,hockey,neutral
GB,GPE,olympics,neutral
6,CARDINAL,olympics,neutral
Latvia,GPE,olympics,neutral
7th,ORDINAL,olympics,neutral
6,CARDINAL,hockey,positive
Marc,PERSON,Curling,positive
30 years,DATE,Curling,positive
Canadian,NORP,olympics,positive
NBC,ORG,biathlon,neutral
NBC,ORG,biathlon,neutral
Alysa Liu,PERSON,FigureSkating,positive
IBU,ORG,biathlon,positive
today,DATE,biathlon,positive
Canada,GPE,Curling,positive
first,ORDINAL,Curling,positive
7th,ORDINAL,Curling,positive
Olympics,EVENT,Curling,positive
tomorrow,DATE,Curling,positive
the years,DATE,FigureSkating,neutral
CBC,ORG,olympics,negative
Francesca Lollobrigida,ORG,olympics,neutral
24 hours,TIME,FigureSkating,negative
last years,DATE,FigureSkating,positive
last year,DATE,FigureSkating,positive
https://youtu.be/s0DrJJdJ-5I?si=oqZ0n4if0KdR7wuM](https://youtu.be/s0DrJJdJ-5I?si=oqZ0n4if0KdR7wuM,DATE,FigureSkating,positive
37,DATE,biathlon,neutral
Canada,GPE,hockey,negative
SN+,GPE,hockey,negative
PU,ORG,biathlon,positive
Emilien,ORG,biathlon,positive
JTB,ORG,biathlon,positive
2020,DATE,biathlon,positive
World Championships,EVENT,biathlon,positive
Brier,PERSON,Curling,neutral
Canada,GPE,Curling,neutral
16,CARDINAL,biathlon,positive
Olympics,EVENT,biathlon,positive
Piper's,ORG,FigureSkating,positive
Alysa Liu,PERSON,olympics,positive
Kaori,PERSON,olympics,positive
Jack Hughes,PERSON,hockey,positive
another 6 months,DATE,hockey,positive
3,CARDINAL,olympics,positive
4th,ORDINAL,olympics,positive
GB,GPE,olympics,positive
today,DATE,olympics,positive
Calm,PERSON,hockey,positive
This State of The Union,ORG,olympics,positive
Canada,GPE,olympics,positive
Canada,GPE,olympics,positive
Thomas Roussel,PERSON,olympics,positive
four,CARDINAL,Curling,positive
2,CARDINAL,Curling,positive
7th,ORDINAL,Curling,positive
2,CARDINAL,Curling,positive
8,CARDINAL,Curling,positive
Mouat,PERSON,Curling,positive
3,CARDINAL,Curling,positive
Olympic,EVENT,Curling,positive
two,CARDINAL,Curling,positive
one,CARDINAL,Curling,positive
Olympics,EVENT,FigureSkating,positive
Going to Euros,ORG,FigureSkating,positive
Worlds,PERSON,FigureSkating,positive
Olympics,EVENT,FigureSkating,positive
only €40 or €50,MONEY,FigureSkating,positive
Austria House,PERSON,olympics,positive
Sochi,GPE,olympics,positive
The Olympic Truce,ORG,FigureSkating,negative
IOC,ORG,FigureSkating,negative
the Olympic Movement,ORG,FigureSkating,negative
U.S.,GPE,FigureSkating,negative
Truce,PRODUCT,FigureSkating,negative
IOC,ORG,FigureSkating,negative
Olympics,EVENT,FigureSkating,negative
U.S.,GPE,FigureSkating,negative
IOC,ORG,FigureSkating,negative
the Olympic Truce,EVENT,FigureSkating,negative
Russia,GPE,FigureSkating,negative
the Olympic Charter,EVENT,FigureSkating,negative
Jun’s SP,PERSON,FigureSkating,neutral
Mirai,ORG,FigureSkating,positive
3A,CARDINAL,FigureSkating,positive
6000,CARDINAL,olympics,positive
FA Cup,EVENT,olympics,positive
six,CARDINAL,olympics,positive
Sarah Storey,PERSON,olympics,positive
Ade Adepitan,GPE,olympics,positive
Italy,GPE,olympics,positive
the 1000s of hours,DATE,olympics,positive
winter,DATE,olympics,positive
the NBC Olympics,ORG,olympics,positive
Peacock,GPE,olympics,positive
three,CARDINAL,FigureSkating,positive
Olympic,EVENT,FigureSkating,positive
Beijing,GPE,olympics,neutral
3 months,DATE,biathlon,neutral
the season,DATE,biathlon,neutral
Germany,GPE,Curling,positive
Utah,GPE,olympics,positive
Adeliiia,PERSON,FigureSkating,positive
an Olympic Gold Medal as Kaori,EVENT,FigureSkating,positive
US,GPE,FigureSkating,positive
Sportsbooks,PERSON,FigureSkating,positive
Switzerland,GPE,olympics,negative
Olympics,EVENT,olympics,negative
Australia,GPE,olympics,negative
USSR,GPE,olympics,negative
Hungary,GPE,olympics,negative
USSR,GPE,olympics,negative
the 16th century,DATE,biathlon,positive
🤔,PERSON,biathlon,positive
Goalie,PERSON,hockey,positive
one,CARDINAL,snowboarding,positive
Joe,PERSON,olympics,negative
Team GB,ORG,olympics,negative
Breast Cancer,ORG,olympics,negative
English,LANGUAGE,olympics,negative
the Men’s MS,ORG,biathlon,neutral
Americans,NORP,biathlon,neutral
WC,ORG,biathlon,neutral
around 38kg,QUANTITY,olympics,neutral
Matt Tkachuk,PERSON,hockey,negative
KAORI,ORG,FigureSkating,neutral
Korea,GPE,Curling,positive
7,CARDINAL,Curling,positive
China,GPE,Curling,positive
1,CARDINAL,Curling,positive
10th,ORDINAL,Curling,positive
UK,GPE,FigureSkating,neutral
one hour,TIME,FigureSkating,neutral
Italy,GPE,FigureSkating,neutral
one hour,TIME,FigureSkating,neutral
Olympics,EVENT,FigureSkating,neutral
first,ORDINAL,FigureSkating,positive
Idk,PERSON,hockey,positive
USA,GPE,olympics,positive
Curling Canada,ORG,Curling,neutral
two,CARDINAL,biathlon,positive
Rhythm Dance,PERSON,FigureSkating,positive
Pairs SP,ORG,FigureSkating,positive
Women’s SP,ORG,FigureSkating,positive
3:00 PM,TIME,FigureSkating,positive
Opening Ceremony,WORK_OF_ART,FigureSkating,positive
8:00 PM,TIME,FigureSkating,positive
Men’s SP,ORG,FigureSkating,positive
Dance Free Skate,ORG,FigureSkating,positive
Evan,PERSON,FigureSkating,positive
Dance Free Skate,ORG,FigureSkating,positive
2,CARDINAL,olympics,negative
one,CARDINAL,olympics,negative
Neil Simpson,PERSON,olympics,negative
two,CARDINAL,olympics,negative
30,CARDINAL,olympics,negative
UK,GPE,olympics,negative
The Winter Paras,WORK_OF_ART,olympics,negative
Modern Pentathlon,ORG,olympics,negative
winter,DATE,olympics,negative
Japan,GPE,olympics,negative
USA,GPE,olympics,negative
British,NORP,olympics,negative
Ooooof,PERSON,olympics,negative
First,ORDINAL,olympics,positive
today,DATE,olympics,positive
Bears,LOC,hockey,positive
Caleb Williams',PERSON,hockey,positive
TD,ORG,hockey,positive
Kmet,PERSON,hockey,positive
Divisional,ORG,hockey,positive
this year,DATE,hockey,positive
Panarin,ORG,hockey,negative
this week,DATE,hockey,negative
Kings,ORG,hockey,negative
Rangers,ORG,hockey,negative
one bad day,DATE,FigureSkating,negative
Blues Canal,FAC,olympics,positive
Beune,ORG,olympics,positive
Leerdam,PERSON,olympics,positive
4th,ORDINAL,olympics,positive
Olympic,EVENT,olympics,positive
Japan,GPE,olympics,positive
Italy,GPE,olympics,positive
Lollobrigida,ORG,olympics,positive
the season,DATE,olympics,positive
Netherlands,GPE,olympics,positive
Schouten,PERSON,olympics,positive
Olympics,EVENT,hockey,positive
Federica Brignone,PERSON,olympics,negative
two,CARDINAL,olympics,negative
10 months,DATE,olympics,negative
Luka,PERSON,FigureSkating,negative
Russia,GPE,FigureSkating,negative
Georgian,NORP,FigureSkating,negative
Russia,GPE,FigureSkating,negative
Georgian,PERSON,FigureSkating,negative
first,ORDINAL,FigureSkating,negative
Georgia,GPE,FigureSkating,negative
Georgia,GPE,FigureSkating,negative
Olympics,EVENT,FigureSkating,negative
Czech,NORP,olympics,neutral
3,CARDINAL,olympics,positive
Korean,NORP,olympics,positive
Chinese,NORP,olympics,neutral
2024,DATE,olympics,positive
Olympics,EVENT,olympics,positive
US,GPE,olympics,positive
Nathan,PERSON,FigureSkating,positive
https://preview.redd.it/bl0jq9oz0amg1.png?width=2560&format=png&auto=webp&s=3db06df64b5e7b055686b44c020c45fd1e1b3680,GPE,olympics,neutral
Jake Paul's,PERSON,olympics,positive
Olympic,EVENT,olympics,positive
HBO,ORG,biathlon,negative
dk,GPE,biathlon,negative
Denmark,GPE,biathlon,negative
Olympics,EVENT,olympics,positive
two,CARDINAL,olympics,positive
Italy,GPE,Curling,positive
Norway,GPE,Curling,positive
tomorrow,DATE,Curling,positive
Switzerland,GPE,Curling,positive
Canada,GPE,Curling,positive
this week,DATE,Curling,positive
French,NORP,olympics,negative
Quinn Hughes,ORG,olympics,positive
Best Defenseman,PERSON,olympics,positive
Olympics,EVENT,olympics,positive
Cale Makar,PERSON,olympics,positive
USA,GPE,olympics,positive
Hughes,ORG,olympics,positive
Makar,PERSON,olympics,positive
French,NORP,olympics,neutral
Alps,LOC,olympics,neutral
Weng,ORG,olympics,neutral
Enebakk,LOC,olympics,neutral
Rule 2:,PRODUCT,FigureSkating,negative
Drama,PERSON,FigureSkating,negative
2,CARDINAL,FigureSkating,negative
troll,ORG,FigureSkating,negative
American,NORP,FigureSkating,positive
non-Simon French,NORP,biathlon,negative
Vittozzi,ORG,biathlon,negative
Olympics,EVENT,biathlon,negative
TBF,ORG,FigureSkating,positive
Sasha,GPE,FigureSkating,positive
4F,CARDINAL,FigureSkating,positive
Norway,GPE,olympics,positive
GB,PERSON,olympics,positive
10,CARDINAL,olympics,positive
one,CARDINAL,olympics,positive
Siharulidze,PERSON,FigureSkating,neutral
today,DATE,FigureSkating,neutral
Bennington,PERSON,hockey,neutral
winter,DATE,olympics,negative
almost over 🥺,CARDINAL,biathlon,positive
Laegreid / Ponsi / Perrot,ORG,biathlon,positive
Simon / Michelon / Kirkeeide,ORG,biathlon,positive
French,NORP,biathlon,positive
Todorova,ORG,biathlon,positive
Norway,GPE,olympics,positive
Paralympics,ORG,olympics,positive
Paris,GPE,olympics,positive
the weekend,DATE,olympics,positive
Milan,GPE,olympics,positive
Canada,GPE,olympics,neutral
LaLa,ORG,FigureSkating,positive
like 2018,DATE,FigureSkating,positive
Dorothea Wierer,PERSON,olympics,positive
Italy,GPE,olympics,positive
Olympics,EVENT,olympics,positive
Antholz,ORG,olympics,positive
Olympics,EVENT,olympics,positive
a couple of years ago,DATE,olympics,positive
Wierer,PERSON,olympics,positive
36,CARDINAL,olympics,positive
two months,DATE,olympics,positive
Olympic,EVENT,olympics,positive
Italy,GPE,olympics,positive
Wierer,PERSON,olympics,positive
Vittozzi,ORG,olympics,positive
Lukas Hofer,PERSON,olympics,positive
first,ORDINAL,olympics,positive
three,CARDINAL,olympics,positive
30,CARDINAL,olympics,positive
Olympics,EVENT,olympics,positive
Tommy Giacomel,PERSON,olympics,positive
Giacomel,GPE,olympics,positive
Eric Perrot,PERSON,olympics,positive
France,GPE,olympics,positive
Johan-Olav Botn,ORG,olympics,positive
Norway,GPE,olympics,positive
three,CARDINAL,olympics,positive
years,DATE,FigureSkating,positive
Olympics,EVENT,FigureSkating,positive
Kevin,PERSON,FigureSkating,positive
two,CARDINAL,FigureSkating,positive
three,CARDINAL,FigureSkating,positive
Kevin,PERSON,FigureSkating,positive
SP,ORG,FigureSkating,positive
Gaga,PERSON,FigureSkating,positive
Mike,PERSON,Curling,negative
Jen,PERSON,Curling,negative
TSN,ORG,Curling,negative
a few minutes,TIME,olympics,positive
3L,CARDINAL,FigureSkating,positive
PCS,ORG,FigureSkating,positive
Hawaii,GPE,hockey,negative
Alaska,GPE,hockey,negative
14 straight days,DATE,olympics,positive
12-18 hours,TIME,olympics,positive
pyeongchang,PERSON,FigureSkating,positive
first,ORDINAL,FigureSkating,positive
4th,ORDINAL,FigureSkating,positive
3A,CARDINAL,FigureSkating,positive
4th,ORDINAL,FigureSkating,positive
2,CARDINAL,FigureSkating,positive
chinese,NORP,FigureSkating,positive
north korean,NORP,FigureSkating,positive
3rd,ORDINAL,FigureSkating,positive
Lia,PERSON,FigureSkating,negative
Italians,NORP,FigureSkating,negative
Italians,NORP,FigureSkating,negative
Sara,PERSON,FigureSkating,negative
the Winter Olympics,EVENT,olympics,neutral
10/10,CARDINAL,olympics,positive
Kevin,PERSON,FigureSkating,negative
Belgium,GPE,biathlon,negative
Finland,GPE,biathlon,negative
Bulgaria,GPE,biathlon,negative
40/40,CARDINAL,biathlon,negative
France,GPE,biathlon,negative
Norway,GPE,biathlon,negative
6,CARDINAL,biathlon,negative
5,CARDINAL,biathlon,negative
Fair,ORG,FigureSkating,positive
Hopefully Italians,ORG,olympics,positive
Olympics,EVENT,olympics,positive
Italy,GPE,olympics,positive
one,CARDINAL,olympics,positive
The Farmer’s Dog,WORK_OF_ART,FigureSkating,positive
TFD,ORG,FigureSkating,positive
USDA,ORG,FigureSkating,positive
one,CARDINAL,biathlon,positive
Dale,PERSON,biathlon,positive
20/20,CARDINAL,biathlon,positive
Otto,PERSON,biathlon,positive
Tuomas,PERSON,biathlon,positive
Olli,PERSON,biathlon,positive
top15,GPE,biathlon,positive
Tero,PERSON,biathlon,positive
season,DATE,biathlon,positive
Otto,PERSON,biathlon,positive
9th,ORDINAL,biathlon,positive
today,DATE,biathlon,positive
QFM,ORG,biathlon,positive
Laegreid,ORG,biathlon,positive
Otto,PERSON,biathlon,positive
only about 46s,CARDINAL,biathlon,positive
Kontiolahti,GPE,biathlon,positive
Saturday,DATE,biathlon,positive
SOLD,ORG,biathlon,positive
that day,DATE,biathlon,positive
One,CARDINAL,olympics,neutral
the Paralympic Games,EVENT,olympics,neutral
that day,DATE,FigureSkating,positive
million,CARDINAL,FigureSkating,positive
GP,ORG,FigureSkating,positive
2021,DATE,FigureSkating,positive
Gill/Hewitt,PERSON,Curling,positive
canada,GPE,FigureSkating,positive
lia & trennt,ORG,FigureSkating,positive
this season,DATE,FigureSkating,positive
Riku,ORG,FigureSkating,positive
NBC,ORG,Curling,negative
Canada,GPE,Curling,negative
Team Homan,PERSON,Curling,negative
mascot plushies,ORG,olympics,positive
months,DATE,olympics,positive
Tina,PERSON,olympics,positive
Milo,ORG,olympics,positive
1996,DATE,olympics,positive
Atlanta Olympics,ORG,olympics,positive
1000000%,PERCENT,FigureSkating,neutral
Homan,PERSON,Curling,neutral
Mouat,PERSON,Curling,neutral
frisbee,PRODUCT,olympics,positive
Nelson,PERSON,hockey,negative
36,DATE,olympics,negative
Olympics,EVENT,olympics,negative
Olympics,EVENT,olympics,negative
Olympics,EVENT,olympics,negative
Italy,GPE,olympics,negative
Milan,GPE,olympics,negative
Cortina,GPE,olympics,negative
Olympics,EVENT,olympics,negative
Olympics,EVENT,FigureSkating,positive
Simon Rattle,PERSON,olympics,neutral
the London Symphony Orchestra,ORG,olympics,neutral
Jacquelin,PERSON,biathlon,positive
Lægreid,PERSON,biathlon,positive
Lægreid,PERSON,biathlon,positive
Olympics,EVENT,biathlon,positive
second,ORDINAL,biathlon,positive
Christiansen,PERSON,biathlon,positive
Dale-Skjevdal,PERSON,biathlon,positive
QFM,ORG,biathlon,positive
Ponsi,ORG,biathlon,positive
Botn,PERSON,biathlon,positive
20/20,CARDINAL,biathlon,positive
French,NORP,biathlon,positive
Jeanmonnot,PERSON,biathlon,positive
Simon,PERSON,biathlon,positive
Israel,GPE,FigureSkating,positive
IDF,ORG,FigureSkating,positive
Gtfo,PERSON,FigureSkating,positive
two,CARDINAL,Curling,negative
I.,ORG,Curling,negative
R9(a,ORG,Curling,negative
today,DATE,biathlon,positive
Rule 2:,PRODUCT,FigureSkating,negative
Drama,PERSON,FigureSkating,negative
2,CARDINAL,FigureSkating,negative
troll,ORG,FigureSkating,negative
4 years,DATE,olympics,positive
first,ORDINAL,olympics,positive
One,CARDINAL,FigureSkating,positive
Olympics,EVENT,FigureSkating,positive
⭐️,PRODUCT,FigureSkating,positive
Jon,PERSON,FigureSkating,positive
Second,ORDINAL,FigureSkating,positive
Olympics,EVENT,FigureSkating,positive
Kaori,PERSON,FigureSkating,positive
Grazie Italia,ORG,olympics,positive
Winter,DATE,olympics,positive
3,CARDINAL,olympics,positive
Nikaido,GPE,olympics,positive
Austria,GPE,olympics,positive
Lollobrigida,ORG,olympics,positive
Klaebo,ORG,olympics,positive
First,ORDINAL,hockey,neutral
Olympic,FAC,olympics,neutral
Paris,GPE,olympics,positive
French,NORP,olympics,positive
Quinn Hughes,ORG,hockey,positive
Team USA,ORG,hockey,positive
NHL,ORG,hockey,positive
Today,DATE,olympics,positive
the last full day,DATE,olympics,positive
these Winter Paralympics,ORG,olympics,positive
Veronika Aigner,PERSON,olympics,positive
4th,ORDINAL,olympics,positive
5 medals,MONEY,olympics,positive
4,CARDINAL,olympics,positive
1,CARDINAL,olympics,positive
US,GPE,olympics,positive
4 x 2.5 km,QUANTITY,olympics,positive
China,GPE,olympics,positive
4,CARDINAL,olympics,positive
2.5 km,QUANTITY,olympics,positive
Ebba Årsjö,PERSON,olympics,positive
first,ORDINAL,olympics,positive
first,ORDINAL,olympics,positive
Canada,GPE,olympics,positive
China,GPE,olympics,positive
4th,ORDINAL,olympics,positive
China,GPE,olympics,positive
US,GPE,olympics,positive
1st,DATE,olympics,positive
2nd,ORDINAL,olympics,positive
Austria,GPE,olympics,positive
3rd,ORDINAL,olympics,positive
Italy,GPE,olympics,positive
4th,ORDINAL,olympics,positive
day 8,DATE,olympics,positive
69/79,CARDINAL,olympics,positive
10,CARDINAL,olympics,positive
tomorrow,DATE,olympics,positive
netherlands,GPE,olympics,positive
germany,GPE,olympics,positive
canada,GPE,olympics,positive
USA,GPE,Curling,neutral
the 9th,DATE,Curling,neutral
China,GPE,Curling,neutral
the 10th,DATE,Curling,neutral
FMLA,ORG,FigureSkating,neutral
SCF,ORG,hockey,negative
second,ORDINAL,hockey,negative
VOD,ORG,olympics,positive
last night,TIME,olympics,positive
bbc,ORG,olympics,positive
Koreans,NORP,Curling,neutral
7th,ORDINAL,Curling,neutral
Scott Hamilton’s,PERSON,olympics,positive
Gestapo,PERSON,olympics,neutral
2014,DATE,FigureSkating,positive
Virtue/Moir,ORG,FigureSkating,positive
Davis,PERSON,FigureSkating,positive
Patrick Chan,PERSON,FigureSkating,positive
Denis,PERSON,FigureSkating,positive
first,ORDINAL,FigureSkating,positive
Olympic,EVENT,FigureSkating,positive
Carolina Kostner,PERSON,FigureSkating,positive
Yuna,PERSON,FigureSkating,positive
Adelina,GPE,FigureSkating,positive
2018,DATE,FigureSkating,positive
Oberhof,ORG,biathlon,positive
Oberhof,ORG,biathlon,positive
tomorrow,DATE,biathlon,positive
Olympics,EVENT,FigureSkating,negative
zero,CARDINAL,FigureSkating,negative
Johnny Weir's,PERSON,FigureSkating,negative
Lipinski,PERSON,FigureSkating,negative
this evening,TIME,FigureSkating,negative
10.00,MONEY,FigureSkating,negative
a good night,TIME,hockey,positive
FedEx,GPE,FigureSkating,neutral
Memphis,GPE,FigureSkating,neutral
LA,GPE,FigureSkating,neutral
30,CARDINAL,hockey,positive
40,CARDINAL,hockey,positive
300 year,DATE,hockey,negative
Brock Nelson,PERSON,hockey,negative
12 year old,DATE,skiing,positive
2/3,CARDINAL,skiing,positive
10%,PERCENT,skiing,positive
Lindsay,PERSON,skiing,positive
Lindsay,PERSON,skiing,positive
the winter,DATE,skiing,positive
Olympics,EVENT,skiing,positive
Olympics,EVENT,hockey,neutral
Olympic,PRODUCT,olympics,neutral
Olympics,EVENT,olympics,neutral
Paralympics,ORG,olympics,neutral
UI,ORG,biathlon,positive
https://preview.redd.it/5apj4m4ab5lg1.jpeg?width=256&format=pjpg&auto=webp&s=0aebec7a30a1575e305e275db26403150c98cb8a,PERSON,hockey,neutral
Taylor,PERSON,Curling,neutral
today,DATE,Curling,positive
Brett Gallant,PERSON,Curling,positive
first,ORDINAL,Curling,positive
second,ORDINAL,Curling,positive
six,CARDINAL,Curling,positive
the world cup,EVENT,olympics,neutral
Reddit,NORP,olympics,negative
Rule 4,LAW,FigureSkating,negative
4,CARDINAL,FigureSkating,negative
XYZ,PERSON,FigureSkating,negative
ABC,ORG,FigureSkating,negative
XYZ,PERSON,FigureSkating,negative
four,CARDINAL,FigureSkating,negative
3 day,DATE,FigureSkating,negative
first,ORDINAL,FigureSkating,negative
second,ORDINAL,FigureSkating,negative
third,ORDINAL,FigureSkating,negative
English,LANGUAGE,Curling,positive
yesterday,DATE,biathlon,negative
Kirkeeide,GPE,biathlon,negative
JTB,ORG,biathlon,negative
Tarjei,PERSON,biathlon,negative
3rd,ORDINAL,FigureSkating,neutral
Adam Rippon's,PERSON,FigureSkating,positive
Olympics,EVENT,FigureSkating,positive
all year,DATE,FigureSkating,positive
years,DATE,FigureSkating,positive
Olympics,EVENT,FigureSkating,positive
2010,DATE,FigureSkating,positive
2014,DATE,FigureSkating,positive
2018,DATE,FigureSkating,positive
2022,DATE,FigureSkating,positive
48 hour,TIME,olympics,neutral
Giovanni Kagiyama,PERSON,FigureSkating,neutral
Italy,GPE,FigureSkating,neutral
USA,GPE,Curling,positive
one,CARDINAL,Curling,positive
Olympics,EVENT,Curling,positive
4'9,CARDINAL,hockey,neutral
Sebbe,ORG,biathlon,positive
Antholz,GPE,biathlon,positive
BBC,ORG,FigureSkating,neutral
Edin,PERSON,Curling,positive
1,CARDINAL,Curling,positive
Hanna,ORG,biathlon,negative
Ponsi,ORG,biathlon,negative
Olympics,EVENT,biathlon,negative
Hanna,ORG,biathlon,negative
34,DATE,biathlon,negative
Olympics,EVENT,biathlon,negative
Australia,GPE,olympics,neutral
US,GPE,FigureSkating,negative
Spencer Howe,PERSON,FigureSkating,negative
Army,ORG,FigureSkating,negative
USOPC,ORG,FigureSkating,negative
USFS,ORG,FigureSkating,negative
TNT,ORG,olympics,positive
30,MONEY,olympics,positive
month,DATE,olympics,positive
Paris,GPE,olympics,positive
the first hour,TIME,olympics,neutral
American,NORP,olympics,neutral
JBB,ORG,biathlon,positive
JBB,ORG,biathlon,positive
JBB,ORG,biathlon,positive
China,GPE,olympics,positive
Americans,NORP,olympics,positive
Canada,GPE,olympics,positive
Virtue,GPE,olympics,positive
Moir,ORG,olympics,positive
Michigan,GPE,olympics,positive
US,GPE,olympics,positive
China,GPE,olympics,positive
US,GPE,olympics,positive
China,GPE,olympics,positive
American,NORP,olympics,positive
China,GPE,olympics,positive
American,NORP,olympics,positive
Trump,ORG,olympics,positive
JBB,ORG,biathlon,positive
MS,GPE,biathlon,positive
Olympic,EVENT,biathlon,positive
JBB,ORG,biathlon,positive
today,DATE,biathlon,positive
Bened,ORG,biathlon,positive
JBB,ORG,biathlon,positive
Emilien C,ORG,biathlon,positive
Emilien,ORG,biathlon,positive
last year,DATE,biathlon,positive
WCH,ORG,biathlon,positive
3/4,CARDINAL,olympics,positive
10k,DATE,olympics,positive
Sid,ORG,hockey,positive
Ovi,ORG,hockey,positive
first,ORDINAL,hockey,positive
second,ORDINAL,hockey,positive
Shane Hollander,PERSON,hockey,positive
Canadian,NORP,hockey,positive
Illya Rosanov,PERSON,hockey,positive
Russian,NORP,hockey,positive
first,ORDINAL,hockey,positive
two,CARDINAL,hockey,positive
One,CARDINAL,hockey,positive
Olympics,EVENT,olympics,positive
Norway,GPE,biathlon,positive
RD,ORG,FigureSkating,negative
🤣,PERSON,FigureSkating,negative
Paula,PERSON,biathlon,positive
Sophie,ORG,biathlon,positive
Paula,PERSON,biathlon,positive
IBU,ORG,biathlon,positive
the early next year season,DATE,biathlon,positive
France,GPE,biathlon,positive
ACL,ORG,olympics,positive
several weeks later,DATE,olympics,positive
ACL,ORG,olympics,positive
18 months,DATE,olympics,positive
two,CARDINAL,FigureSkating,negative
Sorenson,PERSON,FigureSkating,negative
Milan,GPE,FigureSkating,negative
OGM,ORG,FigureSkating,negative
Christine Brennan,PERSON,FigureSkating,negative
Sorenson,PERSON,FigureSkating,negative
Sorenson,PERSON,FigureSkating,negative
Kyle Connor,PERSON,hockey,positive
Olympics,EVENT,hockey,positive
n’t,GPE,hockey,positive
Caufield,PERSON,hockey,positive
4th,ORDINAL,hockey,positive
American,NORP,hockey,positive
TON,ORG,hockey,positive
Miller & Trocheck,ORG,hockey,positive
12th & 13th,DATE,hockey,positive
Caufield,ORG,hockey,positive
YouTube,ORG,FigureSkating,negative
this season,DATE,biathlon,positive
Said,PERSON,FigureSkating,positive
Yuma,PERSON,FigureSkating,positive
days,DATE,FigureSkating,positive
Shun,PERSON,FigureSkating,positive
Russia,GPE,FigureSkating,positive
the 2024 Olympics,EVENT,FigureSkating,positive
another day,DATE,olympics,negative
Winter Olympics,EVENT,olympics,negative
Pyeongchang,PERSON,olympics,negative
2-3 hours,TIME,olympics,negative
PB,ORG,biathlon,neutral
16th,ORDINAL,biathlon,neutral
30th,ORDINAL,biathlon,neutral
32nd,ORDINAL,biathlon,neutral
first,ORDINAL,biathlon,neutral
16,CARDINAL,biathlon,neutral
Johannes Dale-Skjevdal,ORG,biathlon,neutral
21:05.2,CARDINAL,biathlon,neutral
Emilien Jacquelin,PERSON,biathlon,neutral
39.3,CARDINAL,biathlon,neutral
US,GPE,hockey,negative
Nelson,PERSON,hockey,negative
Kingdom of Bohemia,ORG,hockey,positive
AH,CARDINAL,hockey,positive
Georgia,GPE,FigureSkating,positive
one,CARDINAL,FigureSkating,positive
Italy,GPE,FigureSkating,positive
1,CARDINAL,FigureSkating,positive
1,CARDINAL,FigureSkating,positive
France,GPE,FigureSkating,positive
1,CARDINAL,FigureSkating,positive
1,CARDINAL,FigureSkating,positive
UK,GPE,FigureSkating,positive
only 1,CARDINAL,FigureSkating,positive
1,CARDINAL,FigureSkating,positive
1,CARDINAL,FigureSkating,positive
two,CARDINAL,FigureSkating,positive
China,GPE,FigureSkating,positive
1,CARDINAL,FigureSkating,positive
two,CARDINAL,FigureSkating,positive
SP,ORG,FigureSkating,positive
Swiss,NORP,olympics,neutral
the Olympic Flame,FAC,olympics,negative
Tim,PERSON,FigureSkating,positive
Sara,PERSON,FigureSkating,positive
Alysa,PERSON,FigureSkating,positive
Alysa,PERSON,FigureSkating,positive
Alysa,PERSON,FigureSkating,positive
God,PERSON,FigureSkating,positive
the Spanish Minion,ORG,olympics,positive
Matt Weston,PERSON,olympics,positive
Johnny,PERSON,FigureSkating,negative
Adeliia,PERSON,FigureSkating,negative
Russia,GPE,FigureSkating,negative
Russia,GPE,FigureSkating,negative
Johnny Weir,PERSON,FigureSkating,negative
Olympic,EVENT,Curling,neutral
Makar,PERSON,hockey,negative
Olympics,EVENT,olympics,negative
Paralympics,ORG,olympics,negative
Belarus,GPE,olympics,negative
Russia,GPE,olympics,negative
Olympians,NORP,olympics,negative
Ukraine,GPE,olympics,negative
Russia,GPE,olympics,negative
Belarus,GPE,olympics,negative
Phelps,PERSON,olympics,neutral
summer,DATE,olympics,neutral
Christine,ORG,olympics,neutral
la,GPE,olympics,neutral
Olympic,FAC,FigureSkating,positive
Indian,NORP,FigureSkating,positive
Russians,NORP,FigureSkating,positive
Indians,NORP,FigureSkating,positive
Russians,NORP,FigureSkating,positive
Indian,NORP,FigureSkating,positive
Russian,NORP,FigureSkating,positive
Georgia,GPE,FigureSkating,positive
America,GPE,FigureSkating,positive
Russia,GPE,FigureSkating,positive
India,GPE,FigureSkating,positive
Indian,NORP,FigureSkating,positive
USSR,GPE,FigureSkating,positive
29,DATE,biathlon,positive
Olympics,EVENT,biathlon,positive
Olympic,EVENT,Curling,positive
Olympics,EVENT,Curling,positive
Olympics,EVENT,Curling,positive
5,CARDINAL,Curling,positive
6,CARDINAL,hockey,positive
CBC,ORG,FigureSkating,positive
Adam,PERSON,FigureSkating,positive
Junhwan,PERSON,FigureSkating,positive
1993,DATE,hockey,positive
1993,DATE,hockey,positive
Czechia,GPE,hockey,positive
Slovakia,ORG,hockey,positive
1996,DATE,hockey,positive
Slovakia,ORG,hockey,positive
first,ORDINAL,hockey,positive
WJC,ORG,hockey,positive
Czechia,GPE,hockey,positive
Helsingin Sanomat,PERSON,hockey,positive
McDavid,NORP,hockey,positive
the Stanley Cup,EVENT,hockey,positive
the Conn Smythe,FAC,hockey,positive
GOOOOLD,ORG,Curling,positive
🇸,PERSON,Curling,positive
🇪 Sweden,ORG,Curling,positive
first,ORDINAL,hockey,positive
2,CARDINAL,hockey,positive
MacKinnon,ORG,hockey,positive
McDavid,NORP,hockey,positive
Mack,PERSON,hockey,positive
Stick,FAC,hockey,positive
MacKinnon,ORG,hockey,positive
two,CARDINAL,Curling,positive
third,ORDINAL,FigureSkating,negative
5th,ORDINAL,FigureSkating,negative
Kazakhstan,GPE,FigureSkating,neutral
Denis,PERSON,FigureSkating,neutral
Predazzo,NORP,olympics,neutral
Tesero,FAC,olympics,neutral
Ducks,ORG,hockey,positive
100%,PERCENT,Curling,positive
USA,GPE,Curling,positive
3,CARDINAL,Curling,positive
one,CARDINAL,hockey,positive
a ton,QUANTITY,hockey,positive
at least 15-20+ years,CARDINAL,hockey,positive
the next 15+ years,DATE,hockey,positive
Europe,LOC,hockey,positive
Wennberg,PERSON,hockey,positive
Felicia,PERSON,hockey,positive
San Jose,GPE,hockey,positive
Wenny,PERSON,hockey,positive
the Northern California,LOC,hockey,positive
Olympics,EVENT,hockey,positive
Wennberg,PERSON,hockey,positive
"50,000",CARDINAL,hockey,positive
second,ORDINAL,hockey,positive
2026,DATE,biathlon,positive
Tony Hawk,PERSON,snowboarding,positive
Dale,PERSON,biathlon,positive
Otto,PERSON,biathlon,positive
10,CARDINAL,biathlon,positive
one,CARDINAL,FigureSkating,positive
last year,DATE,FigureSkating,positive
First,ORDINAL,olympics,negative
2-3 days,DATE,olympics,negative
Kaori,ORG,FigureSkating,negative
Hiro Karamatsu's,ORG,snowboarding,negative
SSX,ORG,snowboarding,negative
God,PERSON,FigureSkating,positive
seven 2009,DATE,hockey,negative
Crosby,PERSON,hockey,negative
2010,DATE,hockey,negative
Paris,GPE,olympics,positive
Imagine,GPE,olympics,positive
today,DATE,olympics,positive
today,DATE,olympics,positive
four,CARDINAL,olympics,positive
US,GPE,olympics,positive
Aghhh LeBron,PERSON,olympics,neutral
NBA,ORG,olympics,neutral
NBC,ORG,olympics,negative
Simone,PERSON,olympics,negative
TF,ORG,olympics,negative
Tim Dagget,ORG,olympics,negative
BC,ORG,olympics,positive
Alberta,GPE,olympics,positive
Italy,GPE,olympics,positive
Alysa,PERSON,olympics,positive
Kaori,GPE,olympics,positive
n’t,GPE,olympics,positive
the past few days,DATE,olympics,positive
Alysa Liu,PERSON,olympics,positive
Alysa,PERSON,olympics,positive
the last two seasons,DATE,olympics,positive
Alysa‘s one,CARDINAL,olympics,positive
n’t,GPE,olympics,positive
Canada,GPE,Curling,negative
Olympics,EVENT,Curling,negative
USA,GPE,olympics,negative
Cinderella,PERSON,FigureSkating,positive
first,ORDINAL,olympics,neutral
Canadian,NORP,olympics,neutral
Kaori,PERSON,olympics,positive
Alysa,PERSON,olympics,positive
Alysa Liu,PERSON,olympics,positive
Team USA,ORG,olympics,positive
Team Japan,ORG,olympics,positive
the 90s,DATE,olympics,positive
Nancy Kerrigan’s,PERSON,olympics,positive
Tonya Harding,PERSON,olympics,positive
Glenn,PERSON,olympics,positive
the more intense days,DATE,olympics,positive
Japan,GPE,olympics,positive
Kaori,PERSON,olympics,positive
Japa,NORP,olympics,positive
Amber Glenn,PERSON,FigureSkating,positive
2026,DATE,FigureSkating,positive
Olympic,DATE,FigureSkating,positive
JAPAN,GPE,hockey,positive
TWO,CARDINAL,hockey,positive
FOUR PENALTY MINUTES,QUANTITY,hockey,positive
Canada,GPE,hockey,positive
GOTTEN,ORG,hockey,positive
GAME,ORG,hockey,positive
2,CARDINAL,hockey,positive
Switzerland,GPE,hockey,positive
Finland,GPE,hockey,positive
Sanni,PERSON,hockey,positive
Ronja,ORG,hockey,positive
alas,PERSON,hockey,positive
this year,DATE,FigureSkating,positive
Bjørndalen,PERSON,biathlon,positive
first,ORDINAL,biathlon,positive
Biathlon,NORP,biathlon,positive
4 year,DATE,biathlon,positive
Salt Lake City,GPE,biathlon,positive
JTB,ORG,biathlon,positive
Gold,ORG,biathlon,positive
Jeanmonnot,PERSON,biathlon,positive
Olympics,EVENT,biathlon,positive
25,CARDINAL,hockey,positive
French,NORP,biathlon,positive
French,NORP,biathlon,positive
Richard,PERSON,biathlon,positive
23,CARDINAL,biathlon,positive
Paula Botet,PERSON,biathlon,positive
25,CARDINAL,biathlon,positive
Sophie Chauveau,ORG,biathlon,positive
26,CARDINAL,biathlon,positive
Galmace-Paulin,PERSON,biathlon,positive
20,CARDINAL,biathlon,positive
Hénnaf,PERSON,biathlon,positive
21,CARDINAL,biathlon,positive
Franziska Preuß,PERSON,biathlon,positive
Dorothea Wierer,PERSON,biathlon,positive
this season,DATE,biathlon,positive
four-year,DATE,biathlon,positive
Olympic,EVENT,biathlon,positive
Lisa Vittozzi,PERSON,biathlon,positive
the Overall World Cup,ORG,biathlon,positive
the World Championships,EVENT,biathlon,positive
Olympic,EVENT,biathlon,positive
Italy,GPE,olympics,positive
eight,CARDINAL,olympics,positive
seven,CARDINAL,olympics,positive
Lillehammer 1994,EVENT,olympics,positive
22,CARDINAL,olympics,positive
20 medals,QUANTITY,olympics,positive
1994,DATE,olympics,positive
CONI,ORG,olympics,positive
19,CARDINAL,olympics,positive
2026,DATE,olympics,positive
Italy,GPE,olympics,positive
Olympic Winter Games,EVENT,olympics,positive
one more week,DATE,olympics,positive
Italian,NORP,olympics,positive
🤔,PERSON,olympics,negative
the Sydney Olympics,FAC,olympics,negative
Biathlon,NORP,olympics,positive
WC,ORG,biathlon,positive
4,CARDINAL,biathlon,positive
Antholz,PERSON,biathlon,positive
WC,ORG,biathlon,positive
Jaquelin,GPE,biathlon,positive
Vetle,ORG,biathlon,positive
Campbell,ORG,biathlon,positive
East Germany’s,GPE,FigureSkating,positive
west Germany,GPE,FigureSkating,positive
Mens 10km,PERSON,olympics,neutral
Cross Country,ORG,olympics,neutral
"Impared Cross Country

Gold to usa

Silver",ORG,olympics,neutral
Bronze,GPE,olympics,neutral
HHS,ORG,olympics,negative
Norway,GPE,olympics,neutral
Finnish,NORP,FigureSkating,positive
European,NORP,FigureSkating,positive
CBC,ORG,Curling,neutral
OBS,ORG,Curling,neutral
Olympic Broadcasting Services,ORG,Curling,neutral
Luis Bacalov](https://www.imdb.com/name,PERSON,olympics,positive
Luis Bacalov](https://www.imdb.com/name,PERSON,olympics,positive
Everbody Loves Raymond,WORK_OF_ART,olympics,positive
2,CARDINAL,olympics,positive
Italy,GPE,olympics,positive
Ray,PERSON,olympics,positive
Debra,PERSON,olympics,positive
Italy,GPE,olympics,positive
USA,GPE,olympics,positive
Homeland Security,ORG,olympics,positive
Immigration and Customs Enforcement,ORG,olympics,positive
US,GPE,olympics,positive
Olympics,EVENT,olympics,positive
US,GPE,olympics,positive
US,GPE,olympics,positive
Homeland Security,ORG,olympics,positive
Italy,GPE,olympics,positive
Tokyo,GPE,olympics,neutral
first,ORDINAL,olympics,neutral
Ina and Zimmerman,ORG,FigureSkating,positive
Dawson,PERSON,olympics,negative
3000,CARDINAL,olympics,negative
8th,ORDINAL,olympics,negative
one,CARDINAL,olympics,negative
Dutch,NORP,olympics,negative
Stolz,ORG,olympics,negative
the more eventful days,DATE,olympics,positive
Olympics,EVENT,olympics,positive
Mikaela,GPE,olympics,positive
Brittany Bowe,PERSON,olympics,negative
Heather Richardson,PERSON,olympics,negative
two,CARDINAL,olympics,negative
tokyo,GPE,snowboarding,neutral
mais duas medalhas,PERSON,olympics,neutral
second,ORDINAL,olympics,negative
Malinin,PERSON,olympics,negative
Netflix,GPE,FigureSkating,positive
P2,PERSON,FigureSkating,positive
Lilah,PERSON,FigureSkating,positive
Lewis,PERSON,FigureSkating,positive
IAM,ORG,FigureSkating,positive
P2,DATE,FigureSkating,positive
3,CARDINAL,FigureSkating,positive
Piper and,ORG,FigureSkating,positive
Paul,PERSON,FigureSkating,positive
2022,DATE,FigureSkating,positive
TON,ORG,FigureSkating,positive
yesterday,DATE,FigureSkating,positive
2022,DATE,FigureSkating,positive
Olympics,EVENT,olympics,positive
4,CARDINAL,olympics,positive
two,CARDINAL,olympics,positive
ISU,ORG,FigureSkating,positive
first,ORDINAL,FigureSkating,positive
Iilia,ORG,FigureSkating,positive
french,NORP,biathlon,negative
Sturla,ORG,biathlon,negative
Sivert Bakken,PERSON,biathlon,negative
Worlds,PERSON,Curling,positive
Gabby,ORG,FigureSkating,positive
Canadian,NORP,FigureSkating,positive
first,ORDINAL,FigureSkating,positive
warmup,ORG,FigureSkating,positive
Maddie,PERSON,FigureSkating,positive
IIRC,ORG,FigureSkating,positive
SMD,ORG,FigureSkating,positive
third,ORDINAL,FigureSkating,positive
56,DATE,olympics,positive
Olympic,EVENT,olympics,positive
USA,GPE,olympics,positive
Lara,PRODUCT,FigureSkating,negative
Paris,GPE,olympics,neutral
the summer,DATE,olympics,neutral
Idk,PERSON,olympics,negative
Canada,GPE,hockey,positive
Celebrini,PERSON,hockey,positive
McDavid,PERSON,hockey,positive
Olympics,EVENT,hockey,positive
2030,DATE,hockey,positive
Canada,GPE,hockey,positive
a few minutes to,TIME,olympics,positive
Fiancé,PERSON,FigureSkating,positive
2018,DATE,FigureSkating,positive
2018,DATE,FigureSkating,positive
2026,DATE,FigureSkating,positive
2014,DATE,FigureSkating,positive
second,ORDINAL,FigureSkating,positive
2022,DATE,FigureSkating,positive
this years,DATE,FigureSkating,positive
Olympics,EVENT,FigureSkating,positive
Glenn,PERSON,FigureSkating,positive
Liu,PERSON,FigureSkating,positive
French,NORP,FigureSkating,positive
the Men's Finals,ORG,FigureSkating,positive
Russian,NORP,FigureSkating,positive
Alysa Lius Program,ORG,FigureSkating,positive
Shaidorovs Winning Performance,PERSON,FigureSkating,positive
Bates Performance,PERSON,FigureSkating,positive
Japanese,NORP,FigureSkating,positive
Team Klíma,PERSON,Curling,positive
0-18,CARDINAL,Curling,positive
two,CARDINAL,Curling,positive
3,CARDINAL,Curling,positive
Ingrid,ORG,biathlon,negative
one,CARDINAL,biathlon,negative
Mary Carillo’s,PERSON,olympics,positive
French,NORP,biathlon,positive
Swedes,NORP,biathlon,positive
Italians,NORP,biathlon,positive
Olympics,EVENT,olympics,positive
two,CARDINAL,biathlon,positive
Latvian,NORP,biathlon,positive
Olympics,EVENT,biathlon,positive
Lozbers,ORG,biathlon,positive
Volfa,GPE,biathlon,positive
Volfa,PRODUCT,biathlon,positive
Rastorgujevs,PERSON,biathlon,positive
Babika,GPE,biathlon,positive
Elza Bleidele,PERSON,biathlon,positive
ECH,ORG,biathlon,positive
Olympics,EVENT,FigureSkating,negative
tomorrow,DATE,FigureSkating,positive
Proton VPN,ORG,FigureSkating,positive
one month,DATE,FigureSkating,positive
1,MONEY,FigureSkating,positive
the first month,DATE,FigureSkating,positive
next months,DATE,FigureSkating,positive
10$ per month,MONEY,FigureSkating,positive
YouTube,ORG,FigureSkating,positive
Canada,GPE,FigureSkating,positive
Ukrainian TV Suspilne,ORG,FigureSkating,positive
Ukrain,GPE,FigureSkating,positive
Suspilne,ORG,FigureSkating,positive
tomorrow,DATE,FigureSkating,positive
MacKinnon,ORG,hockey,negative
Lisa,PERSON,FigureSkating,neutral
Ashley Wagner,PERSON,FigureSkating,neutral
Runthrough,ORG,FigureSkating,neutral
Lisa,PERSON,FigureSkating,neutral
2022,DATE,FigureSkating,negative
Canada,GPE,olympics,negative
7.5x,GPE,olympics,negative
Norway,GPE,olympics,negative
7.5x,GPE,olympics,negative
Norway,GPE,olympics,negative
France,GPE,biathlon,positive
France,GPE,biathlon,positive
Sigulda,ORG,olympics,neutral
Olympics,EVENT,olympics,neutral
the Stockholm-Åre,FAC,olympics,neutral
Channel 4 Sport,ORG,olympics,neutral
1.5k,CARDINAL,olympics,neutral
Alysa,PERSON,FigureSkating,positive
0%,PERCENT,hockey,positive
Canada,GPE,hockey,positive
Olympics,EVENT,hockey,positive
Louise,PERSON,skiing,negative
years ago,DATE,skiing,negative
Gubanova,GPE,FigureSkating,positive
Bollywood,ORG,FigureSkating,positive
2023,DATE,FigureSkating,positive
Reddit,NORP,snowboarding,positive
today,DATE,snowboarding,positive
1,CARDINAL,snowboarding,positive
2,CARDINAL,snowboarding,positive
3,CARDINAL,snowboarding,positive
decade,DATE,snowboarding,positive
Olympics,EVENT,biathlon,positive
two hours ago,TIME,biathlon,positive
Lisa,PERSON,biathlon,positive
3,CARDINAL,biathlon,positive
Kirkeeide,LOC,biathlon,positive
Jeanmonnot,ORG,biathlon,positive
Michelon,ORG,biathlon,positive
Chad,PERSON,biathlon,positive
Jeanmonnot,ORG,biathlon,positive
18 or 20 seconds,TIME,biathlon,positive
Roiseland,LOC,biathlon,positive
Wierer,GPE,biathlon,positive
2019,DATE,biathlon,positive
16 seconds,TIME,biathlon,positive
Lisa,PERSON,biathlon,positive
5,CARDINAL,biathlon,positive
first,ORDINAL,biathlon,positive
4,CARDINAL,biathlon,positive
AnySportshere,ORG,olympics,neutral
Justine Braisaz Bouchet,PERSON,biathlon,neutral
day tomorrow,DATE,biathlon,neutral
Tokyo,GPE,olympics,positive
Paris,GPE,olympics,positive
The Gojira French Revolution,EVENT,olympics,positive
Seine,ORG,olympics,positive
night,TIME,olympics,positive
the Paris 2024 Olympics,EVENT,olympics,negative
two weeks,DATE,olympics,negative
Olympics,EVENT,olympics,negative
2 seconds,TIME,FigureSkating,negative
Finlandia Trophy,PERSON,FigureSkating,negative
https://preview.redd.it/h8cy463pb9lg1.jpeg?width=1125&format=pjpg&auto=webp&s=94e331c6b5fe7dfcf3e390d7df993d8d6dc9076c,GPE,hockey,neutral
Paralympic,GPE,olympics,neutral
Milan,GPE,olympics,neutral
Friday,DATE,olympics,neutral
Alyssa,PERSON,FigureSkating,positive
tonight,TIME,FigureSkating,positive
Tbh Alyssa,PERSON,FigureSkating,positive
Alyssa,PERSON,FigureSkating,positive
100%,PERCENT,FigureSkating,positive
Alyssa,PERSON,FigureSkating,positive
Kaori’s,PERSON,FigureSkating,positive
Kaori,PERSON,FigureSkating,positive
One,CARDINAL,FigureSkating,negative
Johannes Lukas,ORG,biathlon,positive
6,CARDINAL,olympics,positive
half,CARDINAL,olympics,positive
the last day,DATE,olympics,negative
one,CARDINAL,FigureSkating,positive
Italy,GPE,FigureSkating,positive
2,CARDINAL,biathlon,neutral
US,GPE,olympics,negative
Olympics,EVENT,olympics,negative
Bulgaria,GPE,biathlon,positive
Iliiev,ORG,biathlon,positive
15,CARDINAL,biathlon,positive
18,CARDINAL,biathlon,positive
Tosorova,ORG,biathlon,positive
Olympics,EVENT,FigureSkating,positive
Russian,NORP,FigureSkating,positive
Petrosian,NORP,FigureSkating,positive
2030,DATE,FigureSkating,positive
Olympics,EVENT,FigureSkating,positive
Quit,PRODUCT,FigureSkating,positive
Liu,PERSON,FigureSkating,positive
Trumpy,GPE,olympics,negative
the winter,DATE,snowboarding,positive
Olympics,EVENT,snowboarding,positive
Snowboard,PRODUCT,snowboarding,positive
the Winter X Games,EVENT,snowboarding,positive
US,GPE,olympics,positive
Max,PERSON,FigureSkating,neutral
Wheelchair Mixed Doubles Curling After,ORG,olympics,positive
5,CARDINAL,olympics,positive
3,CARDINAL,olympics,positive
China,GPE,olympics,positive
South Korea,GPE,olympics,positive
4,DATE,olympics,positive
Japan,GPE,olympics,positive
5,CARDINAL,olympics,positive
1,CARDINAL,olympics,positive
One day,DATE,olympics,negative
Six,CARDINAL,olympics,positive
Grotian,PERSON,biathlon,positive
last year,DATE,biathlon,positive
Michelon,ORG,biathlon,positive
10 years,DATE,biathlon,positive
Grotian,PERSON,biathlon,positive
casa Airbnb,ORG,olympics,positive
Ringette,PERSON,hockey,positive
1,CARDINAL,hockey,positive
Finish 1st,DATE,hockey,positive
1,CARDINAL,hockey,positive
6th,ORDINAL,hockey,positive
6,CARDINAL,hockey,positive
Winner,PERSON,hockey,positive
Canada,GPE,hockey,positive
Finland,GPE,hockey,positive
Finland,GPE,hockey,positive
the last two decades,DATE,hockey,positive
Nit,PERSON,biathlon,positive
JBB,ORG,biathlon,positive
Lou,PERSON,biathlon,positive
4th,ORDINAL,biathlon,positive
France,GPE,biathlon,positive
Adam,PERSON,FigureSkating,positive
the last couple seasons,DATE,FigureSkating,positive
the heaviest flow day,DATE,FigureSkating,positive
Czech,NORP,hockey,positive
Ivan Drago,PERSON,hockey,negative
9th,ORDINAL,FigureSkating,positive
Paris,GPE,olympics,negative
Paris,GPE,olympics,negative
Celine Dion,ORG,olympics,negative
Eiffel Tower to,FAC,olympics,negative
Olympic,EVENT,skiing,positive
Olympic,EVENT,skiing,positive
Olympics,EVENT,skiing,positive
Alysa,PERSON,FigureSkating,negative
Canada,GPE,olympics,positive
Winter Olympics,EVENT,olympics,positive
2022,DATE,olympics,positive
Canadian,NORP,olympics,positive
Kevin,PERSON,FigureSkating,positive
Milano,GPE,FigureSkating,positive
Texas,GPE,FigureSkating,positive
Iversen,GPE,olympics,positive
10,CARDINAL,hockey,positive
USA,GPE,hockey,positive
12,CARDINAL,biathlon,positive
Linn Gestblom,PERSON,biathlon,positive
France,GPE,biathlon,positive
Tom Wilson,PERSON,hockey,neutral
today,DATE,biathlon,neutral
Norway,GPE,olympics,positive
30%,PERCENT,olympics,positive
Ski Jumping,ORG,olympics,positive
the last 3,DATE,olympics,positive
Olympics,EVENT,olympics,positive
this year,DATE,olympics,positive
winter,DATE,olympics,positive
Olympics,EVENT,olympics,positive
Russia,GPE,olympics,positive
US,GPE,olympics,positive
Nelin,PERSON,biathlon,negative
Samuelsson,ORG,biathlon,negative
today,DATE,biathlon,negative
Norway,GPE,biathlon,negative
France,GPE,biathlon,negative
#,CARDINAL,hockey,positive
Tie,PERSON,hockey,positive
two,CARDINAL,hockey,positive
two,CARDINAL,hockey,positive
three,CARDINAL,hockey,positive
three,CARDINAL,hockey,positive
three,CARDINAL,hockey,positive
only two,CARDINAL,hockey,positive
two,CARDINAL,hockey,positive
two,CARDINAL,hockey,positive
1,CARDINAL,hockey,positive
🥌,ORG,olympics,neutral
last year,DATE,FigureSkating,neutral
Isabella,PERSON,Curling,positive
Almida/Oskar,ORG,Curling,positive
2022,DATE,Curling,positive
2026,DATE,Curling,positive
Sweden,GPE,Curling,positive
Dropkin,ORG,Curling,positive
Theisse,ORG,Curling,positive
Paul,PERSON,FigureSkating,positive
Chock,ORG,olympics,negative
Bates,PERSON,olympics,negative
French,NORP,olympics,negative
Olympics,EVENT,olympics,negative
This happened days ago,DATE,olympics,neutral
Nordic Combined,PERSON,olympics,positive
Wang/Liu,ORG,FigureSkating,positive
Chinese,NORP,FigureSkating,positive
RD,ORG,FigureSkating,positive
RD,ORG,FigureSkating,positive
Dovhal/Kulesza,ORG,FigureSkating,positive
DDR,ORG,FigureSkating,positive
Frowny,PERSON,FigureSkating,positive
"FBC

Lim/Quan - Their",ORG,FigureSkating,positive
Davis/Smolkin - really,ORG,FigureSkating,positive
Guignard/Fabbri - BSB,ORG,FigureSkating,positive
n’t,GPE,FigureSkating,positive
Madison,PERSON,FigureSkating,positive
JD Vance,PERSON,FigureSkating,positive
French,NORP,olympics,negative
Norway,GPE,olympics,negative
Skier,PERSON,olympics,negative
Paralympics,ORG,olympics,positive
Germany,GPE,olympics,negative
NHL,ORG,hockey,positive
Kagiyama,GPE,FigureSkating,positive
80,CARDINAL,FigureSkating,positive
Martin,PERSON,biathlon,positive
two,CARDINAL,FigureSkating,neutral
Artist,NORP,olympics,negative
Story,PERSON,olympics,negative
Pbs,ORG,olympics,negative
Fotos,PRODUCT,olympics,negative
Story,PERSON,olympics,negative
Buonasera,ORG,FigureSkating,neutral
Saulius,ORG,FigureSkating,neutral
at least one,CARDINAL,hockey,positive
MEN,ORG,FigureSkating,negative
LOT,ORG,FigureSkating,negative
Ilia,GPE,olympics,neutral
Quad God,WORK_OF_ART,olympics,neutral
the Olympic Peace treaty,EVENT,FigureSkating,positive
IOC,ORG,FigureSkating,positive
Deanna,PERSON,FigureSkating,neutral
Max,PERSON,FigureSkating,neutral
Nah,PERSON,olympics,negative
Liquid Death of an AI,WORK_OF_ART,olympics,negative
a few months ago,DATE,FigureSkating,positive
Bates,PERSON,FigureSkating,positive
2015-2020,DATE,hockey,positive
Canada,GPE,hockey,positive
3.5,CARDINAL,hockey,positive
10,CARDINAL,hockey,positive
2021,DATE,hockey,positive
37%,PERCENT,hockey,positive
4.8,CARDINAL,hockey,positive
2015-2020,DATE,hockey,positive
USA,GPE,hockey,positive
2.2,CARDINAL,hockey,positive
10,CARDINAL,hockey,positive
57%,PERCENT,hockey,positive
2021,DATE,hockey,positive
1.4,CARDINAL,hockey,positive
Tina,PERSON,FigureSkating,positive
Milo,ORG,FigureSkating,positive
Boston,GPE,hockey,positive
1,CARDINAL,hockey,positive
1980,DATE,hockey,positive
2,CARDINAL,hockey,positive
1998,DATE,hockey,positive
Olympics,EVENT,hockey,positive
Tkachuk,PRODUCT,hockey,positive
Roenick,GPE,hockey,positive
"Granato, King and Tueting",ORG,hockey,positive
3,CARDINAL,hockey,positive
2026,DATE,hockey,positive
Milan,GPE,hockey,positive
Boston,GPE,hockey,positive
Boston,GPE,hockey,positive
Keller,PERSON,hockey,positive
Frankel,GPE,hockey,positive
Knight,ORG,hockey,positive
PWHL,ORG,hockey,positive
4,CARDINAL,hockey,positive
2026,DATE,hockey,positive
Milan,GPE,hockey,positive
Quinn Hughes,ORG,hockey,positive
3A,CARDINAL,FigureSkating,negative
Alysa,PERSON,FigureSkating,negative
1st or 2nd,DATE,FigureSkating,negative
sh\*t,ORG,FigureSkating,negative
2026,DATE,FigureSkating,negative
kinda,GPE,FigureSkating,negative
Aymoz,GPE,FigureSkating,positive
Lorine Schild's,PERSON,FigureSkating,positive
Jia Shin's,PERSON,FigureSkating,positive
Median International,ORG,FigureSkating,positive
Gubanova,GPE,FigureSkating,positive
Mean International,ORG,FigureSkating,positive
Gutmann,ORG,FigureSkating,positive
Euro,PERSON,FigureSkating,positive
Schild,PERSON,FigureSkating,positive
Schild,PERSON,FigureSkating,positive
as high as,CARDINAL,FigureSkating,positive
4th,ORDINAL,FigureSkating,positive
3rd,ORDINAL,FigureSkating,positive
season,DATE,FigureSkating,positive
8th,ORDINAL,FigureSkating,positive
Anna,PERSON,biathlon,positive
3rd,ORDINAL,biathlon,positive
40,DATE,skiing,positive
5’10,CARDINAL,skiing,positive
160,CARDINAL,skiing,positive
last season,DATE,skiing,positive
the first season,DATE,skiing,positive
a couple weeks,DATE,skiing,positive
a couple weeks ago,DATE,skiing,positive
2,CARDINAL,hockey,neutral
Turin,GPE,olympics,positive
This year,DATE,olympics,positive
5,CARDINAL,olympics,positive
Milan,GPE,olympics,positive
Sondrio,GPE,olympics,positive
Trento,GPE,olympics,positive
Bolzano,GPE,olympics,positive
Belluno,GPE,olympics,positive
Verona,GPE,olympics,positive
only two,CARDINAL,olympics,positive
Chloe Kim,PERSON,olympics,neutral
American,NORP,olympics,neutral
Americas,LOC,olympics,neutral
US,GPE,skiing,positive
Thankfully,PERSON,skiing,positive
hundreds upon hundreds,CARDINAL,skiing,positive
millions of dollars,MONEY,skiing,positive
Olympics,EVENT,skiing,positive
Olympics,EVENT,skiing,positive
last summer,DATE,FigureSkating,positive
3A,CARDINAL,FigureSkating,positive
4Lo,CARDINAL,FigureSkating,positive
Océane Michelon,PERSON,biathlon,positive
Julia,GPE,biathlon,positive
Lou,PERSON,biathlon,positive
Justine,PERSON,biathlon,positive
Océane,PERSON,biathlon,positive
Océane,PERSON,biathlon,positive
Julia,GPE,biathlon,positive
🤔,PERSON,biathlon,positive
90s,DATE,skiing,negative
Maier,ORG,skiing,negative
the federation,ORG,skiing,negative
Canada,GPE,hockey,negative
McDrai,PERSON,hockey,negative
Curling,PERSON,olympics,positive
US,GPE,olympics,positive
YouTube,PRODUCT,olympics,positive
next week,DATE,olympics,positive
Brier,ORG,olympics,positive
Canadian,NORP,olympics,positive
Worlds,PERSON,olympics,positive
Canada,GPE,olympics,positive
his rookie year,DATE,hockey,negative
Olympics,EVENT,hockey,negative
Hughes,ORG,hockey,negative
Lægreid,PERSON,biathlon,negative
yesterday,DATE,biathlon,negative
Botn,NORP,biathlon,negative
the saddest days,DATE,biathlon,negative
3a,CARDINAL,FigureSkating,neutral
Kash Patel,PERSON,olympics,neutral
Russian,LANGUAGE,FigureSkating,positive
china,GPE,olympics,positive
first,ORDINAL,olympics,neutral
"Semifinal 

Canada",ORG,olympics,neutral
2,CARDINAL,olympics,neutral
China,GPE,olympics,neutral
1,CARDINAL,olympics,neutral
Cat A. All,PERSON,FigureSkating,negative
Matteo Rizzo,PERSON,olympics,positive
Prague,GPE,olympics,positive
Olympics,EVENT,FigureSkating,negative
today,DATE,FigureSkating,positive
today,DATE,FigureSkating,positive
Russia,GPE,FigureSkating,positive
Georgian,NORP,FigureSkating,positive
Georgia,GPE,FigureSkating,positive
one,CARDINAL,olympics,positive
Americans,NORP,olympics,positive
1,CARDINAL,olympics,positive
100%,PERCENT,FigureSkating,positive
both day 1 and day 2,DATE,FigureSkating,positive
Iranian,NORP,FigureSkating,positive
today,DATE,FigureSkating,positive
the first day of Ramadan,DATE,FigureSkating,positive
Italy,GPE,olympics,neutral
summer,DATE,olympics,neutral
Italians,NORP,olympics,positive
three,CARDINAL,olympics,positive
Italian,NORP,olympics,positive
U.S.,GPE,olympics,positive
three,CARDINAL,olympics,positive
Worlds,PERSON,FigureSkating,negative
3,CARDINAL,olympics,positive
2024,DATE,olympics,positive
the Winter Games,EVENT,olympics,positive
3,CARDINAL,olympics,positive
the Baltic Sea,LOC,olympics,positive
Latvia,GPE,olympics,positive
5,CARDINAL,olympics,positive
the Winter Games,EVENT,olympics,positive
the 2024,EVENT,olympics,positive
Summer Games,EVENT,olympics,positive
Norway,GPE,olympics,positive
2024 4 Gold,DATE,olympics,positive
8,CARDINAL,olympics,positive
2026 18,DATE,olympics,positive
41,CARDINAL,olympics,positive
Switzerland,GPE,olympics,positive
1,CARDINAL,olympics,positive
8,CARDINAL,olympics,positive
2026,DATE,olympics,positive
23,CARDINAL,olympics,positive
4,CARDINAL,olympics,positive
11,CARDINAL,olympics,positive
2026 8,DATE,olympics,positive
18,CARDINAL,olympics,positive
Austria 2G,PERSON,olympics,positive
5,CARDINAL,olympics,positive
2026 5,DATE,olympics,positive
18,CARDINAL,olympics,positive
3,CARDINAL,olympics,positive
2026,CARDINAL,olympics,positive
2,CARDINAL,olympics,positive
4,CARDINAL,olympics,positive
Hungary,GPE,olympics,positive
5,CARDINAL,olympics,positive
Gold 19 Medals,LAW,olympics,positive
2024,DATE,olympics,positive
Winter,DATE,olympics,positive
Brazil,GPE,olympics,positive
Brazil,GPE,olympics,positive
20 medals,QUANTITY,olympics,positive
Uzbekistan,ORG,olympics,positive
8,CARDINAL,olympics,positive
2024,DATE,olympics,positive
Winter Games,EVENT,olympics,positive
Isabeau,PERSON,FigureSkating,neutral
GB,GPE,olympics,negative
2014,DATE,FigureSkating,neutral
georgia,GPE,FigureSkating,neutral
2008,DATE,FigureSkating,neutral
one minute,TIME,biathlon,neutral
one minute,TIME,biathlon,neutral
just 2,CARDINAL,biathlon,neutral
Lou,PERSON,biathlon,neutral
Océane,PERSON,biathlon,neutral
today,DATE,biathlon,neutral
Olympics,EVENT,olympics,positive
Canada,GPE,olympics,positive
second,ORDINAL,olympics,positive
11th,ORDINAL,olympics,positive
5,CARDINAL,olympics,positive
1998-2018,DATE,olympics,positive
3,CARDINAL,olympics,positive
2010-2018,DATE,olympics,positive
one,CARDINAL,olympics,positive
2022,DATE,olympics,positive
Olympics,EVENT,olympics,positive
2010,DATE,olympics,positive
the Winter Olympics,EVENT,olympics,positive
U18,ORG,hockey,positive
U20,ORG,hockey,positive
that night,TIME,FigureSkating,positive
Alysa,PERSON,FigureSkating,positive
first,ORDINAL,FigureSkating,positive
American,NORP,FigureSkating,positive
1956,DATE,FigureSkating,positive
Tenly Albright,PERSON,FigureSkating,positive
70 years ago,DATE,FigureSkating,positive
three,CARDINAL,FigureSkating,positive
FS,ORG,FigureSkating,positive
Palestine,GPE,olympics,negative
Israel,GPE,olympics,negative
QUADSSSSS,ORG,olympics,neutral
Chad,PERSON,biathlon,positive
Switzerland,GPE,Curling,positive
Sweden,GPE,Curling,positive
Korea,GPE,Curling,positive
Great Britain,GPE,Curling,positive
Denmark,GPE,Curling,positive
China,GPE,Curling,positive
Great Britain,GPE,Curling,positive
Switzerland,GPE,Curling,positive
Ellie Black,PERSON,FigureSkating,neutral
Olympics,EVENT,Curling,neutral
2 decades,DATE,Curling,neutral
second,ORDINAL,olympics,negative
gif](giphy|1RaGAz2p13Wpo7kI2L,PERSON,olympics,negative
OWG,ORG,FigureSkating,positive
2,CARDINAL,FigureSkating,positive
Soooooo,ORG,FigureSkating,neutral
Sasha,PERSON,FigureSkating,positive
Canada,GPE,hockey,neutral
Albania,GPE,hockey,neutral
Snoop Dogg,PERSON,olympics,negative
NBC,ORG,olympics,negative
Poor Paralympics,ORG,olympics,negative
Olympics,EVENT,olympics,negative
NHL,ORG,hockey,negative
IOC,ORG,hockey,negative
NHL,ORG,hockey,negative
NHL,ORG,hockey,negative
Evelyn Walsh,PERSON,FigureSkating,positive
Trent Michaud,PERSON,FigureSkating,positive
Canada,GPE,FigureSkating,positive
winter,DATE,olympics,positive
Olympics,EVENT,olympics,positive
half,CARDINAL,olympics,positive
15-20 years,DATE,olympics,positive
Olympics,EVENT,olympics,positive
Bocelli > Carey,PERSON,olympics,neutral
1,CARDINAL,FigureSkating,positive
Misha’s Kung Fu Panda,PERSON,FigureSkating,positive
first,ORDINAL,FigureSkating,positive
Johnny Weir,PERSON,FigureSkating,positive
2,CARDINAL,FigureSkating,positive
Alysa Liu’s,PERSON,FigureSkating,positive
OGM,ORG,FigureSkating,positive
2.5,CARDINAL,FigureSkating,positive
Kaori,PERSON,FigureSkating,positive
Alysa’s Tina,PERSON,FigureSkating,positive
3,CARDINAL,FigureSkating,positive
one,CARDINAL,FigureSkating,positive
5,CARDINAL,FigureSkating,positive
Kaori,PERSON,FigureSkating,positive
4,CARDINAL,FigureSkating,positive
Misha’s,ORG,FigureSkating,positive
OGM,ORG,FigureSkating,positive
Misha,ORG,FigureSkating,positive
FS,ORG,FigureSkating,positive
four years,DATE,FigureSkating,positive
French,NORP,FigureSkating,positive
Womens Cross,ORG,olympics,neutral
10km,QUANTITY,olympics,neutral
"Standing

Gold to Usa

Silver",ORG,olympics,neutral
Norway,GPE,olympics,neutral
Bronze,GPE,olympics,neutral
Canada,GPE,olympics,neutral
Ashley,PERSON,FigureSkating,negative
FedEx,GPE,FigureSkating,negative
winter,DATE,FigureSkating,negative
"15,000",CARDINAL,FigureSkating,negative
FedEx,GPE,FigureSkating,negative
Memphis,GPE,FigureSkating,negative
LA,GPE,FigureSkating,negative
Olympics,EVENT,FigureSkating,negative
one,CARDINAL,FigureSkating,negative
US,GPE,olympics,neutral
24-48 hours,TIME,FigureSkating,positive
one,CARDINAL,biathlon,neutral
Over 800,CARDINAL,olympics,positive
gb,PERSON,olympics,positive
Peggy Fleming,PERSON,FigureSkating,negative
1968,DATE,FigureSkating,negative
under 5 minutes,TIME,hockey,positive
5 minutes,TIME,hockey,positive
second,ORDINAL,hockey,positive
here.](https://www.reddit.com,ORG,hockey,positive
on&t,ORG,hockey,positive
Need,PERSON,hockey,positive
this season,DATE,FigureSkating,positive
Celebrini,PERSON,hockey,positive
Crosby,PERSON,hockey,positive
his prime years,DATE,hockey,positive
Crosby,ORG,hockey,positive
Morgan Wallen,ORG,hockey,negative
Russia,GPE,olympics,positive
6,CARDINAL,olympics,positive
Paul,PERSON,FigureSkating,neutral
France,GPE,olympics,positive
Italy,GPE,olympics,positive
Olympic,LANGUAGE,olympics,positive
5 minutes,TIME,biathlon,negative
52,CARDINAL,biathlon,negative
Wright,PERSON,biathlon,negative
54,DATE,biathlon,negative
two,CARDINAL,biathlon,negative
Wright,PERSON,biathlon,negative
Bates,PERSON,FigureSkating,positive
two,CARDINAL,FigureSkating,positive
4,CARDINAL,FigureSkating,positive
Bates,PERSON,FigureSkating,positive
French,NORP,FigureSkating,positive
French,NORP,FigureSkating,positive
8,CARDINAL,FigureSkating,positive
Bates,PERSON,FigureSkating,positive
n’t,GPE,olympics,positive
4th,ORDINAL,olympics,positive
the Summer Olympics,EVENT,olympics,neutral
Session 2,DATE,olympics,negative
2,CARDINAL,olympics,negative
italy,GPE,olympics,negative
1,CARDINAL,olympics,negative
6,CARDINAL,olympics,negative
Japan,GPE,olympics,negative
1,CARDINAL,olympics,negative
1,CARDINAL,olympics,negative
7,CARDINAL,olympics,negative
Japan,GPE,olympics,negative
estonia,GPE,olympics,negative
2,CARDINAL,olympics,negative
Alysa,PERSON,FigureSkating,positive
Dave Lease,PERSON,FigureSkating,positive
American,NORP,olympics,positive
the Winter Olympics,EVENT,olympics,positive
French,NORP,olympics,positive
Olympics,EVENT,olympics,positive
US,GPE,olympics,positive
winter,DATE,olympics,positive
USA USA USA,ORG,Curling,positive
🇺,DATE,Curling,positive
🇺,DATE,Curling,positive
🇸,NORP,Curling,positive
INCREDIBLE WIN BOYS LFG,ORG,Curling,positive
years,DATE,FigureSkating,positive
Olympic,EVENT,FigureSkating,positive
years,DATE,FigureSkating,positive
Max,PERSON,FigureSkating,positive
English,LANGUAGE,FigureSkating,positive
french,NORP,FigureSkating,positive
french,NORP,FigureSkating,positive
french,NORP,FigureSkating,positive
the last few years,DATE,FigureSkating,positive
creepy,NORP,FigureSkating,positive
Max,PERSON,FigureSkating,positive
Quebec,GPE,FigureSkating,positive
english,LANGUAGE,FigureSkating,positive
american,NORP,FigureSkating,positive
Italian,NORP,olympics,positive
the first day,DATE,olympics,positive
Jason,PERSON,FigureSkating,positive
more than a decade,DATE,FigureSkating,positive
tomorrow,DATE,biathlon,positive
fed,ORG,FigureSkating,positive
rn(two,CARDINAL,FigureSkating,positive
chinese,NORP,FigureSkating,positive
JGPF,GPE,FigureSkating,positive
last year,DATE,FigureSkating,positive
Yihan Wang,PERSON,FigureSkating,positive
JGP,ORG,FigureSkating,positive
JGPF,ORG,FigureSkating,positive
Hopefully Dawei,ORG,FigureSkating,positive
Mouat,PERSON,Curling,negative
Gubanova,LOC,FigureSkating,positive
Indian,NORP,FigureSkating,positive
the day,DATE,FigureSkating,positive
2002,DATE,olympics,negative
Accurate,ORG,FigureSkating,neutral
Swiss,NORP,Curling,positive
shun,PERSON,FigureSkating,positive
first,ORDINAL,FigureSkating,positive
"the Ralp Lauren """,ORG,olympics,neutral
American,NORP,olympics,neutral
NHL,ORG,hockey,negative
Norway,GPE,Curling,negative
2,CARDINAL,Curling,negative
3,CARDINAL,Curling,negative
German,NORP,biathlon,negative
ARD,ORG,biathlon,negative
just a few seconds,TIME,biathlon,negative
12,CARDINAL,biathlon,negative
7 seconds,TIME,biathlon,negative
France,GPE,biathlon,negative
20 seconds,TIME,biathlon,negative
Americans,NORP,olympics,positive
Americans,NORP,olympics,positive
one,CARDINAL,olympics,positive
6,CARDINAL,olympics,positive
Norway,GPE,olympics,positive
Maddie Schizas,PERSON,FigureSkating,negative
Kaetlyn Osmond,PERSON,FigureSkating,negative
Pope Grassl,PERSON,FigureSkating,neutral
French,NORP,biathlon,positive
JBB,ORG,biathlon,positive
Ingrid,FAC,biathlon,positive
Franzi,ORG,biathlon,positive
french,NORP,biathlon,positive
Kirkeeide,LOC,biathlon,positive
Montreal,GPE,FigureSkating,positive
Piper,ORG,FigureSkating,positive
Paul - Carol Lane,ORG,FigureSkating,positive
Piper,PERSON,FigureSkating,positive
Paul,PERSON,FigureSkating,positive
the Winter Olympics,EVENT,olympics,negative
Olympics,EVENT,olympics,negative
tomorrow,DATE,olympics,negative
Paras,NORP,olympics,negative
2028,DATE,olympics,negative
Games,FAC,olympics,negative
Olympic,EVENT,biathlon,positive
today,DATE,biathlon,positive
tomorrow,DATE,biathlon,positive
5,CARDINAL,FigureSkating,positive
Kaori,PERSON,FigureSkating,positive
second,ORDINAL,FigureSkating,positive
first,ORDINAL,FigureSkating,positive
Olympics,EVENT,FigureSkating,positive
3x,CARDINAL,FigureSkating,positive
US National Champion,ORG,FigureSkating,positive
one,CARDINAL,FigureSkating,positive
first,ORDINAL,FigureSkating,positive
first,ORDINAL,FigureSkating,positive
"Kaori, Alysa, Isabeau",ORG,FigureSkating,positive
6,CARDINAL,FigureSkating,positive
n’t,GPE,hockey,positive
USA,ORG,olympics,negative
Classification Games 5th-8th Round 1 -,ORG,olympics,positive
Slovakia,ORG,olympics,positive
3,CARDINAL,olympics,positive
Germany,GPE,olympics,positive
Milos Vecerek,PERSON,olympics,positive
Slovakia,ORG,olympics,positive
Martin Joppa,PERSON,olympics,positive
David Korman,PERSON,olympics,positive
1,CARDINAL,olympics,positive
1,CARDINAL,olympics,positive
Slovakia,ORG,olympics,positive
Germany,GPE,olympics,positive
the 2nd,DATE,olympics,positive
US,GPE,hockey,neutral
Canada,GPE,hockey,neutral
OT,GPE,hockey,neutral
McAvoy,PERSON,hockey,neutral
Quinn Hughes,PERSON,hockey,neutral
4,CARDINAL,hockey,neutral
Tbf Perrot,PERSON,biathlon,negative
4,CARDINAL,biathlon,negative
1st,ORDINAL,biathlon,negative
Fabien Claude,PERSON,biathlon,negative
russia,GPE,FigureSkating,negative
Ukraine,GPE,FigureSkating,negative
putin,PERSON,FigureSkating,negative
the very next day,DATE,FigureSkating,negative
NBC,ORG,olympics,positive
French,NORP,olympics,positive
Alps,LOC,olympics,positive
zero,CARDINAL,skiing,negative
equestrian,GPE,FigureSkating,positive
Team Canada,ORG,hockey,neutral
Olympics,EVENT,hockey,neutral
Olympics,EVENT,hockey,positive
2,CARDINAL,hockey,positive
Medal,PERSON,hockey,positive
Sakic,GPE,hockey,positive
3,CARDINAL,FigureSkating,negative
one,CARDINAL,FigureSkating,negative
Italy,GPE,biathlon,positive
Austria,GPE,biathlon,positive
Napoléon,ORG,biathlon,positive
South Tyrol,GPE,biathlon,positive
SudTyrol,ORG,biathlon,positive
Le Val d'Aoste,FAC,biathlon,positive
Grazie / Danke,ORG,biathlon,positive
New Blackhawks,GPE,hockey,neutral
2022,DATE,FigureSkating,positive
Canada,GPE,Curling,negative
0,CARDINAL,olympics,positive
5,CARDINAL,hockey,neutral
20,CARDINAL,hockey,neutral
Swiss,NORP,hockey,negative
18,CARDINAL,hockey,negative
7,CARDINAL,hockey,negative
2,CARDINAL,hockey,negative
World Cup,EVENT,olympics,positive
Europe,LOC,olympics,positive
one,CARDINAL,olympics,positive
two,CARDINAL,olympics,positive
US,GPE,olympics,positive
three decades ago,DATE,olympics,positive
350,MONEY,olympics,positive
German,NORP,olympics,positive
two weeks,DATE,olympics,positive
two,CARDINAL,olympics,positive
one,CARDINAL,olympics,positive
thousands,CARDINAL,olympics,positive
Kinda,GPE,olympics,positive
Olympics,EVENT,olympics,positive
Olympics,EVENT,olympics,positive
18,CARDINAL,FigureSkating,positive
more than 3,CARDINAL,biathlon,negative
NF,ORG,biathlon,negative
4,CARDINAL,biathlon,negative
6,CARDINAL,biathlon,negative
one,CARDINAL,FigureSkating,negative
Worlds/GP/GPF,ORG,FigureSkating,negative
IOC,ORG,olympics,positive
IOC,ORG,olympics,positive
one,CARDINAL,olympics,positive
Paris,GPE,olympics,positive
Tahiti,ORG,olympics,positive
Utah,GPE,olympics,positive
Salt Lake City,GPE,olympics,positive
Utah,GPE,olympics,positive
Makar,PERSON,hockey,negative
Quinn Hughes,ORG,hockey,negative
Gallagher,PERSON,hockey,negative
Olympics,EVENT,hockey,negative
Bouchard,PERSON,hockey,negative
McDavid,PERSON,hockey,negative
midnight Monday,TIME,FigureSkating,positive
the whole day,DATE,FigureSkating,positive
JBB,ORG,biathlon,positive
Botn,ORG,biathlon,positive
yesterday,DATE,biathlon,positive
2nd,DATE,biathlon,positive
3rd,ORDINAL,biathlon,positive
first,ORDINAL,biathlon,positive
latvia,GPE,olympics,positive
Barista,PERSON,FigureSkating,neutral
Olympics,EVENT,olympics,positive
NHL,ORG,olympics,negative
Adam,PERSON,FigureSkating,positive
Paul,PERSON,FigureSkating,positive
third,ORDINAL,FigureSkating,positive
Icelandic\,ORG,hockey,neutral
99.9%,PERCENT,FigureSkating,positive
Olympics,EVENT,FigureSkating,positive
Olympics,EVENT,olympics,positive
Olympic,EVENT,olympics,positive
Olympic,EVENT,olympics,positive
Google,ORG,olympics,positive
Olympic,EVENT,olympics,positive
two Olympic weeks,DATE,olympics,positive
summer,DATE,olympics,positive
Los Angeles,GPE,olympics,positive
2028,DATE,olympics,positive
Olympic Games,EVENT,olympics,positive
