author,community_id,subreddit_prevalente
keyser1981,0,olympics
EnvironmentalWar,0,olympics
Zestyclose_Ant_3039,0,olympics
JazzlikeTradition436,0,olympics
PBS80,0,olympics
manuelmay887,1,olympics
Due-Impression8466,0,olympics
IvyGold,0,olympics
megankjones22,2,olympics
Hungry-Promise-3032,0,olympics
slr1908,0,olympics
Impossible-Guitar957,2,olympics
Right_Beyond7186,3,biathlon
Magatsu-Arsene,4,olympics
joeymello333,1,olympics
Gisselle441,1,olympics
mt80,2,olympics
Spiritual_Battle_769,5,hockey
Puzzled-Category-954,7,unknown
torpedostud99,7,hockey
GsGenesis,7,hockey
tylerhk93,7,hockey
The_Astros_Cheated,7,hockey
Mogilny2000,7,hockey
whichwitch9,7,hockey
North_Plane_1219,7,hockey
NYLotteGiants,7,hockey
DoinWhale,7,hockey
IAmBizarroStormyAMA,7,hockey
smitty046,7,hockey
JudgeSubstantial9562,7,hockey
beachy927,7,hockey
NoGiCollarChoke,7,hockey
_SCHULTZY_,7,hockey
g46152,8,hockey
Key-Tip-7521,7,hockey
Lpreddit,9,hockey
funkydinos,7,hockey
SJSragequit,7,hockey
Tacosrule89,7,hockey
54580,8,hockey
Just4nsfwpics,7,hockey
Patrick2701,7,hockey
ZBack3,8,hockey
AutoModerator,7,hockey
LionBig1760,7,hockey
2ktx2000,8,hockey
Three_Froggy_Problem,8,hockey
AJS76reddit,8,hockey
TheCanadianWolverine,8,hockey
Significant-Flow-412,7,hockey
EatonHass_247,7,hockey
JohnCoutu,7,hockey
Tenya-Iida0220,7,hockey
IDontWannaBeHere-WW,7,hockey
xlf77,7,hockey
septimus29,7,hockey
hockeydiscussionbot,5,hockey
takesthebiscuit99,5,hockey
DPitoLeMans,5,hockey
backwardzhatz,5,hockey
catsgr8rthanspoonies,5,hockey
ThickBootyEnjoyer,5,hockey
UncleTrapspringer,5,hockey
historyspwn,10,FigureSkating
treenleafy,10,FigureSkating
JunketUnhappy7466,11,FigureSkating
appalachian_hatachi,11,olympics
peeweeharmani,12,FigureSkating
VirginiaUSA1964,11,FigureSkating
clecolleeen,11,FigureSkating
Alternative_Cow_5283,7,hockey
subredditsummarybot,7,hockey
FigureSkating-ModTeam,10,FigureSkating
NothingNumerous5477,10,unknown
FreedomSlice,9,Curling
CurlingFool,9,Curling
mjsher2,9,Curling
applegoesdown,13,Curling
TheDonutCrew,9,hockey
DivisonNine,9,hockey
AmeriCanada98,9,hockey
Anglerfish87,9,hockey
ThatMikeGuy429,9,hockey
uFFxDa,9,hockey
SwagFondue,9,hockey
hockeycross,9,hockey
Emi_Ibarazakiii,9,hockey
Maxpowr9,9,hockey
Khue,9,hockey
HockeyPowerRanker,9,hockey
timmablimma,9,hockey
snowfjell,14,FigureSkating
wawrinkle,14,FigureSkating
Simple-Narwhal6035,14,FigureSkating
PurpleChannel2080,12,FigureSkating
anilop1223,12,FigureSkating
bigredawg,15,skiing
TaCZennith,15,skiing
IcyJob7383,15,skiing
nigeltufnelyyc,15,skiing
SandyCactusBalls,15,skiing
Psychafunkapus,15,skiing
UtahBrian,15,skiing
UncleAugie,15,skiing
Foothills83,15,skiing
Alchse,15,skiing
ResIpsaLoquitur2422,15,skiing
SpottyFish81177,15,skiing
HighPriestofShiloh,15,skiing
Misteruilleann,15,skiing
NorthDakotaExists,15,skiing
kickingtyres,15,skiing
Positron-collider,15,skiing
SunReyBurn,15,skiing
Plastic_Scholar4463,15,skiing
OriginalBogleg,15,skiing
Admirable-Usual1387,15,skiing
Worried_Exercise_937,15,olympics
mrcheese14,15,skiing
clark_kent88,15,skiing
Oily_Bee,15,skiing
Plastic_Cost_3915,15,skiing
olympics-ModTeam,16,olympics
GoodGovernment1,16,unknown
SeaworthinessNew8900,2,olympics
thevorminatheria,2,olympics
IntelligentBig9244,2,olympics
Granadafan,16,olympics
Raketenelch,16,olympics
Any_Ant_23,2,olympics
DKsan,2,olympics
a_panda_named_ewok,2,olympics
crowd79,0,olympics
Icy-Animator-861,2,olympics
megggers,2,olympics
RadoBlamik,2,olympics
chickenKsadilla,2,olympics
weird_oh_tho,2,olympics
IkLms,16,olympics
death2sanity,2,olympics
wildrage,2,olympics
buerglermeister,9,hockey
IrishUpYourCoffee,17,olympics
combine_harvester_84,2,olympics
relayrelayrelay,2,olympics
DegreeIllustrious174,9,hockey
IESAirman,9,hockey
keeeeener,9,hockey
DontUSlashMe,9,hockey
Barcade,9,hockey
PayneTrain181999,9,hockey
TheoverlyloadTuba,9,hockey
Teusaurus,7,hockey
scoutcjustice,7,hockey
PicklesMcGraw,9,hockey
onlinepresenceofdan,9,hockey
gollumaniac,14,hockey
LocksTheFox,9,hockey
Massive-Reputation86,9,hockey
JasonsPizza,9,hockey
XGuiltyofBeingMikeX,9,hockey
DrDrozd12,9,hockey
Megelsen,9,hockey
migsahoy,7,hockey
homicidal_penguin,9,hockey
neskire96,9,hockey
DelugeQc,9,hockey
SuzukiSwift17,5,hockey
kilroy_wh,7,hockey
dronten_edvard,9,hockey
hockey-ModTeam,9,hockey
fanconic,9,unknown
Suspicious_Major_571,9,hockey
fliccolo,12,FigureSkating
Adariel,12,FigureSkating
Zealousideal-Fox3893,12,FigureSkating
tequilasweatshirt,12,FigureSkating
DSQ,10,FigureSkating
bennetinoz,12,FigureSkating
alexarbusto,12,FigureSkating
skinnamarinky,12,FigureSkating
OkAppointment3092,12,FigureSkating
Due-Understanding339,12,FigureSkating
Simple_Check_6809,12,FigureSkating
LyraMusica,12,FigureSkating
Old_Specialist8253,12,FigureSkating
mulderitsme,12,FigureSkating
lalalandestellla,12,FigureSkating
Excellent-Delay8784,12,FigureSkating
anna_sofia98,12,FigureSkating
bluejaysmandy,10,FigureSkating
yanabanana311,10,FigureSkating
printerpaperwaste,12,FigureSkating
PerformerRich5449,12,FigureSkating
Necessary-Egg-759,12,FigureSkating
cranraspberry96,12,FigureSkating
chelseakaye8,12,FigureSkating
Ocelotstar,12,FigureSkating
thatonekim,12,FigureSkating
QueenAlys88,12,FigureSkating
runningvampire_,12,FigureSkating
bobatoastie,12,FigureSkating
BroadwayBean,12,FigureSkating
kat_stratford,12,FigureSkating
Apprehensive-Cat-163,12,FigureSkating
fzztsimmons,12,FigureSkating
Brilliant-Worker-454,12,FigureSkating
Ottawa_points,12,FigureSkating
Lionclaw21,12,FigureSkating
mimi10010305,12,FigureSkating
New-Possible1575,12,FigureSkating
garlicmayochilli,12,FigureSkating
exquisitecrab24,12,FigureSkating
hamletgoessafari,12,FigureSkating
emmeline05,12,FigureSkating
TemporalPincerMove,12,FigureSkating
snug97,10,FigureSkating
Annual_Interest3951,10,FigureSkating
freshraininspain,12,FigureSkating
Fs-Fan-800,12,FigureSkating
ManagerEvening4867,12,FigureSkating
roseofjuly,12,FigureSkating
waltzthrees,12,FigureSkating
Zed456,12,FigureSkating
kryptokitty2003,12,FigureSkating
Ponytailbot,12,FigureSkating
novaonthetop,12,FigureSkating
ChompingCucumber4,12,FigureSkating
TheLizzerNB,12,FigureSkating
Karotyna,10,FigureSkating
ft_wanderer,12,FigureSkating
RoutineSpiritual8917,12,FigureSkating
ourferocity,12,FigureSkating
idwtpaun,12,FigureSkating
rubyjester,12,FigureSkating
Environmental-Let435,12,FigureSkating
buxtonOJ,18,snowboarding
SendMeFatErgos,18,snowboarding
ilovestoride,18,snowboarding
cnn,18,snowboarding
StiffWiggly,18,snowboarding
mc_bee,18,snowboarding
Organic_Stranger1544,18,snowboarding
shes_breakin_up_capt,18,snowboarding
EatGogi,18,snowboarding
ThatGuyWithCoolHair,18,snowboarding
WhyNot_Because,18,snowboarding
afternever,18,snowboarding
arr4ws,18,snowboarding
sorebutton,18,snowboarding
TPain518,18,snowboarding
Asbelsp,18,snowboarding
BlazedGigaB,18,snowboarding
flannelish,9,hockey
Jusfiq,9,hockey
ProofByVerbosity,14,hockey
Hammerschmittz,9,hockey
TharixGaming,9,hockey
daft_punked,9,hockey
Krisjanis8,9,hockey
thebigsad72,9,hockey
Beechsack,9,hockey
debotehzombie,9,hockey
salamiolivesonions,9,hockey
Actual_Spirit7236,18,snowboarding
timemagazine,18,unknown
apetersen1,18,snowboarding
SnapCasterDANK,18,snowboarding
happyelkboy,18,snowboarding
NoCoFoCo31,18,snowboarding
natefrogg1,18,snowboarding
moseisley99,18,snowboarding
RoyalBroham,18,snowboarding
CMMVS09,18,snowboarding
ayayeron,18,snowboarding
Feisty-Donkey,12,FigureSkating
Henna1911,3,biathlon
Competitive-Log-1706,3,biathlon
uhuhhesaid,3,biathlon
ConclusionAsleep8685,3,biathlon
simpingforalica,3,biathlon
MrFlibble_,3,biathlon
nautilator44,3,biathlon
nakaonthebaka,3,biathlon
ConsistentlyCanadian,5,hockey
ImteamfishYt,5,unknown
Kenner1979,5,hockey
FesteringLion,5,hockey
Maximum_Airport_8604,5,hockey
hockeynoticehockey,5,hockey
TweakersSansFrontier,1,olympics
Aggressive-Gold5060,1,olympics
lockedintheattic74,1,olympics
redshopekevin,1,olympics
Negative_Cattle_5025,1,olympics
Ebright_Azimuth,1,olympics
Pizzashillsmom,0,olympics
Fartin-Sc0rcese,0,olympics
h-ugo,1,olympics
Portdal12,1,olympics
bduddy,1,olympics
Specific_Anywhere120,1,olympics
madscandi,1,olympics
WhichSpirit,1,olympics
Grande_Italiano,1,olympics
errarehumanumeww,2,olympics
Eomer444,17,olympics
icyDinosaur,9,hockey
Valuable_Possible516,9,hockey
ibexelf,9,olympics
Deadmanlex45,9,hockey
justsamo,19,hockey
fluff-elegant,19,hockey
HeftyBox3580,9,hockey
nhogan84,9,hockey
ConvictedOgilthorpe,9,hockey
zombiejim7471,9,hockey
DavieStBaconStan,9,hockey
sprashoo,9,hockey
QuickUp14,9,hockey
primetimey123,9,hockey
Temporary_Plant_1123,9,hockey
thotswhathesaid,9,hockey
Vegetable_Key_6576,9,hockey
leavingishard1,2,hockey
BasicTelephonic,9,hockey
mmavcanuck,9,hockey
Adventurous-Tea-876,9,hockey
Stupendous_man12,9,hockey
iwantedCheerios,9,hockey
SomewherePresent8204,9,hockey
so-much-wow,9,hockey
Glasterz,9,hockey
gu3sticles,9,hockey
LivingOof,0,olympics
neoazayii,9,hockey
nationalmoose-1921,9,hockey
GameDoesntStop,9,hockey
thisonecassie,9,hockey
-RayBloodyPurchase-,9,hockey
TheHabChronicle,7,hockey
eliarbss,9,hockey
InternalAd3921,9,hockey
city-of-cold,9,hockey
Area51_Spurs,9,hockey
average_waffle,9,hockey
VegasKL,9,hockey
NlghtmanCometh,9,hockey
Suomi964,9,olympics
Responsible_Bar3957,7,hockey
fendermonkey,9,hockey
dustinyo_,9,hockey
UnassumingInterloper,8,hockey
MostPossibility4159,8,unknown
StigmataSatanas,8,hockey
melpec,8,hockey
martinisandbeer8,8,hockey
realdeal411,8,hockey
The_Justache,8,hockey
monstersof-men,8,hockey
Few-Demand7532,8,hockey
nothing_but_static,8,hockey
Frozen_pizza_987,8,hockey
CovidBryant0824,8,hockey
ErikDebogande,8,hockey
killmagatsgousa,8,hockey
RamouYesYes,8,hockey
NHLonOLN,8,hockey
Airtempesttrash,12,FigureSkating
just_be123,12,FigureSkating
No_Cry_8905,12,FigureSkating
sean_psc,9,hockey
just_anotherperson98,12,FigureSkating
MrsAnteater,13,FigureSkating
looneylooser24,12,FigureSkating
Brilliant-Sea-2015,12,FigureSkating
JockCartier,17,olympics
MediocreStorm599,12,FigureSkating
t_avalon85,12,FigureSkating
Worried_North1870,10,FigureSkating
idkcat23,10,FigureSkating
rongricker,10,FigureSkating
777anastasia777,10,FigureSkating
No-Possible-8160,10,FigureSkating
lesterine77,10,FigureSkating
According-Box-4959,10,FigureSkating
PossessionCapital983,10,FigureSkating
Trick-Juggernaut3747,10,FigureSkating
Stlavsa,10,FigureSkating
Fem-Picasso,12,FigureSkating
uminji,10,FigureSkating
pre-raphaelitic_smut,10,FigureSkating
Legitimate-Tart-2025,12,FigureSkating
whowhogis,12,FigureSkating
ObjectiveSnake111,12,FigureSkating
Puzzleheaded-Ad5552,10,FigureSkating
Zaidswith,0,olympics
Ok-Trainer-1647,0,FigureSkating
Fine-Independent1848,12,FigureSkating
mcsangel2,20,FigureSkating
Haven_Writes,12,FigureSkating
KlutzyAstronaut601,12,FigureSkating
sk8tergater,10,FigureSkating
Invorvial,10,FigureSkating
Targaryenation,10,FigureSkating
-kosto-,10,FigureSkating
daisyviolet,10,FigureSkating
knight_380394780,12,FigureSkating
notthebesthuh,12,FigureSkating
Friendly_Meringue809,12,FigureSkating
ruthimorg,10,FigureSkating
PurpleLilyEsq,12,FigureSkating
evenstarcirce,10,FigureSkating
mediocre-spice,12,FigureSkating
thrak1,12,FigureSkating
Q-of-hearts89,11,FigureSkating
There_is_sarna,11,FigureSkating
Visual_Transition_95,11,FigureSkating
No-Orange-5879,11,FigureSkating
Silver_Chickens,11,FigureSkating
npmartinauthor,11,FigureSkating
halszkap,11,FigureSkating
Stelmie,12,FigureSkating
Ryusevi,11,FigureSkating
Available-Error1658,11,FigureSkating
plus5podcast,11,FigureSkating
collectingviolets,12,FigureSkating
Own-Recording-4516,14,unknown
coolaroni123,14,FigureSkating
Miserable_Touch_8743,12,FigureSkating
Longjumping_Crab_345,12,FigureSkating
pele_star,12,FigureSkating
Motor-Ad2347,12,FigureSkating
laura_holt,12,FigureSkating
snowstealth,11,FigureSkating
Tchaikovskygirl356,12,FigureSkating
mainlywatching,12,FigureSkating
quinteleven,12,FigureSkating
The_Darling_Starling,12,FigureSkating
Happy-Hurry8126,12,FigureSkating
pulchritudeProbity,21,olympics
topazgirl170,12,FigureSkating
Lost-Copy867,12,FigureSkating
dinosaurs-behind-you,12,FigureSkating
romremsyl,12,FigureSkating
89Rae,12,FigureSkating
Bitca99,12,FigureSkating
lunalooneymoon,12,FigureSkating
jshopc,12,FigureSkating
starryfish99,12,FigureSkating
Adam-Seattle,10,FigureSkating
Ok-Calm-Narwhal,10,FigureSkating
Mainecoon0805,12,FigureSkating
Confident-Debate-914,12,FigureSkating
a-world-of-no,12,FigureSkating
MoogleyWoogley,12,FigureSkating
terra_degli_angeli1,12,FigureSkating
osvimonello,12,FigureSkating
hellokaykay,12,FigureSkating
aromaticchicken,12,FigureSkating
onyxrose81,12,FigureSkating
silvershade8,12,FigureSkating
pusheen8888,12,FigureSkating
Chiowl333,12,FigureSkating
FrozenRose_816,12,FigureSkating
chrisabulium,12,FigureSkating
zzZZzz_idk,12,FigureSkating
uninspired_oblivion,12,FigureSkating
haf2go,12,FigureSkating
_driverpicksthemusic,12,FigureSkating
jquailJ36,12,FigureSkating
M_sberry,12,FigureSkating
sportsbunny33,12,FigureSkating
afloatingpoint,10,FigureSkating
Gymfan15,12,FigureSkating
The-Oricle,12,FigureSkating
kjong3546,12,FigureSkating
AnxiousAnonEh,12,FigureSkating
ElegantFootball8741,10,FigureSkating
toochgirl,12,FigureSkating
jhll2456,12,FigureSkating
potatocakes898,12,FigureSkating
lastreaderontheleft,10,FigureSkating
TsarinaJissa,12,FigureSkating
Ok_Breadfruit_8241,12,FigureSkating
LiveToTravel84119,12,FigureSkating
ATeenTalksSkating,12,FigureSkating
port_okali,12,FigureSkating
jacknicholscum,12,FigureSkating
hahakafka,12,FigureSkating
Agitated-Minimum-967,12,FigureSkating
birdtummy717,12,FigureSkating
Sorry_Truck9897,12,FigureSkating
Weak-Faithlessness48,12,FigureSkating
Any-Papaya678,12,FigureSkating
onefeatherplume,21,FigureSkating
Outrageous_Face_2543,12,FigureSkating
Keyblader1412,12,FigureSkating
Lumyna92,22,FigureSkating
SweetDuckling,12,FigureSkating
ManaM13,12,FigureSkating
NeighborhoodOne7987,12,FigureSkating
Requiem_13,12,FigureSkating
PlanktonForward7198,12,FigureSkating
Complex_Musician_453,12,FigureSkating
Vast-Thing7516,12,FigureSkating
Musiclover86,12,FigureSkating
Crazy_Logician,12,FigureSkating
Sh1raz51,10,FigureSkating
Nice_Insect3525,12,FigureSkating
amazona_voladora,12,FigureSkating
hitherexxxxx,10,FigureSkating
styrofoamdreamer,10,FigureSkating
sunnyp624,12,FigureSkating
Chance_Winner2029,12,FigureSkating
Missworld_12308,12,FigureSkating
AmadeusExLibris,23,FigureSkating
WingedBacon,23,FigureSkating
smalltittyfakeginger,12,FigureSkating
iyesshirai,12,FigureSkating
emaline5678,12,FigureSkating
jellynailz,12,FigureSkating
gingerrb7,10,FigureSkating
Cool-Lake0810,12,FigureSkating
helloiamliana,12,FigureSkating
justbrowzingthru,12,FigureSkating
JediPanda227,12,FigureSkating
VenusPom,12,FigureSkating
stressedgeologist22,12,FigureSkating
WickedLush,12,FigureSkating
ASpurkofgenius,12,FigureSkating
Doppleflooner,12,FigureSkating
raywalker212,12,FigureSkating
Skaterade3,12,FigureSkating
goodsprigatito,12,FigureSkating
logophile98,12,FigureSkating
Foxenfre,12,FigureSkating
ZebraZestyclose3861,7,hockey
Key_Account_6591,12,FigureSkating
Longjumping_Room1659,12,unknown
Ok-Copy3121,12,FigureSkating
Suzfindsnyapts,12,FigureSkating
Brainless_flannel09,12,FigureSkating
alchemycoast,12,FigureSkating
Past-Feature3968,12,FigureSkating
InsideMembership4015,12,FigureSkating
CraftLass,12,FigureSkating
bondcliff,12,FigureSkating
GhostofLolaMontez,12,FigureSkating
EffectiveCycle,12,FigureSkating
bolero_bolero_bolero,12,FigureSkating
AdDry7306,12,FigureSkating
ProposalNearby3113,12,FigureSkating
Krazy121,12,FigureSkating
Firm_Raccoon_1727,12,FigureSkating
violetsanddatedmemes,12,FigureSkating
SoldierHawk,12,FigureSkating
dasheeshblahzen,12,olympics
gigimarie90,12,FigureSkating
AbsurdistWordist,12,FigureSkating
GnomeAndGarden,12,FigureSkating
MedievalHag,12,FigureSkating
Key_Employment4536,12,FigureSkating
Smart-Illustrator277,12,FigureSkating
Honest-Main7650,1,olympics
Halkatlaa,3,biathlon
epic1107,1,olympics
TartOk7622,1,olympics
SalamAkhi,24,olympics
Oohhthehumanity,1,olympics
Rangerrenze,1,olympics
you-absolute-foolish,1,olympics
ihatepickingnames810,1,olympics
chespiotta,13,Curling
VanGroteKlasse,24,olympics
kissmydonkey,16,unknown
Technical_Match7686,25,olympics
Sweaty_Toe7175,25,hockey
bilaljamal,25,olympics
ASmithFS,7,hockey
AARM2000,7,hockey
lazysoldier,7,hockey
MikeChuk7121,9,hockey
themapleleaf6ix,9,hockey
Tree_Mage,9,hockey
jaysornotandhawks,9,hockey
Favonianism,9,hockey
LarsSven,9,hockey
ghost_curse123,9,hockey
potato-overlord-1845,9,hockey
Creative-Freedom-726,9,hockey
HonestDespot,9,hockey
MrPete_Channel_Utoob,0,olympics
Cinderpath,2,olympics
ExcitingInternal365,2,olympics
ticianlicious,2,olympics
nyrB2,24,olympics
uh_no_,24,olympics
HM9719,17,olympics
dbwn87,1,olympics
cjstop,1,olympics
CardInternational753,1,olympics
Senior_Sentence_566,0,olympics
GaptistePlayer,2,olympics
dolan313,0,olympics
LastMongoose7448,1,olympics
MsterF,1,olympics
Jaylow115,1,olympics
MoonriseTurtle,1,olympics
Some1inreallife,1,olympics
EllieHarmony,12,FigureSkating
Perfect_Peace3829,12,FigureSkating
tchaikovskys_nostril,12,FigureSkating
smartdehumidifier,12,FigureSkating
forwardaboveallelse,12,FigureSkating
Howtothnkofusername,12,FigureSkating
Altruistic_Finger669,9,hockey
darthfox12,9,hockey
horriblyefficient,9,hockey
tjamen,9,hockey
DashLibor,9,Curling
Soggy_Head_4889,9,hockey
alldasmoke__,9,hockey
MarsD9376,9,hockey
AVolantScheme,9,hockey
MooseFlyer,9,hockey
Justaduderdude,9,hockey
HuckleberryJazz,9,hockey
CurrentFactor7466,9,hockey
freezysw,9,hockey
MTheadedandhearted,9,hockey
bokchoykn,9,hockey
discofrislanders,7,hockey
Kronzor_,9,hockey
pokesnail,9,hockey
Academic-Style-6105,9,hockey
misfittroy,9,hockey
Justread-5057,9,hockey
-forsen_,9,hockey
erevans444,9,hockey
Mean_Mister_Mustard,9,hockey
Silent_Dong,9,hockey
ahuman1321,7,hockey
raptorman556,9,hockey
MassiveDefinition274,9,hockey
Luckynumberlucas,9,hockey
lifeisarichcarpet,9,hockey
madraykin86,9,hockey
mikeok1,9,hockey
wisenoodle1,9,hockey
Kurakurguhoiuala,9,hockey
turbulentcounselor,9,hockey
damaged_bloodline,24,hockey
MurkrowsRevenge,9,hockey
perat0,9,hockey
TrueNorthStrong1898,9,hockey
Aerim,9,hockey
Fine_Lingonberry_613,9,hockey
Rplix1,9,hockey
Pale-Appointment8226,18,snowboarding
snowboarder160,18,unknown
Bon-Bon-Assassino,18,snowboarding
GoodAfternoonFlag,18,snowboarding
Catch-Normal,18,snowboarding
attractivekid,18,snowboarding
rpjesus,18,snowboarding
jarrettbrown,18,snowboarding
Zigglyjiggly,18,snowboarding
DickAvedon,18,snowboarding
Free_Gojo,18,snowboarding
Ok_Buy_9703,18,snowboarding
Mick_the_Eartling,18,snowboarding
ChaletJimmy,18,snowboarding
Guy_LeDouche33,18,snowboarding
YoPoppaCapa,18,snowboarding
addtokart,18,snowboarding
anawesomewayve,18,snowboarding
greenkni,18,snowboarding
DoctorBudz,18,snowboarding
Mr-Hox,18,snowboarding
Krunksy,18,snowboarding
amycouldntcareless,12,FigureSkating
spiralsequences,12,FigureSkating
moonlit_reveriee,12,FigureSkating
bejewelledskeletons,12,FigureSkating
Remarkable_Owl_258,12,FigureSkating
coach_cryptid,12,FigureSkating
some-mad-shit,12,FigureSkating
EveRomi,12,FigureSkating
Micopedia,12,FigureSkating
Ctake_808,13,Curling
ReachComprehensive90,12,FigureSkating
ElasticCrow393,12,FigureSkating
_xoxojoyce,12,FigureSkating
INS091077,12,FigureSkating
Illustrious_Cut1730,12,FigureSkating
Candid_Jello5188,12,FigureSkating
Serononin,10,FigureSkating
ttatm,12,FigureSkating
fun_mak21,12,FigureSkating
nika817,12,FigureSkating
Hot_Bad409,12,FigureSkating
Altruistic-Prior3482,12,FigureSkating
No_Shoe7056,12,FigureSkating
Night-Cheese11,12,FigureSkating
summerjoe45,12,FigureSkating
rockhopper75,3,biathlon
Prudent_Mail_993,3,biathlon
jwc53531,3,biathlon
sharkinwolvesclothin,3,biathlon
GrapefruitJuice9443,3,biathlon
Straight-909,26,snowboarding
1Rule_dontdie,26,unknown
OwlCatPoptart,12,FigureSkating
sinlivenial,12,FigureSkating
deluca-,12,FigureSkating
Ceressie,12,FigureSkating
Huge_Hotel824,12,FigureSkating
TheGooseArmada,11,FigureSkating
Ok-Fun3446,12,FigureSkating
worldly_mushroom9432,12,FigureSkating
Triss-Nguyen-03,12,FigureSkating
z3nnies,12,FigureSkating
Annulus3Lz3Lo,12,FigureSkating
Internet-Dick-Joke,12,FigureSkating
Vanderwaals_,12,FigureSkating
97vv,1,olympics
Soggysleuth,1,olympics
lyss216,1,olympics
larapu2000,1,olympics
Jokrong,1,olympics
Infamous_Wealth9754,1,olympics
Intelj,1,olympics
AquaDelphia,27,olympics
Nice_Reading2782,1,olympics
Bompa1965,25,olympics
Stiddit,25,olympics
fabrice404,25,olympics
Single-State-9107,25,olympics
Zumbakeny,25,olympics
Life-Switch2269,25,olympics
bobbo_b,25,olympics
Gooch_Juice,25,olympics
Impossible_Soup4206,25,olympics
Independent-Mud-54,25,olympics
Sandzaun,25,olympics
Dimyr7,25,olympics
Lucas23_ty,25,olympics
wjarrettc,25,olympics
thisisntmyday,12,FigureSkating
boobookittyfuwk,3,biathlon
Dull-Bit-8639,3,biathlon
charliemann,3,biathlon
Final-Ad106,3,biathlon
11PoseidonsKiss20,3,biathlon
combatwombat02,3,biathlon
Elektrenai,3,biathlon
watermelonjuicephoto,3,biathlon
InconspicuousMagpie,3,hockey
cobravictim,3,biathlon
Blautanne,3,biathlon
EdwardCuttle333333,3,biathlon
miunrhini,3,biathlon
happyrunner4,3,biathlon
Kris_Third_Account,3,biathlon
WinterFantasySports,3,biathlon
ThePhenome,3,biathlon
Iamnggag,3,biathlon
Fabulous_Aerie8143,3,biathlon
Tall_Astronomer_4330,3,biathlon
Popoye_92,3,biathlon
Myschossy,3,biathlon
Muflonlesni,3,biathlon
Low_Stable7628,3,biathlon
kune13,3,biathlon
itsafine_day,3,biathlon
LaMoncakes,3,biathlon
te-mc,12,FigureSkating
OhMyYes82,12,FigureSkating
Hackmops,12,FigureSkating
Noncrediblepigeon,12,FigureSkating
Spare_Drink_5492,12,FigureSkating
Inner_Sun_8191,12,FigureSkating
Crispy_Fish_Fingers,12,FigureSkating
Lambily,12,FigureSkating
Lyverbird1,12,FigureSkating
algy100,12,FigureSkating
HelenG520,12,FigureSkating
Strawrose,12,FigureSkating
Historical-Juice-172,12,FigureSkating
Vereno13,12,FigureSkating
LegitimateFootball47,12,FigureSkating
Your_Marinette,12,FigureSkating
Spiritual-Board7145,3,biathlon
Shixzoner,3,biathlon
Public-Flow-7521,3,biathlon
xoxoamazingrace,3,biathlon
WrongdoerIndependent,3,biathlon
arnet95,3,biathlon
tjeh1,3,biathlon
Delicious-Leave5697,12,FigureSkating
LegoSaber,12,FigureSkating
darlingmagpie,28,FigureSkating
Shroft,28,unknown
Jupiterrhapsody,12,FigureSkating
JuniorAd1210,12,FigureSkating
2greenlimes,12,FigureSkating
double_sal_gal,12,FigureSkating
BadAspie,12,FigureSkating
Fragrant_Ad_8288,28,FigureSkating
Victortango124,2,olympics
3gumamela,2,olympics
Medical_Importance69,2,olympics
Sherifftruman,2,olympics
Asleep-Programmer-53,2,olympics
Cr8ger,10,olympics
neemarita,2,olympics
StinKy_pOo27,12,FigureSkating
Bunnies23456,12,FigureSkating
GroovyCopepod,12,FigureSkating
Rude_Tough485,12,FigureSkating
isabella_fitzwilliam,12,FigureSkating
motionbean,12,FigureSkating
cloudylemo,12,FigureSkating
luckyseatMR,12,FigureSkating
mimib101,12,FigureSkating
tropic_gnome_hunter,14,olympics
usatoday,14,olympics
Signal_Sweet5962,14,olympics
Westbrooks3ptShot,14,olympics
idontevensaygrace,14,olympics
Objective-Method1382,14,olympics
the5nowman,14,olympics
SCGardner10,14,olympics
kenzcunn,14,olympics
johnqadamsin28,14,olympics
tr0yl,14,olympics
Human-Progress7526,14,olympics
Popular_Peak9364,7,hockey
FoxOfTheAlps,13,biathlon
ManOfManyWeis,1,olympics
enilix,24,olympics
icoulduseaday,1,olympics
ilovepizzawithcats,1,FigureSkating
benivt,0,olympics
Strange_Shadows-45,0,olympics
outfocz,1,olympics
ogloria,1,olympics
WBaumnuss300,24,olympics
jdude_97,1,olympics
tiger_jedi,1,olympics
No_Hippo_8724,7,hockey
TUSUYp,7,hockey
ninesalmon,7,hockey
Bmayne,7,hockey
TheMoonIsFake32,9,hockey
shrederick,7,hockey
h_danielle,7,hockey
rickayyy,7,hockey
rwags2024,7,hockey
newtrainerblue,7,unknown
workthrowawaybro,7,hockey
Thick_Cap9724,7,hockey
Bojarzin,7,hockey
Practical_Price9500,7,hockey
littleking42,7,hockey
NandomRameGeneratorr,7,hockey
slayer828,7,hockey
knausea,7,hockey
ML00k3r,7,hockey
True-Source-6512,7,hockey
emwashe,7,hockey
NtBtFan,7,hockey
stickyWithWhiskey,7,hockey
TasteAutomatic4870,7,hockey
DecentLurker96,7,hockey
Cheeks_Klapanen,7,hockey
Reasonable-Big4517,9,hockey
Aggravating-Rush9029,7,hockey
Comfortable_Two6943,7,hockey
Academic-Chip5383,7,hockey
OverLordJezus,7,hockey
47rohin,7,hockey
mister_hoot,7,hockey
TJTrapJesus,7,hockey
JellyPast1522,7,hockey
XPhazeX,7,hockey
Poughy,7,hockey
h8theh8ers,7,hockey
Redditsavage77,9,hockey
rTpure,7,hockey
thewolf9,7,hockey
Admirable-Listen5180,7,hockey
fianto_duri,7,hockey
Phirane,7,hockey
minor_thing2022,7,hockey
Jimbo_Imperador,7,hockey
DataDude00,7,hockey
the_derby,18,snowboarding
FoneAccount,18,snowboarding
Reasonable_Spray2651,18,unknown
ZoologicalSpecimen,18,snowboarding
eplekjekk,4,olympics
candycane7,4,unknown
havenisse2009,4,olympics
Alwayscooking345,4,olympics
Viktaras_Kaunas,1,olympics
Extension_Brief_7971,1,olympics
numba1cyberwarrior,1,olympics
Dem_Cowboys_suck,4,olympics
Nintendo_Pro_03,0,olympics
AdMiserable8494,1,olympics
Corn_Wholesaler,4,olympics
MetalMouse1985,4,olympics
Mysterio7100,0,olympics
HE20002019,0,olympics
tethysian,1,olympics
JOE_Media,4,olympics
CodeArt_,0,olympics
Comfortable_Debt_769,1,olympics
SilverSquirrels,4,olympics
UpsideDown-2024,4,olympics
NegevThunderstorm,1,olympics
I_NEED_YOUR_MONEY,1,olympics
Perfect-Fondant3373,4,olympics
PaisleyDiggory,4,olympics
Jeannie694,4,olympics
Bubba-Gumpa,4,olympics
Meowmixalotlol,1,olympics
bughidudi,1,olympics
smbpy7,29,olympics
Precursor2552,29,olympics
DrunkMeteor2,4,olympics
Scamwau1,4,olympics
aaarry,29,olympics
coffeeaddict91338,30,olympics
br0b1wan,30,olympics
AcrobaticWrangler330,1,olympics
Real_beginning23,4,olympics
artaxias1,4,olympics
Rosebunse,0,olympics
WilliamT123123,4,olympics
chacharealrugged891,30,olympics
RabidBadgerFrancis,4,olympics
justaclumsyweirdo,4,olympics
ridemooses,4,olympics
Katavencia,4,olympics
divyansh_singh2405,4,olympics
myownmoses,7,hockey
DangerousSubstance74,7,hockey
OneRelationship5159,7,hockey
lonelyleaf045,7,hockey
atemporalrenaissance,7,hockey
Raj_Dutta3731,7,unknown
Odd-Put-3988,7,hockey
Mavori,7,hockey
daemon_primarch,5,hockey
Analogmon,5,hockey
Muted-Lock-8300,9,hockey
Powerful-Stranger143,9,hockey
frankensteinleftme,9,hockey
EatUpBonehead,7,hockey
Southern-Ad-302,7,hockey
DanoPinyon,7,hockey
Squirtle_from_PT,3,biathlon
specifichero101,7,hockey
InspireDespair,7,hockey
aflyingsquanch,7,hockey
maritimesNB,7,hockey
Ketchupstew,7,hockey
gingerale4345,7,hockey
tullarisde,7,hockey
ButWhyBlueCheese,7,hockey
DCS_Ryan,7,hockey
SurGeOsiris,5,hockey
The_Bat_Voice,7,hockey
FarSightXR-20,7,hockey
BearsFan3417,7,hockey
MinuteWhenNightFell,7,hockey
GritGrinder,7,hockey
TempestSpirit,9,hockey
aggrivatedcattery,7,hockey
arie_rosenstien,7,hockey
John3192,7,hockey
BCEagle13,7,hockey
Amphibious_Fire,7,hockey
OldMashedpotatoes,7,hockey
rhythmiclover,2,olympics
scary_truth,2,olympics
AvengedCrimson,2,olympics
nbcnews,1,unknown
braindropping,1,olympics
TheEagleWithNoName,1,olympics
THANE_OF_ANN_ARBOR,1,olympics
No_Sand_9290,1,olympics
MrGumburcules,17,olympics
RobotDevil222x3,1,olympics
Digit00l,0,olympics
Cubriffic,1,olympics
BlueRFR3100,4,olympics
lucygoosey38,1,olympics
Svenray,1,olympics
Dotcaprachiappa,1,olympics
FewElk3786,1,olympics
jimmydean885,1,olympics
Strict_Pangolin_8339,1,olympics
Trip4Life,1,olympics
tractata,1,olympics
joeschmoagogo,1,olympics
grehgunner,1,olympics
wind-of-zephyros,1,olympics
Ok-Hall8311,1,olympics
Waste_Yak_990,1,olympics
Birdman330,1,olympics
res0jyyt1,1,olympics
jasandliz,1,olympics
Rigid-Horse-Bender,3,biathlon
Aromatic-Eagle-7911,3,biathlon
Lone_Wolf_Winter,3,biathlon
IcyPassage1268,3,biathlon
1Revenant1,1,olympics
ContinuumGuy,0,olympics
siders6891,4,olympics
AwsiDooger,3,biathlon
plaisirdamour,1,olympics
Cowgoon777,1,olympics
Schlechtyj,3,biathlon
axelatlast,1,olympics
Stavs15,1,olympics
Temporary-Block-9452,1,olympics
Honest_Contract_1488,1,olympics
thatsplatgal,1,olympics
Spx3200,1,olympics
_baddad,22,olympics
Qtrfoil,22,olympics
Accomplished_worrier,28,skiing
Able-Physics-7153,28,unknown
Sufficient-Pause9765,28,skiing
KindLengthiness5473,28,skiing
Ski_man_in_a_Van,28,skiing
Serious-Fortune-4844,28,skiing
Lazy-Barracuda2886,28,skiing
owlhead999,28,skiing
Son_of_a_skibum,28,skiing
Dependent-Drop-5299,28,skiing
Acrobatic-Cry594,28,skiing
RidingRedHare,3,biathlon
Illustrious_Lab_1837,3,biathlon
eektwomice,3,biathlon
HistoricMTGGuy,1,olympics
francoisschubert,1,olympics
sin_city_sun,1,olympics
DavidFrattenBro,1,olympics
bj_good,0,olympics
Charlie_Runkle69,0,olympics
Skippy5403,1,olympics
cardith_lorda,13,Curling
Caymanmew,16,olympics
rockstaraimz,4,olympics
Chad-Ironrod,1,olympics
darkeyes13,1,olympics
Upset-Heart-5177,1,olympics
yallamove19,1,olympics
Quesabirria,18,snowboarding
teddybreak,18,unknown
gofundme,2,olympics
sciencep1e,0,olympics
0ddzer,2,olympics
popculturestan123,1,olympics
Awkward-Bunch-1148,3,biathlon
sapphicmage,12,FigureSkating
0tus,28,skiing
sharpnylon,28,skiing
jogisi,28,skiing
Defiant-Sort2942,28,skiing
Liocla,28,skiing
MattManSD,28,skiing
garfgon,28,skiing
BilSuger,28,skiing
BellaPow,28,skiing
screwswithshrews,28,skiing
Drummallumin,28,skiing
FluffyPantsMcGee,28,skiing
cptninc,27,skiing
Grand-Helicopter8768,28,skiing
nin90ety,28,skiing
Simon___Phoenix,28,skiing
hind3rm3,28,skiing
rottenjunker,28,skiing
Yardsale420,28,skiing
Homers_Harp,28,skiing
strawberrymidnights,12,FigureSkating
Crazy-Detective7736,10,FigureSkating
SnooMaps7755,12,FigureSkating
Beautiful-Promise966,12,FigureSkating
StrengthWise3194,12,FigureSkating
yomts,10,FigureSkating
TaleAccurate2056,12,unknown
LauraKS94,12,FigureSkating
maladaptivedaydream4,12,FigureSkating
Alarmed-Purchase-901,12,FigureSkating
NameCareful9547,12,FigureSkating
litenkyckling,12,FigureSkating
Past_Realites_,12,FigureSkating
windwires,12,FigureSkating
MtnVw43,12,FigureSkating
FireFlamesFrost,12,FigureSkating
Iammeandyouareme,12,FigureSkating
Sara_C_Nya,12,FigureSkating
UnnaturalSelection13,12,FigureSkating
Think_Imagination_28,12,FigureSkating
tothepointe,12,FigureSkating
CoffeeAndCurls76,12,FigureSkating
LilSebastian23,2,olympics
Author_Noelle_A,12,FigureSkating
p-hantasmagoria,12,FigureSkating
TalkativeRedPanda,0,FigureSkating
space_rated,10,FigureSkating
skidmarkcollege,0,olympics
sleepy-worrier,12,FigureSkating
Suspicious-Peace9233,12,FigureSkating
vegas_gal,12,FigureSkating
AGOEsLois,12,FigureSkating
Rare_Reception_6166,12,FigureSkating
Constant-Committee35,12,FigureSkating
alysaspromise,12,unknown
griffingirl92,12,FigureSkating
SimilarAd2308,12,FigureSkating
petmink,12,FigureSkating
Ambitious_Bullfrog31,12,FigureSkating
redirectredirect,12,FigureSkating
NoseHillRhino,12,FigureSkating
First-Big2161,12,FigureSkating
jasperulilshit,12,FigureSkating
belenos63,3,biathlon
__nmd__,3,biathlon
fritzl31765,3,biathlon
inwebitrust,3,biathlon
TeeTheSame,3,biathlon
Xatik,3,biathlon
Unable-Selection6925,3,biathlon
Le_tryharder,3,biathlon
IlTacci,3,biathlon
Mindless_Yam_9553,3,biathlon
MindyS1719,9,unknown
Paladad,9,hockey
HowIsBabbySharkMade,9,hockey
WatchOutIGotYou,0,olympics
Leto1974,9,hockey
EckhartsLadder,9,hockey
upvotesforsluts,9,hockey
Electronic-Ring5520,9,hockey
mattfromjoisey,9,hockey
Randy_Magnum29,9,hockey
Epere15,9,hockey
commonslogic,9,hockey
eukomos,9,hockey
LogicPuzzleFail,9,hockey
JJJBLKRose,9,hockey
starlightequilibrium,9,hockey
Tomcat848484,9,hockey
ames_006,9,hockey
monkeEgg,9,hockey
cubsfan85,9,hockey
hnglmkrnglbrry,9,hockey
KaiserCanton,9,hockey
PsychoSaladSong,9,hockey
Anistappi,9,hockey
YeahFella,9,hockey
stuckandoutofluck,9,hockey
Goochtoucher,9,hockey
RustySheriffsBadge1,9,hockey
sixinchitalian,9,hockey
mephnick,9,hockey
AlcoholicLesbian,9,hockey
slinkocat,9,hockey
The_Art_of_Dying,9,hockey
JaqenHghar,9,hockey
BearShark9,9,hockey
charryglow,9,hockey
MIDAmultiCruel,9,hockey
-t-t-,9,hockey
WEMATANYE93,9,hockey
xSamuraiDom,12,olympics
berryblue69,12,olympics
epeilan,12,FigureSkating
Delicious_Welder9027,12,olympics
fremajl,3,biathlon
eleanor939,12,FigureSkating
avboden,12,FigureSkating
caity1111,12,FigureSkating
StewardFlavius,12,FigureSkating
ML-319,12,FigureSkating
mulled-whine,12,FigureSkating
Ying87,12,FigureSkating
WhileTime5770,12,FigureSkating
SassySandwiches,12,FigureSkating
NyxPetalSpike,10,FigureSkating
Doraellen,20,olympics
Melodic-Edge-910,20,FigureSkating
will999909,12,FigureSkating
allisonhanj,12,FigureSkating
Unlucky_Apple_3907,12,FigureSkating
SpiritedFix8073,20,FigureSkating
Pile_of_Yarn,11,olympics
Bagheera526,12,FigureSkating
TraditionalPen2359,11,FigureSkating
CryptographerShot213,12,FigureSkating
ZiaLadybird,12,FigureSkating
l57y,12,FigureSkating
AccidentalSoapDrop,12,FigureSkating
ThreeTreesForTheePls,12,FigureSkating
WinterBrilliant5186,12,FigureSkating
half-agony-half-hope,3,biathlon
fibonaccisequence135,12,FigureSkating
EquivalentJacket7,12,FigureSkating
lafm9000,17,FigureSkating
optionping,12,FigureSkating
orangery3,12,FigureSkating
defib_the_dead,12,FigureSkating
Puddyrama,12,FigureSkating
greylady7,12,FigureSkating
TwistyBunny,12,FigureSkating
Adventurous-Hand3942,12,FigureSkating
Faceplant678,12,FigureSkating
DamnDingos,12,FigureSkating
whitehouses,12,FigureSkating
DeepStateA,12,FigureSkating
NerdgirlfromTX,12,FigureSkating
Dian7777,12,FigureSkating
Chuuucky24,12,FigureSkating
dwolfand,12,FigureSkating
Few-Spirit4962,12,FigureSkating
CruisinThruLife2,12,FigureSkating
Outrageous_Pause2108,10,FigureSkating
00camadeo,12,FigureSkating
After-Economist,12,FigureSkating
let_me_sleep_on_it,10,FigureSkating
lorenoline,12,FigureSkating
Material_Garden1223,12,FigureSkating
Acrobatic-Nectarine,10,FigureSkating
Kris7531,12,FigureSkating
CeleryDue1741,12,FigureSkating
shiftshinee,12,FigureSkating
aseltee,12,FigureSkating
Brilliant_Style6105,12,FigureSkating
LuisaAz,12,FigureSkating
SlightTemporary2954,12,FigureSkating
pinchyourelbow,12,FigureSkating
linzerrr24,12,FigureSkating
bangtangry,12,FigureSkating
annieca2016,12,FigureSkating
Revaesaari,3,biathlon
AdChemical8530,3,biathlon
Exotic-Exchange5550,3,biathlon
Vismajor92,3,Curling
Bruichladdie,3,biathlon
LilSpiderFartSss,3,biathlon
forcarlsolomon,16,FigureSkating
Scholastico,16,olympics
neengenyt,12,FigureSkating
nickyskater,12,FigureSkating
New-Editor-5667,31,FigureSkating
Embers_Are_Out,31,FigureSkating
qiaozhina,12,FigureSkating
Longjumping-Apple-41,12,FigureSkating
Melodic_Ad_783,12,FigureSkating
pumacatrun2,12,FigureSkating
Handsome_Bread_Roll,12,FigureSkating
scholarbowlchicka2,12,FigureSkating
Traditional-Maize32,12,FigureSkating
Relative_Nebula_9772,12,FigureSkating
Which_Bug2163,12,FigureSkating
Available-Tradition8,12,FigureSkating
Something_witty_23,12,FigureSkating
lulu_apple,12,FigureSkating
StrangelyAfoot,12,FigureSkating
lucillep,12,FigureSkating
wanderindreamr,12,FigureSkating
Savings-Material7706,12,FigureSkating
Acrobatic_Sense7675,12,FigureSkating
popowow,12,FigureSkating
External_Debt_2087,12,FigureSkating
Andromache8,12,FigureSkating
SylvreKat,12,FigureSkating
Academic_Shift2702,12,FigureSkating
cinderthegreat,12,FigureSkating
RemarkableMountain15,11,olympics
Draw-9663,11,olympics
Fiveby21,12,FigureSkating
padofpie,12,FigureSkating
NewGuitar4249,12,FigureSkating
Wide_Mess193,32,FigureSkating
veryhungrybiker,32,FigureSkating
fortunatelyso,12,FigureSkating
PrestigiousLack88,12,FigureSkating
MELPDY707,12,FigureSkating
Dimashfan,12,FigureSkating
wandrlustx,12,FigureSkating
sk8mod,12,FigureSkating
Proof_Advice_7777,12,FigureSkating
tuerush,12,FigureSkating
Celendrial-tears,12,FigureSkating
CherryCokeAndFanfic,12,FigureSkating
mikrokosmosarehere,33,FigureSkating
abf_1994,12,FigureSkating
SuspiciousMoney973,10,FigureSkating
musea00,12,FigureSkating
Owli-1,12,FigureSkating
Existing-Maize-2082,12,FigureSkating
PrinzRagoczy,11,FigureSkating
Wegzuwerfendes_Konto,12,FigureSkating
Electrical-Count5385,11,FigureSkating
Advanced-Clock8971,12,FigureSkating
KatrinaPez,12,FigureSkating
pink_faerie_kitten,12,FigureSkating
Finance_Plastic,13,Curling
tif151,13,Curling
AdEmbarrassed9028,3,biathlon
DesignerGap0,3,biathlon
JohnDoe_Meh,3,biathlon
New_Complaint5282,12,FigureSkating
Radiant-Program-305,12,FigureSkating
Extra_Gap_176,12,FigureSkating
neeah98,12,FigureSkating
pickle-juice-335,12,FigureSkating
Quick-Tale9105,12,FigureSkating
NearbyConference5242,12,FigureSkating
General-Law-7338,0,olympics
alphaxion,5,hockey
MOLightningBro,5,hockey
Only_My_Dog_Loves_Me,5,hockey
stepharee,5,hockey
TIFUbyResponding,5,hockey
Cultural_Stuffin,5,hockey
Last-Classroom-5400,5,hockey
GirlCoveredInBlood,5,hockey
Athrynne,4,olympics
Kevin-W,4,olympics
JohnRamos85,4,olympics
Comprehensive-Win247,0,olympics
SindoBalto,4,olympics
l339,24,olympics
THound89,24,olympics
jimbobdonut,4,olympics
squid_princess_99,4,olympics
undertow521,13,Curling
BigVic2006,4,olympics
MyyWifeRocks,4,olympics
Feisty_Bodybuilder25,4,olympics
insincerely-yours,3,biathlon
ProfessionalJob5718,7,hockey
CMCdaGoat,9,hockey
the_fancy_Tophat,9,hockey
Admirable-Job7758,14,FigureSkating
diotticarla,14,unknown
krissirge,3,biathlon
sealightflower,12,FigureSkating
elocin__aicilef,12,FigureSkating
Original-Number-314,12,FigureSkating
bjorkabjork,12,FigureSkating
Comfortable-Iron-250,12,FigureSkating
met123456789,12,FigureSkating
spiciestmeatball2,12,FigureSkating
TooObsessedWithOtoge,12,FigureSkating
CynicalOne_313,12,FigureSkating
Coot_Bandi_Crash422,12,FigureSkating
daonchik,12,FigureSkating
Vryyce,3,biathlon
Piisuli,3,biathlon
spobmep,3,biathlon
Odriiig,3,biathlon
ghenghy26,7,olympics
steph-was-here,7,olympics
accidentprone2,7,olympics
IndependentPepper628,14,olympics
PriorityReserveUrMom,1,olympics
-ctinsider,1,unknown
bigwinne,3,biathlon
EJP123456,3,biathlon
oldslowbiathlete,3,biathlon
beautiful_loner,3,biathlon
Haasts_Eagle,33,olympics
Tall_Pumpkin_4298,33,FigureSkating
msbtvxq,0,olympics
bekkahthecactus18,3,biathlon
mamunipsaq,0,olympics
Current_Case7806,0,olympics
firerosearien,0,olympics
BeniCG,0,olympics
sugarcoatedtear,0,olympics
EnvironmentalLion355,0,olympics
air-dex,3,biathlon
Pixnik,3,biathlon
eestityyp,3,biathlon
sansho22,3,biathlon
Gruffleson,3,biathlon
merlesstorys,3,biathlon
Additional_Tip6675,3,biathlon
shonami,3,biathlon
Stock-War1716,3,biathlon
ASkaloneo,3,biathlon
guestie94,3,biathlon
esem98,3,biathlon
New_Blood7858,3,biathlon
TolBrandir,3,biathlon
fantasticvinyl,3,biathlon
RoarTheDinosuar,9,hockey
WamKallis,9,hockey
PkmnMstr10,20,olympics
AppropriateGrand6992,9,hockey
SAJewers,9,unknown
onthelongrun,9,hockey
ajpod,7,hockey
Escalotes,7,hockey
MikeMac999,9,hockey
PlatypusOld257,9,hockey
andrewthemexican,9,hockey
granular-mood4,9,hockey
Unabatedtuna,9,hockey
erv4,9,hockey
Cr00ky,9,hockey
VeryFewRules,9,hockey
Luke_Cold_Lyle,9,hockey
Far-Condition8586,9,hockey
Okbutwhythat,9,hockey
BumperToBumper2,9,hockey
AggPuck-303,9,hockey
CarRamRob,9,hockey
xeia66,9,hockey
James007Bond,9,hockey
WanderingDelinquent,9,hockey
RichardRichOSU,9,hockey
GatorBolt,9,hockey
RhodyJim,9,hockey
howlincoyote2k1,9,hockey
Perryplat199,9,hockey
Pilige,9,hockey
Balance47x,9,hockey
BuzzIsMe,9,hockey
TheWarelock,9,hockey
Various_Knowledge226,5,olympics
CleansingBroccoli,9,hockey
sasksasquatch,9,hockey
mister-noggin,9,hockey
BlizzardSloth92,9,hockey
krusader42,13,Curling
quesoguapo,13,Curling
StitchAndRollCrits,13,Curling
MadeULoook222,13,Curling
sadflask,13,Curling
Subject_Analyst_4658,13,Curling
Marshmallow_Apostasy,13,Curling
Swicket,13,Curling
patiofurnature,13,Curling
danifestmestiny,13,Curling
wotquery,13,Curling
CurlingCookie,13,Curling
Mission_Local842,13,Curling
SpecialistShip2998,13,Curling
LittlePurpose2914,13,Curling
Ottnor,13,Curling
mktcrasher,13,Curling
BrainOnBlue,13,Curling
aldstama025,13,Curling
rocketmn69_,13,Curling
llights34,13,Curling
Stunning_Use_9960,13,Curling
mosasaurmotors,13,Curling
skolocicoaster,13,Curling
ZealousidealWalk9137,13,Curling
DescriptionCareful56,13,Curling
fanatic2022,13,Curling
First-Butterfly-7338,13,Curling
Widdox,13,Curling
RyHoMagnifico,13,Curling
Holiday_Flatworm3840,13,Curling
Charlie-Danger710,13,Curling
BigRus5ty,13,Curling
CosmicCC_36,13,Curling
Resident_Hunter_7565,13,Curling
pond-dropped,13,Curling
rocky_balbiotite,13,Curling
mikethemillion,13,Curling
Knob_J,13,Curling
sistarfish,13,Curling
ammurp,13,Curling
AccomplishedEnd373,13,Curling
Katharinavhill,13,Curling
caper1902,13,Curling
TropicalPunch,13,Curling
pineapple_2021,12,FigureSkating
Adventurous_Ant5428,12,unknown
thevelvetdays7,12,FigureSkating
SimpleAd1604,13,Curling
CuriousCurator,13,Curling
Leo_Art00,9,Curling
Poogly_Butterscotch,9,Curling
trainofthought700,13,Curling
Kjell_Hoglund,9,Curling
gigapizza,9,Curling
jasmith-tech,13,Curling
oldmaninatincan,13,Curling
Wrong_Athlete310,13,Curling
cad_mumma87,13,Curling
PresentCauliflower99,13,Curling
warp-factor,13,olympics
brainexe_not_found,9,Curling
Curling_Fox,9,Curling
TheOSUJackal,13,Curling
williamchase88,1,olympics
wtfchuckomg,1,olympics
Massimo25ore,2,olympics
Sketchylefty11,2,olympics
beerisallright,3,biathlon
AlternativePay9581,3,biathlon
fallen-swagger,3,biathlon
Fouace,3,biathlon
anniebelle330,0,olympics
sofastsomaybe,12,FigureSkating
incompletesong,12,FigureSkating
AddendumOk2694,12,FigureSkating
buffbebe,12,FigureSkating
Own-Adhesiveness5723,10,FigureSkating
angel_kink,12,FigureSkating
CBowdidge,12,FigureSkating
picklesatmidnight1,12,FigureSkating
GalateaPygmalion,12,FigureSkating
tofucatskates,12,FigureSkating
Ambreigns,12,FigureSkating
veenadaiya,12,FigureSkating
Forward-Plankton-108,12,FigureSkating
iwantedanotherpfp,12,FigureSkating
simina-93,12,FigureSkating
Captain_Swordfish,12,FigureSkating
BlahVans,12,FigureSkating
Last-Funny125,12,FigureSkating
gaimzredy,12,FigureSkating
Puzzle__head,12,FigureSkating
oh-oh-livinonaprayer,10,FigureSkating
Affectionate-Feed253,12,FigureSkating
catcatlike,11,unknown
Papaya-308,11,olympics
Booyayboy,11,olympics
tinysalamander37,11,olympics
CallenderDE,11,olympics
Taimy420,11,olympics
ggggrrrrttttt1,11,olympics
golf_trash,11,olympics
Prettydallo,11,olympics
TheNISMOguy34,11,olympics
6OneDeuce,11,olympics
canceco,11,olympics
TAS_20119,11,olympics
Leeloo717,11,olympics
DrabDive,11,olympics
bioblaster209,11,olympics
No_Hospital708,11,olympics
phwayne,11,olympics
mermaidrose,11,olympics
Tdotrapsfangurl,34,snowboarding
ShipComprehensive769,34,snowboarding
VeseleVianoce,34,snowboarding
yungimoto,34,snowboarding
Ok_Ingenuity_3501,34,snowboarding
Super_Science_Guy,34,snowboarding
dentinn,34,snowboarding
snapp0r,34,snowboarding
SoundOfUnder,34,snowboarding
areyoukind_,34,snowboarding
Galyyy,34,snowboarding
NeimaDParis,35,olympics
dmuennich,13,Curling
FliryVorru,13,Curling
wildhockey64,13,Curling
mpschettig,13,Curling
Potential_Plan_4533,13,Curling
Charbonneau77,13,Curling
JerseyDvl,13,Curling
hatman1986,13,Curling
SpiritualWatermelon,13,Curling
ThatNewSockFeel,13,Curling
jnsmld,13,Curling
chengg,13,Curling
mkiwi,13,Curling
CanSpice,13,Curling
CloseToMyActualName,24,Curling
HoyAIAG,24,Curling
CausticLicorice,13,Curling
IIIlllIIIllIlI,13,Curling
Arschgeige42,13,Curling
kw3lyk,13,Curling
MichaelSquare,13,Curling
fastandfunky,13,Curling
NewDesirePath,13,Curling
ratatosk212,13,Curling
bismuth12a,13,Curling
inconspicuous01,13,Curling
13nobody,13,Curling
georox97,13,Curling
theashleereign,13,Curling
BigInconsideration,13,Curling
soaring_ostrich,13,Curling
atmosphere730,36,hockey
TheBlackJett,36,unknown
Silver_Trainer_4390,36,hockey
blop74,36,hockey
urkish,36,hockey
porkchopespresso,36,hockey
pickledplinko,36,hockey
LordOfHorns,36,hockey
Exotic_Potential9131,10,FigureSkating
Karm0112,10,FigureSkating
Novel_Surprise_7318,10,FigureSkating
Tranquilizrr,9,hockey
Ichbinian,9,hockey
Rengars_Prey,9,hockey
previouslyonimgur,9,hockey
doggos4house2020,9,hockey
OkImplement2459,9,hockey
LittleJeffyJeremy96,9,hockey
eh_toque,9,unknown
Black_Velvet_Band,7,hockey
endgrent,7,hockey
Zdub732,7,hockey
KevKevThePug,7,hockey
OpanaG76,7,hockey
SwedishEagle5,7,hockey
walkingwake_,7,hockey
DontPanic_4242,7,hockey
Dangerous_Ad5039,7,hockey
gotfcgo,7,hockey
Like17Badgers,7,hockey
1ToGreen3ToBasket,9,hockey
drowsylacuna,7,hockey
slabby,7,hockey
Natural-Tree-5107,7,hockey
Scared-Arachnid6286,7,hockey
g1ng3rk1d5,7,hockey
hexametric_,7,hockey
blue_friend,7,hockey
Dr_Colossus,7,hockey
FlyerN,7,hockey
IcariteMinor,7,hockey
MacTheZaf,7,hockey
njdevils901,7,hockey
_GregTheGreat_,7,hockey
groovystreet40,7,hockey
MartyBro30,7,hockey
Minnesota_MiracleMan,7,hockey
laura_rachelle,12,FigureSkating
shoshpd,12,FigureSkating
PsychologicalGur9931,12,FigureSkating
ellapolls,12,FigureSkating
souvlakilover,18,FigureSkating
essiefraquora,12,FigureSkating
AnitaSandwich69XXX,18,snowboarding
PedroMcJiminez,18,snowboarding
Hortondamon22,5,unknown
LanguidLapras131,12,FigureSkating
D4RK_3LF,3,biathlon
nancy_002,12,FigureSkating
cilucia,12,FigureSkating
Aglaea22,12,FigureSkating
Better_Ad_4743,12,FigureSkating
jbworth,12,FigureSkating
forevertrueblue,12,FigureSkating
jendet010,2,FigureSkating
speda523,2,FigureSkating
Ill-Produce8729,37,FigureSkating
TylersMAHM,37,FigureSkating
dreamer_dw,10,FigureSkating
sinsoldseparately,12,FigureSkating
croc-roc,2,FigureSkating
No-Armadillo-2983,12,FigureSkating
kmsteg15,12,FigureSkating
MrDrMissTerry,38,FigureSkating
ginnistonik,38,FigureSkating
tennisspeechie,12,FigureSkating
Revolutionary-Bat637,12,FigureSkating
BibiannaRacuch,10,FigureSkating
FickleHound2025,12,FigureSkating
moonwalkinginlowes,12,FigureSkating
alliownisbroken,12,FigureSkating
happykindofeeyore,12,FigureSkating
hikingbroski,12,FigureSkating
emtuts,12,FigureSkating
hockat,12,FigureSkating
julitm,12,FigureSkating
girlwhyumad,12,FigureSkating
calliopecalliope,12,FigureSkating
Fanonscudd,12,FigureSkating
zilmc,12,FigureSkating
just_one_diabete,12,FigureSkating
zach_tylerr,12,FigureSkating
ttr88,12,FigureSkating
bailey_jameson,12,FigureSkating
Former-Counter-9588,12,FigureSkating
ConsistentPastaSauce,12,FigureSkating
interludek,12,FigureSkating
Interesting_Case6737,12,FigureSkating
sumerislemy,12,FigureSkating
OilWorried41,10,FigureSkating
Jnw1997,39,FigureSkating
Old_Buy838,39,FigureSkating
goddisguisedinacat,12,FigureSkating
papermountainwoman,12,FigureSkating
lachatnegra,12,FigureSkating
memoirsofanidealist,10,FigureSkating
loveofb,12,FigureSkating
Efficient-Mud3799,12,FigureSkating
Scorpioking1114,12,FigureSkating
Pendejeta_,12,FigureSkating
lovestostayathome,12,FigureSkating
lemasei,2,FigureSkating
Ok-Awareness-9646,12,FigureSkating
Aggravating_Line_537,12,FigureSkating
sevenpleiades,12,FigureSkating
jipsssss,12,FigureSkating
MarcoCornelio,12,FigureSkating
astroromantic_,0,olympics
icredevirra,12,FigureSkating
SimpleVast9215,12,FigureSkating
_tehol_,12,FigureSkating
tatianalarina1,12,FigureSkating
scenesandplots,12,FigureSkating
ofstoriesandsongs,12,FigureSkating
Hippo_n_Elephant,12,FigureSkating
gadeais,12,FigureSkating
Accomplished-Cow9105,12,FigureSkating
ChannelVast2822,31,FigureSkating
Scarlet_Vixen07,12,FigureSkating
imyellowb,12,FigureSkating
StephanieSews,12,FigureSkating
iamrichandbeautiful,12,FigureSkating
DapperRomanesco,12,FigureSkating
Princeton0526,12,FigureSkating
redpandasan,12,FigureSkating
uselesssociologygirl,12,FigureSkating
LeoisLionlol,12,FigureSkating
redtantsor,12,FigureSkating
Catharas,12,FigureSkating
aah_disgusting_shit,9,hockey
iampiolt,9,hockey
qwertyuijhbvgfrde45,9,hockey
420prettywise,9,hockey
Scrubosaurus13,28,hockey
toolschism,9,hockey
BaconMamboo,9,hockey
Ancient-Common-9913,9,hockey
rkvinyl,9,hockey
AdStrict3575,9,hockey
RapsareChamps_Suckit,9,hockey
Timeman5,9,hockey
ghostwalken1776,9,hockey
fhcky,9,hockey
seclusivebeauty,9,hockey
coochiecork,9,hockey
RoverMaelstrom,9,hockey
Quargs,9,hockey
AllCopsAreBozos,9,hockey
SnackAston-Reese,9,hockey
greendino71,9,hockey
smartydoglady,9,hockey
Formal_Term5312,9,hockey
Lazy0ak,9,hockey
Bullet_Train_To_Iowa,9,hockey
allwedoisquinn,9,hockey
Gold_Name_3287,9,hockey
RespectAcrobatic1563,17,hockey
mrtomjones,17,olympics
StasisApparel,9,hockey
Admirable-Scarcity-8,9,hockey
ABirdOfParadise,9,hockey
Menzingerr,9,hockey
Jesus_This_Is_Iggy,9,hockey
VR_p0rn,9,hockey
JesusJohn,9,hockey
PakG1,9,hockey
VladTheUnpeeler,9,hockey
DizzyBreath5625,9,hockey
ApprehensiveDuck8898,9,hockey
whatadaytobealive,13,Curling
MapleHamms,13,Curling
OaksInSnow,13,Curling
Sure-Statement-7278,13,Curling
Fantastic_While8918,13,Curling
DrLyleEvans,13,Curling
Siwix,9,Curling
useless_info_hoarder,13,Curling
an_mo,13,Curling
dotto_biliare,13,Curling
MrInopportune,13,Curling
Fun818long,13,Curling
Level_Ad8089,13,Curling
AnUdderDay,13,Curling
higherbrow,13,Curling
Marsymars,13,Curling
MississaugaEtobicoke,13,Curling
AdSevere1274,13,Curling
zethiryuki,13,Curling
RTPGiants,13,Curling
mjmassey,13,Curling
Waste_Coach_2762,13,Curling
TheMcG,13,Curling
Ok_ConfusedOne,13,Curling
CWalkthroughs,13,Curling
CheeseheadDave,13,Curling
Towerofgobert,13,Curling
Exciting-Ad4970,13,Curling
uncivlengr,13,Curling
NoTransportation5245,13,Curling
Extreme-Progress8379,12,FigureSkating
Murky-Tadpole81,12,FigureSkating
xx_purplehalo_xx,12,FigureSkating
Rude-Mission-8907,12,FigureSkating
Conscious-Fruit-6190,12,FigureSkating
GraysonQ,12,FigureSkating
amexredit,12,FigureSkating
Vast-Papaya-514,22,FigureSkating
clariwench,12,FigureSkating
_Exegy_,12,FigureSkating
Daena_Rose,12,FigureSkating
jkmiami89,12,FigureSkating
sublimecenturies,12,FigureSkating
amelywin,12,FigureSkating
Background_Bed_8677,3,biathlon
musterteppich,3,biathlon
Important-Pie-3238,3,biathlon
RickMaritimo,3,biathlon
zee920four,25,olympics
whateverthefuck212,25,olympics
a1dan3,25,olympics
stevelakewood,25,olympics
rleeh333,25,olympics
crazy_cat90,24,olympics
Canuck254,7,hockey
bugphantom,7,hockey
GoblinDiplomat,7,hockey
wildwildwaste,9,hockey
YesterdayIcy1963,25,hockey
Wolf99,25,hockey
maxwellbevan,4,hockey
swordthroughtheduck,25,hockey
Ok_Trifle_3451,40,olympics
vox,40,unknown
Sufficient-News-3600,40,olympics
TheBigBdouMachine,0,olympics
Fun_With_Forks,0,olympics
SergenteDan,0,olympics
theentropydecreaser,0,olympics
MiaInAmerica,0,olympics
veldor60,0,olympics
SlashKeyz,41,olympics
arbai13,41,olympics
veryuniqueredditname,42,olympics
anne-0,42,olympics
ReallyLetsGoBrandon,0,olympics
antdude,0,olympics
Tellingitlikeitis23,0,olympics
TheOnlyFallenCookie,0,olympics
Beachacess,0,olympics
Comfortable-Tell-765,0,olympics
Savings_Ad_2532,0,olympics
Better_Wrongdoer494,0,olympics
eraser3000,43,olympics
BelaCrystal,43,olympics
ned48,0,olympics
reinaldonehemiah,0,olympics
RoostasTowel,44,olympics
darklinux1977,44,olympics
Feri-Doamne2151,0,olympics
No-Nature7955,4,olympics
LQNova,4,olympics
X_XRadarX_X,22,olympics
AuthorAltruistic3402,0,olympics
jabies,0,olympics
RevWaldo,0,olympics
Straight-Shelter8938,0,olympics
ExplosivePancake9,4,olympics
Solid_Parsley_,4,olympics
DesertPrincess5,0,olympics
fillyflow,7,hockey
Curried_Orca,7,hockey
Superarces,7,hockey
cuprian,7,hockey
AdministrativeEnd606,24,olympics
queenjuli1,0,olympics
nimbus_KO,0,olympics
9yorgos,0,olympics
Relative-Jello2589,22,olympics
PyroxCrymson,22,olympics
mikmik555,22,olympics
YoursandMine8,22,olympics
ZealousidealGuard929,22,olympics
lazy_daisy66,22,olympics
Choth21,22,olympics
TonyTellum,22,olympics
TopComprehensive5494,22,olympics
Lethbridge-Totty,22,olympics
ilmunita,22,olympics
FeelingHumble7438,22,olympics
thetimsterr,22,olympics
cigsandchanel2,22,olympics
navi555,22,olympics
Historical-Kick-9126,22,olympics
GodsCasino,22,olympics
arrivederci117,22,olympics
AstronautLive2340,22,olympics
pjgamer_wastaken,22,olympics
Keanu990321,22,olympics
Ok_Bunch2026,22,olympics
StarWarsPlusDrWho,22,olympics
SpareImplement2374,22,olympics
Erintheprince,10,olympics
Southern_Outcome_440,22,olympics
firstclassblizzard,22,olympics
New-Section-766,22,olympics
bptkr13,22,olympics
Hour-Lab-3087,22,olympics
mangiafrutta,22,olympics
RenaissanceGuy86,22,olympics
Gratin_de_chicons,22,olympics
ViciousNakedMoleRat,22,olympics
Skylark1963,22,olympics
ShotRestaurant3548,22,olympics
Lawyer-Julie,22,olympics
Vin-Metal,22,olympics
jsmeeker,22,olympics
halbowitz,22,olympics
TomBombomb,22,olympics
b17b20,22,olympics
Farm-Alternative,22,olympics
Desperate_Nothing152,22,olympics
webaddictress,22,olympics
artisinal_lethargy,22,olympics
SurammuDanku,22,olympics
Hachimitsu-,22,olympics
YasielPuigsWeed,4,olympics
malin-moana,12,FigureSkating
justafleecehoodie,12,FigureSkating
invenice,12,FigureSkating
Econ_Girl94,12,FigureSkating
ivemetu,12,FigureSkating
perusingbee,12,FigureSkating
Pez613,12,FigureSkating
komugis,10,FigureSkating
vilhelmlin,12,FigureSkating
watersnakebro,12,FigureSkating
GabrielMcDonough,10,FigureSkating
MasterOfVoice,12,FigureSkating
Dim_e,12,FigureSkating
mattb2014,45,olympics
kelliecs,45,unknown
Ajkrouse,45,olympics
craigalanche,45,olympics
yankeebelles,4,olympics
lire_avec_plaisir,4,unknown
UnchangeableName64,46,Curling
Leather_Brush_5499,46,Curling
cited,13,Curling
MichaelJL77,13,Curling
Unique_Date4873,13,Curling
BringBackBoomer,13,Curling
EPMD_,13,Curling
Mortonsbrand,13,Curling
ToschePowerConverter,13,Curling
MrCosgrove2,13,Curling
fidelkastro,13,Curling
idoubledareya,13,Curling
pwndnoob,13,Curling
solo1poco,13,Curling
apprehensively_human,13,Curling
rohlinxeg,13,Curling
LiveIndividual,13,Curling
Fluuf_tail,13,Curling
lordmatri,13,Curling
Wolff_Cola,13,Curling
iamjaidan,13,Curling
Dropkickjon,13,Curling
captaincanada96,13,Curling
norova,13,Curling
havenisheaven8,13,Curling
Shakethecrimestick,13,Curling
teewertz,13,Curling
Designer-Roof-2118,13,Curling
Commentator28,13,Curling
DannyDOH,13,Curling
ninjasinc,13,Curling
geosun65,13,Curling
SteveDougson,13,Curling
WildPerception5264,25,hockey
DarkPaul,25,hockey
eddieras,25,hockey
Willing-Bass4352,25,hockey
Entire_Heat278,25,hockey
Fun_Enthusiasm_9254,9,hockey
DonnyTrumpets,25,hockey
Red_Sea_Pedestrian,25,hockey
ValosAtredum,25,hockey
andhausen,25,hockey
moutonbleu,25,hockey
modtang,25,hockey
lqloveclub,25,hockey
AbstractKing,25,hockey
wilers,25,hockey
KathleenElizabethB,25,hockey
Agitated_Act_520,25,hockey
seraaa_123,25,hockey
Hockey4ever,25,hockey
Independent_Fly_3620,25,hockey
Adifferentkindofmind,25,hockey
valgalder,25,Curling
starchelles,12,FigureSkating
tsumtor,12,FigureSkating
midnightphoton,12,FigureSkating
Exciting-Engineer649,12,FigureSkating
claire_lucem,3,biathlon
KML_Style,3,unknown
Juan382,3,biathlon
boopsquigshorterly,3,biathlon
Even-Sink-880,3,biathlon
pierrkirool,3,biathlon
adamlaceless,3,biathlon
stillthinkingsk,3,biathlon
polinnaa,3,biathlon
cammforme,3,biathlon
Asterie-E7,3,biathlon
Alamo-5447,3,biathlon
Any-Pomegranate4807,3,biathlon
WorldlinessEasy4240,3,biathlon
AlivZ,3,biathlon
Enough_Opposite8545,3,biathlon
98G3LRU,3,biathlon
perivascularspaces,3,biathlon
RupertLazagne,18,snowboarding
Overlord0994,18,snowboarding
DoubleFroggin,18,snowboarding
Winter_Wolf_3545,18,snowboarding
killyoursocialmedia,18,snowboarding
Embarrassed_Eye4572,18,snowboarding
redshift83,18,snowboarding
PalmerSquarer,18,snowboarding
Dapper_Lifeguard_414,18,snowboarding
Tallywort,18,snowboarding
EstablishmentAfter40,18,snowboarding
jack_the_beast,18,snowboarding
Apptubrutae,18,snowboarding
mikeysaid,18,snowboarding
one-hour-photo,18,snowboarding
beaueod,18,snowboarding
ActivePlateau,18,snowboarding
I-Argue-With-Myself,18,snowboarding
whoateallthesnacks,18,snowboarding
thefisharedying65,18,snowboarding
draw_the_line,18,snowboarding
JcGoCrazy-,18,snowboarding
atomant32,18,snowboarding
puma4487,18,snowboarding
DogFacedGhost,18,snowboarding
JTD177,18,snowboarding
kingcoolkid991,18,snowboarding
Caqtus95,18,snowboarding
xTooNice,18,snowboarding
kolnidur,18,snowboarding
lonbordin,18,snowboarding
scruffy_x,18,snowboarding
division23,18,snowboarding
three_st1cks,18,snowboarding
teslastockphotos,18,snowboarding
thebrian1,18,snowboarding
Peter_PaImer,18,snowboarding
Jakovasaurr,18,snowboarding
delaysank,18,snowboarding
pureshred,18,snowboarding
dickthericher,18,snowboarding
ButterscotchOk5339,18,snowboarding
HolidayWallaby,18,snowboarding
MightyPlasticGuy,18,snowboarding
iamakangaroo,18,snowboarding
ICthrowaway2019,18,snowboarding
Baefriend,18,snowboarding
Different-Dealer-753,18,snowboarding
KizM067,18,snowboarding
MSeager,18,snowboarding
FunnyLine313,18,snowboarding
OutHereToo,18,snowboarding
Makkaroni_100,18,snowboarding
Merlin_117,18,snowboarding
confusingphilosopher,18,snowboarding
horbu,18,snowboarding
ferdiazgonzalez,18,snowboarding
nonamenomonet,18,snowboarding
sweet208,12,FigureSkating
Chrustykrabpizza,12,FigureSkating
ThespisKeaton,12,FigureSkating
Miyabi_bleu,13,FigureSkating
henrywhitfordstears,12,FigureSkating
fran_glass,10,FigureSkating
Roo87,12,FigureSkating
abigailrose16,10,FigureSkating
BackgroundHeater,12,FigureSkating
giant_ice_asteroid,12,FigureSkating
cukepatch,12,FigureSkating
Iwillbringher,12,FigureSkating
Specialist_Skill_331,12,FigureSkating
ConsistentReaction6,12,FigureSkating
PsychedelicHaru,12,FigureSkating
Lucky_Owl_4524,12,FigureSkating
No-Dealer9396,12,FigureSkating
ClemWoollysocks,12,FigureSkating
CharacterIcy9002,12,FigureSkating
lilacdawn,12,FigureSkating
Magical_Mariposa,12,FigureSkating
Admirable_Command_10,12,FigureSkating
southofnowhere,12,FigureSkating
pagomania,12,FigureSkating
LaLegende35,12,FigureSkating
LittleBird35,12,FigureSkating
laughingwater77,12,FigureSkating
postcardpopsicle,12,FigureSkating
NilesCraneFan27,12,FigureSkating
Alternative-Tart6275,12,FigureSkating
andeethenks,12,FigureSkating
dickery_dockery,12,FigureSkating
Dry_Light_5691,12,FigureSkating
facingmyselfie,12,FigureSkating
Kombiniertanz,12,FigureSkating
aladnamedbrad,12,FigureSkating
Relevant-Duck5784,12,FigureSkating
pooppaysthebills,3,FigureSkating
crystalsnow25,12,FigureSkating
KSzkodaGames,2,olympics
Additional-Salad4323,2,olympics
DebuggedRobot,2,olympics
whogivesashirtdotca,0,olympics
medhelan,24,olympics
Agitated-Airline6760,24,olympics
JPAnalyst,16,olympics
Cracovian_metro,24,olympics
kraysys,24,olympics
foolishbeat,24,olympics
MyGoodPersona,24,olympics
Davidspell,10,FigureSkating
filetmignonminion,10,FigureSkating
fartenandmagellan,10,FigureSkating
Feisty-Interest-9734,10,FigureSkating
Either-Natural-5758,10,FigureSkating
StudyEmotional4527,10,FigureSkating
phroggerz_,7,hockey
BostonSucksatHockey,7,hockey
SuperDan000,7,hockey
ADK-high-peeks,7,hockey
jamaicancovfefe,7,hockey
ZeroOhblighation,7,hockey
JustFrameHotPocket,5,hockey
SubElitePerformance,5,hockey
FourYaksandaDog,5,hockey
ImJustDuckinAround,5,unknown
PPBalloons,5,hockey
KRacer52,5,hockey
fufluns12,5,hockey
BeBenNova,5,hockey
benevolentbearattack,5,hockey
norrisdt,5,hockey
0btuse_0val,5,hockey
Fire_Z1,5,hockey
TurboViking90,5,hockey
scoredonu,5,hockey
Gloomy_Ebb9923,5,hockey
TrevorMJB,0,olympics
brainspl0ad,0,olympics
Pale_Land_5107,0,olympics
KennyKettermen,13,Curling
ShortTheseNuts,13,Curling
Ok_Pipe_3234,13,Curling
CraftyPositive2700,13,Curling
Mysteri0n,13,Curling
ShroomTopsInTheSun,13,Curling
Edwyth,13,Curling
badicaldude22,13,Curling
strebor1,1,olympics
Iceberg_Captain,13,Curling
boxcar17,13,Curling
kdaddyto,13,Curling
TheBottomDollar,13,Curling
Specialist_Limit_969,13,Curling
-----------________-,13,Curling
Low-Age1487,13,Curling
curlingtherainbow,13,Curling
Full_Crab_388,13,Curling
camwyo,13,Curling
SavarinoScoredAGoal,13,Curling
wumbology44,13,Curling
themehster,13,Curling
TheGreatestOrator,9,olympics
Odd_Artichoke_3700,0,olympics
Slambodog,11,olympics
TheOctoBox,0,olympics
12577437984446,0,olympics
ahdareuu,0,olympics
Coyote_Shepherd,0,olympics
redzass1,0,olympics
Neither-Big-1545,0,olympics
WWWYer22,0,olympics
Fit-Percentage3406,0,olympics
553l8008,0,olympics
No_Condition7374,0,olympics
ShowdownValue,0,olympics
cindylooboo,0,olympics
Low-Conflict9366,0,olympics
undercoveroperation,0,olympics
bbart76,0,olympics
Karma_code_,0,olympics
zaparthes,0,olympics
Enshakushanna,0,olympics
technicolorsleep,0,olympics
cantbelievethename,0,olympics
wholalaa,0,olympics
EuphoricZombie3276,0,olympics
LycheeDependent4998,0,olympics
Top-Scarcity5937,0,olympics
YoungandBeautifulll,0,olympics
jujubeans8500,0,olympics
photobomber96,0,olympics
JazeevaGaming,0,olympics
Defiant-Youth5067,0,olympics
MyMartianRomance,0,olympics
Prestigious-Cold-794,0,olympics
Arctic_Circle_,0,olympics
EatMoreSleepMore,0,olympics
Rohkey,0,olympics
luffyuk,0,olympics
TheJewBakka,0,olympics
DangerousLack,0,olympics
shrek_cena,0,olympics
Binx33,13,olympics
01on,10,unknown
Suitable-Site6584,12,FigureSkating
ethicalpickle,12,FigureSkating
Mindless-Attempt-126,12,FigureSkating
Usernameoverloaded,12,FigureSkating
TwilekDancer,12,FigureSkating
Vanessa_vjc,12,FigureSkating
onemoreround,12,FigureSkating
oosajee,12,FigureSkating
DennD333,12,FigureSkating
ArtVandelay99999,47,FigureSkating
Whimsical89,47,FigureSkating
Dry_Medicine_6491,12,FigureSkating
marinajk21,48,FigureSkating
KarstOfProx,48,FigureSkating
AccomplishedWalk-22,12,FigureSkating
GreatSeesaw,12,FigureSkating
227a,12,FigureSkating
Accomplished-Pen-394,12,FigureSkating
candybeach,12,FigureSkating
petiteodessa,12,FigureSkating
bunnyreads,31,FigureSkating
Global-Act-5281,31,olympics
Stock-Quantity-9955,12,FigureSkating
Stunning-Note,10,FigureSkating
Less_Fisherman_7720,12,FigureSkating
Hyeon-a,12,FigureSkating
Deep_Comparison_9283,22,FigureSkating
wanderlustenrose,12,FigureSkating
starsintheocean12,12,FigureSkating
Express_Victory1950,12,FigureSkating
pikaiapikaia,2,FigureSkating
Friendly_Coconut,12,FigureSkating
anonymous_writer123,12,FigureSkating
glutenfreedough,12,FigureSkating
Hereforthev1bes,10,FigureSkating
copperfreak,12,FigureSkating
Plato-your-strengths,12,FigureSkating
Pasco08,11,FigureSkating
leonor3362,12,FigureSkating
Lucy_Blaine,12,FigureSkating
wubdubbud,12,FigureSkating
Sufficient-Egg-5577,12,FigureSkating
Frankenllips,12,FigureSkating
Slabbershan,12,FigureSkating
Aniechu,12,FigureSkating
NectarineOk5419,12,FigureSkating
Famous_Act4164,12,FigureSkating
Otherwise_Bowler_292,12,FigureSkating
churro66651,31,FigureSkating
llinstitutesynthll,12,FigureSkating
DanielleEllina,12,FigureSkating
lumi_snowy,12,FigureSkating
pantherscheer2010,12,FigureSkating
dd42949,12,FigureSkating
xPhsyko,7,hockey
Nepalman230,7,hockey
LostMyEmailAccount,7,hockey
starryn19ht,7,hockey
Firebitez,7,hockey
flematic,7,unknown
valueofaloonie,7,hockey
likeslululemon,7,hockey
anonymous_gaymer,7,hockey
yonderTheGreat,28,skiing
a1mbient,28,skiing
Ok-Bonus5805,28,skiing
MacaronDazzling3253,28,unknown
Chimeyutso,28,skiing
Odd_Cauliflower8036,28,skiing
Professional_Put5549,28,skiing
ReallySmartHippie,28,skiing
Dr_loose,28,skiing
clandestino123,28,skiing
drumstar8339,28,skiing
JuicyNoodle,28,skiing
clancy688,28,skiing
SweetBirthdayBabyyyy,28,skiing
mikedoit81,28,skiing
GneissDude,28,skiing
homeracker,28,skiing
Ok-Snow48,28,skiing
Obvious-Mix7527,28,skiing
Organic-Vermicelli47,28,skiing
Long_North_3472,28,skiing
Kitten-Cat-,28,skiing
jbm33,28,skiing
akrafos,28,skiing
AwayYam199,28,skiing
Opening_Bed3302,28,skiing
SteveTheBluesman,28,skiing
csbsju_guyyy,28,skiing
RoscoPColeTrane922,28,skiing
Reasonable_Orange_73,28,skiing
noh2onolife,28,skiing
_mogulman31,28,skiing
Zaphod424,28,skiing
WBCSMFer,28,skiing
Go_touch_sum_grass,28,skiing
JustASingleHorn,28,skiing
Stayoffwettrails,28,skiing
RichiBucktwo,13,Curling
ubiquitous_archer,13,Curling
hackweighter1824,28,Curling
Jdubya87,28,Curling
rangeo,28,Curling
misterloaf8,28,Curling
All__Of_The_Hobbies,13,olympics
BillsMaffia,13,Curling
ttaayyllaarr,13,Curling
discardedbubble,49,olympics
Diamonds_4_life,49,hockey
SurfFredde,49,olympics
Sorry_U_R_Wrong,49,olympics
Janusz_Wunderbrum,49,olympics
Hmmdoiknow,49,olympics
Missy246,49,olympics
unfamiliarjoe,49,olympics
Jaded-Cable8685,49,olympics
irishshogun,49,olympics
starswtt,24,olympics
Internet_employee,24,olympics
Dock74320,49,olympics
kratomdevil,49,olympics
pomppu,49,olympics
Parms84,49,olympics
benni__weber,49,olympics
melmopeott,49,olympics
Electrical-End7868,49,olympics
Admirable-Will-5926,9,olympics
AngrySnwMnky,49,olympics
oslo-by,49,olympics
Jarita12,49,olympics
TheSessionMan,24,olympics
whencometscollide,24,olympics
SwampYankee,49,olympics
PapaPatchesxd,49,olympics
Environmental-Cod801,49,olympics
Aggravating_Sun_9850,49,olympics
real_agent_99,49,olympics
loonylovesgood86,49,olympics
Portia2024,49,olympics
ladyofthemarshes,49,olympics
NotoriouslyBeefy,49,olympics
CL-Lycaon,49,olympics
covfefenation,49,olympics
loochadorrr,49,olympics
FunnyGirlFriday,49,olympics
Grungemaster,2,olympics
FlatMolasses4755,11,olympics
ignomax,11,olympics
iamalittlebear,12,unknown
SnowOnCinders,10,FigureSkating
AlohomoraFS,12,FigureSkating
Gorillaz2189,7,hockey
ComfortableGuide3232,7,hockey
prophetofgreed,7,hockey
OurSundayKindOfLove,7,hockey
churningseaofpoppies,12,FigureSkating
Chickatey,12,FigureSkating
TryingtoKeepGoing1,50,FigureSkating
Hailsabrina,44,olympics
Both-Okra4634,12,FigureSkating
disaster101,12,FigureSkating
kkrko,12,FigureSkating
HotWineGirl,12,FigureSkating
editamuhaxhiri,12,FigureSkating
nicebrows9,21,FigureSkating
decorativeprint,12,FigureSkating
shrikeandthorn,12,FigureSkating
LuTenJohnSun,12,FigureSkating
kedfrad,12,FigureSkating
____QuadAxel____,12,FigureSkating
shozuru,12,FigureSkating
SwiftieSiaoHimFa30,12,FigureSkating
eekamuse,12,FigureSkating
miller94,31,FigureSkating
Straight_One_5042,12,FigureSkating
Salty-Assumption5392,12,FigureSkating
SailTemporary8644,12,FigureSkating
Vast_Syllabub_9297,12,FigureSkating
Spiritual-Brain7547,0,FigureSkating
ma5hal,10,FigureSkating
ConfederacyOfDunces_,12,FigureSkating
glitzergewitter,12,FigureSkating
galaxie_catto,12,FigureSkating
starryskies3,12,FigureSkating
kerryfinchelhillary,12,FigureSkating
Barbareed,31,FigureSkating
ImaginaryAd5855,31,FigureSkating
TLMAriel1989,12,FigureSkating
Standard_Wedding,12,FigureSkating
tracierene,10,FigureSkating
Warm-Gear197,12,FigureSkating
tim_bdlm,16,unknown
AdvancedCheek7795,16,olympics
Comfortable-Mouse404,13,Curling
InternalWarp4,3,Curling
jetpilots1,13,Curling
vskovalyov,13,Curling
Garliq,13,Curling
ABPPC,13,Curling
Initial_Start_1880,13,Curling
EddyMcDee,13,Curling
cssc201,12,FigureSkating
Weldinpasta,13,Curling
katescraftingcorner,13,Curling
HosaJim666,13,Curling
Althonse,13,Curling
wjdoge,13,Curling
YourBeansInMyPants,13,Curling
BothFuture,13,Curling
killerdoggie,13,Curling
peljopower9,13,Curling
Zeuthis,13,Curling
iamjackspizza,13,Curling
MurrayInBocaRaton,13,Curling
Professor_Finn,13,Curling
onlykindofamethaddic,13,Curling
WhatLineOfWorkRYouIn,13,Curling
ProblematicTrumpCard,13,Curling
tbroome17,13,Curling
mrsunshine1,13,Curling
yellowseven,13,Curling
TaraBSugar,13,Curling
Funnyturtle10,13,Curling
blakeibooTTV,13,Curling
Jakie_31_46,12,FigureSkating
catlover3230,12,unknown
clydem,0,olympics
evil-poatotes,0,olympics
chicagoredditer1,0,olympics
Radiant_Mulberry3921,0,olympics
FANGO,0,olympics
LordGwenLord,50,olympics
YaboyChris28,50,hockey
pumpkinspruce,0,olympics
jmsy1,0,olympics
Andy-Sipowitz,0,olympics
RainingFireInTheSky,0,olympics
calabain,0,olympics
Rickrollyourmom,0,olympics
Haiku-On-My-Tatas,0,olympics
Ds0589,11,olympics
OmissionsOmen,24,olympics
AutographedSnorkel,0,olympics
fanime34,51,olympics
NameIdeas,51,olympics
sounds_like_kong,0,olympics
serialragequitter,0,olympics
MooshCowZX,0,olympics
starmiesan,0,olympics
ebow77,0,olympics
peterpeterllini,0,olympics
pls-dont-banh-mi,0,olympics
SunsetB,0,olympics
sherrlon,0,olympics
nomadicfangirl,0,olympics
KoenigMichael,3,biathlon
thbtm,3,biathlon
bigmantoplad,3,biathlon
mihir1993,3,biathlon
slackscassidy,3,biathlon
duhbyks,3,biathlon
MrTobbzi,3,biathlon
Onion27,3,biathlon
Allie654321,3,biathlon
ShureBro,3,biathlon
Sinocized,3,biathlon
Breathholding,3,biathlon
Novel_Run7304,3,biathlon
UnplanningThePlanned,3,biathlon
Raijgun,3,biathlon
Agitated_Weight_6481,12,FigureSkating
WaferOwn9473,12,FigureSkating
IsakBlixen,12,FigureSkating
Nice-Trust-1541,12,FigureSkating
ZigCherry027,12,FigureSkating
Guilty_Treasures,12,FigureSkating
Emergency-Sherbert58,11,FigureSkating
Gayfetus,11,olympics
Blue_Phoenix512,13,FigureSkating
One_Adagio4729,12,FigureSkating
RachReads1898,12,FigureSkating
areongie,12,FigureSkating
AVgreencup,52,hockey
Ruckaduck,52,hockey
Gramlan17,25,hockey
closequartersbrewing,25,hockey
middlequeue,53,hockey
Hankerpants,53,hockey
CeruleanFuge,25,hockey
SecretAsianMann,25,hockey
Huge_Beginning5552,25,hockey
Local_Magpie,25,hockey
phishyphriend,25,hockey
ajkeence99,25,hockey
bobstinson2,25,hockey
Natural-Protection44,25,hockey
TankDivision,25,hockey
Tricky_Traditions,25,hockey
Takhar7,25,hockey
Dt2214,25,hockey
Sreg32,25,hockey
_heybuddy_,25,hockey
Abyssus88,25,hockey
overthisbynow,25,hockey
LittleOrphanAnavar,25,hockey
TheImmaculateBastard,25,hockey
ywgflyer,25,hockey
420BlzItRocko,9,hockey
Poiuyt5555,25,hockey
Focusondiversity,25,hockey
viperswhip,25,hockey
Bradddtheimpaler,25,hockey
inalasahl,25,hockey
MiamiVicePurple,25,hockey
Soggy-Horse215,25,hockey
SunSimilar9988,25,hockey
BeneficialPipe1229,25,hockey
YourMomSloppySeconds,25,hockey
ESB409,25,hockey
Section1ne0h4our,25,hockey
DerpyBoxer,25,hockey
Mission-Carry-887,25,hockey
HourlyEdo,25,hockey
Monahands,25,hockey
TheCleverMoose,25,hockey
IsTheBlackBoxLying,25,hockey
PapaJoeNH,25,hockey
CoquitlamCannon,25,hockey
OrganizationFront,25,hockey
Standard_Golf_1394,25,hockey
Cleonicus,9,hockey
letsgoToshio,9,hockey
silly_booze,9,hockey
Berry-Muncher,9,hockey
decrepit0,18,snowboarding
ShackedMag,18,snowboarding
lachyTDI7,18,snowboarding
TimeTomorrow,18,snowboarding
FIRExNECK,18,snowboarding
adamfowl,18,snowboarding
Ornery-Law1670,18,snowboarding
Nokesey307,18,snowboarding
aestival,18,snowboarding
BackwerdsMan,18,snowboarding
FlatOutPDX,18,snowboarding
ProbsNotManBearPig,18,snowboarding
Signal_Watercress468,18,snowboarding
TTPMGP,18,snowboarding
brozenthesnow,18,snowboarding
NYChockey14,18,snowboarding
SensitiveBuy9632,18,snowboarding
mylovelanguageiswine,0,olympics
Cypher1492,0,olympics
nai-ba,0,olympics
Ch1mpy,0,olympics
SidFields,0,olympics
Chemical-Idea-1294,0,olympics
Cheap-Secretary3729,0,olympics
CantPlayTheBanjo,13,Curling
Lesbians4lesbians,13,Curling
WillingAffect3693,13,Curling
KillBologna,13,Curling
fjellander,13,Curling
Conscious_Row_5231,13,Curling
OtterAnalytics,13,Curling
joshuauaua,13,Curling
sappho0,13,Curling
Zakhmanov,13,Curling
BergmanGirl,13,Curling
thatboiOsaka,13,Curling
AdvancedEconomy8760,13,Curling
AsmadiGames,13,Curling
Own_Psychology_6234,13,Curling
Kid_Delicious,13,Curling
Illustrious_Item_505,13,Curling
solomongumball01,13,Curling
evanmav,13,Curling
fexuntv,54,Curling
cyberdipper,54,Curling
spinorama29part2,55,Curling
raptorz25,55,Curling
CardiologistLost5373,13,Curling
wlwimagination,13,Curling
charlestonchaw,13,Curling
F1SH1ES,56,Curling
The_Hausi,56,Curling
GodFeedethTheRavens,13,Curling
eliastheawesome,13,Curling
niemownikomu,3,biathlon
TetraDax,3,biathlon
Due_Exercise_6537,3,biathlon
TheAntagoNiSt2222,3,biathlon
rose_ofnomansland,3,biathlon
beneoin,3,biathlon
olav471,3,biathlon
jxroos,3,biathlon
crypt_moss,3,biathlon
qquestionmark,3,biathlon
AlarKaristaja,3,biathlon
DateofImperviousZeal,3,biathlon
_IBelieveInMiracles,3,biathlon
EllaPirella,3,biathlon
fakewasalwaysreal,3,biathlon
AggravatingJudgment4,3,biathlon
uzanin97,3,biathlon
Decent_Display_3526,12,biathlon
Even_Efficiency_7362,3,biathlon
Macklamore,0,olympics
CantHugEveryPlatypus,0,olympics
ClapTwiceForUpvote,0,olympics
AmateurVasectomist,0,olympics
rawchess,0,olympics
unacabron,0,olympics
ErikPielermusic,0,olympics
ECrispy,0,olympics
southendgirl,0,olympics
20070805,0,olympics
Lina__Lamont,0,olympics
Train350,0,olympics
aaronman4772,0,olympics
Bigcheese1211,0,olympics
endurance-animal,0,olympics
peedypapers,0,olympics
jabbargofar,0,olympics
ZaneThePain,0,olympics
Schveen15,0,olympics
william_fontaine,0,olympics
WilloughbySerenity,0,olympics
sherapop80,0,olympics
Eiiiights,0,olympics
Infinite-Relation988,0,olympics
fullback133,0,olympics
iSharxx,0,olympics
cats_love_lutefisk,0,olympics
nefhithiel,0,olympics
k_oshi,0,olympics
supreme-jules,0,olympics
Typical_Health_8294,0,olympics
arnoldmuczynski,0,olympics
tn_tacoma,0,olympics
20wall,13,Curling
187b_annika,3,biathlon
ocdbunnyy,3,biathlon
hellyeahopenspaces,3,biathlon
hobbit_problems,3,biathlon
flanker44,11,olympics
Tibalt-mtg,11,biathlon
mrisj,3,biathlon
Dry-Comparison9138,3,biathlon
Icy-You3075,3,biathlon
Major_Economy_571,3,biathlon
Faintning,3,biathlon
IceExtension6204,3,biathlon
Euphoric-Grab-3956,3,biathlon
UnderstandingOnly443,3,biathlon
bellargonia,3,biathlon
Eastern_Incident7235,3,biathlon
Opening_Disk_4580,44,olympics
East_Piccolo_1529,44,olympics
caution0473,3,biathlon
Nic069B,3,biathlon
LadyMargareth,3,biathlon
Mitrakov,3,biathlon
Civil-Doughnut-8531,3,biathlon
surcamares,3,biathlon
PsychologicalEar426,3,biathlon
lostdysonsphere,3,biathlon
Joyako,3,biathlon
AardvarkOne9314,3,biathlon
MulderXF,3,biathlon
MrVelocoraptor,11,olympics
backelie,11,olympics
Worried-Blueberry-42,44,olympics
CooroSnowFox,0,olympics
glatts,44,olympics
pznred,24,olympics
Dorksim,24,olympics
Nattekat,24,olympics
Grogu_friend,0,olympics
Ok-Growth,44,olympics
FourEightNineOneOne,44,olympics
telendria,44,olympics
Biscuit642,44,olympics
gordeleend,44,olympics
Cool-matt1,44,olympics
fredy31,24,olympics
MaximumDoughnut,24,olympics
Overtons_Window,11,olympics
tfhermobwoayway,11,olympics
SinxSam,0,olympics
CrimsonEnigma,0,olympics
avdpos,44,olympics
Ange1ofD4rkness,0,olympics
FlagellatedCitrid0,0,olympics
MrHeavySilence,44,olympics
LaChicaGo,44,olympics
SitDownKawada,44,olympics
Peti_4711,44,olympics
Excellent_Title974,44,olympics
uses_for_mooses,44,olympics
troillan,44,olympics
Zyphit,44,olympics
Find_Spot,44,olympics
Abusoru,44,olympics
huntinwabbits,44,olympics
dsun1971,44,olympics
Amayetli,44,olympics
starquake64,2,olympics
Fishy_____Business,2,olympics
KembaWakaFlocka,44,olympics
Seeteuf3l,44,hockey
Nedukrest,2,olympics
Plenty_Wasabi_7866,44,olympics
GarageQueen,24,olympics
Del_3030,44,hockey
Bouteille_Brune,44,olympics
RamRanchRealty,44,olympics
AngelSucked,44,olympics
artstoria99,12,FigureSkating
No_Discussion3593,12,FigureSkating
Freak0nLeash,12,FigureSkating
sarka121,12,FigureSkating
vareliya,12,FigureSkating
hopelessromantic1340,12,FigureSkating
Todayis_aday,12,FigureSkating
ConsciousStatus5083,12,FigureSkating
Miserable_Aardvark_3,12,FigureSkating
5moreminutesofsleep,12,FigureSkating
No-Condition8561,12,FigureSkating
the_femternational,12,FigureSkating
thecdiary,21,FigureSkating
CynfullyDelicious,21,FigureSkating
AdamRipponFan_01,12,FigureSkating
vv8689,12,FigureSkating
mumitheduchess,12,FigureSkating
lecarolina,12,FigureSkating
mindandmotion,12,FigureSkating
intlcap30,12,FigureSkating
PerplexAlexa,12,FigureSkating
jvvrarts,12,FigureSkating
Appropriate_Bat439,12,FigureSkating
uglyface47,12,FigureSkating
Barraind,9,Curling
AndyJ95,13,Curling
spr148,13,Curling
LopsidedHamster,13,unknown
agxc,13,Curling
Santasreject,13,Curling
Niffelar,13,Curling
Pondelli-Kocka01,13,Curling
xtalgeek,13,Curling
OLLCommander,20,olympics
ArcticMooss,20,olympics
fdm91,20,olympics
Crayshack,20,olympics
ILSmokeItAll,20,olympics
SpacetimeGlitter,20,olympics
Cyanr,20,olympics
AthenaReignsHere,12,FigureSkating
illachrymableness,12,FigureSkating
suelikesfrogs,10,FigureSkating
Safe-Designer-1290,10,FigureSkating
ArrivalActual,12,FigureSkating
StephLSmith,12,FigureSkating
elena-2354,12,FigureSkating
milliv4nilli,12,FigureSkating
lamyH,31,FigureSkating
eraisin,12,FigureSkating
altrockforlovesongs,10,FigureSkating
Solly6788,10,FigureSkating
Sensitive_House_9770,12,FigureSkating
bertrandrussell2,12,FigureSkating
True-Bear-2561,12,FigureSkating
jminnie15,12,FigureSkating
Lextasy_401,12,FigureSkating
ArimessAri,12,FigureSkating
MarvelMind,12,FigureSkating
Living_Current815,12,FigureSkating
YukiOnnaLake,12,FigureSkating
29kk,12,FigureSkating
bluebelle08,12,FigureSkating
kiimnu,12,FigureSkating
Rhys2427,12,FigureSkating
dmitrievschaotic4A,10,FigureSkating
Mobile-Thanks-9598,12,FigureSkating
Sad_Violinist_7966,9,hockey
VillageOfMalo,11,olympics
BadmanBarista,11,olympics
CookSoooGood,11,olympics
Allegra1120,11,olympics
mw_a,11,olympics
thedarkknight16_,47,olympics
SeaSkimmer2,11,olympics
oldmantutters,13,Curling
MegaTimX,13,Curling
dirtcollins11,13,unknown
Fupastank,13,Curling
rhineo007,13,Curling
Phinweh,9,Curling
yelleknave,13,Curling
whudaht,13,Curling
hadenthefox,13,Curling
Fit_Feed_1307,0,olympics
iM-xx,24,olympics
daIIiance,10,FigureSkating
Hiddespaan,10,olympics
Lillemor_hei,24,olympics
treyquartista,0,olympics
pospec4444,13,Curling
Environmental_Dig335,13,Curling
DisplayMother5562,13,Curling
d0esth1smakeanysense,13,Curling
pjwasz,13,Curling
SilkBC_12345,13,Curling
swoodshadow,13,Curling
K0bra_Ka1,13,Curling
SexyElephant_,13,Curling
Own-Knowledge8281,13,Curling
otherestScott,13,Curling
tbone466,13,Curling
Clean-Promotion-8996,13,Curling
Shermdonor,13,Curling
MorningRooster,13,Curling
Sherlock_117,13,Curling
No_Shallot9037,3,biathlon
msanthrope64,3,biathlon
Dependent_Formal2525,3,biathlon
Zodde,3,biathlon
JsXtm,3,biathlon
Awkward-Bit-77,3,biathlon
ribulas1,3,biathlon
TpsDgg,3,biathlon
TrainLowTrain,3,biathlon
goldtechnique,3,biathlon
JohnStoppable,3,biathlon
Beautiful_Baseball76,9,biathlon
tetiu,3,biathlon
evasive_tautology,3,biathlon
JeHaisLesCatGifs,3,biathlon
IAM-French,3,biathlon
Harachel,24,olympics
EchidnaOk7537,0,olympics
Capital-Flow-1501,0,olympics
GenJohnnyRico,0,olympics
murahimu,0,olympics
thelakesfolklore,0,olympics
Dora-Vee,0,olympics
metroatlien,22,olympics
marshalofthemark,0,olympics
jrainiersea,0,olympics
sonicice,0,olympics
madeyoucookies,0,olympics
andrewmail,0,olympics
FireVanGorder,0,olympics
Fantastic-Coach-8130,0,olympics
DamnitBobbehHill,0,olympics
AndyMan1,0,olympics
FastCulture160,5,olympics
sexmath,5,olympics
excitedprotons,0,olympics
grungebob_scarepants,0,olympics
geoffryb,0,olympics
OreoSpeedwaggon,0,olympics
jogarz,0,olympics
tcumber,0,olympics
BiscoBiscuit,0,olympics
JinyoungBlack,0,olympics
POGtastic,0,olympics
urkuri,0,olympics
TheDyeus,0,olympics
schlizschlemon,0,olympics
Ok_Barnacle_1606,0,olympics
CurseTWD,0,olympics
Far-Independent-1021,0,olympics
Independent-Cup5720,0,olympics
Weakness_Infinite,0,olympics
throwawar4,4,olympics
SwissForeignPolicy,4,olympics
klein_four_group,31,FigureSkating
jbjr3,0,olympics
Lightning_Driver,0,olympics
Giraffes__Neck,0,olympics
Darth-Decimus,44,olympics
just_reading_along1,14,biathlon
us_against_the_world,14,biathlon
defconQ,9,hockey
danglesmcjangles,9,hockey
Feisty_Wait_2327,57,FigureSkating
Cautious_Ad7042,12,FigureSkating
emrys333,12,FigureSkating
Suitable-Soup-42,12,FigureSkating
Slight_Impress_1559,12,FigureSkating
EasyE1979,12,FigureSkating
DontalerttheFBI,12,FigureSkating
octopimythoughts,58,FigureSkating
Patient_Tonight_9307,58,FigureSkating
sardita,31,FigureSkating
EngineAnnual,12,FigureSkating
Ordinary-Coconut-715,12,FigureSkating
PattyCA2IN,20,FigureSkating
Lopsided_Board_9011,12,FigureSkating
Staublaeufer,12,FigureSkating
KBPT1998,12,FigureSkating
Remming1917,12,FigureSkating
sparklypavements,12,FigureSkating
espressopatronum,59,FigureSkating
Lumpy_Car1092,59,FigureSkating
Giudittagrabsasword,12,FigureSkating
Avaelectric,12,FigureSkating
Oghamstoner,7,unknown
spcmnsph,25,FigureSkating
Warm_Firefighter_811,25,skiing
MrSouthWest,47,skiing
concrete_isnt_cement,47,skiing
Educational_Lynx_142,25,skiing
LameOfficeAccount,25,skiing
Layla_Fox2,25,biathlon
grateful_john,9,Curling
potatoes_are_neat,9,Curling
LanguageAntique9895,9,Curling
Several-Tip-9814,9,Curling
nowheresville99,9,Curling
vmlee,13,Curling
PuddleCrank,9,Curling
Niptacular_Nips,9,Curling
MartinCarterSZ,9,Curling
fortune,17,unknown
TheGambit,17,olympics
Diaperedsnowy,17,olympics
cmiller4642,17,olympics
DRJT,10,unknown
Single_Air_5276,31,FigureSkating
Upstairs_Travel4128,31,FigureSkating
not_firewood_yeti,20,olympics
DoubleLayout,10,FigureSkating
oswaldkarr,31,FigureSkating
Confident_Goat8992,31,FigureSkating
Kitchen_Pattern4945,31,FigureSkating
CDNinWA,31,FigureSkating
modernjaneausten,12,FigureSkating
Hrafn2,31,FigureSkating
ohbother12345,31,FigureSkating
LIL_KEEKS,31,FigureSkating
M_A__N___I___A,31,FigureSkating
beforedinnermints,31,FigureSkating
msolelh,12,FigureSkating
Angry_Phoenix887,31,FigureSkating
MssrsTuxedo,31,FigureSkating
SolidAd5223,31,FigureSkating
VOvercaffeinated,31,FigureSkating
sandraskates,31,FigureSkating
Awesome_Squirrel,12,FigureSkating
EarlyNeighborhood901,31,FigureSkating
Tasty_Asparagus_2006,31,FigureSkating
HecateCleric,47,FigureSkating
Munchnello,31,FigureSkating
nicholez3sty9228,31,FigureSkating
rogeryocheng,12,FigureSkating
jellocupz,31,FigureSkating
Squid_A,47,FigureSkating
j_tothemoon,31,FigureSkating
Superb-Okra,31,FigureSkating
Ancient-Leg-8261,31,FigureSkating
hollowbastion36,31,FigureSkating
crs0268910,31,FigureSkating
PeachnPeace,31,FigureSkating
Happypawswaggytails,12,FigureSkating
tinapia,31,FigureSkating
HotelLima6,31,FigureSkating
Emisonreddit,31,FigureSkating
waitingformorning,31,FigureSkating
19Detroit,9,hockey
supermeatboy10,9,hockey
yosoo,7,hockey
solidprospect,9,hockey
benjowtm,9,hockey
Status_Comparison222,9,hockey
Intelligent_Baby_812,9,hockey
kayel090180,9,hockey
Assignment_General,9,hockey
rachel_liza,60,FigureSkating
Ill_Gain9451,60,unknown
Nagareboshi17,60,FigureSkating
Broad_Kick_9425,0,olympics
joeyy_4d,0,olympics
More_Television_2646,31,FigureSkating
Ok_Bluebird4094,12,FigureSkating
WildMajesticUnicorn,24,olympics
PizzaGirl9825,20,FigureSkating
ChampagneChardonnay,20,FigureSkating
louwhogames,12,FigureSkating
Prestigious_Step4337,2,olympics
HeretoFore200,10,FigureSkating
IWentHam,12,FigureSkating
quadtrixel,10,FigureSkating
murderdocks,12,FigureSkating
makingburritos,12,FigureSkating
Rvsone,12,FigureSkating
JuliasTooSmallTutu,12,FigureSkating
otterpopqween,20,FigureSkating
Loving_bird24,12,FigureSkating
enseela,12,FigureSkating
Magraev,13,Curling
shwaa_,13,Curling
WeGotDodgsonHere,13,Curling
esports_consultant,13,Curling
Smokey_joe89,13,Curling
RichtersNeighbour,13,Curling
JC_theGoat_,13,Curling
Brangarr,13,Curling
HannahEaden,13,Curling
WarmWrought,13,Curling
Troutsky3,13,Curling
GhostofPdawg43,13,Curling
MissKorea1997,7,Curling
slithersky,13,Curling
falsehood,13,Curling
Redylittle,13,Curling
MkeYosh,13,Curling
PhinsPhan89,13,Curling
4eva_Na_Day,13,Curling
ClarkeVice,13,Curling
pooploserbq,13,Curling
NearPup,5,olympics
Celestetc,0,olympics
gamertyp,0,olympics
CodyHodgsonAnon19,0,olympics
StoopSign,0,olympics
ilikehockeyandguitar,0,olympics
PretendEntrance1905,0,olympics
escapetolight,0,olympics
0vindicator10,0,olympics
Federico216,0,olympics
DarkwingDuckHunt,0,olympics
Gravitas_free,0,olympics
ChiefKelso,0,olympics
Zloggt,0,olympics
flumeo,0,olympics
ello_officer,0,olympics
tphez,0,olympics
Maverick721,0,olympics
RhymesWithOrange_,0,olympics
muffin_man84,0,olympics
Individual_Coyote716,0,olympics
Reptar_4_Life,0,olympics
wuznme,0,olympics
palikona,0,olympics
PeterIanStaker,0,olympics
Manuntdfan,0,olympics
throw23me,0,olympics
Bishop_Cornflake,0,olympics
Outrageous_Pie_5640,0,olympics
Jellycat89,0,olympics
corndogshuffle,0,olympics
baseballtrx,0,olympics
jonatmoy,16,unknown
TruckStopBJs,24,olympics
Beneficial_Sign8266,24,olympics
Ok-Treat7272,16,olympics
thediesel26,16,olympics
SweetVarys,16,olympics
aljerv,0,olympics
cedricsam,24,unknown
Merochmer,24,olympics
ExistingAthlete6092,16,olympics
Common-Economy-6358,16,olympics
peanut_galleries,24,olympics
Ok_Cabinet2947,24,olympics
tuhn,16,olympics
LastAutumnLeaf14,16,olympics
9ofdiamonds,24,olympics
NeedleGunMonkey,24,olympics
Scared_Cow9483,16,olympics
onebloodyemu,16,olympics
Grantus89,24,olympics
VoxBalaeNae,10,FigureSkating
Strwb_Beri,10,FigureSkating
No-Good-6538,10,FigureSkating
the4thdragonrider,10,FigureSkating
Spirited-Plankton821,10,FigureSkating
BigSky456,3,biathlon
goodbye9horses,3,biathlon
Gireau,3,biathlon
hotdiva7,3,biathlon
BuzerantSpettacolare,3,biathlon
badenson,3,biathlon
MattTheKing23,24,unknown
lsp2005,17,olympics
A12086256,17,olympics
A_1337_Canadian,25,hockey
WhoIs_DankeyKang,25,hockey
WehaveDanBrownatHome,25,hockey
FlyTheW1988,25,hockey
KaleidoscopeSea9267,25,hockey
abstractarrow,25,hockey
IllicitTomato,25,hockey
Thobud,9,hockey
number1sht,25,hockey
Poot_Hooter,25,hockey
NixonsTapeRecorder,9,hockey
surlystraggler,9,hockey
Katterrinna,25,hockey
ChannelMiserable7363,16,unknown
Kimber80,24,olympics
Jellyfish-Ninja,16,olympics
DotThis2542,16,olympics
EchoSkillet,16,olympics
immasayyes,16,olympics
Brys_Beddict,5,hockey
moparornocar,61,skiing
Blake-at-Younii,61,unknown
Rickydada,61,skiing
l_m_m048,7,hockey
RougeRock170,7,hockey
Aromatic-Deer3886,7,hockey
kashmerikmusic,7,hockey
Humillionaire,5,hockey
GenericDesigns,5,hockey
internetlad,7,hockey
New_Inflation_8419,7,hockey
FlamingDisaster_309,7,hockey
PlatypusEgo,7,hockey
Fawin86,7,hockey
Nice-End-4742,7,hockey
asdechlpc,7,hockey
NotCalvinTrillin,7,hockey
Snatch_By_The_Pool,7,hockey
corvuscamillus,7,hockey
LarryTheTerrier,7,hockey
center_apathy042,7,hockey
burner-throw_away,7,hockey
Stunted-Slime,7,hockey
Unusual-Coast6252,7,hockey
Help-me-name-my-pup,7,hockey
FrmrPresJamesTaylor,9,hockey
Abigail-ii,0,olympics
Mindless_Badger_3789,0,olympics
nugeythefloozey,0,olympics
Agreeable_Falcon1044,0,olympics
TIMPA9678,0,olympics
e37d93eeb23335dc,17,olympics
DreamsAndSchemes,17,olympics
DickieJoJo,0,olympics
pinetar,0,olympics
BreadFantastic6886,0,olympics
dust_buster172,9,hockey
jpcomicsny,5,hockey
Bahamas_is_relevant,9,hockey
EcksEcks,9,hockey
bsaures,9,hockey
Fragrant_Art_3659,9,hockey
fsl3,12,olympics
theazn35,7,hockey
rockking16,13,Curling
Worldly_Project_233,13,Curling
Extreme-Emu-4336,13,Curling
vonfantasy,13,Curling
ReindeerLegal2400,13,Curling
Ok_Account_5121,13,Curling
Distinct_Meringue,13,Curling
Just_Highlight_5615,13,Curling
ThisParkTheseHouses,13,Curling
Spangel,13,Curling
Mozambique_Sauce,13,Curling
cnpeters,13,Curling
wishitweresunday,13,Curling
10AMinUzbekistan,13,Curling
CTHARCH,13,Curling
AdviceAccomplished48,13,Curling
Awwkaw,13,Curling
Akita51,50,olympics
Vivid_Computer_7153,13,Curling
ChrisKateBushFroome,13,Curling
BTornado14,13,Curling
mirado,13,Curling
ProfessionInevitable,13,Curling
No-Guarantee-2841,13,Curling
Asleep-Cellist826,13,Curling
IamPhilemon,13,Curling
pluc61,13,Curling
Logical_Bonus_3766,13,Curling
thelazyfool,13,Curling
Greenimba,13,Curling
Alex_Mihalchuk,3,biathlon
Intelligent-Sleep-79,3,biathlon
Rude-Maintenance-169,3,biathlon
IcehandGino,3,biathlon
Banani_ari,3,biathlon
Evening-Archer1793,3,biathlon
J_Klemens,3,biathlon
loewe67,0,olympics
tastybiscuitenjoyer,0,olympics
gingerspeak,0,olympics
TheFlightlessPenguin,0,olympics
BobaTeaFetish,0,olympics
Neat-Bee-7880,0,olympics
Hopeful_Shock_944,0,olympics
thatslexi,0,olympics
ConditionDefiant8653,0,olympics
mallvvalking,0,olympics
swole-and-naked,17,olympics
FlyingNachoz,0,olympics
randomentity1,0,olympics
TripFarmer17,0,olympics
Robten100,0,olympics
BramptonBatallion,0,olympics
Cruisenut2001,0,olympics
PurulentPlacenta,0,olympics
cardboardbuddy,0,olympics
SeaKoe11,0,olympics
LadyOlenna84,0,olympics
Grackleman,3,biathlon
laulau1501,3,biathlon
Best-Cloud-5460,3,biathlon
elgen_helge,3,biathlon
Lucky98La,3,biathlon
Miserable-Maximum125,10,FigureSkating
parallelbarchart,10,FigureSkating
Beautiful-Top-8297,10,FigureSkating
RollinOnAgain,10,FigureSkating
MostlyHarmlessBloke,10,FigureSkating
petuniar,10,FigureSkating
LottieTalkie,12,FigureSkating
babvbc,12,FigureSkating
tinweling,12,FigureSkating
FITTB85,10,FigureSkating
vida_tombola,10,FigureSkating
viennawaits94,10,FigureSkating
Pretend_Theory7545,3,biathlon
cwindiness,3,biathlon
Juulire,3,biathlon
EulsYesterday,12,FigureSkating
Hyperion542,3,biathlon
k00kaburrasun,3,biathlon
spill-the-tea_101,3,biathlon
DidYouFindYourIndies,3,biathlon
Natsukoow,3,biathlon
ActivityHuge148,3,biathlon
Jerk_offlane,3,biathlon
Status_Car8495,3,biathlon
Ida-in,3,biathlon
Then_Flamingo_8223,3,biathlon
DaSmartSwede,3,biathlon
pointlessly_mad,3,biathlon
Longjumping_Chef_732,3,biathlon
Main-Bid-1753,27,skiing
4MM0NI4C,27,skiing
LetSalt7127,27,skiing
Murky-Contact-6377,27,skiing
TwentyFourKG,27,skiing
pneuman,27,skiing
Sometimesiski,27,skiing
Bubbly-Newspaper-239,27,skiing
Fancy_Department_416,27,skiing
SquirrelBlind,27,skiing
Prior-Reply2271,27,skiing
Mean_Stick_4956,27,skiing
FindingWinter8937,27,skiing
yomamma3399,27,skiing
JohnnyUtah,27,skiing
Atalanta8,27,skiing
IronSlanginRed,27,skiing
United_Librarian5491,27,skiing
Weekly_Kitchen_4942,27,skiing
Ok_Maybe1830,27,skiing
MikkelR1,27,skiing
PhileasFoggsTrvlAgt,27,skiing
Seawolf1121,27,skiing
Pretend-Activity-533,27,skiing
MakeItTrizzle,27,skiing
imc225,27,skiing
Clubhouse9,27,skiing
Bingochips12,7,hockey
somabokforlag,7,hockey
SpreaditOnnn33,7,hockey
Tex_Was_Here,7,hockey
bigbobo33,7,hockey
Lanky_Inevitable9012,7,hockey
MilesDavis_Stan,7,hockey
ramzie,7,hockey
Ok-Recording-6687,7,hockey
NYIsles55,7,hockey
Zblancos,7,hockey
SealyMcSeal,7,hockey
sjrotella,7,hockey
SunnyGods,7,biathlon
Time-Ad-3134,7,hockey
footballfina,7,hockey
korko,7,hockey
Professor_Pajamas,7,hockey
_kdws,7,hockey
Hazuusan,7,hockey
Oskarikali,7,hockey
Hesneri,7,hockey
BCostello76,7,hockey
Illustrious-Meat-313,12,FigureSkating
wisusececss,12,FigureSkating
EnvironmentProof6104,12,FigureSkating
sodappend,12,FigureSkating
ssamdog,12,FigureSkating
yellowandpeople,12,FigureSkating
kaen,12,FigureSkating
ConstructionFlaky640,12,FigureSkating
Flimsy_Reference_799,12,FigureSkating
JSPepper23,12,FigureSkating
Flashy_Operation9891,12,FigureSkating
reemiess,12,FigureSkating
dudemandad99,62,FigureSkating
taoson218,62,FigureSkating
NightmareValentineee,12,FigureSkating
Keiraskinder,12,FigureSkating
Powerful_Vanilla_235,12,FigureSkating
Astraea802,14,FigureSkating
Impossible-Archer-93,12,FigureSkating
seaportair,12,unknown
MontanaJoev,12,FigureSkating
thatkrazykat,12,FigureSkating
Psychological-Map516,12,FigureSkating
ricaticatraveler,12,FigureSkating
Tough-Reflection6722,12,FigureSkating
butforevernow,12,FigureSkating
Ok_ivy_14,12,FigureSkating
Born-Discount3938,12,FigureSkating
slavetothecause,12,FigureSkating
Mike_Kermin,12,FigureSkating
Strong_Industry_943,12,FigureSkating
AccomplishedLeek1329,4,FigureSkating
kitstiko,12,FigureSkating
ZebraImaginary9412,4,olympics
LittleLotte29,12,FigureSkating
Toni1805,12,FigureSkating
knitace21,12,FigureSkating
Revolutionary-Ad6106,12,FigureSkating
KarmicCT,10,FigureSkating
unicorninclosets,12,FigureSkating
hungryhippo53,4,FigureSkating
aeriiths,12,FigureSkating
pretty_peacock_987,12,FigureSkating
FalseDog4750,12,FigureSkating
CoolCatBlue321,12,FigureSkating
Apprehensive_Disk_16,12,FigureSkating
Norcalnappy,12,FigureSkating
marronmae,12,FigureSkating
citation-found,12,FigureSkating
normalMonsterChika,12,FigureSkating
Nomahs_Bettah,7,hockey
No-Presentation-2320,12,FigureSkating
Adorable-Army5009,12,FigureSkating
Chicenomics,12,FigureSkating
dakikibe,12,FigureSkating
Screweditupagain,12,FigureSkating
no_sheds_jackson,12,FigureSkating
Gold-Ad9417,12,FigureSkating
NewspaperBanana,12,FigureSkating
Busterpelvus222,47,Curling
ptcptc,47,Curling
mezekaldon,47,Curling
Dido_11,47,Curling
MumblingBlatherskite,63,Curling
Didymus4,63,Curling
Mysterious_Dog8385,47,Curling
abradolf_lincler_jr,47,Curling
Longjumping-Tale-394,47,Curling
rererexed,47,Curling
Tasty-Recognition-66,47,Curling
Character-Dark-3708,47,Curling
marymoonu,47,Curling
Free-Coast8920,47,Curling
dais4773,47,Curling
Sad_Percentage_4503,64,Curling
skidz007,64,Curling
Remote_Revolution_96,47,Curling
nameless_corpse,47,Curling
Flaky_Law2357,47,Curling
maxdraich,47,olympics
Educational_Maybe_45,47,Curling
janerikgunnar,47,Curling
KalikaSparks,47,Curling
Egget82,65,Curling
Actual_Night_2023,65,Curling
terfez,47,Curling
Similar_Security_967,16,Curling
Swedra,16,Curling
Mudsnail,47,Curling
MooreAveDad,47,Curling
squirrelslikenuts,47,Curling
Due_Log_634,47,Curling
Wide-Chemistry-8078,47,Curling
ddoubletapp1,47,Curling
Jon_J_,47,Curling
TotalWarhamster,47,Curling
Proof-Giraffe-4788,47,Curling
BatlethBae,66,Curling
mondonk,66,Curling
PensOverSwords2K,22,unknown
IndependentCover3123,16,Curling
RainbowCrown71,16,olympics
Esleem07,13,Curling
Runamucker31,13,Curling
funduckedup,13,Curling
Zero_Travity,13,Curling
West-Gur4598,13,Curling
anaarsince87,13,Curling
woo7,12,FigureSkating
LegendaryOrangeEater,12,FigureSkating
TheWuTangFlan_,12,FigureSkating
Newoutlookonlife1,12,FigureSkating
Haunting_Lab5348,12,FigureSkating
virgoaliensuperstar,12,FigureSkating
zakuropan,12,FigureSkating
lily-kuchel,12,FigureSkating
SnooStrawberries1862,12,FigureSkating
Friendly-Bug-5075,12,FigureSkating
No-Process-6474,12,FigureSkating
Due-Swordfish-8833,12,FigureSkating
Adorable_Edge_8358,12,FigureSkating
PandemicPiglet,10,FigureSkating
bnyancat,12,FigureSkating
Hemske,13,Curling
ThrowFar_Far_Away,13,Curling
TootyFroots,13,Curling
Moist_Bison9401,13,Curling
HamAndSomeCoffee,13,Curling
_EJSP_,13,Curling
Old-Band-7635,13,Curling
rivercountrybears,13,Curling
Chrristoaivalis,13,Curling
BCW1968,13,Curling
russianwildrye,13,Curling
BlueJaysFan01,13,Curling
donaldGuy,13,Curling
Chronmagnum55,13,Curling
MarginOfPerfect,13,Curling
Looney_forner,13,hockey
ottawapeoplechamp,13,Curling
youneverknow44,13,Curling
wiisportstennis,13,Curling
Zab__,13,Curling
xGlor,13,Curling
wood_you_believe,13,Curling
xXBlaze52,13,Curling
Tnspieler1012,13,Curling
DragRace2020,13,Curling
ExoticExchange,3,biathlon
TL-GTR,3,biathlon
padrino_del_reddit,3,biathlon
Ingelinn,3,biathlon
sittingsparrow,3,biathlon
Hominek,3,biathlon
predsfan77,3,biathlon
Charley288,3,biathlon
Boucot,3,biathlon
Admirable_Heron1479,3,biathlon
hristogb,3,biathlon
Xantype,3,biathlon
DublinKabyle,3,biathlon
ednorog,3,biathlon
flyover,3,biathlon
Physical_Raise4723,3,biathlon
tangled397,3,biathlon
No_Discount_6573,3,biathlon
Arvi89,3,biathlon
STheShadow,17,olympics
Fabislrs,24,olympics
fre-ddo,0,olympics
DogmaticMagmaFox,0,olympics
thelastskier,0,olympics
Elpsyth,3,olympics
Glittering-Grand-513,0,olympics
lazyness92,0,olympics
Gr4fitti,0,olympics
Dianagorgon,0,olympics
klauwaapje,0,olympics
floppwaffled,0,olympics
grensley,0,olympics
Available_Weird8039,47,olympics
brbnow,47,olympics
TimelyBreadfruit5929,0,olympics
PompeyMagnus1,0,olympics
inefekt,0,olympics
ExpensiveFoodstuffs,0,olympics
arashinoko,0,olympics
Greenmonstaa,0,olympics
AdvertisingNo8441,0,olympics
blaqrushin,0,hockey
RandomDar,0,olympics
Creepy_Vegetable6905,0,olympics
hoopla161,0,olympics
flyinbrian420,0,olympics
Cool-Kangaroo-8343,12,FigureSkating
MundaneRazzmatazz844,12,FigureSkating
an__ski,18,FigureSkating
livinginanutshell02,12,FigureSkating
Ok_Dragonfruit886,12,FigureSkating
notladyinred,12,FigureSkating
thisthatbothnone,12,FigureSkating
Top-Particular-3450,12,FigureSkating
dontmakemereply,12,FigureSkating
UnhappyPrincessa,12,FigureSkating
BeerBaconBewbs,3,biathlon
Dry-Pickle6042,3,biathlon
GreenBat29,3,biathlon
United_Seaweed3742,3,biathlon
hi_megoldfish,3,biathlon
kukkolai,3,biathlon
madieu,3,biathlon
ScaredCurrent3172,3,biathlon
moschtert,3,biathlon
Napoleon_The_Fat,3,biathlon
elisamaldy,9,hockey
Leading_Dentist_5563,9,hockey
Thetof91,9,hockey
yryp_,9,hockey
mikkelss,17,olympics
easy89,9,hockey
terran_immortal,67,Curling
LongjumpingSpare8181,67,Curling
Luddevig,67,Curling
baseball_fanatic0887,13,Curling
Trubydoor,13,Curling
AffectionateForce760,28,Curling
Kanjizoiie,28,Curling
AndreDaGiant,24,Curling
Atarissiya,24,Curling
NotARealTiger,24,Curling
Oceabys,67,Curling
Professional-Cry8310,67,Curling
ustation,68,Curling
WStoneMountain,68,Curling
bhandsome08,28,Curling
NeighborhoodPlane794,67,Curling
Dmckilla7,67,Curling
lolijk,24,Curling
frisedel,24,Curling
paranoyed,67,Curling
Ehgadsman,67,Curling
emopest,68,Curling
Iamnotabothonestly,68,Curling
ConcentrateOne7536,24,Curling
Fancy_Particular7521,24,Curling
Roklaren56,24,Curling
clamdiggin,24,Curling
One-Airport-497,67,Curling
Content-Inspector993,24,olympics
IAmQueensBlvd31,13,Curling
formal_studio1,67,Curling
Gullible-Heat8558,67,olympics
Temporary_Window_104,67,Curling
MBolero,67,Curling
AggressiveCricket498,67,Curling
Reyrith,69,Curling
CMotte,69,Curling
Worldly1998,67,Curling
fly4everwild,67,Curling
RoadHazard,67,Curling
Safe-Construction-me,16,olympics
Sarcastic_Backpack,16,olympics
Divergent_Thinker_,16,olympics
AngryFrog24,16,olympics
JJOne101,24,olympics
ell_hou,16,olympics
MakingOutWithGod,16,olympics
Toodou,16,olympics
scrunchie_one,16,olympics
nothingeverhappens91,16,olympics
dentist9of10,16,olympics
SlainByOne,16,olympics
Plus-Ticket5185,9,hockey
SunTzu-,9,hockey
No_Spite5192,9,hockey
c_leafhill,3,biathlon
Kaltenstein_WT,3,biathlon
oneduckwithtwotails,3,biathlon
zi9g,14,FigureSkating
BuyingStuffIShouIdnt,14,FigureSkating
Key_Hospital_10,14,FigureSkating
tolstoysleftkidney,14,FigureSkating
figureskater_,14,FigureSkating
Inari68N,12,FigureSkating
Distinct_Poetry_7869,14,FigureSkating
Suitable-Training661,14,FigureSkating
Excel-Block-Tango,11,FigureSkating
Agamar13,14,FigureSkating
OwnCartographer5498,12,FigureSkating
entoure-loupe,12,FigureSkating
Tillysnow1,24,olympics
cricramf,24,olympics
BigusG33kus,24,olympics
Archicam99,24,olympics
LonelyTreat3725,24,olympics
Pleasant_Bloc,24,olympics
Overlord0123,17,olympics
Ok-Conversation9410,24,olympics
Top_Gun_2021,24,olympics
BombasticReindeer,24,olympics
Naso_Coraggioso,24,olympics
CarabbaggioLOL,24,olympics
casualroadtrip,24,olympics
WintAndKidd,24,olympics
Celestial_Bagel,24,olympics
masssy,24,olympics
Proud2BaBarbie,2,olympics
Trent_Bennett,24,olympics
Soggy-Fox-9706,24,olympics
looorrn,12,FigureSkating
yurerukizashi,12,FigureSkating
RueBourque,12,FigureSkating
Responsible_Order_55,12,FigureSkating
SpyOfMystery,12,FigureSkating
K551L,12,FigureSkating
mom_of_a_19yo,12,FigureSkating
matthew_sch,7,hockey
Familiar_Art2570,7,hockey
TallRefrigerator5322,7,hockey
Hot_Preparation4777,7,hockey
technobeeble,7,hockey
Fantastic_Charge7118,7,hockey
Patient_Virus366,7,hockey
TheYmmij1,7,hockey
Icy-Stock-5838,7,hockey
FinnSkk93,7,hockey
ChickenDestruction,7,hockey
MonsoonalRat,7,hockey
No-Wait192,7,hockey
Slow-Committee-7851,7,hockey
togocann49,7,hockey
Lo0niegardner10,7,hockey
witchyweeby,7,hockey
sofalek,7,hockey
AllDaveAllDay,7,hockey
Marvkid27,47,olympics
NotAurelStein,47,olympics
Quendillar3245,47,olympics
David93k,47,olympics
Yeeeeeeeze,47,olympics
lithdoc,47,unknown
DNF2,47,olympics
SecondDumbUsername,47,olympics
Eetah,47,olympics
Disastrous_Sun5999,47,olympics
steelandiron19,47,olympics
tissotti,0,olympics
Sveern,0,olympics
HumansNeedNotApply1,47,olympics
finalina78,47,olympics
SirLoremIpsum,47,skiing
BIGBADLENIN,47,olympics
Sotmmots,47,olympics
SavingsFew3440,0,olympics
O--rust,47,olympics
1000thusername,47,olympics
Disallowed_username,47,olympics
jordanp2019,13,Curling
Ksghost252,13,Curling
Lumpy_Customer_3136,13,Curling
Inner_Nectarine7763,12,Curling
Money-Giraffe2521,13,Curling
e8odie,13,Curling
buckeyecapsfan19,13,Curling
GoldLobster,13,Curling
realist50,13,Curling
MatiasGonzalo-Duarte,13,Curling
-WaterIsGreat-,9,olympics
ssagle,13,Curling
thex11factor,13,Curling
Sufficient_Swing_406,13,Curling
HockeyNut1994,13,Curling
Glum_Yogurtcloset481,13,Curling
DublohVII,13,Curling
Knook7,13,FigureSkating
ppParadoxx,13,Curling
glebe220,13,Curling
baltlake03,13,Curling
LEGOMyBrick,13,Curling
HillsideFC,13,Curling
iamtruerib,13,Curling
bpolo256,13,Curling
Possible-Pie4978,13,Curling
Ginger_Menace1,13,Curling
Character_Lettuce_23,13,Curling
toocoolforgg,13,Curling
mak0shark7,13,Curling
squanchy_56,13,Curling
No_March5195,13,Curling
the_state_of_kate,13,Curling
Intrepid-Tank-3414,17,olympics
yourebreakingmyballs,24,olympics
epik_fayler,17,olympics
Jonn_Jonzz_Manhunter,17,olympics
tofiwashere,70,olympics
silentorange813,70,olympics
MammothWrongdoer1242,17,olympics
Excellent_Ability793,17,olympics
SeaChele27,17,olympics
Fine-Photograph673,17,olympics
Secret-Bluebird-972,17,olympics
Honeybee0109,17,olympics
OhCrapItsAndrew,17,olympics
bluecheese2040,17,olympics
johsj,24,olympics
BrorFinnsDAbi,17,olympics
VirtualMatter2,17,olympics
thetrueGOAT,17,olympics
scattermoose,17,olympics
Oomlotte99,24,olympics
scarlet_red_samurai,24,olympics
sendyrella,17,olympics
Resident-Coffee3242,17,olympics
Busy-Carpenter-5278,17,olympics
Suboptimus,17,olympics
brrrbrrragaga,17,olympics
Morsemouse,17,olympics
windyyuna,1,olympics
benjamin_t__,2,olympics
fedeita80,71,olympics
mantaray346,71,olympics
SnooHabits6008,17,olympics
Distinct_Cod2692,17,olympics
ContentWerewolf810,0,olympics
No_Log4570,0,olympics
chunt75,0,olympics
Beautiful_Coat_9294,0,olympics
WiffyTheSuss,0,olympics
CleoV3Selene,0,olympics
fjevehksn,0,olympics
Komatoasty,0,olympics
Whyevenaskyou,0,olympics
bluediamondsm,0,olympics
Pleasant_Inspection9,27,olympics
KongRahbek,0,olympics
bouds19,0,olympics
triedit2947,13,olympics
Zoidburger_,0,olympics
youllbebeautiful,12,olympics
DilIsPickle,0,olympics
EuroStepJam,0,olympics
stereoreal2,0,olympics
___VIBEZ___,0,olympics
natedoggcata,0,olympics
LTPRWSG420,0,olympics
DisneyVista,0,olympics
heinous_anus-,0,olympics
Tommey_DE,3,biathlon
anothergreatetc,3,biathlon
Junelli,0,olympics
MicKysSlav,3,biathlon
Enjyk,3,biathlon
ChimpyChompies,3,biathlon
ritesofzhou1,3,biathlon
EGSurvivor,3,biathlon
SpareZealousideal740,3,biathlon
Klaban,3,biathlon
Pretty_Mulberry_8451,3,biathlon
junker90,3,biathlon
FighterForFreedom,3,biathlon
Xedrios,3,biathlon
Objective_Brain_3556,24,olympics
iknowyouneedahugRN,24,unknown
Nightwhisper_13,13,biathlon
Oukaria,3,biathlon
pauliinalavender,3,biathlon
Reandos,3,biathlon
JimJam4603,3,biathlon
Large_Stage4163,3,biathlon
elan108,3,biathlon
Julyssues,3,biathlon
vanillacoke191,3,biathlon
CuriousThom,3,biathlon
Low-Jicama-5419,3,biathlon
ParticularLivid9201,3,biathlon
jac297,3,biathlon
smallpotatofarmer,3,biathlon
Full-Explanation7271,3,biathlon
nicoladc_89,4,olympics
I-Mean-This-Forever,4,olympics
Mister-Psychology,2,olympics
Significant_Bear_137,4,olympics
PreviouslyMannara,4,olympics
NoobMusker69,4,olympics
RoadandHardtail,0,olympics
Robbieprimo,4,olympics
NorthBase710,16,olympics
Balc0ra,16,olympics
Ashamed_Ad_8365,16,olympics
trescuerpos23,16,olympics
theusedlu,12,FigureSkating
NanoRabbit,12,FigureSkating
qathran,12,FigureSkating
Affectionate-Item603,12,FigureSkating
stuckmustafina,0,olympics
sourcherry92,12,FigureSkating
EdTMasterZ,10,FigureSkating
Ok_Alternative2885,12,FigureSkating
gerstmoon,72,FigureSkating
silmerin,72,FigureSkating
volcano_roll,10,FigureSkating
Ok_Impression8506,0,FigureSkating
Ok-Count8492,12,FigureSkating
snickelbetches,10,FigureSkating
ChavaAyanna,12,FigureSkating
Repulsive-Seesaw8852,3,biathlon
pleasedontPM,3,biathlon
OERSAN,3,biathlon
oxygala,3,biathlon
GreyandGrumpy,3,biathlon
superdupermensch,3,biathlon
accordionshoes,3,biathlon
techsamurai11,12,FigureSkating
Geaux_1210,12,FigureSkating
Imaginary-Chard-8037,12,FigureSkating
kmw22799,12,FigureSkating
Chemical-Ocelot-9105,12,FigureSkating
Dry-Exchange2030,12,FigureSkating
Dry-Ad189,12,FigureSkating
alternativeedge7,12,FigureSkating
Edlo9596,12,FigureSkating
Ok-Explanation-4128,12,FigureSkating
TopButterscotch4196,12,FigureSkating
Butters5768,12,FigureSkating
lizzy-stix,12,FigureSkating
blanchstain,12,FigureSkating
Professional-Steak-5,10,FigureSkating
maigsy,10,FigureSkating
Cassandrae_Gemini,10,FigureSkating
perdur,31,FigureSkating
Frosty-Insurance-219,13,FigureSkating
inbookworm,31,FigureSkating
Sportyj,31,FigureSkating
capercrohnie,10,FigureSkating
bassandkitties,10,FigureSkating
Deep-Ad4741,10,FigureSkating
CraftierCrafty,10,FigureSkating
reikirunner,10,FigureSkating
Loaf713,10,FigureSkating
nolechica,10,FigureSkating
cookieaddictions,10,FigureSkating
MissMarionMac,17,FigureSkating
kat_nus,17,FigureSkating
deaddovedoeat,31,FigureSkating
vmurt,73,Curling
A-C__,73,Curling
Pender16,73,Curling
BettySwoll0cks,73,Curling
alshain49,73,Curling
Awum65,24,Curling
penthiseleia,24,Curling
hunglowbungalow,73,Curling
Mormonius,73,Curling
megaapfel,73,Curling
ShawnSimoes,13,Curling
happyscrappy,13,Curling
dinozombiesaur,13,Curling
disturbed94,24,Curling
Remarkable_Ad_7304,24,Curling
Leadboy,24,Curling
jimjhart,24,Curling
vengeeeee,73,Curling
BetLeast4943,13,Curling
Cindori,13,Curling
brianmmf,24,Curling
Microflame,24,Curling
zkqy,13,Curling
darthbane83,13,Curling
gstringstrangler,13,Curling
ARTICUNO_59,13,Curling
Muskolotive,74,Curling
EvenGur3691,74,Curling
PjeterPannos,2,unknown
julzibobz,2,olympics
andrwsc,4,olympics
Confident_Access6498,4,olympics
xrensa,4,olympics
ime1em,4,olympics
MinaCiclamina,4,unknown
ReleaseTheTrumpFiles,4,olympics
Tall-Election-7564,4,olympics
Sammysteelefit,4,olympics
Able-Lavishness373,4,olympics
GlassesOfUrza,4,olympics
WHATAREWEYELINGABOUT,4,olympics
yourethevictim,4,olympics
Due_Connection179,4,olympics
Nuggzy_News,4,olympics
Orcahhh,4,olympics
Nimonic,4,olympics
randomname_99223,4,olympics
Equivalent-Word-7691,4,olympics
QuestGalaxy,0,olympics
kinkylodes,4,olympics
wutfacer,4,olympics
Drexer_,75,olympics
Moug-10,75,olympics
xjpmhxjo,4,olympics
mochafiend,4,olympics
Regular_Hawk8513,76,olympics
Bitter_Particular_75,76,olympics
veebs7,4,olympics
Old_General_6741,24,olympics
Not_Cleaver,4,olympics
ptd163,4,olympics
TexZK,4,olympics
Any-Following6236,4,olympics
Ok-Foot-4352,4,olympics
Mission_Fart9750,4,olympics
kasenyee,4,olympics
Arneddit95,4,olympics
General_Resident_915,0,olympics
P0LC0LB0L,76,olympics
SaintArkweather,76,olympics
Specific_Coast5878,4,olympics
sampletrouts,4,olympics
FewArt2068,24,olympics
sonosempregranzo,4,olympics
Patient_Tradition294,0,olympics
Unusual_Artichoke_73,4,olympics
Myriad_Apocalypse,4,olympics
AlaskaStiletto,4,olympics
UseTheTabKey,4,olympics
Aranka_Szeretlek,4,olympics
Professional-Exam565,4,olympics
kevohreal,4,olympics
brienneofbark,12,FigureSkating
izannunciation,12,FigureSkating
tinaoe,12,FigureSkating
sapphic-nova,12,FigureSkating
RevolutionaryKey698,12,FigureSkating
lividchocoholic,12,FigureSkating
Raebelle1981,28,olympics
schattendesschicksal,12,FigureSkating
kasisma,12,FigureSkating
Icy_Childhood9941,12,FigureSkating
Adexiii,10,FigureSkating
Chu1223,22,FigureSkating
Mokkaza,12,FigureSkating
linguistchurroslover,12,FigureSkating
Civil-Championship74,12,FigureSkating
Prestigious-Pea-3453,18,FigureSkating
aginglikemilk02,18,FigureSkating
rushfolk,18,FigureSkating
Urpervyneighbor,18,FigureSkating
everythingwillbe-aok,18,FigureSkating
Emergency-Bit-8829,18,FigureSkating
CreepyPlankton6489,12,FigureSkating
Hot-Site-1882,12,FigureSkating
Shortfitking,12,FigureSkating
azssf,12,FigureSkating
Glum-Substance-3507,10,FigureSkating
bloodyslash,10,FigureSkating
Prestigious_Move8842,3,FigureSkating
Ok-Cold-3346,12,FigureSkating
segacs2,12,FigureSkating
lostkoalas,12,FigureSkating
Medium-Crazy5330,12,FigureSkating
freddythepole19,12,FigureSkating
Asleep-Project3434,12,FigureSkating
reichya,12,FigureSkating
yeehaw-girl,12,FigureSkating
mermaidshrooms,12,FigureSkating
Playful_Annual6267,77,FigureSkating
rhino_shark,77,FigureSkating
BumblebeeFantastic40,4,olympics
AdWeary5756,10,FigureSkating
angelfatal,10,FigureSkating
Then_Discipline971,12,FigureSkating
TwirlingPotatoes,12,FigureSkating
zaraoneone,12,FigureSkating
Tamarenda,10,FigureSkating
ItsAChasseNotATombe,12,FigureSkating
etherealemlyn,12,FigureSkating
blahblahlifeishard,12,FigureSkating
thankyoupapa,12,FigureSkating
5919821077131829,12,FigureSkating
Libellule808,12,FigureSkating
kaesura,12,FigureSkating
moonfairy44,12,FigureSkating
LeisurelyLoner,12,FigureSkating
athicketofmusings,12,FigureSkating
LauraKl10,12,FigureSkating
misstwizzle,12,FigureSkating
Maximum_Fortune_4800,10,FigureSkating
GodTierGasly,12,FigureSkating
Over_Function_58,0,unknown
AnxietyExpert2211,10,FigureSkating
Dear_Can_3536,12,FigureSkating
PossibleAcademic523,12,FigureSkating
Dramatic-Purple7398,12,FigureSkating
Suspicious-Contact96,13,Curling
KonKnueppel3rdNipple,13,Curling
Top_Investment1825,13,Curling
Queen_MarMar,13,Curling
harrisarah,13,Curling
goodrhymes,13,Curling
Auzou,13,Curling
bravetailor,13,Curling
Future-Ad2802,13,Curling
TCup20,13,Curling
XylemRhyme,44,Curling
11th_Plague,44,Curling
sovietdoginspace,13,Curling
missella98,13,Curling
scarrlet,13,Curling
Rust2,13,Curling
curlingcatscoffee,44,Curling
Legitimate_Buddy4806,13,Curling
No-Object2133,13,Curling
Interview-Physical,13,Curling
cafe-aulait,13,Curling
josssssh,13,Curling
CataclysmClive,13,Curling
Better_Ad_8919,24,olympics
historicusXIII,24,olympics
sandrakarr,0,olympics
i_m_sherlocked,0,olympics
DRC_Michaels,0,olympics
htt1258,0,olympics
Ninuna,47,olympics
drfrink85,0,olympics
FarSheepherder1874,0,olympics
BillsBowlBoundBaby,0,olympics
HermioneReynaChase,0,olympics
MichaelJr175,0,olympics
Peak_Alternative,0,olympics
Bitter_Context_4067,0,olympics
CrispyVibes,0,olympics
JMoon33,0,olympics
Spaceman-006,0,olympics
Midnight_java,0,olympics
pimfram,0,olympics
cfont288,0,olympics
Zunoth,0,olympics
food_scientist_,0,olympics
Strange-Koala7989,0,olympics
Able-Ad3506,0,olympics
lady_fresh,12,olympics
rollergirl77,12,olympics
Mike71586,24,olympics
PoroQuagganBob,16,olympics
Zerathulu,12,olympics
Calamari_is_Good,12,olympics
Lalakeahen,0,olympics
betaich,0,olympics
Stockton_Nash,1,olympics
BatUnlucky121,1,olympics
nephethys_telvanni,0,olympics
Riktrmai,0,olympics
TheRabb1ts,0,olympics
thumbuplhl,1,olympics
Yohnser23,12,olympics
Flaming_TigerSquid,12,olympics
Parttime-Princess,0,olympics
icerooo,0,olympics
Own-Independence8430,0,olympics
Glum_Effort6887,0,olympics
Lost_Drawer_2260,16,unknown
No-Atmosphere-5885,4,unknown
Yomatius,4,olympics
Necessary_Document_5,4,olympics
PeeWeePlox,4,olympics
pi_face_,4,olympics
bubster99,4,FigureSkating
CompetitiveOwl89,16,olympics
intractabl,78,olympics
DCSwampCreature,78,olympics
Stinkycheese8001,24,olympics
BeanEireannach,24,olympics
pak256,4,olympics
Xzero864,4,olympics
swlonely,79,olympics
HotTwist,79,olympics
ManlyEmbrace,16,olympics
Buzzerbeatmw,16,olympics
SupaButt,16,olympics
LLVforever,16,olympics
dotben,16,olympics
Friendly-Profit-8590,16,olympics
TheGreekMachine,16,olympics
noahhova,16,olympics
austin101123,16,olympics
iPoseidon_xii,12,olympics
Letsgetrich2025,16,olympics
vasquca1,16,olympics
AverageBry,16,olympics
FishySmellz,16,olympics
musing_codger,16,olympics
dantespair,16,olympics
jackofslayers,16,olympics
ODA564,16,olympics
CuteApproach,0,olympics
Mountain-Pay9668,16,olympics
Cheliz1517,16,olympics
DMmesomeboobs,0,olympics
Jazzlike_Athlete8796,0,olympics
TurbulentRain15,4,olympics
JGG5,4,olympics
ClimbRunRide,0,olympics
vaska00762,0,olympics
Sevren425,4,olympics
OkBodybuilder418,4,olympics
Cl0wnL,4,olympics
GenericAccount13579,4,olympics
listenyall,24,olympics
KimJongSoros,4,olympics
non_stop_19,0,olympics
LazyBotBlocker,4,olympics
FeldsparSalamander,0,olympics
Seraphin_Lampion,0,olympics
Teledork621,4,olympics
Extension-Toe-7027,4,olympics
Zdzisiu,4,olympics
TopInvestigator5518,4,olympics
Insectodium,4,olympics
Pleasant-Football117,4,olympics
SnowGiraffes4266,4,olympics
Chryshi,80,olympics
2EscapedCapybaras,80,unknown
AmbitionNo1601,80,olympics
Volotor,81,olympics
METALLIFE0917,81,unknown
neveks,24,olympics
chimininy,24,olympics
Fluffcake,24,olympics
Ok-Tie-2448,7,unknown
oohkt,10,olympics
HeyPurityItsMeAgain,10,FigureSkating
ddshroom,4,olympics
JaxWhitlock,4,olympics
Soupfullofradio,5,olympics
RSF24,5,olympics
Inevitable_Scene_608,4,olympics
Swammer13,14,olympics
JohnyZoom,14,olympics
lancelot48,24,olympics
Former_Current3319,24,olympics
Key-Star-4636,4,olympics
ialo00130,9,olympics
Zeckzeckzeck,24,olympics
Ok-Improvement-9421,14,olympics
ShenanigansYes,9,olympics
Gbeto,14,olympics
CantFeelMyToesAgain,9,olympics
Upbeat-Armadillo1756,24,olympics
Effective-Door-3409,4,olympics
TheKage,4,olympics
Bxrtek,3,biathlon
Few_Customer_6266,3,biathlon
Pristine_Character_6,1,olympics
stefanointelisano,67,unknown
Easy_Welcome_9142,67,olympics
GayDrWhoNut,12,olympics
ClementineMontauk,0,olympics
wolverine237,2,olympics
Artiefartie72,2,olympics
PassAppropriate5891,2,olympics
Upstairs-Chicken592,2,olympics
mangoserpent,2,olympics
znark,12,olympics
requinmarteau,2,olympics
TourDuhFrance,5,olympics
mzp3256,44,olympics
Montgomes,2,olympics
OneLittleMoment,12,FigureSkating
Inside-Box-4274,12,FigureSkating
GoodNewsorBad,12,FigureSkating
ResolutionNo5039,12,FigureSkating
No-Efficiency7978,12,FigureSkating
astraetoiles,12,FigureSkating
exceenly,12,FigureSkating
jonquil_dress,12,FigureSkating
CRAZY_BROCC0LI77,12,FigureSkating
genetierneys,12,FigureSkating
gdmcrjunkie,12,FigureSkating
Human25920,12,FigureSkating
Turbulent-Piccolo429,12,FigureSkating
AsianInfiltration,12,FigureSkating
InitialMango4742,12,FigureSkating
WitnessEntire,10,FigureSkating
ttamarakb,82,FigureSkating
Glove_Upset,82,FigureSkating
hitch42hiker,10,FigureSkating
thelorelai,12,FigureSkating
lorenacorina,12,FigureSkating
mars888999,83,FigureSkating
Sadspookyghost,83,FigureSkating
Unlikely_Candidate_1,12,FigureSkating
DontHitDaddy,12,FigureSkating
Existing-Astronaut80,12,FigureSkating
Repulsive_Drink3427,12,FigureSkating
CurbYourThusiasm,0,olympics
Concerned_ctzn_AB,0,olympics
SentientSTD,0,olympics
novacantusername,0,olympics
EskilPotet,0,olympics
labadee,0,olympics
beardyman96,13,olympics
CockyBellend,13,Curling
Durian-Critical,0,unknown
Prestisjebig,0,olympics
Personal_Camel_2417,0,olympics
stockybloke,0,olympics
RockOutToThis,0,olympics
LaPizzo,3,olympics
dromtrund,35,olympics
geeweeze,0,olympics
sabelsvans,17,olympics
jettmann22,4,olympics
MeatTornado25,0,olympics
tommhans,0,olympics
benchley,0,olympics
Rough-Shock7053,0,olympics
Mindraven,24,olympics
Inconceivable76,0,olympics
DadKnightBegins,3,olympics
ElHoboLoco,3,olympics
LastWalker,0,olympics
CojanglesDMK,0,olympics
Bat8Rac,0,olympics
Skytho1990,3,olympics
HorseBellies,0,olympics
Ravekat1,0,olympics
sewalker723,24,olympics
kirbysdream,0,olympics
I_Saw_Your_Underware,0,olympics
Lolxgdrei787,2,olympics
ChristofferOslo,0,olympics
hyakumanben,0,olympics
abgry_krakow87,35,olympics
WorldsOkayestPastor,7,hockey
Gnome_de_Plume,7,hockey
Square_Post_380,7,hockey
DR0516,7,hockey
Alone---Together,7,hockey
feintplus1,7,hockey
lymnaea,7,hockey
Traditional_Ad2673,7,hockey
BuyAllTheTaquitos,7,hockey
littlebigpigg,7,hockey
fishflo,7,hockey
One-Mall-624,7,hockey
theorangecrush10,7,hockey
Silent-Fishing-7937,0,hockey
citizenkane86,7,hockey
TastefullySwollen,7,hockey
NoXEEEQwLL,0,hockey
DagetAwayMaN421,7,hockey
jakota_doshua,7,hockey
Curling-ModTeam,67,Curling
ica_basic_gin,67,Curling
Shoddy-Fan-584,16,unknown
atimidtempest,12,FigureSkating
PsychologicalPlum961,12,FigureSkating
serawyo,12,FigureSkating
CaramelHappyTree,12,FigureSkating
Nopenopenope00000001,12,FigureSkating
Significant_Fox_6525,84,FigureSkating
ciaogatto,84,FigureSkating
mmilky_wayy,12,FigureSkating
Much_Dog_4591,12,FigureSkating
ShortAd9621,12,FigureSkating
Guilty-Vermicelli320,12,FigureSkating
TsarinaOfHearts,12,FigureSkating
v-punen,12,FigureSkating
hihelloneighboroonie,12,FigureSkating
darthkardashian,12,FigureSkating
sunflwr36,12,FigureSkating
britneys_topknot,10,FigureSkating
PerspectiveEven9928,10,FigureSkating
donutcapriccio,12,FigureSkating
mikazukirock,85,FigureSkating
dodgerswschamps_2020,85,FigureSkating
lokicat31,10,FigureSkating
Hot-Hospital4112,12,FigureSkating
Rhakhelle,10,FigureSkating
MAT-HAR,15,olympics
613TheEvil,15,olympics
lingeringneutrophil,15,FigureSkating
Phadin,15,olympics
victimofmygreatness,24,olympics
Mikadook,24,olympics
PresidentBearCub,24,olympics
Lord_Olchu,24,olympics
GogglesPisano,24,olympics
Natural_Bumblebee920,24,olympics
SpaceBall330,4,olympics
Prometheus_sword,5,olympics
squeda,5,olympics
AggressiveAnything,24,olympics
Ruhrgebietheld,24,olympics
GirlnextDior,4,olympics
UtilisateurMoyen99,24,olympics
Tommy_Wisseau_burner,24,olympics
poolshaped,24,olympics
Ilikesports2432,0,olympics
FoxMiserable2848,24,olympics
NintenDooM33,24,olympics
Leaf_blower_chipmunk,24,olympics
phatninjas,24,olympics
Always_Uphill,24,olympics
Prof_Scott_Steiner,49,hockey
Apart-Put-9392,49,hockey
AfroInfo,49,hockey
WeirdGuyOnTheTrain,49,hockey
a_b_c__def,18,snowboarding
Happy-Strength-6335,18,snowboarding
australianquiche,18,snowboarding
Gor-texCondom,18,snowboarding
mixmastamikal,18,snowboarding
Hurley_Cub_2014,18,snowboarding
GIANTG,18,snowboarding
hungryjerks,18,snowboarding
svezia,18,snowboarding
br8king5349,18,snowboarding
master-shredder6969,18,snowboarding
Malvania,18,snowboarding
Shift642,18,snowboarding
Narpity,18,snowboarding
SignificantMap2743,18,snowboarding
_Mulberry__,18,snowboarding
chrissie_boy,3,biathlon
JustAnotherSimpleMan,3,biathlon
thegreatbasket,3,biathlon
glennccc,3,biathlon
CharlesNapalm,3,biathlon
HilMir_Kar,5,hockey
c0sm0nautt,5,hockey
R-U-ME-OR-M-I-U,5,hockey
popcarnie,5,hockey
fane_above_all,5,hockey
Aigiokhos,5,hockey
dayumgurl1,5,hockey
klitchell,5,hockey
Sodass,5,hockey
BigUptokes,5,hockey
WhipTheLlama,5,hockey
StandYourGroundhog,8,hockey
hotbread1,8,hockey
PaddyMayonaise,5,hockey
Urban_Heretic,5,hockey
bearskito,5,hockey
Naive-Routine9332,5,hockey
manhattansinks,5,hockey
ter_ehh,5,hockey
OneMoreAstronaut,5,hockey
TheDogerus,9,hockey
Big_Mudd,5,hockey
golowgogolf,5,hockey
Hockeylovinghonky,5,hockey
Boring_Pace5158,5,hockey
chocotripchip,5,hockey
bankrobba,5,hockey
Bennely,5,hockey
PhilTickles0n,5,hockey
jwheelerBC,5,hockey
Micah_JD,5,hockey
stoneman9284,5,hockey
HVCanuck,5,hockey
OneChet,5,hockey
elmercoonhound,5,hockey
BigTreeSmallBranch,5,hockey
fastal_12147,14,hockey
7Streetfreak6,5,hockey
FatWreckords,5,hockey
O_C_Demon,8,hockey
GardinerExpressway,5,hockey
Major_Hovercraft4471,5,hockey
northernpace,7,hockey
hrubous_,5,hockey
frecklebellymadtom,5,hockey
WeAllThrowBricks,5,hockey
WandererMount,5,hockey
redittjoe,5,hockey
Greenforaday,5,hockey
Beneficial_Brief_759,5,hockey
Non-Conventionnel-77,86,olympics
SawWhetOwl,86,olympics
NYC-Golf-Watch-Music,13,Curling
Hot-Bit-565,13,Curling
tuftabeet,13,Curling
bpomber,13,Curling
yguns031,13,Curling
PaperPlaneMind,24,Curling
tigers101212,13,Curling
Femboy_Harem,13,Curling
BeautifulNice1979,13,Curling
anca1997,13,Curling
AnderPPudding,13,Curling
tinsti,13,Curling
Tattieee,13,Curling
LaZyCrO,13,Curling
Optimal-Progress4917,13,Curling
Airplane_Bottle,13,Curling
INAC___Kramerica,13,Curling
puckstop101,13,Curling
kingkong198854,13,Curling
Minimum-Search-286,13,Curling
SameFoot5396,13,Curling
curling_rocks,13,Curling
RealisticBoss1586,3,biathlon
Sad-Cabinet4625,3,biathlon
Consistent-Trust4400,3,biathlon
De__Gambassi,3,biathlon
Valmoer,3,biathlon
chewbawkaw,87,skiing
_D80Buckeye,87,skiing
Kolbin8tor,87,skiing
prisongovernor,87,unknown
musicandsex,87,skiing
cft4nh,87,skiing
PersimmonNo3558,0,olympics
The_Blue_Rooster,0,olympics
Mida5Touch,0,olympics
ponte92,0,olympics
Hansemannn,0,olympics
kwattsfo,0,olympics
Gravien,0,olympics
liveforeachmoon,0,olympics
LazyDocument4528,0,olympics
bdzz,0,olympics
Yuseichaaan13,0,olympics
CheezTips,0,olympics
3rd_Coast,0,olympics
peanut-britle-latte,11,olympics
euclid0472,0,olympics
JKC_due,0,olympics
randomrando0101,0,olympics
OhThatsAustin,0,olympics
CatLords,0,olympics
AUGUST_BURNS_REDDIT,5,olympics
shadowmaster132,5,olympics
oskich,5,olympics
Rossum81,5,olympics
GentleWhiteGiant,5,olympics
Andrew_Waples,5,olympics
Snebgloo,3,biathlon
Gusmon,3,biathlon
trankzen,3,biathlon
uptovigilanteshit,3,biathlon
Azerkablam,16,unknown
JohnnyTZone,16,olympics
Physical_Aide5509,12,unknown
IlSace,12,olympics
Hawkbats_rule,24,olympics
GroundbreakingAd1223,24,olympics
HunterBiden_yeah,24,olympics
OrganizationGood9676,24,olympics
Picardy79,24,olympics
freifraufischer,24,olympics
aapolloc,24,unknown
HowDareThey1970,24,olympics
aah1310,24,olympics
ProtonPizza,24,olympics
mllegisele,24,olympics
rockyponds,24,olympics
ACW1129,24,olympics
WhiteOleander1992,12,FigureSkating
olive_2319,12,FigureSkating
ImpossibleGeometri,10,FigureSkating
jphnyc5678,1,olympics
ALittleStitious1027,88,FigureSkating
KimchiPandaYT,88,FigureSkating
Single-Negotiation41,12,FigureSkating
nocturnalis,31,FigureSkating
RollLongjumping6920,12,FigureSkating
sarahz04,31,FigureSkating
Legal_Sport_2399,31,FigureSkating
gowonagin,89,olympics
Vanilla_Either,89,olympics
theindependentonline,89,unknown
Ardentiat,10,FigureSkating
Celine_Cat,10,FigureSkating
Professional-Belt573,10,FigureSkating
Peanut_Noyurr,10,FigureSkating
ResultRecent6254,10,FigureSkating
i3v4kk,10,FigureSkating
Delicious_Tip_8678,10,FigureSkating
Own_Look_7906,10,FigureSkating
Teerunesh,10,FigureSkating
CommissionIcy,10,FigureSkating
penicilliumm,12,FigureSkating
Boonsweet,44,olympics
carrolliii,16,olympics
shartmaister,16,olympics
Mindless-Command5107,24,olympics
adamu980,2,olympics
Economy_Link4609,16,olympics
LurkerDude0,16,olympics
tanksplease,24,olympics
Jono_Scraggles,24,olympics
No-Nonsense-Please,24,olympics
doesntmatterxdxd,24,olympics
Better-Temporary-146,24,olympics
Sandberg231984,24,olympics
GrayBeardBoardGamer,24,olympics
Imaginary_Agent2564,24,olympics
ThisRiverIsWild_,24,olympics
softishviking,24,olympics
beantherio,24,olympics
aamgdp,7,olympics
CalebosO4,9,hockey
vanillaacid,7,hockey
JohnmcFox,9,hockey
NickdoesnthaveReddit,7,hockey
UniqueName15,7,hockey
j0n68,7,hockey
darelylgl,7,hockey
ytew6,9,hockey
the_gaymer_girl,7,hockey
SquidsCan,9,hockey
abbytarar,7,hockey
North_Moravian,9,hockey
WayfarerCZ,7,hockey
Jwarrior521,7,hockey
Infinite44Reward,14,hockey
Chris4Hawks,14,hockey
Napalm3nema,14,hockey
Falcons-Panthers1607,14,hockey
Aggressive-Rub-8344,14,hockey
twiggz612,14,hockey
DavelPatsyuk13,14,hockey
oceanic8675,14,hockey
Important-Shower-183,1,olympics
NeatSuspicious655,1,olympics
Holiday_Parsnip_9841,0,olympics
rookie-mistake,0,olympics
AlexTheNMacedonian,1,olympics
-GenghisJohn-,14,olympics
Tweakler57,1,olympics
Rogue_Gona,24,olympics
Pokemon_Trainer_May,13,olympics
SomeJayForToday,24,olympics
HottieMcHotHot,2,olympics
Suggie876,24,olympics
Direct-Efficiency741,1,olympics
bradtheinvincible,0,olympics
tthousand,0,olympics
nardling_13,0,olympics
New_College360,0,olympics
UserAccountBanned,1,olympics
juliuspepperwoodchi,24,olympics
extrapartytime,1,olympics
ColumbiaProvidence,1,olympics
Madeyoublockme,24,olympics
Eastern-Hamster-5050,1,olympics
Deathstroke317,24,olympics
Critical-Bug4077,24,olympics
jjumbuck,24,olympics
washingtonpost,24,olympics
axecalibur,24,olympics
Intelligent-Luck-954,24,olympics
personAAA,24,olympics
curepure,0,olympics
melodramaticmoon,24,olympics
Drdonkeyballs,24,olympics
mexicanlizards,24,olympics
FigureSkatingisCool,24,olympics
s00pafly,24,olympics
sgr28,24,olympics
Brewingjeans,24,olympics
notjustsome-all,24,olympics
Critical_Gas_2590,24,olympics
milkshakecabinet,24,olympics
sceddit,24,olympics
watchark,24,olympics
SMVan,24,olympics
Spaghettivreter96,24,olympics
s_edinfiggle,24,olympics
ccboss69,24,olympics
Hanhula,24,olympics
i-am-the-walrus789,24,olympics
Shobed,24,olympics
savy9,24,olympics
ILikeDoingStuff69420,24,olympics
Red_wine77,24,olympics
Blitzdog416,24,olympics
Black_Otter,24,olympics
Slimmanoman,24,olympics
wreck0,24,olympics
GazonkFoo,24,olympics
jackattack108,24,olympics
InterestingAd3728,24,olympics
GharlieConCarne,24,olympics
gensererme,24,olympics
Baksteen-13,24,olympics
himan222,24,olympics
captainfalcon93,24,olympics
sir-shaft,24,olympics
Wakez11,24,olympics
Gerf93,24,olympics
Certain_Name_7952,24,olympics
SGT_Mark,24,olympics
Objective-Refuse-533,24,olympics
Long_Mixture5708,24,olympics
Coffeeey,24,olympics
TriceratopsHunter,24,olympics
NewAccountEachYear,24,olympics
Sensitive_Comfort634,24,olympics
once_too,24,olympics
ampmz,24,olympics
DtheS,13,Curling
Raja_Ampat,44,olympics
komplicirana,10,FigureSkating
cuntinspring,10,FigureSkating
Downtown-Ice-5031,12,FigureSkating
ok_soooo,12,FigureSkating
ShouldBeASavage,10,FigureSkating
Focus-Agile,10,FigureSkating
Sports_Lorry,12,FigureSkating
singinglupines,12,FigureSkating
Historical_Light_730,12,FigureSkating
PinappBaby,12,FigureSkating
Vegetable_Ear_8440,12,FigureSkating
FalseData989,12,FigureSkating
Seafinluver,12,FigureSkating
NefariousnessNo9202,14,FigureSkating
Defiant_Surround_95,12,FigureSkating
Mundane-Bug-4962,10,FigureSkating
Crow-Sea,14,FigureSkating
Intelligent_Toe_2115,12,FigureSkating
MasterpieceSea7722,12,FigureSkating
Proper-Background-70,12,FigureSkating
kemmes7,14,FigureSkating
ArtSmass,8,hockey
Paper_Rain,8,hockey
Mash709,8,hockey
nanana_catdad,8,hockey
ToothPlayful770,8,hockey
Dod93_,8,hockey
MisterProfGuy,8,hockey
Kgis,8,hockey
FrenchPagan,7,hockey
Aplazing,8,hockey
FormerInstruction745,8,hockey
pullingahead,8,hockey
any_old_usernam,8,hockey
twofactorial,8,hockey
Ok-Accident-9026,8,hockey
RandomThrowNick,14,olympics
Jegeren,14,olympics
stammerton,14,hockey
mtntodesert,14,olympics
Immediate_Pickle_788,14,olympics
NedMerril,14,olympics
Fancy-Neighborhood74,12,FigureSkating
Writer_Elliot,12,FigureSkating
Alessio_Marchesi,10,FigureSkating
ivy-covered,14,FigureSkating
tiddymctitface,12,FigureSkating
kajam13,14,FigureSkating
LateAdhesiveness6926,12,FigureSkating
das4111,12,FigureSkating
Superb_Anxiety_1464,12,FigureSkating
earlgreyalmondmilk,12,FigureSkating
Straight_Number5661,12,FigureSkating
Difficult_Iron2747,12,FigureSkating
Nastypav12,12,FigureSkating
lizaholec,12,FigureSkating
floppypiranna,12,FigureSkating
black-turtlenecks,12,FigureSkating
margosaur,12,FigureSkating
riointhesky,12,FigureSkating
kuroi_suzume,12,FigureSkating
swissmiss_76,12,FigureSkating
pistoldottir,12,FigureSkating
KawaiiChan68,12,FigureSkating
humanconnection101,10,olympics
Future-Funny-2038,27,olympics
No-Procedure5938,27,olympics
CombinationExpert714,27,olympics
GagLV,27,olympics
Master-Baiter279,27,olympics
PlanetSeaShells,27,olympics
EllenTyrell,2,olympics
mw_CH,27,olympics
notnot_randomuser,27,olympics
Budget_Fig_9977,21,FigureSkating
Cass_Cat952,21,unknown
Professional-Use-373,21,FigureSkating
burnsatthestake,21,FigureSkating
2BitSalute,21,FigureSkating
Brilliant_Fishing400,21,FigureSkating
bassfisher556,21,FigureSkating
Unlikely_Block6691,21,FigureSkating
TheG0at23,21,FigureSkating
DelaraPorter,10,FigureSkating
Euphoric_Gene_2103,10,FigureSkating
Mirage524,21,FigureSkating
Big-Ad2008,21,FigureSkating
Ok-Significance-4174,21,FigureSkating
rcktick,21,FigureSkating
rwwolma,21,FigureSkating
No-Spend8480,21,FigureSkating
lambrogina,21,FigureSkating
m_ayannk,12,FigureSkating
MyBackHurts5265,21,FigureSkating
BettyFosterRamsey,12,FigureSkating
Usual_Court_8859,12,FigureSkating
esetonline,21,FigureSkating
SVNDEVISTVN,21,FigureSkating
Outrageous-Start6409,21,FigureSkating
Dalecoopersdream,21,FigureSkating
nommabelle,12,FigureSkating
Normal-Reputation911,12,FigureSkating
Desperate-Sundae-525,10,FigureSkating
oncetwice1020,10,FigureSkating
mistyx13,10,FigureSkating
Effective_Fall_5225,10,FigureSkating
ElegantEnd2533,10,FigureSkating
loobroo,10,FigureSkating
Altruistic_Nail_3467,10,FigureSkating
jacqueminots,10,FigureSkating
remoteworker9,10,FigureSkating
That-Ad-4791,10,FigureSkating
Dry-Place-2986,10,FigureSkating
projectofsparethings,0,olympics
ragejay_,0,olympics
Waystar_BluthCo,0,olympics
DozingUnderTheSun,12,FigureSkating
Spiritual_Worth8771,13,Curling
FleetSeb,13,Curling
NullPointer0011,13,Curling
Dry_Shift3555,13,Curling
lavender_legend,13,Curling
dinosaurzez,13,Curling
CompetitiveAd1226,13,Curling
Necessary_Winter_808,13,Curling
NetAnon579,13,Curling
wolfewingedbug,13,Curling
Both_Perception_1941,13,Curling
mrbootawarrior,13,Curling
CAGolf8,7,Curling
Weekly-Midnight7174,7,hockey
seraphultima,13,Curling
szazzafrazz,13,Curling
Wafflesorbust,13,Curling
flyingflail,13,Curling
RuSTeR1971,13,Curling
MathematicianLong880,0,olympics
Few-Employment-2673,90,hockey
HardcoreZombieExpert,90,olympics
Canadian_Z,31,olympics
SageLeaf1,0,olympics
scintillatingseaweed,0,olympics
memymomeddit,0,olympics
tyderian,0,olympics
MateosCollections,0,olympics
Pseudonova,91,olympics
ElleM848645,91,olympics
Saucey-jack,0,olympics
anglophile20,0,olympics
TA818,0,olympics
BigE429,0,olympics
bigowies,0,olympics
mollyologist,0,olympics
Thu66,0,olympics
SeeYouInHellCandyBoy,2,olympics
coffeeshopslut,0,olympics
PaleConsideration516,0,olympics
RocketCat921,0,FigureSkating
Outside_Bobcat_6658,0,olympics
jonbearpig,47,olympics
susususussudio,0,olympics
Conscious_Pea_2287,3,biathlon
BasicOlive,3,biathlon
NineIntsNails,3,biathlon
Odd-Ideal6562,3,biathlon
Abject-Ad7787,3,biathlon
smaragdskyar,3,biathlon
Tielsie,3,biathlon
the_mighty_jim,3,biathlon
Greenfox_1002,3,biathlon
BurakBoerek,3,biathlon
luisshadow1,3,biathlon
Ok_Parsnip7079,3,biathlon
ocean_888_,10,FigureSkating
CobblerCandid998,10,FigureSkating
Right_Pack_6346,10,FigureSkating
Sodapop3_,10,FigureSkating
LordZZZ12345,10,FigureSkating
ExcuseYou-What,10,FigureSkating
Phantom_Pain_Sux,10,FigureSkating
starry101,10,FigureSkating
szedina,10,FigureSkating
Human_Assistance7849,10,FigureSkating
AoiTsukino,10,FigureSkating
missgirlipop,10,FigureSkating
Designer_Ad_6990,12,FigureSkating
Original_Opposite_40,12,FigureSkating
WildAd9127,10,FigureSkating
skategr8_65,10,FigureSkating
sabisabiko,10,FigureSkating
NegotiationFeisty936,10,FigureSkating
pocptz,10,FigureSkating
Fantastic_Fig_8559,10,FigureSkating
Turbulent_Gift_7297,10,FigureSkating
grunt1533894,10,FigureSkating
hion_8978,10,FigureSkating
Raumfahrerin,12,FigureSkating
Athenasumeru,10,FigureSkating
CelestialKitty7,10,FigureSkating
Smobasaurus,10,FigureSkating
NetheriteTiara,10,olympics
notnotblonde,10,FigureSkating
Dragoorna,12,FigureSkating
SailorPizza1107,10,FigureSkating
Flat_Economics_4562,10,FigureSkating
mandalf3000,10,FigureSkating
CoffeeCat77,12,FigureSkating
wildbeest55,10,FigureSkating
Kindly-Plate-5785,10,FigureSkating
Relative-Fox7079,10,FigureSkating
Automatic-Truck4908,47,FigureSkating
Money_Assist4722,10,FigureSkating
lwgu,10,FigureSkating
Mysterious-Bee-9792,10,FigureSkating
renjunation,10,FigureSkating
UBIcurious,10,FigureSkating
Cute_Helicopter_2406,10,FigureSkating
lewisjz,10,FigureSkating
violaki,10,FigureSkating
glossedrock,10,FigureSkating
RapsStudSpotter,10,FigureSkating
Any-Marzipan-4421,10,FigureSkating
aspennfairy,10,FigureSkating
lancernolancing,10,FigureSkating
BanishedMermaid,10,FigureSkating
NeonPistacchio,10,FigureSkating
laffytaffy55,10,FigureSkating
Blue_colors25,10,FigureSkating
Ordinary_Bid_7053,10,FigureSkating
SeeTheSeaInUDP,10,FigureSkating
Interesting_Fly1696,10,FigureSkating
kylohkay,11,FigureSkating
Impactor_07,0,olympics
Formal-Radish1413,0,olympics
Double_Resort_9223,0,olympics
Brick-Foreign,0,unknown
Spartan04,20,olympics
GoodDayMyFineFellow,0,olympics
mouser1991,0,FigureSkating
BrialaNovera,18,FigureSkating
miraclesofthursday,12,FigureSkating
florange7,12,FigureSkating
Outside-Net-2655,44,hockey
bobbimorses,44,hockey
Asto_Vidatu,8,hockey
kloti38,44,hockey
Richdark,44,hockey
think_long,8,hockey
Salt-Ride1026,8,hockey
EmTeeEl,8,hockey
IntelligentOlive4415,8,hockey
frequent_changeling,8,hockey
ViperRaven,44,hockey
hotstickywaffle,8,hockey
rexsk1234,8,hockey
Neamow,8,hockey
KoalaBackground1865,44,hockey
Mato12703,44,hockey
ExtensionParsley4205,8,hockey
No_Fee1458,8,hockey
DoubleDimension,16,olympics
kokokobop,11,olympics
Strong-Seaweed-8768,16,olympics
lightningmatt,28,hockey
The_Rational_Gooner,28,olympics
tenzindolma2047,16,olympics
rustyb42,20,olympics
Illustrious-Fee5670,20,olympics
number1alien,20,olympics
jeanpauljh,20,olympics
Pretty_Marsh,20,olympics
whidbeysounder,20,olympics
CompetitiveArtichoke,20,olympics
discographyA,2,olympics
GurraJG,20,olympics
r__w__s,20,olympics
ratapignata,10,olympics
geewillie,20,olympics
BrusselSproutsLove,12,FigureSkating
phedrebeth,12,unknown
BBQ_Becky,12,FigureSkating
nizari-spirit,12,FigureSkating
a-mathemagician,12,FigureSkating
Loose_Towel_3502,12,FigureSkating
bobcat242,12,FigureSkating
trueinsideedge,12,FigureSkating
HenryClay1850,12,FigureSkating
heyhelloyuyu,12,FigureSkating
ChessOnIce,13,Curling
dadtheimpaler,13,Curling
gschiltz,13,unknown
misplaced_islander,13,Curling
Fit-Huckleberry1754,13,Curling
spurcap29,13,Curling
Delicious-Income2162,13,Curling
mlippay,24,olympics
reuters,24,unknown
GetTheFactsHTV,12,unknown
Own_Result3651,7,hockey
punkdrummer22,7,hockey
Ok_Passage_7151,7,hockey
daifanshi,7,hockey
PrinciplesRK,7,hockey
eltuna3636,7,hockey
Usernome1,7,hockey
Orionite,7,hockey
NZafe,7,hockey
TexasRoadhead,7,hockey
Ok-Price-2337,7,hockey
Fanvsant,7,olympics
Donner_Par_Tea_House,7,hockey
FloralAlyssa,7,hockey
SeaworthinessOpen190,7,hockey
Hyphophysis,7,hockey
TevecQ,7,hockey
ResidentSpirit4220,7,hockey
atomiicpumpkiin,7,hockey
Trumpets5,7,hockey
ohhitherewhatsupp,7,hockey
cloudyrabbit0,7,hockey
xHOLOxTHExWOLFx,7,hockey
9yr0ld,7,hockey
HenrikCrown,7,hockey
SetLevel4821,7,hockey
haseks_adductor,7,hockey
PavWrestlinGifs,7,hockey
EweCantTouchThis,7,hockey
Ok-Ideal9009,7,hockey
metrichustle,7,hockey
2014olympicgold,7,hockey
a_la_nuit,7,hockey
NurdleTeck,7,hockey
moxyfloxacin91,7,hockey
Sebastian4365,7,hockey
Himera71,7,hockey
Top-Ear-7959,17,olympics
RostislavVenediktov,17,olympics
lillyjoyce2000,17,olympics
AndAwayWeGo_,17,olympics
SDBadKitty,17,olympics
avaacc77,17,olympics
sweat84,17,olympics
Diarygirl,17,olympics
snowbunbun,17,olympics
labtech67,17,olympics
SugarVast,17,olympics
Northeast-Ninja,25,olympics
Vancouverreader80,25,olympics
Affectionate-Panic-1,25,olympics
ksz83,25,olympics
apaintedhome,25,olympics
RoniaRobbersDaughter,25,olympics
Commercial-Mess7134,25,olympics
ND7020,25,olympics
ravenonawire,17,olympics
Laura_2222,25,olympics
ParsnipNaive8494,25,olympics
SonicSarge,0,olympics
fiend42,25,olympics
assaub,25,olympics
RealPoochZie,14,hockey
coinfanking,16,unknown
WildGardening,16,olympics
nhl,25,unknown
roozer94,25,hockey
Bremics,25,hockey
TattleTits22,5,hockey
AppealToReason16,25,hockey
Lyderhorn,0,olympics
L1onhear7,17,olympics
DPSOnly,17,olympics
tron_1979,17,olympics
Throwaway487232,24,olympics
theatlantic,24,olympics
ThreeMarmots,24,olympics
jonny99kaplan,24,olympics
juliegnh,24,olympics
956chubbs,24,olympics
sports-ports-orts,24,olympics
miserlou,24,olympics
abcnews_au,16,olympics
anneofgraygardens,16,olympics
Lingonberry_Born,16,olympics
Free_Farm_7736,16,olympics
owleaf,24,olympics
RebootJobs,16,olympics
Orcasgt22,16,olympics
royal_Bishop,5,hockey
Equivalent-Pain-86,5,hockey
MW684QC,5,unknown
Parallel-Quality,5,hockey
KrabbyBoiz,5,hockey
1stopvac,5,hockey
Independent-Market31,5,hockey
Vikk_Vinegar,5,hockey
JCAMAR0S117,4,olympics
HidingPants,4,unknown
Bobby6kennedy,4,olympics
hwidjcd,4,olympics
Adventurous-Salt5986,4,olympics
nola_bleu,4,olympics
VoightofReason,13,Curling
feb914,13,unknown
Roscoe_King,24,olympics
FluffyRogue,17,olympics
IndividualAthlete313,17,olympics
Major-Frosting-6286,17,olympics
ScoobyDone,17,olympics
ivarokosbitch,17,olympics
Artistic-Dirt-3199,17,olympics
New-Adhesiveness8606,17,olympics
marykey08,17,olympics
IJustMadeBananaBread,17,olympics
Goldiloxbrowsing,17,olympics
ConversationNo9592,17,olympics
SmaugTheMagnificent-,17,olympics
StrikingOutcome71,17,olympics
cclarke1258,17,olympics
Morganvegas,17,olympics
RmdRik,17,olympics
bynaryum,24,olympics
rjchute,24,olympics
Ethnafia_125,17,olympics
aebaby7071,17,olympics
ToweringTulips,17,olympics
Number1OchoaHater,17,olympics
ekkidee,17,olympics
AMoegg,17,olympics
Glass-Information-87,17,olympics
Zombiejesus307,17,olympics
icedcoffee4eva,17,olympics
grandmawaffles,17,olympics
RitaRaccoon,17,olympics
TikiBikini1984,17,olympics
zubairhamed,17,olympics
planchetflaw,17,olympics
chinesenaples,17,olympics
bopaqod,13,Curling
Western_Ad_445,13,Curling
moosene,13,Curling
nelsosi,13,Curling
bigt2k4,13,Curling
UltraHippo1,13,Curling
kevingh92,13,Curling
Wide_Understanding70,13,Curling
artfulx,13,Curling
CurlyJohnny,13,Curling
Terziak,13,Curling
Mednala,13,Curling
_Sebastian_91_,13,Curling
uheardmepunchy,13,Curling
Venat,13,Curling
quantumhovercraft,13,Curling
Korvensuu,13,Curling
Outside_Hope_3383,13,Curling
OutsideScaresMe,13,Curling
willis1988,13,Curling
SimpleChemist,13,Curling
hmf1987,13,Curling
ooitsmagic88,13,Curling
poorguy55,13,Curling
__Tinymel,13,Curling
po8crg,24,olympics
wombocombo27,0,olympics
nydayum,0,olympics
RHunter892,0,olympics
GodDuckman,0,olympics
pumpingbomba,0,olympics
bloodyturtle,0,FigureSkating
Fit_Abroad_4465,17,olympics
weirdpastanoki,0,olympics
ZzzSleepyheadzzZ,0,olympics
Formal-Departure-311,0,olympics
Lilthisarry,0,olympics
Pasan90,0,olympics
Opening_Ad7004,0,olympics
oshinla,0,olympics
mbauer8286,0,olympics
MistahPresidente,0,olympics
BASEBALLFURIES,0,olympics
HockeyDockey1234,0,olympics
Glum-Ad8210,0,olympics
TheKnotIsSlipping,92,olympics
redmch257,92,olympics
JesusRollerBlading,0,olympics
PruPlaysGames,11,olympics
mweszty,11,olympics
East_Feature7219,11,olympics
SharpCicada,11,olympics
jstoeb,11,olympics
DannyQ3913,11,olympics
moosemachete,11,olympics
EmbarrassedBag3,0,olympics
triforce4392,25,hockey
MrEdricDoo,25,biathlon
internet_observer,25,skiing
Unable-Fly-187,3,biathlon
JohnyBull,3,biathlon
Big-Temperature-7956,3,biathlon
ThrowRA_snitchwitch,3,biathlon
Ted_Lavie,3,biathlon
North_Shock5099,3,biathlon
DeusMachinea,3,biathlon
PlanetaryAssist,3,biathlon
mvBommel1974,3,biathlon
RusselNoahPeters,3,biathlon
Sea-Volume-7214,3,biathlon
lehmx,3,biathlon
louanita,3,biathlon
National-Gap-3309,3,biathlon
pmuta,3,biathlon
Low-Inevitable-1981,3,biathlon
Traditional-Ride-116,3,biathlon
AlstottsNeckGuard,7,hockey
anarfox_,24,unknown
EvenMoreCoconuts,24,olympics
_Halt19_,24,olympics
CommanderInQueefs,24,olympics
FlyingOctopus53,24,olympics
TheToroReddit,24,olympics
Commercial-Set3527,24,olympics
BlueLightBandit,24,olympics
goosetavo2013,24,olympics
OkMech,24,olympics
manneukko,24,olympics
miss-chips1991,24,olympics
JohnCenaJunior,24,olympics
NutmegManwithbigsack,24,olympics
erect_dragonly,24,olympics
xyzmaximoff,24,olympics
Interesting_Button60,24,olympics
Material-Hurry-4135,24,olympics
TheCABK,24,olympics
Smart_Perspective535,24,olympics
Jargif10,24,olympics
blchpmnk,24,olympics
TheRealtcSpears,24,olympics
Jerekott,24,olympics
agreathandle,24,olympics
Wheeljack7799,24,olympics
rlyx6x,24,olympics
OPsDaddy,24,olympics
ZLUCremisi,24,olympics
nalam8493,24,olympics
Realistic_Try7123,24,olympics
Antique-Tone-1145,24,olympics
Maleficent_Guide_708,24,olympics
Zalbo_,24,olympics
VenusHalley,12,FigureSkating
Ambitious_Waltz_5927,12,FigureSkating
carpenoctemx,20,FigureSkating
bloop7676,12,FigureSkating
ponypav,10,FigureSkating
Select_Jelly_5820,12,FigureSkating
This_Cryptographer76,12,FigureSkating
JoshTHX,12,FigureSkating
plumblossomhours,12,FigureSkating
Uno-Flip,12,FigureSkating
Ok-Letter2720,93,FigureSkating
tiarasandtech,93,FigureSkating
fromtelegraphlines7,12,FigureSkating
queenofday,10,FigureSkating
Acrobatic-Capital346,10,FigureSkating
Dependent-Income5090,12,FigureSkating
EzraLevinson,12,FigureSkating
misswhateverok,10,FigureSkating
milasara,12,FigureSkating
AWarMaideness,12,FigureSkating
summerofsnow,12,FigureSkating
Esteraceae,12,FigureSkating
Naive_Product_5916,10,FigureSkating
prnejjfnsnei,10,FigureSkating
Diligent-Marsupial10,10,FigureSkating
Ambry,10,FigureSkating
BoltPikachu,10,FigureSkating
RhubarbSensitive401,10,FigureSkating
thestormpiper,10,FigureSkating
ImprovementOwn3658,10,FigureSkating
Mobile_Interview_524,33,FigureSkating
Trees_are_best,33,FigureSkating
Ovenbird36,33,FigureSkating
SnazzDizzy,33,FigureSkating
realeuropeangeek,12,FigureSkating
EnthusiasmRecent,12,FigureSkating
bambola99,12,FigureSkating
Express-Street3383,12,FigureSkating
imperator2102,15,FigureSkating
CoolPhoto568,12,FigureSkating
lilix15,12,FigureSkating
tafattsbarn,12,FigureSkating
Independent-Rope-596,12,FigureSkating
fiftyshadesofroses,12,FigureSkating
scribbledletters,12,FigureSkating
voidwhales,12,FigureSkating
magnetbirds,12,FigureSkating
Fluid_Match_888,12,FigureSkating
androidgirl,12,FigureSkating
Busy-Doughnut6180,12,FigureSkating
Shorb-o-rino,10,FigureSkating
Longjumping-Walk-418,12,FigureSkating
randomizedcat,12,FigureSkating
thereia,12,FigureSkating
Used_Price8763,12,FigureSkating
yabai_kawaii,15,FigureSkating
schalliol,15,FigureSkating
EvidenceClue,15,FigureSkating
CreamingSleeve,15,FigureSkating
lollipoof,15,FigureSkating
Licetus,15,FigureSkating
IggyStop2024,15,FigureSkating
monkeytrucker,15,FigureSkating
lemonhead2345,15,FigureSkating
EaudeAgnes,15,FigureSkating
GogreenGoWhite19,15,FigureSkating
LocalTownGhoul,15,FigureSkating
kaufsky,94,hockey
NastyKniesy,94,hockey
BeepBeepInaJeep,95,hockey
smartazjb0y,95,hockey
runninginthe-90s,96,hockey
HydroidZero,96,hockey
mcauthon2,7,hockey
volcomma5ter,7,hockey
Minimum_Criticism_41,97,hockey
Cold_Engineer_4654,97,hockey
lordexorr,8,hockey
jeffjeep88,8,hockey
CivilGrowth3,7,hockey
skathe69,8,hockey
Tyler_go_kipper,8,hockey
karasins,8,hockey
JustFred24,8,unknown
southernmanadork,8,hockey
Smorgas-board,8,hockey
Rarecandy31,95,hockey
superhaus,9,hockey
ParisGreenGretsch,9,hockey
SteveSomers,8,hockey
ukrainianhab,8,hockey
queuedUp,8,hockey
sololegend89,8,hockey
Catrocantor,8,hockey
Funky-Feeling,8,hockey
LanikMan07,8,hockey
Content-Use-3526,8,hockey
scarlet_stormTrooper,8,hockey
JSnats65,8,hockey
Decoys_Leash_Handler,8,hockey
naked_avenger,8,hockey
NegatronThomas,8,hockey
DrScampi,8,hockey
Canadian_Waffleiron,8,hockey
Brady331,8,hockey
UnlimitedSoupandRHCP,8,hockey
red1215,8,hockey
buckwheatbondsman,8,hockey
jonpictogramjones,8,hockey
Dyl_Hutch,8,hockey
DeusMexMachina,8,hockey
rossco7777,8,hockey
BoRnIn2aTiTuDe,8,hockey
play_by_cdg,12,FigureSkating
bronglebongle,12,FigureSkating
Daisydogdoughnut,12,FigureSkating
ParamountHat,12,FigureSkating
fruitsnacky,12,FigureSkating
infinite_burrito,12,FigureSkating
pursuitofmin,21,FigureSkating
Ok_Philosopher_5090,12,FigureSkating
Weareall_humanbeings,12,FigureSkating
Aggravating_Candle38,12,FigureSkating
Claidissa,12,FigureSkating
paprika_13,21,FigureSkating
helianthus_0,21,FigureSkating
Asterid_dove,21,FigureSkating
Cvspartan,12,FigureSkating
BloodyBaronsBFF,20,FigureSkating
Objective-Breath4863,12,FigureSkating
niakasi,12,FigureSkating
EasiBreezi,12,FigureSkating
frenchie-fanatic,12,FigureSkating
SkaterLady,12,FigureSkating
NewspaperNeither6787,12,FigureSkating
Thumper13,12,FigureSkating
SorayaAmythest,12,FigureSkating
AcceptableTea1460,12,FigureSkating
shrimp99991,12,FigureSkating
Hollow_Man_1919,9,hockey
FormerCollegeDJ,9,hockey
lischka31,14,hockey
Time-Magazine-249,7,hockey
Baunchii,9,hockey
Peeniskatteus,9,hockey
DoubleBlackBSA24,2,olympics
Middle-Crab6578,2,hockey
SamuliK96,7,hockey
aku89,9,hockey
CantTakeMeSeriously,9,hockey
-InconspicuousMoose-,7,hockey
adrianp07,7,hockey
hornyforbrutalism,9,unknown
Avrg_Byfield_Enjoyer,9,hockey
soccer-fanatic,9,hockey
no_on_prop_305,9,hockey
masterchief0587,9,hockey
islesrule224,9,hockey
ImperatorBTW,9,hockey
jaysanw,9,hockey
EddySea,9,hockey
SaskMan04,9,olympics
Ryanlester5789,9,hockey
Camdaman0530,9,hockey
WadeWilson34,9,hockey
raziel686,7,hockey
lakubisnes,9,hockey
viewless25,9,hockey
SlightlyOffWhiteFire,7,hockey
IShiddedMyPantaloons,7,hockey
Difficult_Squirrel22,9,hockey
DeuceBuggalo,98,hockey
arslanazeem,98,hockey
shawnglade,9,hockey
sleepyknight66,9,hockey
No-Doctor-4396,9,hockey
Solondthewookiee,7,hockey
bautista19,9,hockey
marimbaguy715,9,hockey
PLoxeus,9,hockey
Elexeh,9,hockey
PCMasterCucks,7,hockey
AdRich4771,10,FigureSkating
Future-Addition9436,12,FigureSkating
Maybe-Cool,12,FigureSkating
bexarama,12,FigureSkating
DentateGyros,12,FigureSkating
Ambitious_Emotion30,22,FigureSkating
ATLmattGT,12,FigureSkating
nancy-shrew,22,olympics
Neat-Primary9836,11,FigureSkating
Ok-Cicada51,12,FigureSkating
whentheworldwasatwar,11,FigureSkating
Equivalent_Bet_8497,10,FigureSkating
jromansz,12,FigureSkating
Big-Definition8228,10,FigureSkating
daaaaarius,12,FigureSkating
Cautious_Platypus244,10,FigureSkating
DragonRage7014,10,FigureSkating
derelictthot,10,FigureSkating
Ok_Mammoth_8298,10,FigureSkating
LegitimateBus44,10,FigureSkating
ReadSmedleyButler,10,FigureSkating
Any-Ad-446,10,FigureSkating
Melodic-Income-3753,10,FigureSkating
Dear_Stock_4655,10,FigureSkating
BlackGirlonMountain,10,FigureSkating
Moon_Flowers420,10,FigureSkating
Specific-Yam-2166,12,FigureSkating
Key-Banana-8242,12,FigureSkating
iill_communication,10,FigureSkating
VegetableMix5362,10,FigureSkating
Intelligent_Fox_1287,10,FigureSkating
Odd-Habit-4223,10,FigureSkating
PartyQuiet5065,10,FigureSkating
HyphyStarchild,10,FigureSkating
Puzzleheaded_Try2950,12,FigureSkating
texascannonball,12,FigureSkating
Specialist_Error_845,10,FigureSkating
oneuglygeek,10,FigureSkating
AdvisorDefiant1934,10,FigureSkating
Bettinatizzy,99,FigureSkating
5CatNight,99,FigureSkating
SadMoon1,10,FigureSkating
Catlady_Pilates,10,FigureSkating
MarketDull2401,10,FigureSkating
ChanelNo50,10,FigureSkating
LowComfortable5676,10,FigureSkating
whippedcreamtomato,10,FigureSkating
caviarbentley,10,FigureSkating
Inevitable-Ad-8522,10,FigureSkating
universe93,10,FigureSkating
Quiet-Condition2536,10,FigureSkating
randombubble8272,10,FigureSkating
Savings-Studio-2779,10,FigureSkating
theburbankian,10,FigureSkating
AssumptionKlutzy9314,10,FigureSkating
vszcecilia,100,FigureSkating
SafiyaO,100,FigureSkating
Hopeful-Big6843,10,FigureSkating
Rez125,10,FigureSkating
unheardnoon,10,FigureSkating
CoatComprehensive776,10,FigureSkating
michelangeloroseni,10,unknown
ur_too_slooow,10,FigureSkating
misterflyer,12,FigureSkating
Lille_8,10,FigureSkating
Hungry-Skater-1010,10,FigureSkating
hermoomin,10,FigureSkating
depressedArmeniafan,10,unknown
No-Aioli-4960,10,FigureSkating
Huge-Government4981,10,FigureSkating
Ok_Opportunity_4651,10,FigureSkating
spacereading,10,FigureSkating
suexo66,10,FigureSkating
Strycht,10,FigureSkating
Early_Code812,10,FigureSkating
Ok_Significance9925,10,FigureSkating
Limp_Aerie_6003,10,FigureSkating
swiftie444,10,FigureSkating
Cactopus47,10,FigureSkating
WTHManWhy,10,FigureSkating
auroracalista1,33,FigureSkating
Filtrixxx,12,FigureSkating
Rad_Atmosphere974,10,FigureSkating
yoghurt_duck3110,12,FigureSkating
augustlyre,12,FigureSkating
Fun_Emergency_6680,12,FigureSkating
snarkmoo,10,FigureSkating
Organic-Ad-6503,10,FigureSkating
Sliverpink,10,FigureSkating
KitchenStraight2922,10,FigureSkating
Azula_Rey,12,FigureSkating
Intelligent-Wear-114,12,FigureSkating
malachaiville,12,FigureSkating
whoopiecushions,12,FigureSkating
genesis912,12,FigureSkating
whimsicism,12,FigureSkating
aleksandrnevskii,12,FigureSkating
lenimph,12,FigureSkating
SnooDoubts6155,12,FigureSkating
No-Solution-6407,12,FigureSkating
dogdaysindurham,12,FigureSkating
SickandTiredofItAll2,10,FigureSkating
Ill-Swordfish2650,12,olympics
Alternative-Key-7944,10,FigureSkating
InternationalBat4946,10,FigureSkating
ContractOk4317,10,FigureSkating
92coups17,22,FigureSkating
dllyn,10,FigureSkating
boomclap15,10,FigureSkating
willowsieb,10,FigureSkating
Internal-Weekend-910,10,FigureSkating
Putrid-Nebula-8660,12,FigureSkating
chickenboi8008,10,FigureSkating
Avocado_Birdie,10,FigureSkating
Longjumping-Ad-1282,10,FigureSkating
PowerSniffer,10,FigureSkating
30flirty_thriving,10,FigureSkating
Lazy-Ability-3196,10,FigureSkating
BasilNext2476,10,FigureSkating
Asleep-Technology-13,10,FigureSkating
AmbitiousSpring5214,10,FigureSkating
KimberParoo,10,FigureSkating
Significant_Sundae18,10,FigureSkating
nmtv_04,10,FigureSkating
mrhenrypeacock,10,FigureSkating
Sangy101,47,FigureSkating
DashOfDodo,10,FigureSkating
justadjie,10,FigureSkating
OveremotionalCatLady,10,FigureSkating
LukeDies,24,olympics
Melodic-Fan2466,12,FigureSkating
mimikyuns,12,FigureSkating
AShighashonor1,12,FigureSkating
summer993,10,FigureSkating
PerpetuallyConfused_,10,FigureSkating
DragonFireHeart1507,12,FigureSkating
CatMarine1,12,FigureSkating
rdg68,10,FigureSkating
nestlejonida,12,FigureSkating
Whole-Fly,10,FigureSkating
Dull_Expression_4575,10,FigureSkating
YoongiGucci,10,FigureSkating
sarah_sexy,10,FigureSkating
DannyC-5430,10,FigureSkating
1CatWoman,10,FigureSkating
Obi-Wan_Bon-Jovi,10,FigureSkating
Corran105,10,FigureSkating
13wisdome,10,FigureSkating
fit_graphis_va,10,FigureSkating
Captain_Thor27,10,FigureSkating
Hummingbird136,10,FigureSkating
Pho_Supremacist,10,FigureSkating
PlasticDry2697,12,FigureSkating
survivoorhees,12,FigureSkating
blu9456am,10,FigureSkating
DayUp3,12,FigureSkating
Tgig0396,10,FigureSkating
Cold-Investigator776,10,FigureSkating
Any_Replacement4087,10,FigureSkating
chenchenhuo,10,FigureSkating
DelayHopeful7228,10,FigureSkating
4247407,10,FigureSkating
Complex_Can_7540,10,FigureSkating
Mathisbase,12,FigureSkating
fleuretlune,10,FigureSkating
DisastrousTax3805,10,FigureSkating
merkorn,10,FigureSkating
Impossible-Tiger3424,10,FigureSkating
brackish-moon,31,FigureSkating
Neito-Metal-1227,10,FigureSkating
Intellxual,10,FigureSkating
SuchPerformance459,10,FigureSkating
multiequations,47,FigureSkating
throwaway891369,12,FigureSkating
envy-adams,12,FigureSkating
a_baby_bumblebee,10,FigureSkating
Unlikely_Intern1271,10,FigureSkating
rainydays028,10,FigureSkating
catsplantsandbakes,12,FigureSkating
Zestyclose_Magazine2,17,FigureSkating
Difficult_Fruit8096,10,FigureSkating
qwerty1195,10,unknown
Friesian_Horse,0,olympics
brave-flying-toaster,0,olympics
Dingo8MyBabyMon,1,olympics
gabbitor,10,FigureSkating
dontevenknow29,21,FigureSkating
racingskater,21,olympics
Frequent-Returns757,21,unknown
Apolnyo,21,olympics
Otter-Egg30,12,unknown
Good-Trouble4840,3,biathlon
Alpine_fury,3,biathlon
1muckypup,3,biathlon
Patient-Example3190,10,FigureSkating
SgtT11B,10,FigureSkating
traumamel555,10,FigureSkating
redditstark,10,FigureSkating
Larabees3,12,FigureSkating
Signal-Door-3941,10,FigureSkating
cycling-expat,10,FigureSkating
EloyRamirez890,10,FigureSkating
azmadame_x,10,FigureSkating
username_taker,10,FigureSkating
BigHowlingWolf,10,FigureSkating
GrumpyLantern7305,10,FigureSkating
Beleth27,12,FigureSkating
CommercialMoment5987,10,FigureSkating
contagiousA,12,FigureSkating
Low_Insurance_1603,10,FigureSkating
paxparty,10,FigureSkating
estoyhartodeusers,10,FigureSkating
Fredmans74,31,FigureSkating
Livid-Sound6356,10,FigureSkating
Elegant_Discussion61,10,FigureSkating
cranberrydudz,10,FigureSkating
stlm599,10,FigureSkating
Mclindabelcher,10,FigureSkating
gaanmetde,10,FigureSkating
HotStickyMoist,10,FigureSkating
DependentFeature3028,10,FigureSkating
PhishPhanKara,10,FigureSkating
Humble_Wrongdoer384,10,FigureSkating
BagKingGary,10,FigureSkating
rayrockray,10,FigureSkating
painterwannabe,10,FigureSkating
qoenfi,31,FigureSkating
nualabelle,31,FigureSkating
House-Business,10,FigureSkating
SnacksAttack24,10,FigureSkating
WolfenSkin-,10,FigureSkating
hirudoredo,10,FigureSkating
dmgirl101,10,FigureSkating
megaholt2,101,FigureSkating
Koalahugs17,101,FigureSkating
krlights,10,FigureSkating
MemeWatcher00,10,FigureSkating
exegesis1611,10,FigureSkating
griffWWK,12,FigureSkating
h2o_girl,10,FigureSkating
my_one_and_lonely,10,FigureSkating
Gsgunboy,31,FigureSkating
Princess-14,10,FigureSkating
Emz423,10,FigureSkating
nfg-status-alpha9,10,FigureSkating
DontFinkFeeeel,12,FigureSkating
mhuster,13,Curling
TheFredrckConnection,13,Curling
Bunktavious,13,Curling
fake-0-waste,13,Curling
randomlypeachy,13,Curling
SirOdAlexFergusona_,13,Curling
gloosticky,13,Curling
7m-gtte,13,Curling
SdtStormageddon,13,Curling
NeatMix4599,13,Curling
antzztan,13,Curling
Intro-Nimbus,13,Curling
UmpireNegative7068,13,Curling
Legitimate-Mud188,13,Curling
mrfroid,13,Curling
biathlon-ModTeam,2,biathlon
fanfic_enthusiast2,2,biathlon
Realistic_March_8838,3,biathlon
Delicious_Demand_747,3,biathlon
galdavirsma,3,biathlon
PercyReus13,3,biathlon
Bisquare_cycle_thing,3,biathlon
Extra_Influence_343,0,olympics
Confident_Collar_621,0,olympics
Slight-Yard7265,0,olympics
guyincognito365,102,olympics
MoMoneyMoMilfs,102,olympics
mtm4440,3,olympics
Youwin737,102,olympics
Adventurelynd,24,olympics
red_keshik,24,olympics
cstrande7,0,olympics
Throwaway-1033613373,0,olympics
ughedmund,0,olympics
Sad-Loquat5062,0,olympics
WhereIsTheCaveman,0,olympics
princessleiasmom,0,olympics
VisorX,0,olympics
coldestclock,0,olympics
Bungled_Bengal,0,olympics
maxutilsperusd,0,olympics
PhimoChub30,0,olympics
SteveYunnan,2,olympics
MoRi86,0,olympics
NOTtigerking,0,olympics
Weary-Matter4247,0,olympics
tereyaglikedi,0,olympics
MaybeFuckYourselfBud,0,olympics
JaydedHorror,31,olympics
LamarJacksonIsMyHero,0,olympics
MayDayBeFourth,11,olympics
MiaBearCat,3,biathlon
StrawberrySea5344,3,biathlon
BasileiosOfThePlebs,3,biathlon
koj_star,3,biathlon
Croaker_392,3,biathlon
Krizo1,3,biathlon
seraph1er,3,biathlon
TheFlame8,3,biathlon
Environmental-State3,3,biathlon
TailorFalse3848,12,FigureSkating
i_MusicMan,57,FigureSkating
Amazing-Aardvark-674,57,FigureSkating
pumpernick3l,12,FigureSkating
ryuseitia,12,FigureSkating
Emotional-Mine-1495,17,olympics
TechnicianUpstairs53,24,olympics
Charger2951,24,olympics
AutomaticAccount6832,103,olympics
lorjebu,103,olympics
Appropriate-Bird-354,17,olympics
PresidentZeus,17,olympics
Dot_Infamous,0,olympics
blursedJefreyEpstein,17,olympics
AnnieByniaeth,17,olympics
harryx67,17,olympics
No-Distribution4263,17,olympics
Masu_dur,17,olympics
AnnieEdisonsGun,17,olympics
emkael,17,olympics
twbk,0,olympics
Woooogey,17,olympics
Krockurorov,103,olympics
Ordinary_Rhubarb5064,17,olympics
bamsebomsen,104,olympics
Agreeable-School-899,104,olympics
Bloody_Nine,0,olympics
5nwmn,104,olympics
mnaylor375,17,olympics
verysadfrosty,17,olympics
FeanorOath,17,olympics
BobGlebovich,35,olympics
Belle_Noir8,17,olympics
Will_sue_when_angry,17,olympics
Great_Ad_9718,21,FigureSkating
Dizzy-Trip5539,21,FigureSkating
dawgcholla_000,10,FigureSkating
Daybreaq,21,FigureSkating
LordJonathanChobani,12,FigureSkating
Complete_Area_2487,10,FigureSkating
michaelplk,21,FigureSkating
sailorfish27,12,FigureSkating
venus_arises,21,FigureSkating
ButchUnicorn,10,FigureSkating
TrickyHead1774,12,FigureSkating
WhateverHime,12,FigureSkating
AlexZas,21,FigureSkating
agent-assbutt,21,FigureSkating
klp80mania,12,FigureSkating
feverdreamr,17,FigureSkating
AppropriateAd2334,10,FigureSkating
Dry-Device-4098,12,FigureSkating
TwoBuckExacta,12,FigureSkating
Lysafleur,21,FigureSkating
purpleprin6,12,FigureSkating
EnergySuccessful3586,16,unknown
MxScarlett,57,FigureSkating
alexandradperreault,57,FigureSkating
123LetsGoBay,57,FigureSkating
Sneebmelia,57,FigureSkating
jenushkask8s,57,FigureSkating
Old-Dinner-6108,12,FigureSkating
4Lo3Lo,57,FigureSkating
Artistic-Luna-6000,12,FigureSkating
Former-Complaint-336,12,FigureSkating
Lepoprint,11,FigureSkating
singermelodie1,11,FigureSkating
quarter_cask,3,biathlon
vvvwvwvv,3,biathlon
Visual-Owl745,3,biathlon
dr_kvist,3,biathlon
Express_Geologist_68,3,biathlon
Hertog_Appel,3,biathlon
Extension_Sun_3536,3,biathlon
mjamm,3,biathlon
atomikkiller,3,biathlon
Cody667,0,hockey
JesLB,33,FigureSkating
TrixeeTrue,24,olympics
down_with_the_birds,24,olympics
outsideskyy,24,olympics
FoCoBilbo,24,olympics
MaterialAd1995,24,olympics
DrCalFun,24,olympics
Most-Artichoke6184,24,olympics
Petite_Montserrat_95,24,olympics
ch4nt,24,olympics
RoundImagination1,24,olympics
lorriell1959,24,olympics
moshercycle,9,hockey
RigidCounter12,9,hockey
wingsfan95,7,hockey
swonebros,7,hockey
mt_spaceman,9,hockey
TheUnknown71,5,hockey
SpringWinter2557,7,hockey
CaptStegs,7,hockey
justwannafuckmywife,7,hockey
Pale_Blackberry_4025,9,olympics
Eberubensant,9,olympics
wingstophothoney,9,olympics
Aliatris,9,olympics
Ok_Card9080,24,olympics
Silver_Detective8630,24,unknown
Dismal_Brush5229,2,olympics
Nanasays,2,olympics
Significant-Iron-241,17,olympics
Basic-Foundation9237,24,olympics
Ok-Adeptness-5834,17,olympics
GetawayJ,17,olympics
KickerOfThyAss,17,olympics
HardballBD,17,olympics
Mushroom_5026,17,olympics
MahliSaia,17,olympics
Apprehensive_Web7609,105,olympics
emjay4189,105,unknown
Winkydinker,105,olympics
BothVermicelli1576,105,olympics
geoltechnician,105,olympics
smohyee,105,olympics
dwbaz01,4,olympics
PHConfusion5801,4,olympics
omgftwbbqsauce,0,olympics
bbcversus,0,olympics
Unhappy_Cheek_2281,13,Curling
JasperJue,13,Curling
colonelrebsmuff69,13,Curling
StormOk2791,13,Curling
Cronin1011,106,Curling
OldPhotojournalist82,106,Curling
Ginnykins,13,Curling
Alone_Consideration6,0,olympics
GodAtum,13,Curling
LordQL_2,13,Curling
OkOutlandishness6834,107,Curling
Kain292,107,Curling
11s-Eggos,13,Curling
QCTeamkill,13,Curling
MikeJeffriesPA,13,Curling
PastPerfekt,13,Curling
Safe-Acanthaceae8951,13,Curling
mrsk145,3,biathlon
lazger,3,biathlon
The_Real_Ura,3,biathlon
pmgtihaco,0,olympics
redsox490,0,olympics
Shinkopeshon,1,olympics
crimson777,1,olympics
theCroc,0,olympics
ketamour,0,olympics
Sufficient_Round61,0,olympics
LivingPlum1315,0,olympics
Tobias_05,17,olympics
Chrisyteen,0,olympics
Fast-Government-4366,0,olympics
mongster03_,0,olympics
SageSmellsSoGood,0,olympics
ReactionExtension395,0,olympics
originalusername4567,0,olympics
Lexibee3,0,olympics
BlackMambaDown,1,olympics
drppr_,1,olympics
InternalBest1194,1,olympics
geisendorf,1,olympics
dai_panfeng,1,olympics
sthsthsth,1,olympics
Changeup2020,1,olympics
SuLiaodai,1,olympics
crabbydotca,1,olympics
CrazedJeff,1,olympics
Intelligent-Panda23,1,olympics
ZuberiGoldenFeather,1,olympics
SattinSirennn,1,olympics
geezqian,7,olympics
CrimeAndPunctuation,1,olympics
WinterOld3060,3,FigureSkating
aceinnatailsuit,3,FigureSkating
job081,3,unknown
dqbtc,12,FigureSkating
Smooth_Aspect_7883,10,FigureSkating
CellOk4165,10,FigureSkating
Vast_Law2234,10,unknown
hanibalz,10,FigureSkating
HongkongKings,11,FigureSkating
Ordinary_Pattern_168,10,FigureSkating
wawasan2020BC,12,FigureSkating
Inevitable-Garden273,10,FigureSkating
gluteactivation,12,olympics
cookiedough5200,10,FigureSkating
Acrobatic-Newt-351,10,FigureSkating
Dry-World5272,10,FigureSkating
Timely_Wait_3404,10,FigureSkating
True-Conversation-71,108,FigureSkating
Warm-Assistance-6422,108,FigureSkating
onthefrickinmeatbone,10,FigureSkating
XanaxMetotheMoon,10,FigureSkating
LavendarPetals345,10,FigureSkating
pipoescomo,10,FigureSkating
unreedemed1,10,FigureSkating
alexut7,10,FigureSkating
vancity-chick,12,FigureSkating
Apennatie,0,olympics
Mr_SpicyBrain96,16,olympics
tm2007,16,olympics
fogonogododo,16,olympics
i-texted-alexis,16,olympics
springer_spaniel,16,olympics
Ulsterman24,16,olympics
AWigNamedMoiraRose,16,olympics
booksnblizzxrds,16,olympics
muad_dib21,16,olympics
dogsonbubnutt,7,hockey
stenskott,16,olympics
Larshei,16,olympics
CakesAndCrafts,16,olympics
dontleaveyourbananas,16,olympics
Moist_Transition_755,16,olympics
Dictionarycollector,9,hockey
BigFish610,9,hockey
SockDem,5,hockey
nuleaph,5,hockey
Mental_Banana_9694,9,hockey
Ron-Mexic0,9,hockey
SilvermistWitch,5,hockey
Le_Nabs,9,hockey
MandatedPineapple,9,hockey
IntentionDeep651,5,hockey
LazySleepyCat,5,hockey
Similar-Yogurt6271,5,hockey
pack1fan4life,5,hockey
ghost_jamm,7,hockey
39MUsTanGs,0,hockey
kushdogg20,9,hockey
counterfitster,9,hockey
spiral_out462,9,hockey
CanarioFalante,5,hockey
DryProgress4393,5,hockey
chaz_wazzerz,5,hockey
West_Description1217,5,hockey
shimmy_kimmel,5,hockey
GB_Alph4,9,hockey
CW1DR5H5I64A,5,hockey
Naive_Butterscotch73,9,hockey
Rare-Temporary7602,5,hockey
ahuramazdobbs19,5,hockey
SmashRadish,5,hockey
tlbdh,3,biathlon
AZDarkknight,3,biathlon
magnolia2010,3,biathlon
ZealousidealBend9829,3,biathlon
JackKingsman,3,biathlon
Remarkable_Stage_851,12,FigureSkating
zebbersVT,12,FigureSkating
Confident-Wonder6644,12,FigureSkating
dolphin012345,12,FigureSkating
urfav_mortician,16,unknown
ShowAndTell2,0,skiing
sirotan88,0,skiing
--FuckYouSpez--,0,skiing
yesat,0,skiing
CoffeeBlocks,0,skiing
Opening_Response_782,18,snowboarding
Imbendo,18,snowboarding
peepdabidness,18,snowboarding
kittynarwhal,10,FigureSkating
THEonlyDAN_____6,10,FigureSkating
Alone-Chard-5836,10,FigureSkating
TransitionUsed4092,10,FigureSkating
mentallynapping,10,FigureSkating
marievarsovie,10,FigureSkating
ChristmasClimber2009,10,FigureSkating
Green_Run2265,10,FigureSkating
ReallyAMiddleAgedMan,10,FigureSkating
amyel26,12,FigureSkating
No_Comfortable1780,10,FigureSkating
Busy_Construction764,9,hockey
nationalpost,3,unknown
thesuperdug,3,olympics
Waguetracer1,2,olympics
WeR1UnitedWeStand,7,hockey
Dependent-Effect6077,7,hockey
dsswill,28,hockey
dupupe,28,hockey
TimeKillington,109,hockey
DoterPotato,109,hockey
Mechakoopa,110,hockey
gatorchomp28,110,hockey
ace-510,7,hockey
Tall_Dimension_6764,7,hockey
saryphx,7,hockey
Halfonion,7,hockey
sleep_m0de,7,hockey
Possible-Duty3310,28,hockey
Hot_Seaweed_8819,28,hockey
AlbatrossSuper2456,28,hockey
shieldxex,7,hockey
sosaluvva29,28,hockey
juniorp76,28,hockey
spicolispizza,16,hockey
four-seasonz,16,hockey
YamburglarHelper,28,hockey
jukejuke57,7,hockey
infinitebest,16,hockey
Matt_Landers,9,hockey
Revolutionary_Ad4950,28,hockey
xtothewhy,7,hockey
TryingToDoTheThings,28,hockey
tyler_3135,28,hockey
SummitSloth,28,hockey
seizurevictim,111,hockey
SofaProfessor,111,hockey
Leftwiththecow,7,hockey
PrayingForACup,16,hockey
Gimpy_Weasel,28,hockey
CryptographerUsed841,9,hockey
Event_Horizon753,7,hockey
DGenerate1,5,hockey
Dirt-Southern,7,hockey
bluems22,7,hockey
RandomDeezNutz,7,hockey
sparkcan,7,hockey
WonkWonkWonkWonkWonk,7,hockey
ZenithRepairman,112,hockey
macula_transfer,112,hockey
RockMonstrr,90,olympics
BoogerShovel,28,hockey
JohnnyUtah100000,7,hockey
HappyChilmore,16,hockey
minzwashere,12,FigureSkating
PixiResinworks1,12,FigureSkating
Lopsided-Coat7504,12,FigureSkating
noplacelhome,12,FigureSkating
shrimpcookie,12,FigureSkating
erebus_51,12,FigureSkating
Weird-Diamond5970,12,FigureSkating
emotionallyasystolic,12,FigureSkating
Notthekingofholand,12,FigureSkating
C4m1l4x,12,FigureSkating
VBChristina2000,12,FigureSkating
artemisiaa12,12,FigureSkating
mollyxvegas,12,FigureSkating
100gamer5,12,FigureSkating
NotMirandaCrosgrove,20,olympics
RecentStrawberry122,12,FigureSkating
Rimno23,12,FigureSkating
peachhoneymango,12,FigureSkating
P_oneofthree,12,FigureSkating
strugglingwell,12,FigureSkating
venusflytrap6231,15,FigureSkating
CriticalSecurity8742,14,olympics
YlaFla71,14,olympics
Spare_Echidna_4330,12,FigureSkating
ClaymoreDrive,12,FigureSkating
Connect-Researcher39,12,FigureSkating
beccalarry,12,FigureSkating
Acceptable-Bit-2456,12,FigureSkating
manuredujour,12,FigureSkating
TheEmulat0r,12,FigureSkating
ProfessionWeary8188,12,FigureSkating
ProcedureOwn9395,12,FigureSkating
fionnly,12,FigureSkating
H0MES1CKAL1EN,12,FigureSkating
Ookvad,12,FigureSkating
getafrigginggrip,12,FigureSkating
01110011-8,12,FigureSkating
cultured_vulture,12,FigureSkating
ForeverMiru,12,FigureSkating
Ohmnivorax,12,FigureSkating
PlaguingYou,12,FigureSkating
RefrigeratorNo1020,3,FigureSkating
inv3rtebr8te,12,FigureSkating
CurbFlowerCutie,12,FigureSkating
IndividualAnt7176,12,FigureSkating
Vanliv,12,FigureSkating
NeedyPudding,12,FigureSkating
bmcthomas,12,FigureSkating
Educational-Hotel-71,12,FigureSkating
Spiritual_Ear7787,12,FigureSkating
Mialla,47,FigureSkating
memedealer22,8,hockey
ItIsL,10,FigureSkating
tkath17,12,FigureSkating
Legoshi-Baby,12,FigureSkating
parisinsalem,12,FigureSkating
Wrong-Lever22,12,FigureSkating
pinoy_dude24,12,FigureSkating
princeluvr625,10,FigureSkating
Late-Surprise2945,10,FigureSkating
Schmoopsiepooooo,22,olympics
TI_89Titanium,12,FigureSkating
KronguGreenSlime,0,olympics
Icy-Calendar-3135,10,FigureSkating
ImportanceFrequent77,12,FigureSkating
siestayfiesta,28,FigureSkating
Jumpy_Boysenberry919,28,FigureSkating
shylittleshrimpie,12,FigureSkating
peridotpanther,12,FigureSkating
binxkingdom,12,FigureSkating
Limp-Pollution-4866,12,FigureSkating
littlemoon-03,24,olympics
CinnamonToast_Fuck,8,hockey
HopelesslyHuman,8,hockey
daKrut,8,hockey
Lumeton,8,hockey
IntheTimeofMonsters,8,hockey
hotshit,8,hockey
Rich-Introduction940,8,hockey
pi-by-two,8,hockey
suzukigun4life,8,hockey
Sad_Metal7290,8,hockey
Smart-Marionberry189,11,olympics
Huge-Resist9432,11,olympics
Yujin-Ha,11,olympics
abaguettewithaface,11,olympics
Moreinius,11,olympics
Milkmartyr,11,olympics
ScottPetersonsWiener,11,olympics
cabbagechicken,11,olympics
EducationalAnswer312,11,olympics
Driveshaft48,11,olympics
NorthernForestCrow,11,olympics
JonatasA,11,olympics
_Tursiops_,11,olympics
ZazyzzyO,11,olympics
blueberryJan,11,olympics
LNotsil,0,olympics
IsANameRequired,0,olympics
All-for-the-game,0,olympics
Starfall9908,11,olympics
BuzzCutBabes_,11,olympics
WantToBreak80,11,olympics
SuperPoodie92477,11,olympics
chula198705,11,olympics
dddonkers,11,olympics
iiiinsanityyyy,11,olympics
Striking-Fondant-956,11,olympics
namtabanananananan,24,olympics
PreferenceDowntown37,24,olympics
Old-Marzipan-6234,24,olympics
TheBB,24,olympics
Complex_Narwhal_8924,28,FigureSkating
Few-Decision-774,28,FigureSkating
Lintobean,28,olympics
lezardterrible,12,FigureSkating
QualityPenguin,12,FigureSkating
Responsible_Ask_4394,10,FigureSkating
Shanna_ian,10,FigureSkating
Relative_Papaya_6702,12,FigureSkating
stargazer1101,10,FigureSkating
RunStomp,10,FigureSkating
todaomg-what-is-that,10,FigureSkating
katmizouni,10,FigureSkating
Educational_Lead3319,10,FigureSkating
Spiritual-Berry-7423,10,FigureSkating
peachyy13,10,FigureSkating
gatherallcats,31,FigureSkating
Potential_Buddy6063,31,FigureSkating
shachu,31,FigureSkating
Bitter_Put_8254,10,FigureSkating
Copy_Responsible,10,FigureSkating
Admirable-Bluejay956,10,FigureSkating
Good-Night-3736,10,FigureSkating
Brilliant_Air4484,10,FigureSkating
Dahlia-la-la-la,10,FigureSkating
Counter_Mysterious,10,FigureSkating
Beginning-Window-676,10,FigureSkating
PsychologicalTap4646,12,FigureSkating
lrozzz,15,FigureSkating
Jasmisne,10,FigureSkating
nameIessV,31,FigureSkating
NinjaJawz,10,FigureSkating
MurricanDream,10,FigureSkating
Sababa180,20,FigureSkating
Virtual_Soil_7247,10,FigureSkating
La_paure_cavaliere,12,olympics
CommissionNo3638,10,FigureSkating
Free-Many799,10,FigureSkating
Lindsaydoodles,10,FigureSkating
Lilly7799,10,FigureSkating
Awkward-Muffin5411,10,FigureSkating
No-Case-4938,12,FigureSkating
jace_in_space,12,FigureSkating
4evrnalways,12,FigureSkating
StickNo3836,12,FigureSkating
seattlejoyjoy,12,FigureSkating
misskittyfantastico,22,FigureSkating
coiler119,12,FigureSkating
flynnsmom,12,FigureSkating
seldom4,12,FigureSkating
Cheziscool,12,FigureSkating
Amastarism,12,FigureSkating
Trick-Estate-3419,12,FigureSkating
CynicElle,12,FigureSkating
Wintry2424,12,FigureSkating
verholies,12,FigureSkating
Fancy-Jellyfish2478,20,olympics
AdCommercial347,20,olympics
Own_Archer_9052,20,olympics
No-Energy-4190,20,olympics
Age_AgainstThMachine,0,olympics
DOGerDAWG,20,olympics
Candy_Stars,20,olympics
funkoramma,20,olympics
MangoMonkey22,20,olympics
jemappellehonhon,20,olympics
Basic-Collection5416,20,olympics
zurper,20,olympics
markmano33,20,olympics
DazzlerPlus,20,olympics
MathematicianSafe706,20,olympics
Boring_Bad8173,20,olympics
q120,20,olympics
AgeOk3642,20,olympics
Myredditident,22,olympics
nugurl86,22,olympics
needyspace,22,olympics
GenXNell,16,olympics
freeride907,16,olympics
Ok-Safe6890,24,olympics
throwiesixnine,20,olympics
OriginalFirefighter8,113,olympics
Unexous,113,olympics
gagrushenka,10,olympics
Testo69420,12,olympics
aviusonder,20,olympics
Comfortable-Net-6916,20,olympics
magicienne451,20,olympics
Listener-Learner,20,olympics
HistoryBuff678,16,olympics
wetbogbrew,20,olympics
am8rcartographer,10,olympics
Darnell2070,24,olympics
GreenTfan,20,olympics
peridotpicacho,20,olympics
Any-Ingenuity2770,22,olympics
linmre,22,olympics
Kriztauf,0,olympics
Jackw78,22,olympics
Shoddy-Swordfish8949,22,olympics
trollshep,20,olympics
novadova2020,20,olympics
yarshigirl18,20,olympics
spiceyanus,20,olympics
top_of_the_table,20,olympics
BrickEnvironmental37,20,olympics
SpoofExcel,20,olympics
SeizuringFish,20,olympics
LordGranthamofDonk,20,olympics
All_will_be_Juan,2,olympics
Own_Plenty_2011,20,olympics
MoulinSarah,20,olympics
Asusralis,24,olympics
Key-Association3479,2,olympics
Pinkagentelephant,2,olympics
xmjm424,2,olympics
JMBrown32,0,olympics
-D-e-e-,0,olympics
absolutely_not_spock,0,olympics
EDEN876,0,olympics
Esper8nzA,2,olympics
lovo17,0,olympics
ZealousidealFee927,0,olympics
northBlu01,0,olympics
Budget_Insurance329,4,olympics
x_Leolle_x,10,olympics
Peaceandpeas999,24,olympics
ilikemarblestoo,11,olympics
redjedia1994,11,olympics
AloneNeighborhood379,11,olympics
justsmilenow,11,olympics
SaveVideo,11,olympics
flip-mode916,11,olympics
_theMAUCHO_,11,olympics
DennisR1283,11,olympics
MonsterIslandMed,11,olympics
FFG201FUD,11,olympics
Mysticwaterfall2,11,olympics
Live-Ad2998,11,olympics
ChoiceTaro3850,11,olympics
gunbladezero,0,olympics
Sniper_Wolf_,11,olympics
darthfracas,11,olympics
JustARedditAccoumt,11,olympics
shipperondeck,11,olympics
PureProteinPussi,11,olympics
YoloBrunoSp,11,olympics
_WEIRDEST_WIZARD_,11,olympics
Sharean,11,olympics
winterwhispering,11,olympics
DreamLand2269,11,olympics
Stardustmoonniff,11,olympics
ZhangtheGreat,11,olympics
TymStark,11,olympics
Wickedsephiroth,11,olympics
MHPengwingz,17,olympics
IKabobI,11,olympics
Slight_Breakfast6198,11,olympics
TheGlobalGooner,11,olympics
Sombra_Blue,11,olympics
Amdusiasparagus,11,olympics
drnktgr,11,olympics
vaporgege,11,olympics
TheLonelyAlcemist,11,olympics
dirtymouthariel,11,olympics
SpiritualSapphire,13,Curling
ban1208,13,Curling
afriendincanada,13,olympics
colpy350,13,Curling
skinte1,13,olympics
flisiy,13,Curling
Zieta,13,Curling
shoxjr,0,olympics
California_Stop_King,20,olympics
SisterofGandalf,0,olympics
Brill000,0,olympics
Skelevader,0,olympics
zedasd,0,olympics
octagon2356,0,olympics
The_Helmet_Catch,0,olympics
dhawerd,0,olympics
JJD14,0,olympics
carltanzler,0,olympics
ImperialxWarlord,0,olympics
blood_wraith,0,olympics
TwoHeadedBoyTwo,0,olympics
FoodCourtDruid,0,olympics
sabotabo,0,olympics
Sweet-Track-2801,22,olympics
Loud_Cream_4306,0,olympics
Recent-Use-9140,44,olympics
Electrical_Mayhem,0,olympics
HyruleanVictini,0,olympics
Hot_Occasion_4895,0,olympics
bunnyknux54,0,olympics
Any_Stage_3072,0,olympics
ochgerm,0,olympics
France2Germany0,4,olympics
sebsasour,0,olympics
Main_Following1881,12,FigureSkating
treeface999,12,FigureSkating
SofaAssassin,12,FigureSkating
Astropolitika,12,FigureSkating
jjgm21,10,FigureSkating
Gudson_,12,FigureSkating
Legitimate_Week_7680,10,FigureSkating
Diligent_Part1394,11,olympics
ljb23,11,olympics
Peds12,4,olympics
Landaloriam,4,olympics
Snoo42225,4,olympics
Equal-Record6513,0,olympics
No-Arm-6775,8,hockey
LocalBodybuilder7036,8,hockey
WatchWatcher25,8,hockey
DevilishScript,8,hockey
jobirg88,7,hockey
crownpr1nce,8,hockey
GentleLion2Tigress,8,hockey
Any-Video4464,8,hockey
King-Harvest,8,hockey
Password-is-Tac0,8,hockey
RedditZhangHao,8,hockey
ZeuxOrphan,8,hockey
Ok-Huckleberry-3343,8,hockey
Middle_External707,8,hockey
NatureLovingDad89,8,hockey
_SkellyBeans,8,hockey
samwild,8,hockey
Thrallsbuttplug,8,hockey
dasuave,8,hockey
eatingasspatties,8,hockey
allgravy99,8,hockey
Kevin4938,8,hockey
Time4Timmy,8,hockey
Auslyer,8,hockey
_granny64,8,hockey
stargirlxoxo,8,hockey
WearingComb1050,7,hockey
ImthaDatsyukian,7,hockey
Headlesshorsman02,7,hockey
Decent-Pressure4930,25,hockey
CaptainFlash69,25,hockey
Classic-Soup-1078,114,hockey
TronVin,114,hockey
Daddysgirl690,25,hockey
CommissionStrong6305,25,hockey
Educational_Pop6445,25,hockey
TheOtherMacCoy,7,hockey
Significant-Voice811,25,hockey
benjaminbrixton,115,hockey
Sekshual_Tyranosauce,115,hockey
ZhongLiGODTier,116,hockey
PrincessAkitabear,116,hockey
NorweegianWood,117,hockey
2Beer_Sillies,117,hockey
Feisty_Wind_2090,25,hockey
moareset,25,hockey
Bubbly-Trainer-5297,25,hockey
No-Organization7411,118,hockey
theprofessor24,118,hockey
JeroneSmith,25,hockey
No_Conversation_220,25,hockey
El-duderinoh,25,hockey
sentry_87,25,hockey
Master_Ad9823,25,hockey
DeltaSierra97,119,hockey
ididntwantsalmon19,119,hockey
Alarming_Condition27,25,hockey
LazarusRising22,120,hockey
iowaisflat,120,hockey
CaulkConnoisseur,25,hockey
ClarityNHZach,25,hockey
Classic-Log-6393,25,hockey
ClaudeLemieux,121,hockey
MoodyPumpkin,121,hockey
Next-Friendship-3542,35,olympics
No-Theory6270,0,olympics
Affectionate-Run7425,3,olympics
wecan22,16,olympics
srcoffee,16,olympics
Smart_Carrot_9320,0,olympics
AndSimonSaid,0,olympics
CanChong,0,olympics
Aploki,0,olympics
Mustatan,16,olympics
just-a-random-accnt,122,olympics
Ill-Cry5810,122,olympics
yetiinrio,16,olympics
PreviousSun9506,16,olympics
_dictatorish_,0,olympics
abfonsy,16,olympics
Snarwib,0,olympics
YorkvilleWalker,0,olympics
Cheap-Coffee-2198,0,olympics
CoRrRan,24,olympics
Arkanie,0,olympics
Bigking00,0,olympics
ImRonBurgundy__,0,olympics
phoenics1908,0,olympics
Unyazi,0,olympics
mattijn13,24,olympics
aiicaramba,0,olympics
_onyx21,0,olympics
infinitemonkeytyping,0,olympics
pinkrosies,7,hockey
devereux619,7,hockey
Illustrious-Law-2726,8,hockey
ClinchingBot,8,unknown
JBurlison92,8,hockey
blonde_bellebabett,8,hockey
logicalnutty,123,hockey
tylamacky,123,hockey
KuningasTynny77,8,hockey
Fear-the-North,8,hockey
Plumbsmasher,7,hockey
Vadered,7,hockey
nonblinddaredevil,124,hockey
HotandBothered2,124,hockey
sportsyyc,8,hockey
Vanilla_Ice_Jr,8,hockey
Axe_Guy255,7,hockey
spectrum-in,124,hockey
ThePawn00,124,hockey
Sailcosmos,8,hockey
BlueMarkerIsGreat,123,hockey
StrangeCranberry4820,8,hockey
Titty_inspector_69,125,hockey
JokeBright7055,125,hockey
Prize_Efficiency_869,7,hockey
HaveNoClueBro,8,hockey
DSore22,126,hockey
ExcuseFeeling9601,126,hockey
stavroszaras,24,hockey
mmulr072,8,hockey
Maleficent-Block5211,127,hockey
Fun-Inside-4590,127,hockey
kindaCringey69,7,hockey
Shamrock5,7,hockey
holyhibachi,128,hockey
ShoddySmell46,128,hockey
anaskinwalker4745,7,hockey
shazbottled,7,hockey
saxorino,22,olympics
Scary-Teaching-8536,22,olympics
PockDoc,44,olympics
cum_holding_foreskin,44,olympics
Standard_Structure_9,44,olympics
xotorames,16,olympics
imaconnect4guy,44,olympics
bobbdac7894,44,olympics
JanGuillosThrowaway,7,olympics
CoffeePlusFive,28,olympics
blabla10020,24,unknown
puertomateo,2,olympics
KennytheDoggy,24,olympics
MrDohh,24,olympics
jamesneysmith,24,olympics
Ok_Light_6977,24,olympics
Dull-Independent-200,24,olympics
Nicklord,24,olympics
skorsak,24,olympics
zoom518,24,olympics
Legendary__Beaver,16,olympics
EmpireStateBuilding,16,unknown
Cleets11,7,hockey
Edgecased,25,hockey
LobsterPotatoes,129,hockey
HoovesCarveCraters,129,hockey
mudrudrzbr,8,hockey
Working_Bowl_7749,8,hockey
Grunzzo,25,hockey
xSmacktrick,25,hockey
Jrkrey92,25,hockey
Sharcbait,9,hockey
CesareSomnambulist,9,hockey
JDMintz718,7,hockey
All_the_dinohorses,7,hockey
Deraj2004,7,hockey
rjhawkbooks,7,hockey
ChiefBobbert,25,hockey
Rhysing,7,hockey
Baikken,7,hockey
Designer_Trouble_849,7,hockey
Escape-artist-43,7,hockey
krind22,7,hockey
vshun,7,hockey
DragPullCheese,7,hockey
Ripulikikka,7,hockey
Bruins01,7,hockey
Tabarnacx,25,hockey
Wise_Parmaria,7,hockey
OpenBuilder2506,25,hockey
chestbumpsandbeer,7,hockey
schewbacca,25,hockey
Wolfatrix,25,hockey
No_Culture9898,7,hockey
SupRhysing,7,hockey
TheRealNuzaq,7,hockey
deimos289,25,hockey
Head_of_Lettuce,44,hockey
RealToemen,25,hockey
Zajac19,25,hockey
marcinski,25,hockey
AliTwin601,12,FigureSkating
Psyduck1127,12,FigureSkating
Sad-Mixture6782,12,FigureSkating
adevine321,12,FigureSkating
FibonacciSequester,12,FigureSkating
Kamikazecat1,12,FigureSkating
anarchycupcake,28,FigureSkating
Apprehensive_Sea_585,12,FigureSkating
redrunsnsings,12,FigureSkating
sunnynbright5,12,FigureSkating
Sleazless_synths,12,FigureSkating
Geochic03,12,FigureSkating
Yuna317,12,FigureSkating
EyreForce1,12,FigureSkating
AWholeBagofJellyBnz,12,FigureSkating
Interesting-Rate,12,FigureSkating
jjtsfca,12,FigureSkating
Neat-Year555,12,FigureSkating
moonlightttbae,12,FigureSkating
flowersandpen,12,FigureSkating
Pinkhairedprincess15,12,FigureSkating
jasmine24601,12,FigureSkating
fleurxalana,12,FigureSkating
Kickflipindi,12,FigureSkating
babarsac,17,olympics
AnEagleisnotme,130,olympics
datawazo,130,olympics
foto_grafen,44,olympics
a_dude_from_europe,44,olympics
anker_beer,24,olympics
AcatnamedHamilton,44,olympics
BlamaeuxPrivateEye,44,olympics
Fuzzy_Protection1526,44,olympics
UnKnOwN769,44,olympics
p-s-chili,17,olympics
No-Significance5659,44,olympics
heksa51,44,olympics
mister_drgn,0,olympics
Vike92,0,olympics
MichaelSonOfMike,24,olympics
KimJongArve,44,olympics
MoKelic32,44,olympics
krazylegs36,44,olympics
Nyanek,17,olympics
FZ_Milkshake,17,olympics
9CF8,50,olympics
Remarkable_Mess_185,50,olympics
K_the_farmer,17,olympics
idinarouill,44,olympics
dobagela,44,olympics
Slight_Literature_67,44,olympics
Magister_Hego_Damask,130,olympics
BeppoFez,44,olympics
brasidasvi,131,olympics
Tort89,131,olympics
XRPX008,17,olympics
WhackadoodleSandwich,44,olympics
ZiggoCiP,44,olympics
AranasLatrain,44,olympics
Ardenwenn,132,olympics
Kozue222,132,olympics
vlad_the_impaler13,24,olympics
Hotdoge42,17,olympics
acllive,44,olympics
Educational_Milk2726,24,olympics
gonace,24,olympics
PDXDeck26,0,olympics
oneflou,3,olympics
Stoltlallare,44,olympics
Cosmos1985,24,olympics
Chewblacka_,44,olympics
ricardovr22,13,Curling
filibustersufferer,13,Curling
PhilU52,13,Curling
eddiewachowski,13,Curling
Extermin8her,13,Curling
Baelzabub,13,Curling
pyort,0,olympics
FishermanOk2139,0,olympics
CanIEditThisLater,0,olympics
burnerx2001,0,olympics
Accomplished_Paint23,4,olympics
Naso_di_gatto,4,olympics
SAwfulBaconTaco,0,olympics
justfetus,0,olympics
biboskirorun,0,olympics
rlangmit,0,olympics
SoooperSnoop,0,olympics
Shun_Atal,0,olympics
ElegantTonight4978,0,olympics
medhat20005,0,olympics
Inevitable_Space_293,4,olympics
kirchwitz,0,olympics
Caratteraccio,0,olympics
sennais1,0,olympics
ArcboundRavager990,11,olympics
Charming_Peak_4284,11,olympics
Akiino,0,olympics
AnswerAdorable5555,4,olympics
ahufana,0,olympics
Tweazie,0,olympics
UnchainUtopia,0,olympics
GRTooCool,0,olympics
ThanosFan99,0,olympics
emmasdad01,0,olympics
bman9919,0,olympics
Forsaken-Swim-3055,24,olympics
thedeeb56,24,olympics
AcadiaJaded724,24,olympics
EnoughSlopPlease,24,olympics
SeriousVegetable7171,24,olympics
CapableSkirt628,24,olympics
ruinedbymovies,24,olympics
Appropriate-Talk4266,24,Curling
No_Introduction_3542,24,olympics
crastle,24,olympics
kenroth50,24,olympics
Majestic-Two3474,24,olympics
RebelJedi1998,24,olympics
No_Cat4998,24,olympics
PachaThePenguin,24,olympics
Infamous_Charge2666,24,olympics
scotems,24,olympics
Kooky_Equivalent3785,24,olympics
A-e-r-o-s-p-h-e-r-e,24,olympics
APOC_V,24,olympics
Crafty-Regular-3212,7,hockey
JKray5_Reddit,7,hockey
Dr_Loke,7,hockey
hoyadestroyer,7,hockey
Chubaichaser,7,hockey
VerifiedMother,11,olympics
OwlEyes00,24,olympics
ChocoboDave,24,olympics
AlbusStormgaard,24,olympics
TPCC159,24,olympics
hypnoticus103,0,olympics
ChesterJT,0,olympics
manoman42,24,olympics
skefmeister,24,olympics
LozaMoza82,24,olympics
Lucky-Nightmare-4all,24,olympics
Due_Collar2,24,olympics
truthseekerace,24,olympics
teaseblitz,0,olympics
Reyna_girlie,24,olympics
TurdMcNugget69,7,hockey
callmejohndy,7,hockey
theguyishere16,7,hockey
t0t0zenerd,7,hockey
ZodiacError,7,hockey
lastlatvian,7,hockey
Serious-Pin926,1,olympics
afg500,1,unknown
WonderfulBlueberry78,1,olympics
calmnutz,17,olympics
Ok_Nail_5298,24,olympics
Aggressive_Grass_945,24,olympics
ge0theory,24,olympics
xnormajeanx,24,olympics
HWood2004,24,olympics
VerryRides,24,olympics
acatgentleman,24,olympics
SEAtoPAR,24,olympics
bellaLori,24,olympics
ohoroa,24,olympics
elizawatts,24,olympics
Nervous_Hat1680,24,olympics
Aloofisinthepudding,24,olympics
mattsotheraltforporn,24,olympics
El-futre,24,olympics
indeedy71,12,FigureSkating
Jumpy-Improvement-97,12,FigureSkating
sadcoffee1256,12,FigureSkating
NoSmile5007,12,FigureSkating
sugarcola16,12,FigureSkating
EducationalOne2570,12,FigureSkating
Mannon_Blackbeak,12,FigureSkating
Fabulous_Gold1745,12,FigureSkating
tits_mcgee0123,10,FigureSkating
Dry_Load_9956,12,FigureSkating
Mundane_Truth9507,12,FigureSkating
Difficult-Tough-5680,12,FigureSkating
Lisbeth78,12,FigureSkating
Level_Music_8693,12,FigureSkating
JustP2,12,FigureSkating
daisykat,12,FigureSkating
Thannhausen,13,FigureSkating
roionsteroids,12,FigureSkating
Defiant_Piece7442,13,FigureSkating
Jaguarcatkat,12,FigureSkating
OkejDator,4,Curling
Separate-Field-3064,4,olympics
peepeevs,4,olympics
Tasty_Singer7392,4,olympics
dEus___,2,olympics
MontyNSafi,4,olympics
Ambitious-Ad-3242,4,olympics
Rough-Measurement979,4,olympics
th3s1rslurm,4,olympics
NakedAggression,4,olympics
qnssekr,4,olympics
INDISH-girl,4,olympics
Tartaros030,4,olympics
ravendarkholme312,2,olympics
PerfectWorking6873,4,olympics
NejzorN,4,olympics
pukurindesu,2,olympics
MaddenRob,4,olympics
NoSirPineapple,4,olympics
Not_Real_Batman,4,olympics
MightBeDownstairs,4,olympics
calaccountant,4,olympics
cutmastaK,4,olympics
d710905,4,olympics
TurnipTall7545,4,olympics
DaddlerTheDalek,4,olympics
elegantideas,4,olympics
Utimate_Eminant,4,olympics
Wasting-tim3,4,olympics
RattusRattus_Sum,4,olympics
PlaguedYoon,4,olympics
Draknurd,4,olympics
BaseBig173,4,olympics
sunnyfordays22,4,olympics
bella-chili,4,olympics
stonersh,4,olympics
fitdad24,4,olympics
Gemnist,4,olympics
fivewaysforward,4,olympics
morts73,4,olympics
Ltroky,4,olympics
Temporary_Net_2924,4,olympics
No-Owl-6246,4,olympics
rogue_worlds,4,olympics
Legitimate-Marmalade,4,olympics
Evepaul,133,olympics
alittledanger,133,olympics
SDGollum,4,olympics
The_Little_Bits,4,olympics
TravelingMatt34,4,olympics
DontBeWaves,7,hockey
V_T_H,7,hockey
Top_Tension_1904,7,hockey
krunchwrap2010,7,hockey
vegetapinkshirt,7,hockey
InternationalSalt1,0,olympics
IncidentalIncidence,0,olympics
ILikeConcernedApe,11,olympics
Moist_Object_6012,11,olympics
Particular_Aide1097,2,olympics
MatthewHudson11998,2,olympics
Immediate_Tap1323,2,olympics
Moonraker0022,2,olympics
South_Suit9833,2,olympics
Cwilliam99,2,olympics
Eaglestar276,2,olympics
LapinTade,0,olympics
messamessa,0,olympics
MakGuffey,24,olympics
suckmyfuck91,2,olympics
Aussieomni,0,olympics
EuroRacoon-4,11,olympics
modin33,11,olympics
plushnyra,11,olympics
Charmander787,11,olympics
CLKguy1991,11,olympics
clydefrog811,11,olympics
LicoriceDusk,11,olympics
TiffanyTwisted11,0,olympics
AgentG91,11,olympics
daisymae25,11,olympics
IsthisWarframe,11,olympics
Unhappy_Ad5945,11,olympics
wilksonator,11,olympics
AmusingAmbush,11,olympics
Jutch_Cassidy,11,olympics
yuribatman,11,olympics
ghgerytvkude,11,olympics
Prestigious_Fella_21,11,olympics
Financial_Clue_2534,11,olympics
Tallented_Narwhal,11,olympics
plugged97,11,olympics
Thick_Cookie_7838,2,olympics
seattlesportsguy,11,olympics
hailtopizza,11,olympics
Think-Airport-8933,11,olympics
Morgus_Magnificent,11,olympics
ceebeesy,11,olympics
feather_moon,44,olympics
FunnyLoud3067,11,olympics
IvoBrasil,11,olympics
queensyrene,11,olympics
Breakker1,11,olympics
EldenLooter,11,olympics
quirkymilennial420,11,unknown
TheLastSanctuary,11,olympics
jehof27,11,olympics
DekeCobretti,11,olympics
wilmanwdk,11,olympics
MuchBiscotti-8495162,11,olympics
lilacsandhoney,11,olympics
No-Bus3817,11,olympics
monnurse7,0,olympics
Remarkable-Rise-4401,11,olympics
MacPh1sto,11,olympics
TrollKlovn,11,olympics
DaseNarch,11,olympics
Subject-Talk5892,11,olympics
YourFriendSin,24,olympics
CompoteImaginary4399,24,olympics
jomarthecat,24,olympics
Cool-Tour-1962,24,olympics
miss_scarlet_letter,24,olympics
SageAnowon,24,olympics
I_Am_Vladimir_Putin,7,hockey
YEAHTOM,7,hockey
Puzzleheaded_Cry_488,134,hockey
Sir_Fluffernutting,134,hockey
DasGoon,135,hockey
headacheinasuitcase,135,hockey
merckx3697,50,hockey
Ok-Soil-5133,50,olympics
Weak-Calligrapher-67,50,hockey
IntelligentPlane5375,50,hockey
sahmdahn,50,hockey
Tundraaa,136,hockey
MrBurnz99,136,hockey
honcooge,7,hockey
69WeinerPenis,7,hockey
Mistawondabread,50,hockey
Aaddaammnn,50,hockey
justkeptfading,50,hockey
Choice-Pudding-1892,50,hockey
pkpy1005,50,hockey
Jonesyrules15,137,hockey
DishRelative5853,137,hockey
Ski_Area51,50,hockey
DoNotResusit8,50,hockey
jimmi114,50,hockey
MrGhostenstein,50,hockey
InternImpossible8685,50,hockey
runninhillbilly,138,hockey
MobileMenace420,138,hockey
ADSquared,50,hockey
Adequate_Lizard,9,hockey
Allatura19,50,hockey
RealRaifort,50,hockey
BeerLeagueHallOfAvg,9,hockey
BobBlawSLawDawg,50,hockey
alwayscursingAoE4,50,hockey
terrible1one3,50,hockey
FastEddieMoney,50,hockey
Ardui98,0,unknown
luisapet,0,olympics
sesve,0,olympics
twombles21,24,olympics
socialaxolotl,24,olympics
calboomer55,24,olympics
ckychess,24,unknown
GoddamnRightJimSharp,24,olympics
Lucky_Dragonfruit_88,24,olympics
buckrogers2491,24,olympics
belle_enfant,24,olympics
JonSnow4525,24,olympics
Bigocelot1984,2,olympics
Kind_Eye_9567,0,olympics
nafraf,0,olympics
Whatonuranus,0,olympics
Kryzl_,0,olympics
HermioneSly,0,olympics
yellowstone10,0,olympics
ratspeels,20,olympics
Ds9niners,4,olympics
Oldest_Dream7,4,olympics
Mormegil71,4,olympics
laefeator,4,olympics
Bearspoole,4,olympics
Cute_Conclusion_8854,20,olympics
blkstr52,4,olympics
TigreMalabarista,4,olympics
yuzudo,4,unknown
Swimming-Dealer293,4,olympics
ill-just-buy-more,4,olympics
ButterbeerAndPizza,4,olympics
mukduk1994,4,olympics
According_Pay_6563,5,olympics
Citronaut1,5,olympics
Realistic-Wafer-314,5,olympics
Wafflinson,4,olympics
nohiddenmeaning,4,olympics
EllaIsOn1Wheel,4,olympics
Inner-Kiwi5041,24,olympics
dan2376,4,olympics
Ok_Start6378,4,olympics
sdfghs,0,olympics
EtVittigBrukernavn,0,olympics
AdPractical7574,0,olympics
Bored-Viking,0,olympics
_WangChung2night,0,olympics
Dirichlet-to-Neumann,0,olympics
OverallGeneral7129,13,hockey
Melodic_Path_3300,7,hockey
Hockeyshot39,7,hockey
Excellent-Medicine29,7,hockey
SirTropheus,7,hockey
PsychopathicEmpath,7,hockey
stumbleupondingo,7,hockey
Excellent_Sector_463,7,hockey
RocksteadyNBeebop,7,hockey
Icekommander,7,hockey
ElevenBeaver,7,hockey
halfmoonnights,7,hockey
floodswimming,7,hockey
weaselblinks,7,hockey
ManWithBag15,7,hockey
fullyBOURQUED,7,hockey
Table_Coaster,7,hockey
thisisaname21,7,hockey
GenFatAss,7,hockey
SwimmingThroughHoney,7,hockey
Fredbear_,7,hockey
jayzeats,7,hockey
Radiant_Sherbert7272,7,hockey
antrage,44,hockey
DaGiants,7,hockey
bootygoon2,7,hockey
mdb_la,44,hockey
Neutron199,7,hockey
ChuckKiddman,7,hockey
Malkinx,7,hockey
eutectic_h8r,7,hockey
BurkeMi,7,hockey
Anton-sugar,7,hockey
Various_Amoeba3638,7,hockey
Fluid-Decision6262,4,olympics
the_myleg_fish,4,olympics
SouthPerformer8949,4,olympics
ZDOG60,4,olympics
XenomorphAlarm,4,olympics
Nervous-Description6,24,olympics
aedionashryver18,24,unknown
Crackajack91,24,olympics
OkPair4241,24,olympics
Novel-Performer-4259,24,olympics
Occhigioiello,24,olympics
AR_Harlock,0,olympics
minititof,24,olympics
UsefulPoem5030,24,olympics
peeam,24,olympics
Salekkaan,24,olympics
Kioramen,24,olympics
YourUncleBuck,11,olympics
Special_Life_8261,11,olympics
HEAT_IS_DIE,0,olympics
mrooch,24,olympics
cmcgui02,139,olympics
spatchi14,139,olympics
Pinewood74,0,olympics
chartingyou,11,olympics
walnutandrittenhouse,24,olympics
Blondefarmgirl,24,olympics
Adventurous-Mix-7035,24,olympics
Uofoducks15,139,olympics
brittleboyy,17,olympics
Lyzandia,24,olympics
Jumpy-Holiday731,24,olympics
mr_lab_rat,24,olympics
McNoxey,24,olympics
Murky_Voice3023,24,olympics
Kizilmaske,24,olympics
cirvis240,24,olympics
tavvyjay,139,olympics
joriscool,24,olympics
zachtothejohnson,24,olympics
DarkGrimNature,24,olympics
CodeX57,4,olympics
BarrishUSAFL,4,unknown
Safe_Dragonfly752,0,olympics
BonusRough9603,2,FigureSkating
A_New_Day8108,2,olympics
lolli_blue,2,unknown
CampaignPersonal9803,2,olympics
PogoBox,2,olympics
keeleyfan89,24,olympics
lxfh7777,24,olympics
Black_Handkerchief,24,olympics
Balls_of_satan,24,olympics
LojikPuzzil,24,olympics
k4r6000,15,olympics
jamiethemime,17,olympics
LonelyRefuse9487,24,olympics
Robcobes,24,olympics
survivorbae3,5,hockey
eltree,5,hockey
gauderyx,5,hockey
DrapersSmellyGlove,5,hockey
actionparkranger,5,hockey
Ellestyx,5,hockey
JMM123,5,hockey
Sharkhawk23,5,hockey
Cavalry2019,13,Curling
TuffBunner,13,Curling
All-wildcard,13,Curling
Grammarhead-Shark,0,olympics
Unfair_Job_2028,0,olympics
Amberhp,0,olympics
sticksnstone,0,olympics
Pure-Horse-3749,0,olympics
TsumStacker,11,olympics
hanne2001,0,olympics
Devourerofworlds_69,0,olympics
DuztyLipz,0,olympics
trisaroar,0,olympics
cheezfang,0,olympics
Middle-Welder3931,0,olympics
BabeAlexandraBoik0va,0,olympics
FamilyShoww,0,olympics
ddjj3000,0,olympics
lurkingeternally,0,olympics
OptimusSublime,0,olympics
grebeulous,0,olympics
1000Isand1,0,olympics
SolarWind777,0,olympics
1TBee,0,olympics
katimakittykat,2,olympics
Ginkiba,0,olympics
Dany3R9,2,olympics
Parking_Range_2734,2,olympics
Sennawillemss,2,olympics
QueefSmuggler,87,skiing
quadtetra,24,olympics
Tragespeler,24,olympics
Freeze014,24,olympics
DommagePindaFromage,24,olympics
platyceps,24,olympics
roarti,24,olympics
buv3x,15,olympics
mnisda,2,olympics
burpeesandcaffeine,2,olympics
AstronomerIT,2,olympics
Mister_Macphisto,2,olympics
Bohnzo,2,olympics
Logical-Track1405,2,olympics
avrenak,2,olympics
brianthelumberjack,0,olympics
TrixnTim,2,olympics
jennwinn24,2,olympics
indefinitelydreams,11,olympics
Necessary_Luck_1366,2,olympics
Ijustwerkhere,2,olympics
PestoBolloElemento,2,olympics
IndependentTotal9280,2,olympics
AnnabellaPies,2,olympics
NuttyBuckeyes,2,olympics
Zealousideal-Air574,2,olympics
BIG_BLUBBERY_GOATSE,2,olympics
newlostworld,2,olympics
2Asparagus1Chicken,2,olympics
Ponderouspersona,2,olympics
IAmJanosch,2,olympics
mcclaneberg,2,olympics
Wassal9,2,olympics
Chrisixx,16,olympics
McSwoopyarms,2,olympics
rburp,2,olympics
I_Shall_Be_Known,2,olympics
DJBLiZZ,2,olympics
MurongYuan,2,olympics
xAMSTERRR,12,olympics
ChrisEvansFan,2,olympics
Shine_Onyx,2,olympics
niketkotecha,2,olympics
EmbraceFortress,2,olympics
dr_sassypants,2,olympics
_namaste_kitten_,2,olympics
Netsmile,2,olympics
niewinski,2,olympics
karmakimmie,2,olympics
-DesertMoon,12,FigureSkating
Ranglergirl,2,olympics
EvenRepresentative77,28,olympics
HooliganSocialClub,2,olympics
RubberDuckyRacing,2,olympics
ich_liebe_berlin,2,olympics
spoilederin,2,olympics
zandei,2,olympics
poko877,2,olympics
LateForTheSun,2,olympics
0fiuco,2,olympics
DrLivingst0ne,9,hockey
SportsMOAB,9,hockey
TestingLifeThrow1z,7,hockey
athousandpardons,9,hockey
ParfaitEither284,9,hockey
Goose312,9,hockey
Quady_c95,9,hockey
Man_Bear_Pig89,9,hockey
plaverty9,9,hockey
Go_Habs_Go31,9,hockey
Fair-Buffalo-9786,9,unknown
Hiddenshadows57,9,hockey
SteveFirehawk7,9,hockey
AdventurousRecord224,9,hockey
Dear_Trip_5655,9,hockey
SchoolDazzling2646,9,hockey
Baboshinu,9,hockey
MarlinManiac4,9,hockey
Ok-Working3714,9,hockey
chiddie,9,hockey
MasterMatt25,9,hockey
commodore_stab1789,9,hockey
_tarla_,9,hockey
Papercut6,9,hockey
Garland68,9,hockey
AuntGentleman,9,hockey
MammothHusk,9,hockey
Historical-Run164,9,hockey
CapriciousnArbitrary,9,hockey
eebee8,12,FigureSkating
DisplayPractical8018,12,FigureSkating
connectionsea91,12,FigureSkating
mimaluna,12,FigureSkating
Mysterious_Seat9844,12,FigureSkating
Slight_While_1538,12,FigureSkating
karinablue22,12,FigureSkating
yuzurupooh,12,FigureSkating
resb,12,FigureSkating
sabriffle,12,FigureSkating
battlestarvalk,12,FigureSkating
bryse0n,12,FigureSkating
Wickie_Stan_8764,12,FigureSkating
Prudent-Parfai,24,olympics
dwartbg9,24,olympics
I_like_it_bright,16,olympics
neo487666,24,olympics
Par25,7,hockey
19Facelift90,7,hockey
emotionaI_cabbage,7,hockey
beginnerslxck,7,hockey
ScrewOff_,7,hockey
Falko144,20,olympics
XCrenulateabysx,20,olympics
Ger_Oktoberfest,24,olympics
cmdr_gabe_e,24,unknown
Radiant-Ad-688,20,olympics
Monsieur_Perdu,2,olympics
RashomonRain,3,olympics
Xaridis,15,olympics
Acceptable_Field2448,15,olympics
ConsuelaApplebee,3,olympics
Icy-Election-2237,16,olympics
RxngsXfSvtvrn,16,unknown
TheYamfarmer,50,olympics
CCMegane,50,unknown
ultimateginger33,140,olympics
E_Kristalin,140,olympics
Flaky_Fan5664,50,olympics
tj_woolnough,50,olympics
IndependentAir4537,12,olympics
Accomplished_Fun3,50,olympics
Adept_Order_4323,50,olympics
Jdms_Mvp,50,olympics
Thistle-1972,50,olympics
Sammydaws97,50,olympics
Skitch_Hitchcock,50,olympics
loowig,50,olympics
MountainShark1,50,olympics
Disastrous_Relief691,50,olympics
soraa-,50,olympics
KINGtyr199,2,olympics
not_now_chaos,2,olympics
Ecce-pecke,50,olympics
ramsfan84,50,olympics
Gates_wupatki_zion,141,olympics
Dyl6886,141,olympics
theonenamedrachel,50,olympics
Key-Coat2353,50,olympics
OkCow2719,50,olympics
zeromavs,50,olympics
Minor_Edit,50,olympics
SquidsAndMartians,50,olympics
EWonderboy,50,olympics
vanilladanger,50,olympics
LowEmergencyCaptain,50,olympics
OrdinaryInside8,50,olympics
Styvan01,50,olympics
mii7c,50,olympics
Zandrea901,50,olympics
GoodGuySkiller,50,olympics
hmmmmmmmm_okay,50,olympics
ElonMuskIsATwat69,50,olympics
KingBroly,50,olympics
Metalguy_79,50,olympics
gkboy777,2,olympics
Erzter_Zartor,50,olympics
TheRealBabyPop,50,olympics
Optimal-Bass3142,50,olympics
tenid,50,olympics
Kriticalone2,50,olympics
Fellers,9,olympics
JustinKase_Too,50,olympics
Admirable_Sherbet538,2,olympics
Fuzzy_HoleyMoley,2,olympics
Miserable-Thing942,2,olympics
Numbat-Possum,2,olympics
Accomplished_Sun3619,2,olympics
FifthEboysMember,2,olympics
Emergency-Range-4455,2,olympics
PolishedMatrix,2,olympics
Bluebellblu,2,olympics
Serendipity_7786,2,olympics
saiilormars,2,olympics
Background_Ant451,2,olympics
RandomRecGoalie,2,olympics
NotCool117192,2,olympics
raystheroof1,7,hockey
Visible-Economist-48,142,olympics
FunnyID,142,olympics
Limp_Anxiety_6449,0,olympics
e_Z_752,0,unknown
jaxbchjim,0,olympics
derRaiden,7,hockey
inreverie187,7,hockey
Kenevin,7,hockey
femmemmah,7,hockey
Smittysgreasymullet,7,hockey
Mr_Abe_Froman,7,hockey
zebrainatux,7,hockey
PapaNixon,9,hockey
JumpEmbarrassed6389,7,hockey
holyfrozenyogurt,12,FigureSkating
Familiar_Ad_4981,22,FigureSkating
doingmybest932,22,FigureSkating
FoodGuy44,22,FigureSkating
Huzaifa_Haroon,22,FigureSkating
IamTrying0,22,FigureSkating
Infinite_Trouble_396,22,FigureSkating
Large-Dust9011,22,FigureSkating
No-Cow4150,22,FigureSkating
newbienewb101,22,FigureSkating
ShadowCat3500,22,FigureSkating
CheesecakeDue165,22,FigureSkating
These_Raisin_3346,22,FigureSkating
gasstationsushi80,22,FigureSkating
Past-River-351,12,FigureSkating
ArrVea,22,FigureSkating
MastodonVegetable167,22,FigureSkating
miss_polar,22,FigureSkating
Stunning-West-8672,22,FigureSkating
Sappyberry,22,FigureSkating
GhostDoggoes,22,FigureSkating
nintenk,22,FigureSkating
Tiny-Acanthaceae1656,10,FigureSkating
Much-Willingness9905,22,FigureSkating
kayethx,22,FigureSkating
mountainoceangirl,22,FigureSkating
UFOsBeforeBros,22,FigureSkating
Anders_A,22,FigureSkating
ponyblader,22,FigureSkating
Hedge-podge,22,FigureSkating
afterwits,11,FigureSkating
okpickle,22,FigureSkating
PickedOffBySauce,22,FigureSkating
luvduonz,22,FigureSkating
pastadudde,31,FigureSkating
Himtiffant,12,FigureSkating
ThePopojijo,12,FigureSkating
Single-Lingonberry95,22,FigureSkating
Plus-Pomegranate8045,22,FigureSkating
No-Firefighter-7442,22,FigureSkating
Carameliii,4,unknown
matilza,10,FigureSkating
oratoriosilver,10,FigureSkating
btokendown,10,FigureSkating
bluenightshinee,10,FigureSkating
Soggy_Iron_5350,10,FigureSkating
Thevintageandvanity,10,FigureSkating
life_is_loud,10,FigureSkating
Sad_Front6853,12,FigureSkating
yuzurujenn,12,FigureSkating
lolaola1,12,FigureSkating
Acrobatic_Act4976,12,FigureSkating
nocureforinsomnia,12,FigureSkating
ImplementDense2097,12,FigureSkating
SensitiveConstant956,12,FigureSkating
GovernmentCandid95,12,FigureSkating
_joons,12,FigureSkating
jqj29,12,FigureSkating
BeneficialSeat4425,12,FigureSkating
mycabbages_,12,FigureSkating
Scotchball,12,FigureSkating
NoMotion-4887,12,FigureSkating
babypops81,12,FigureSkating
nanimeanswhat,143,olympics
Entmaan,143,olympics
tvtb,50,olympics
Hockeymac18,144,skiing
AZWildk4t,0,olympics
yoknows,0,olympics
happyfirefrog22-,50,olympics
boredlady819,11,olympics
lostinthought15,50,olympics
FinanceRecent5222,50,olympics
smokingloon4,145,olympics
Academic_Storm6976,145,olympics
Financial-Grass-6114,50,olympics
ptatersptate,50,olympics
elola,145,olympics
James_Francis_Ryan,145,olympics
ljlkm,50,olympics
Specialist-Hold-653,0,olympics
bernmont2016,50,olympics
scaredshizaless,50,olympics
itsamemyusername,50,olympics
No-Tutor5996,50,olympics
RustyNotes,50,olympics
dragonfliesloveme,50,olympics
GreenMonkey333,50,olympics
socomeyeballs,50,olympics
Zealousideal_Bill_86,50,olympics
spectacularbird1,20,olympics
Mayhem370z,50,olympics
sunsnowh2o,146,olympics
TappyMauvendaise,146,olympics
timmyintransit,147,olympics
EvilChameleon09,147,olympics
Da_Taternater78,50,olympics
Syandris,50,olympics
gills90,50,olympics
tamere2k,50,olympics
mysteriouschi,50,olympics
tubthumping96,0,olympics
Upbeat-Selection-365,50,olympics
Budget_Flamingo27,24,olympics
SAVIORandLORD,24,olympics
DoubleCup8490,24,olympics
Tatehamma,28,hockey
ChupaHubbard,9,hockey
drae-,28,hockey
SimpsonN1nja,28,hockey
DontWorryImLegit,28,hockey
Apprehensive-Rip8489,28,hockey
berfthegryphon,28,hockey
Nope51st,28,hockey
chuckdeg,28,hockey
ToadvinesHat,9,hockey
niazemurad,28,hockey
sittingshotgun,28,hockey
magwai9,28,hockey
HaroldLither,28,hockey
IniNew,28,hockey
AutoRot,28,hockey
ChaldenesTitan,28,hockey
death_tron85,28,hockey
Lethbridgemark,28,hockey
anemic_royaltea,28,hockey
doyouthinktheycare,28,hockey
championstyle,28,hockey
Subwayabuseproblem,28,hockey
AerialReaver,28,hockey
evilJaze,28,hockey
binzoma,28,hockey
ReliablyFinicky,28,hockey
rooralj,28,hockey
StupidGenius11,28,hockey
LotsaKwestions,24,olympics
MiriamLovesSport94,24,unknown
mancemck,24,olympics
No-Stressss,24,olympics
birdy3133,24,olympics
AnnieB_1126,24,olympics
Mysterious-Quit-304,24,olympics
Admirable-Screen2238,24,olympics
KawazakiMotorcycle,24,olympics
minnesotaupnorth,22,olympics
Simple_Tart9548,24,olympics
AffectionateAct5815,0,olympics
Inevitable_Sector778,24,olympics
AYTOL__,24,olympics
lynchmar6,0,olympics
TheyreEatingTheD0GS,24,olympics
TruCrimeRighter,24,olympics
beeryan89,12,FigureSkating
Exact-Proposal-5562,12,FigureSkating
CauseNo2813,12,FigureSkating
ArsPain,12,FigureSkating
Icy-Action2121,12,FigureSkating
Odd_Brief4522,12,FigureSkating
Hour-Friend-4106,12,FigureSkating
StellafromVienna,12,FigureSkating
GoodAmbassador297,12,FigureSkating
TannisWaW,12,FigureSkating
fswhore,12,FigureSkating
Featureless_Bug,12,FigureSkating
direturtle,22,FigureSkating
PghDylan,12,olympics
Mysterious_West9231,12,FigureSkating
targayenprincess,12,FigureSkating
Sakarilila,22,FigureSkating
LeslieBird12,12,FigureSkating
lyra-s1lvertongue,12,FigureSkating
Icy_Refuse3028,12,FigureSkating
Artistic_Active_820,12,FigureSkating
emma_fsvideo,12,FigureSkating
KZavi,12,FigureSkating
Medium_Funny_2293,12,FigureSkating
rabidline,12,FigureSkating
Arvea_,12,FigureSkating
Jens_Kan_Solo,148,olympics
NewsHour,148,unknown
Unique-Activity8889,25,olympics
embianchi24,25,olympics
Fussel2107,25,hockey
Marchy_is_an_artist,25,hockey
appledanish,9,hockey
ShellshockedLetsGo,9,hockey
Okaywhy10,9,hockey
TellSloanISaidHi,9,hockey
Technical_Drawing898,9,hockey
ComfortDismal493,9,hockey
ConstantBook6534,9,hockey
wildlyintangible,9,hockey
Snackatttack,9,hockey
Middle-Ad-6209,149,hockey
Stephenrudolf,149,hockey
DCS30,9,hockey
JarvisFunk,9,hockey
asparagusbruh,9,hockey
Bubbly-Leek-6567,7,hockey
AsyanongAmbiguous,7,hockey
Annual_Expression_48,7,hockey
Inevitable-Tea5772,7,hockey
NFLDataAnalysis,7,hockey
Strikesuit,7,hockey
iBossk,9,hockey
Brody1364112,9,hockey
zedemer,9,hockey
DontNeedBreakfast,9,hockey
iggyfenton,9,hockey
intecknicolour,25,hockey
Extension-End8421,9,hockey
NLP19,9,hockey
zirky,9,hockey
superbuttpiss,9,hockey
DeanersLastWeekend,9,hockey
records_five_top,9,hockey
DDinoFartOnMyFace,9,hockey
poster4521,9,hockey
Snarffsnarff31,9,hockey
b0nkert0ns,9,hockey
CoolstorySteve,9,hockey
Basedshark01,9,hockey
bonk-the-honk,9,hockey
Qu1mi,25,biathlon
JJ-Bittenbinder,28,olympics
amandajg13,28,olympics
random_monkey,28,olympics
TheFaceo,28,olympics
LowMediocre4304,28,olympics
hymen_destroyer,28,olympics
MortgageRemarkable73,28,olympics
Vivid-Ad1372,10,FigureSkating
E_lenaa,10,FigureSkating
Comfortable-Side7018,10,FigureSkating
lyssabean617,10,FigureSkating
Civil-Tumbleweed-257,10,FigureSkating
AsianWADA,10,FigureSkating
rossodiserax,12,FigureSkating
Impossible-Repeat577,12,FigureSkating
kami_kaz_e,12,FigureSkating
kkmockingbird,10,FigureSkating
two-teachers,10,FigureSkating
Lost-Director5618,10,FigureSkating
Many_a_Broomstick,10,FigureSkating
420StAcY,10,FigureSkating
Kamila_222,10,FigureSkating
Darnbeasties,10,FigureSkating
Filing_chapter11,10,FigureSkating
throwrahsjsjdhdhdh,150,FigureSkating
FaithlessnessHot5667,150,FigureSkating
lattestim,10,FigureSkating
LandslideBaby,2,FigureSkating
Motor_Rice_3291,10,FigureSkating
Dry_Performer6859,10,FigureSkating
MapEducational5058,10,FigureSkating
readandrant,10,FigureSkating
jd2004user,10,FigureSkating
BlueberryNo6811,10,FigureSkating
Overtea41,10,FigureSkating
tigerga1,10,FigureSkating
GrimRainbows,7,hockey
hockeyjmac,7,hockey
TonyWyomey,7,hockey
MarstonX,7,hockey
mattcojo2,7,hockey
SleekD35,7,hockey
CodeA25,7,hockey
fergatr,7,hockey
RicardoRoedor,2,olympics
3-car-garage,7,hockey
NikaReturns,7,hockey
Roshy76,7,hockey
only-mansplains,7,hockey
Lady_Flashheart,7,olympics
Sir_KnowItAll,7,hockey
johal61,7,hockey
Aramis21_TG,0,hockey
-pooman-,0,hockey
hellarios852,0,olympics
WHLZ,9,hockey
99Wolves17,9,hockey
christmastree47,7,hockey
SecretiveMop,7,hockey
TheBookOfTormund,7,hockey
Jaydayy,7,hockey
sourpatch1708,7,hockey
TheHalfChubPrince,7,hockey
Commercial-Lake5862,7,hockey
OffTheBar2017,9,hockey
Random0925,7,hockey
MajesticCrunch,7,hockey
JPmoneyman,7,hockey
BKong64,7,hockey
redplasticbowl,7,hockey
mchaelproductions,7,hockey
M1lkBoyz,7,hockey
buzzmemello520,7,hockey
StatisticianActual1,7,hockey
Rangemon99,7,hockey
Edman8,7,hockey
WhenWillIBeAPilot,7,hockey
Uterus_Executorus_,7,hockey
fruliojoman,7,hockey
Xperr7,7,hockey
crash_test,7,hockey
smokeey,7,hockey
Gold_Telephone_7192,0,hockey
PrimisClaidhaemh,9,hockey
Clean-Drop8283,7,hockey
Sportslegend,7,hockey
CritsandGravy,7,hockey
elpis_z,9,hockey
lunasilvia,9,hockey
adsheppa,7,hockey
Ozwardo32,17,olympics
Solid-Tea7377,17,olympics
basteilubbe,17,olympics
DIAXMEN,17,olympics
Magento,17,olympics
Dani-Br-Eur,17,olympics
Cornelis73,17,olympics
harrytaisa,24,olympics
netflixissodry,24,olympics
parking_pataweyo,17,olympics
jeterloincompte420,17,olympics
zealen,24,olympics
riddlerprodigy,17,olympics
Qwartel,4,olympics
Obes_au,17,olympics
startledroar,17,olympics
kingsleycall92,17,olympics
Any-Treacle-4199,17,olympics
Books_and_Cleverness,24,olympics
BriefImplement9843,17,olympics
ModeratelyMe,17,olympics
MyCountryMogsYours,17,olympics
FinnInAms,17,olympics
whyyyyyyyT_T,17,olympics
DutchPack,151,olympics
NegativeMammoth2137,151,olympics
Correct-Bet-1557,0,olympics
OkraMountain9632,0,olympics
silverlegend,0,olympics
dingesje06,44,olympics
JSlickJ,17,olympics
GroundbreakingMap979,17,olympics
bartoszfcb,17,olympics
SignificantIsopod797,17,olympics
Vicie007,17,olympics
registeredfake,17,olympics
Inevitable-Bag-5310,151,olympics
stimulation,24,olympics
Kontrafantastisk,17,olympics
Mijkvd,17,olympics
Vegetable-Nebula4623,17,olympics
ImaginationCareful15,151,olympics
Any-Individual6841,151,olympics
Joe_Huxley,0,olympics
Posan,0,olympics
DeepEnoughToFlip,17,olympics
AnyBarber,17,olympics
Conec,24,olympics
Old-Spring-2448,24,olympics
NicholeTheOtter,17,olympics
OrdinaryOwl-1866,17,olympics
edgeplay6,17,olympics
TrollHunter87,24,olympics
Amphitrite227204,24,olympics
LibraryOk6964,24,olympics
trebor204,17,olympics
ChampionShark1,7,hockey
CrunchyKorm,7,hockey
jakovichontwitch,7,hockey
NotTheRocketman,7,hockey
ph1shstyx,7,hockey
MasterDeagle,7,hockey
vaulstuit,7,hockey
Over-Dig-2448,7,hockey
treple13,7,hockey
EgweneIsLit,7,hockey
mdlt97,7,hockey
Symmetrik,7,hockey
stolpoz52,7,hockey
FlyFishingTherapist,7,hockey
Jittys,7,hockey
Bloodraven23,7,hockey
_stellapolaris,7,hockey
Yogurtproducer,7,hockey
stickinrink,7,hockey
RealisticAd4054,7,hockey
epok3p0k,7,hockey
GMBarryTrotz,7,hockey
Josefstalion,7,hockey
jdh2112,7,hockey
hdeibler85,13,hockey
mshell734,12,FigureSkating
TNNSinnerFoxCult,0,olympics
JJInTheCity,10,FigureSkating
Busy-Cartoonist9626,10,FigureSkating
deadblossom,10,FigureSkating
Choice_Ostrich_6617,10,FigureSkating
Electrical-Earth743,10,FigureSkating
Complete_Item9216,10,FigureSkating
Any_Special5721,12,FigureSkating
Resipsaloquiturtle16,12,FigureSkating
RaidherApe,10,FigureSkating
Any_Coconut4363,12,FigureSkating
Big_One_Bitey_,12,FigureSkating
gnomeglow_,14,FigureSkating
gmd24,10,FigureSkating
Maleficent-Total2738,10,FigureSkating
coconutdreams55,10,FigureSkating
mew2003,11,olympics
Beneficial_Change681,11,olympics
GanacheCharacter2104,11,olympics
LifeIsAPhotoOp,11,olympics
soifua,11,olympics
SomeDepressedRaccoon,11,olympics
rsgreddit,22,olympics
Dizzy_Engine_4854,11,olympics
AvisRune,11,olympics
trey2128,11,olympics
auntie_climax,11,olympics
Artistic-Poem6668,2,olympics
Katsuro-07,44,olympics
Fun_Reputation5181,44,unknown
TheShark24,44,olympics
youre-both-pretty,44,olympics
firstbaseproblems,44,olympics
staxnet,44,olympics
Different_Scratch_80,44,olympics
maxsqd,44,olympics
schneeglitzer,44,olympics
iAMADisposableAcc,44,olympics
Puzzleheaded_Word878,44,olympics
mild_somniphobia,44,olympics
lukewarmpartyjar,44,olympics
ChongieB,44,olympics
beno1990,44,olympics
HumbleHalberdier,44,olympics
Heidijojo,44,olympics
DmacNcheese,44,olympics
aurdwynn,44,olympics
WelshRarebit2025,44,olympics
Megan_Kugler,44,olympics
TheLizardKing89,44,olympics
superfluousapostroph,44,olympics
Jazzlike-Ad2906,44,olympics
i_have_80hd,152,FigureSkating
AZNEULFNI,152,FigureSkating
KotomiPapa,12,FigureSkating
evoletahh,152,FigureSkating
LAFoodiePanda,12,FigureSkating
darkprairierose,12,FigureSkating
Anniechon,12,FigureSkating
margothartley,12,FigureSkating
jpn_2000,152,FigureSkating
Strawberrycow2789,12,FigureSkating
alcyonewinter,47,FigureSkating
InnerAdhesiveness666,12,FigureSkating
schmigglies,12,FigureSkating
d1psh1t_mcgee,12,FigureSkating
devoncarrots,12,FigureSkating
carlyj18,12,FigureSkating
courtneywrites85,12,FigureSkating
ddan_sch,12,FigureSkating
ThunderBayOPP,12,FigureSkating
acc8forstuff,12,FigureSkating
TheMostRandomPerson7,31,FigureSkating
mixedbagofships,153,olympics
yomar_14,153,unknown
Alarmed_Bullfrog6241,17,olympics
Emergency_Advance725,17,olympics
44problems,17,olympics
Such_Currency1029,17,olympics
12bunnies,17,olympics
hockeyduster73,12,olympics
acergum,12,olympics
MissXM,17,olympics
Tac0w,2,olympics
oasisssss,17,olympics
nachocheese23,17,olympics
royvl,17,olympics
f1223214,17,olympics
bthompson04,17,olympics
Tullyswimmer,17,olympics
Yellow_Blue_Jet,17,olympics
Intelligent_Heron_15,17,olympics
DogFacedPonyHuman,12,olympics
kcreature,24,olympics
kinglefart,24,olympics
gonzaloetjo,17,olympics
PhilosoFishy2477,17,olympics
PropheticToad,17,olympics
LuminousQuinn,17,olympics
kolachekingoftexas,17,olympics
lobidu,17,olympics
Groundbreaking-Pie95,17,olympics
Delilah_Moon,17,olympics
eclipze_95,17,olympics
savvaspc,0,olympics
90342651,17,olympics
Much_Lingonberry_37,17,olympics
socialcommentary2024,17,olympics
Ipsumesse1,17,olympics
HerrStewie,17,olympics
Ok_Fisherman9651,17,olympics
MnstrPoppa,17,olympics
clabancha,17,olympics
sagew0lf,17,olympics
throwaway-plzbnice,17,olympics
yesimforeign,17,olympics
95percentconfident,17,olympics
ButtCavity,17,olympics
SpazMcdonut,17,olympics
Last-Economist-4644,17,olympics
LSanborn2,17,olympics
losttinecuileog,17,olympics
IntradepartmentalPet,17,olympics
TheTruth_Hurts_Idiot,17,olympics
muaddib322,17,olympics
kicia-kocia,17,olympics
techieman33,17,olympics
frosticus0321,17,olympics
cazdan255,17,olympics
Cinderhazed15,17,olympics
lolexecs,17,olympics
Real_Impact726,17,olympics
luisbg,17,olympics
sanedragon,17,olympics
OttawaOsprey,17,olympics
Plane_Election_1598,17,olympics
Maryjanegangafever,17,olympics
Jenetyk,17,olympics
ArguablyMe,17,olympics
QiwiLisolet,17,olympics
StillVeterinarian578,17,olympics
Friendly-Advice-2968,17,olympics
SigmaKnight,16,olympics
unlikelywin,12,unknown
Feisty-Life-6555,12,FigureSkating
StarfallGalaxy,12,FigureSkating
Divisadero,12,FigureSkating
DjangoPony84,12,FigureSkating
piratesswoop,12,FigureSkating
NearbyPerspective397,2,olympics
SunInevitable2179,12,FigureSkating
Angrydwarf99,10,FigureSkating
Impressive_Secret907,12,FigureSkating
Astaer_,12,FigureSkating
PlantNerd_Southpaw,10,FigureSkating
kaleidocute,10,FigureSkating
DiminutiveLizard87,12,FigureSkating
Penguin_Green,12,FigureSkating
HousingBackground819,12,FigureSkating
Sambarksdimples,12,FigureSkating
Cute_Reality_3759,12,FigureSkating
Fierce_GameBG,12,olympics
pundromeda,12,FigureSkating
tottie_fay,12,FigureSkating
PravdaLibrae,12,FigureSkating
Mountain_Schedule_40,2,olympics
ChicharitosLeftFoot,2,olympics
Weezy366,2,olympics
AlphaLaufert99,17,olympics
Glittering_Camel_639,2,olympics
Earthling008,2,olympics
Klingh0ffer,17,olympics
June24th,24,olympics
TheFifthSith,17,olympics
TheWonderMittens,2,olympics
Joachimsen,2,olympics
Inner-Thought9665,2,olympics
PastCarpenter626,11,olympics
Striking-Treacle3199,11,olympics
Jerryep7,25,Curling
Cheeky_Chipmunk6415,25,Curling
Beneficial-Coffee129,25,Curling
stickykk,47,skiing
NewMexicoJoe,47,skiing
oneofakind24,47,skiing
PolishMichal,47,skiing
MoneyBadger14,47,skiing
Jibjumper,47,skiing
Special_North1535,47,skiing
G3Saint,47,skiing
Last-Assistant-2734,47,skiing
SuitIndependent,47,skiing
RustyGuns,47,skiing
Z0idberg_MD,47,skiing
8Flaneur,47,skiing
sandemonium612,47,skiing
Tasty-Day-581,47,skiing
Mend1cant,47,skiing
Both-Shallot-4803,47,skiing
Valuable_Jicama8553,47,skiing
senditloud,47,skiing
Drink-my-koolaid,47,skiing
Gullible-Order3048,47,skiing
No_Curve_9650,47,skiing
Vivid-Trifle1522,47,skiing
Hefty_Store1382,47,skiing
Chief_Sabael,47,skiing
panderingPenguin,47,skiing
Spillsy68,47,skiing
juneaujuice,47,skiing
BeatlesF1,47,skiing
Capable_Swordfish701,47,skiing
billybob476,47,skiing
HarryBalsagna1776,47,skiing
dogthrasher,47,skiing
mapoftasmania,47,skiing
Old-Tadpole-2869,47,skiing
DinosaurDied,47,skiing
Delicious_Stand_6620,47,skiing
Why_you_so_wrong_,47,skiing
KneeReaper420,47,skiing
External_Koala971,47,skiing
Vision9074,11,olympics
Brankoone,11,olympics
harrlumm_tzz,12,unknown
emptycanofhairspray,12,FigureSkating
Sweetcarolinelove,12,FigureSkating
FrostAndTheForest,12,FigureSkating
Independent_Cycle837,12,FigureSkating
Responsible_Bad_4846,12,FigureSkating
rowsoflark,12,FigureSkating
Radiant-Banana161,12,FigureSkating
Beautiful_Shine_8494,12,FigureSkating
Peachy_Clean_Pirate,12,FigureSkating
Samurai_Rey,12,FigureSkating
Zalveris,12,FigureSkating
amygym,12,FigureSkating
Desperate_Law9894,17,olympics
lik_a_stik,17,olympics
mahboilucas,17,olympics
IShipHazzo,17,olympics
Noonecanhearmescream,17,olympics
Budget_Case3436,17,olympics
whata-disaster,17,olympics
NooneUverdoff,17,olympics
FootballPizzaMan,17,olympics
RVAforthewin,17,olympics
_Happy_Sisyphus_,0,olympics
jmg1621,17,olympics
Yugifrolife,17,olympics
ShovelKing3,17,olympics
anton_d66,17,olympics
Clear_Astronomer_867,17,olympics
LyricalDucking,16,olympics
supersupressor,17,olympics
palesnowrider1,17,olympics
Academic-Goose1530,17,olympics
anonymousse79,17,olympics
lepreqon_,17,olympics
chinagrrljoan,17,olympics
justsyr,17,olympics
Duhr3l,17,olympics
Artistic_DewDrop,0,olympics
hammocat,17,olympics
PsychologicalIce5384,17,olympics
greentangent,17,olympics
BriarRoseElla,17,olympics
2Hanks,17,olympics
jma9454,17,olympics
AnnMental-Grace-5522,17,olympics
MyHorseDoesntLikeYou,17,olympics
Broudster,17,olympics
Cmdr_Nemo,17,olympics
Blubberinoo,17,olympics
Tehlim,17,olympics
odin21,17,olympics
DeegJongen,17,olympics
rxlady8265,2,olympics
mynameisanyname,2,olympics
sillaresmes,2,olympics
ExtremePikachu75,2,olympics
james5007_nt,0,olympics
1chicken2nuggets,2,olympics
Sea_Juice_285,2,olympics
Gardenasia,2,olympics
rossefor,17,olympics
Roofofcar,2,olympics
hammerhead987,2,olympics
Raptor_Jetpack,2,olympics
RabidLeroy,2,olympics
1970s_MonkeyKing,0,olympics
MacaroonSad8860,2,olympics
Powrs1ave,2,olympics
FantexOfficial,2,olympics
FoxMeadow7,2,olympics
BigBlueMountainStar,2,olympics
Made_at0323,2,olympics
Practical-Shape7453,2,olympics
klm_58,2,olympics
Objective-Barber-674,2,olympics
travelan,2,olympics
WindyCityABBoy,2,olympics
FaliedSalve,2,olympics
billdizzle,2,olympics
Antique_Tale_2084,2,olympics
gotkube,2,olympics
rhandy_mas,2,olympics
Cleos_Mommy,2,olympics
chrisqc01,154,hockey
ProfStacyCA,154,olympics
Ronxu,4,olympics
UnoTwoTrys,2,olympics
cardew-vascular,2,olympics
dreadpiratedusty,2,olympics
2013wasthedays,2,olympics
james3382747,2,olympics
HatulaMastula,2,olympics
Salty145,22,olympics
mariusdr14,22,olympics
Plastic_Routine_5657,22,olympics
LowDependent5907,22,olympics
hRbZbddfogkCHHib,22,olympics
edogg01,22,olympics
Potatodrgn11,22,olympics
mercurialglitter,22,olympics
Exciting-498,22,olympics
jerseygirl75,22,olympics
carolina_on_my_mind,22,olympics
Dear_Low_7581,22,olympics
Evan_Playz72813,22,olympics
No-County2703,22,olympics
hotblueice,22,olympics
ADimBulb,22,olympics
doublEkrakeNboyZ,22,olympics
MissSpidergirl,22,olympics
KassXWolfXTigerXFox,22,olympics
iGetBuckets3,0,olympics
honeybee4puppies,22,olympics
RulerofHoth,22,olympics
Tooters-N-Floof,22,olympics
Dumpsterfire_47,22,olympics
Wasteak,22,olympics
loulou7886,22,olympics
Gnb7588,22,olympics
AlanB-FaI,22,olympics
AccurateAssistance28,22,olympics
EmuFume29,22,olympics
rob1son,22,olympics
Veritas1814,22,olympics
pitbullgirlygirl,22,olympics
Old-Library5546,22,olympics
tapelamp,22,olympics
yuoip1,22,olympics
retype_password,22,olympics
HanSoloQue,22,olympics
fauxregard,2,olympics
WindWaked,22,olympics
zalfrann,22,olympics
pasta-golfclubs,22,olympics
Remarkable_Many_1671,22,olympics
potatochobit,22,olympics
justinkasereddditor,22,olympics
Many_Driver725,22,olympics
ACGateAgent,22,olympics
ancillarycheese,22,olympics
soundecember,22,olympics
Anonymous123_59,12,FigureSkating
Particular_Union1029,12,FigureSkating
ceylonblue,12,FigureSkating
Emergency_Ride_9276,9,hockey
Equivalent-Leg-9697,9,unknown
dessanct,9,hockey
MekyZbirka13,9,hockey
markjohnstonmusic,9,hockey
fungus_bunghole,9,hockey
Fancy_Star254,9,hockey
Aggressive-Ad7946,9,hockey
templethot,9,hockey
Kitiseva_lokki,9,hockey
glennis_the_menace,9,hockey
Yaroslav_Mudry,9,hockey
TimeliestStorm,9,hockey
koca1508,9,hockey
NathanGa,9,hockey
Tasden,9,hockey
deliciousfishstick5,9,hockey
CA_spur,9,hockey
Remarkable-Pair-3840,12,FigureSkating
Queltis6000,7,hockey
uberklaus15,7,hockey
voltairesalias,7,hockey
Bad_Idea_Hat,9,hockey
Izzo,7,hockey
Bdubby21,7,hockey
Low_Contract7809,7,hockey
Soft-Tea-435,7,hockey
Far_Nectarine293,7,hockey
FeePretty447,7,hockey
hullkogan,7,hockey
Naive_Proposal7422,7,hockey
abwaters97,12,FigureSkating
charlottelucas27,12,FigureSkating
GolfOk7579,12,FigureSkating
jprice455,12,FigureSkating
gimmesomespace,12,FigureSkating
GrayMareCabal,12,FigureSkating
berrywithaberet,12,FigureSkating
Junior_Fig_2274,12,FigureSkating
helloblan123,12,FigureSkating
Zelbonzo,12,FigureSkating
feikex,12,FigureSkating
kennyandkennyandkenn,0,olympics
No-Egg5667,0,olympics
DragonsGape,0,olympics
CrazyProudMom25,0,olympics
FourTimeDundyWinner,0,olympics
Eating-two-burritos,0,olympics
psgola2002,0,olympics
GridSportGames,155,olympics
mais_souffle,155,unknown
GMantis,0,olympics
ChristelRobichaud,5,olympics
orinaardvark,28,olympics
Alex09464367,28,olympics
shorty2494,12,olympics
mcfluffernutter013,12,olympics
Tight-Might68,12,olympics
krom0025,28,olympics
Emu-lator,5,olympics
Derpazor1,156,olympics
ResponsibleClock9289,156,olympics
Pale-Effective5926,157,olympics
OwnCricket3827,157,olympics
CTG0161,28,olympics
Spiritual-Loan-347,28,olympics
buckeyevol28,157,olympics
Pretend_Emu_1691,12,olympics
ssstephhhh,28,olympics
not_so_plausible,12,olympics
Moist_Gennitals,28,olympics
MacAttak18,28,olympics
Tyranicross,5,olympics
Haunting_Onion_7866,10,FigureSkating
Being_Pink,10,FigureSkating
dasrod,12,FigureSkating
hopitopp,10,FigureSkating
fam-squad-lit,12,unknown
MarsupialUnable9295,12,FigureSkating
Flat_Broccoli_3801,12,FigureSkating
LadybugGirltheFirst,10,FigureSkating
Fit-Swimmer1322,12,FigureSkating
Ccmt_336,35,olympics
krasivi_gardi,35,olympics
flowermoontattoo,35,olympics
PandaPop81,0,olympics
CaptainDrunkRedhead,0,olympics
PuzzleheadedSwim6291,35,olympics
CeilingUnlimited,35,olympics
Direct_Dragonfly878,35,olympics
Zazzafrazzy,35,olympics
BigComfyCouch4,35,olympics
littleb3anpole,35,olympics
SlayTalon,35,olympics
phishnphils,35,olympics
Curious_Cleopatra,35,olympics
udderlymoovelous,16,olympics
Typical_Juggernaut42,24,olympics
solojones1138,35,olympics
BORT_licenceplate,35,olympics
Adapteduser,35,olympics
hsj713,35,olympics
VampireOnHoyt,35,olympics
BorkLesnard,35,olympics
JessP_23,35,olympics
One_Emergency7679,35,olympics
WardDispenser,35,olympics
ToronoYYZ,1,olympics
UnknownPleasures3,1,olympics
SJC-Caron,35,olympics
Chemical_Butterfly40,24,olympics
cragglerock93,24,olympics
VariationNo7977,24,olympics
TTWC,24,olympics
Male_strom,35,olympics
EssOpie,35,olympics
TheAtariJunkie,35,olympics
AnytimeInvitation,35,olympics
mdp300,35,olympics
stacity,35,olympics
HistoryHasEyesOnYou,35,olympics
lilbigblue7,35,olympics
Homo-Erect,35,olympics
MickTravis1,35,olympics
UnderstandingNo3426,35,olympics
roge0934,35,olympics
udonbeatsramen,35,olympics
beartoast,35,olympics
trevpr1,35,olympics
sarahc13289,35,olympics
treasurebum,35,olympics
jessipowers,35,olympics
AdditionalSwimming1,35,olympics
Dogzillas_Mom,35,olympics
FENICH,35,olympics
danvancheef,35,olympics
Romax24245,35,olympics
vlhube71,7,hockey
turkey45,7,hockey
FlareEK,7,hockey
TheGreatDudebino,7,hockey
Haluxe,7,hockey
agk927,7,hockey
Mercylas,7,hockey
AssociateAwesome9,7,hockey
timpoakd,7,hockey
Radjage,7,hockey
KaeIsUrGirl_,10,FigureSkating
manifesting2026a,12,FigureSkating
beansmouse,12,FigureSkating
Udont_knowme00,12,FigureSkating
Fit-Introduction8575,13,Curling
QuirkyTurtle999,28,Curling
North-Bug388,28,unknown
katafrakt,28,Curling
backlund11,28,Curling
Prudent_Reading2539,28,Curling
Curious_Olive_5266,28,Curling
Chief-Rufio,28,Curling
the3rdmichael,28,Curling
samcurler,28,Curling
PolitelyHostile,28,Curling
BookkeeperNo5523,28,Curling
cbmuir,28,Curling
Landopedia,28,Curling
Ok-Impact-7887,22,unknown
Waste-Translator936,3,biathlon
EffectiveSubject6,3,biathlon
vampirepotter,7,hockey
Big-Recognition-6983,7,unknown
NameIsPetey,7,hockey
billmurray43,7,hockey
NiklasChronwall,7,hockey
Mingo_laf,7,hockey
randomusername59159,7,hockey
chandler55,7,hockey
ShakespearesHovercar,7,hockey
Ancient-Fuel-7861,7,hockey
UrsaMajor7th,7,hockey
mpaw976,7,hockey
BashfulWalrus7,7,hockey
livvvvvvvvvvvvvvvvvv,22,olympics
HungryZone1330,22,olympics
life-finds-a-way-93,22,olympics
davlar4,22,olympics
luktsinnet,22,olympics
Immediate_Buffalo14,22,olympics
wildrabbit12,22,olympics
Monterenbas,22,olympics
Dazzlethetrizzle,22,olympics
ImTheVayne,22,olympics
Fresh_Ostrich4034,22,olympics
WoWisLife713,22,olympics
Imaginary-Sea573,22,olympics
BeffBezos,22,olympics
TWN113,22,olympics
pandaatadesk,22,olympics
mulokisch,22,olympics
Vermland,22,olympics
Personal_Writer8993,158,olympics
hnatyukroman,158,unknown
s0xmonstr,31,FigureSkating
Twothounsand-2022,31,FigureSkating
bstark97,31,FigureSkating
RainbowBriteGlasses,31,FigureSkating
Xagzan,31,FigureSkating
Beatana,31,FigureSkating
amara90,31,FigureSkating
ForeignBazaar,31,FigureSkating
Glittering_Nerve_648,31,FigureSkating
tulpachtig,31,FigureSkating
DST-NYR_LL2,31,FigureSkating
No_Storage5184,31,FigureSkating
FinalMidnight4670,31,FigureSkating
sc0998,31,FigureSkating
Crime-raider-poopy42,31,olympics
jparkarts,31,FigureSkating
nomanoid_is_ALIVE,31,olympics
lalalandbeforetime,31,olympics
BlackMagicMerlin,31,olympics
Fullthrottle-,31,olympics
ChestnutMareGrazing,31,FigureSkating
Churlishbeast,31,FigureSkating
SidewaysButtCheeks,7,hockey
BBarrRN,10,unknown
Away_Philosopher_56,0,olympics
Critical-Ordinary-97,2,olympics
Funny-face-1613,2,olympics
AnOfferHeCantRefuse,2,olympics
4Taddie,2,olympics
IronBird023,2,olympics
Metsnterps,2,olympics
altarwisebyowllight,2,olympics
ephemeral_radiance,35,olympics
Perseus1315,2,olympics
onenightsection,2,olympics
wedgeant86,2,olympics
mtpgoat,2,olympics
jchaser27,2,olympics
snackpackjones,2,olympics
the716to714,2,olympics
Burnthemeatbags,2,olympics
GoGoGreyhound1013,2,olympics
garfunks,2,olympics
Hot-Tomato4908,2,olympics
xaybell32,2,olympics
cc780,2,olympics
redbug_f,2,olympics
bandofgypsies,9,hockey
Responsible_Oil3859,9,hockey
rubyhawk204,9,hockey
Detonation,9,hockey
Eyebleedorange,9,hockey
nicebeanjuice,9,hockey
Clean_Principle_2368,7,hockey
Gavin1453,7,hockey
Iyerlicious,7,hockey
Powerful_Rain2805,7,hockey
EkbyBjarnum,7,hockey
Fresh_Extension_3605,7,hockey
Rhomya,7,hockey
YouShallNotPass92,7,hockey
crazycanucks77,7,hockey
ProjectHarraseeket,7,hockey
iusedtogotodigg,7,hockey
Wide-Pop6050,7,hockey
bongrips19,7,hockey
Nickis1021,7,hockey
WankaBanka9,7,hockey
ztothe4th,7,hockey
QuintonBendmeover,7,hockey
kovalev23,7,hockey
thepenguin12,7,hockey
Better_Method3111,7,hockey
KorppiC,7,hockey
MightyMiami,7,hockey
AaronRodgersXoX42069,7,hockey
Heat-Limp,7,hockey
silentsirensongs,7,hockey
iRacingTo300IR,7,hockey
lifetakesvisa,2,olympics
migo-the-buttmunch,2,olympics
Swarles_Barkley79,2,olympics
RubySoho1980,2,olympics
KimberStormer,2,olympics
Coldhearted010,2,olympics
Mean-Mixture-428,2,olympics
chickcag,2,olympics
Tvisted,2,olympics
itlow,2,olympics
erasmulfo,2,olympics
ShoeSh1neVCU,2,olympics
docsyzygy,2,olympics
borkborkbork99,2,olympics
Vulpix_Rising,2,olympics
danielo121,11,olympics
GreninjaStrike,16,olympics
IndigoRuby,16,olympics
Rampage-count,4,olympics
Quaker_Hat,16,olympics
DaGuys470,16,olympics
GrimaceThundercock,16,olympics
Not_Steve,16,olympics
Knighty93,16,olympics
_SheWhoShallBeNamed_,16,olympics
TripleDouble19,16,olympics
tadoid0,16,olympics
Few-Actuator9705,16,olympics
constipated-rodent,16,olympics
TwoBassoons,16,olympics
DeerOnTheRocks,16,olympics
wagadugo,16,olympics
jokes_on_you,16,olympics
Oilrig77,16,olympics
ValentineRita1994,16,olympics
Pijaki,16,olympics
ttue-,16,olympics
Jaric_Mondoran,16,olympics
MirkwoodWanderer1,5,olympics
Justmmmoore,0,olympics
Lopsided-Selection85,5,olympics
claudia_tiedemann,5,olympics
KanyeDeOuest,5,olympics
makkaraperunatjamuus,24,olympics
elijuicyjones,24,olympics
Potato-Alien,0,olympics
Fabulous-Chance372,0,olympics
JuicyBroPumpJr,24,olympics
ProbablySlacking,24,olympics
danjouswoodenhand,0,olympics
scrutator_tenebrarum,5,olympics
eirwen29,24,olympics
DuncxnDonuts,24,olympics
LearnedElite,0,olympics
Cosmic-burst,0,olympics
HoldingThunder,0,olympics
Yggdrasil-,0,olympics
iamsplitter,5,olympics
LudicrousPlatypus,0,olympics
Pink-Ninja1,0,olympics
Jonabros,0,olympics
HollaNaomi,0,olympics
Alicegradstudent1998,159,skiing
kleverrboy,159,unknown
Paramedic293,0,olympics
jonnydogma,0,olympics
youateallthepies,12,FigureSkating
Thunderball85,10,FigureSkating
peliss,12,FigureSkating
lemonsugarhigh,12,FigureSkating
docfeelgood12,12,FigureSkating
Tsagana_,12,FigureSkating
berryme1223,12,FigureSkating
el-duckie,12,FigureSkating
almiranara,12,FigureSkating
ZeffieJ,12,FigureSkating
Wise-Creme6221,12,FigureSkating
The1_with_the_force,10,FigureSkating
wundernerd,10,FigureSkating
Current-Actuator-864,10,FigureSkating
mrsdarkstar,10,FigureSkating
thatnurselifts,10,FigureSkating
Alone_Manager_9106,10,FigureSkating
Able-Leek1505,10,olympics
littlebev,0,olympics
makayerandfang,0,olympics
Spiracle,0,olympics
quidditchplayer1,0,olympics
AdImpressive877,0,olympics
Esb5415,0,olympics
Chris_RB,0,olympics
type_rex_,0,olympics
chronicglitter35,0,olympics
vrphotosguy55,0,olympics
Mundiane,12,FigureSkating
NewbieQuestions1,12,FigureSkating
fearlessAppetite,12,FigureSkating
Life-Goose-9380,4,olympics
aNanoMouseUser,0,olympics
P1mpathinor,0,olympics
Rtrnofdmax,4,olympics
Wyolop,0,olympics
Max_FI,0,olympics
Rhodithas,4,olympics
Ways_42,0,olympics
PA_MallowPrincess_98,4,olympics
vdbl2011,2,olympics
Pale_Crew_4864,4,olympics
Just_Map4878,4,olympics
No-Warthog7841,28,olympics
Dizzy-Ad-7643,28,unknown
Abiduck,28,olympics
cosmopoof,28,olympics
Sure-Bar-375,28,olympics
pismobob,28,olympics
dippis98,28,olympics
Glamdring47,28,olympics
rpac62,0,olympics
LehisChoi1,0,olympics
PrimaryItchy4493,0,olympics
kuroruii,0,olympics
CommercialPlastic604,2,olympics
Rozefly,2,olympics
Solunis116,12,olympics
HazardCinema,2,olympics
Charlieksmommy,2,olympics
AdventurousGrade2303,2,olympics
Golden_River_361,2,olympics
sunnylane28,2,olympics
YetAnotherInterneter,2,olympics
lunch22,2,olympics
Luky253,2,olympics
east_cam,2,olympics
Weirdflchick,2,olympics
ALRTMP,2,olympics
Elizaboni,0,olympics
fitzgoldy,0,olympics
AznPerson33,0,olympics
Conscious-Garden-205,0,olympics
Prince_of_Kyrgyzstan,2,olympics
fluffypuppycorn,0,olympics
firebolt816,0,olympics
Potential_Twist3640,0,olympics
MircoRoss,0,olympics
CapitalIndividual270,0,olympics
Damnpea,0,olympics
Nards23,0,olympics
soundboythriller,0,olympics
XPretzelyX,0,olympics
Abject-Jellyfish9382,0,olympics
apeiron12,0,olympics
Mjones151208,0,olympics
whitetooth86,0,olympics
mvfrostsmypie,24,olympics
Imzocrazy,24,olympics
T1mberVVolf,0,olympics
Maximum_Overdrive,0,olympics
DarKnightofCydonia,28,olympics
AlexandraThePotato,28,olympics
Gandalf_from_3,0,olympics
koplowpieuwu,4,olympics
Eleoste,17,olympics
RaiJolt2,17,olympics
mrtrevor3,0,olympics
rachreims,28,olympics
Just_tryna_get_going,28,olympics
itjustkeepsongiving,0,olympics
Pretend_Tower_2516,28,olympics
thegmohodste01,4,olympics
FireFangJ36,28,olympics
General_Dipsh1t,0,olympics
Reply-Plus,28,olympics
GuyNoirPI,28,olympics
Silver_Middle_7240,28,olympics
StetsonTuba8,28,olympics
SwingingtotheBeat,17,olympics
TheBigMotherFook,17,olympics
doyouevenIift,28,olympics
Silver_gobo,28,olympics
Rmlo_,22,FigureSkating
Aromatic-Fennel-2287,10,FigureSkating
_kapeesh_,12,FigureSkating
gdmaria,10,FigureSkating
yourmom248,10,FigureSkating
Agreeable_Hold341,10,FigureSkating
AdAutomatic1442,12,FigureSkating
Visible-Influence856,12,FigureSkating
Fated777,12,FigureSkating
BestUsernameEverOwO,10,FigureSkating
Pure_Pay9323,12,FigureSkating
This-Ad7040,12,FigureSkating
Whimsically-Messy,10,FigureSkating
Disastrous_Ad_5926,0,olympics
Ded279,0,olympics
fresh_daisies,0,olympics
Fit_Bench7754,0,olympics
greenpowerranger,0,olympics
Plus_Inspection1431,0,olympics
mbrick206,22,olympics
TrojanThunder,160,skiing
GloriousNewt,160,skiing
master_chife,160,skiing
Aggressive_Moose3189,160,skiing
Doses-mimosas,160,skiing
Zealousideal-Film517,160,skiing
PresentationOnly6885,160,unknown
Resident_Loan_5838,144,skiing
Healthy_Twist_7100,144,unknown
lamedumbbutt,144,skiing
Haunting-Yak-7851,144,skiing
OhSorryEhh,144,skiing
LouQuacious,144,skiing
Correct-Stock-6887,144,skiing
frickfrack1,144,skiing
personanangrata,144,skiing
glockster19m,144,skiing
Pistolpete_onthebeat,144,skiing
carpetedbathtubs,144,skiing
speedshotz,144,skiing
opoisson,144,skiing
wagon_ear,144,skiing
Frequent_Anteater_16,0,olympics
goforth1457,0,olympics
wildtex-,0,olympics
moppethead,0,olympics
WarshingtonisforWin,0,olympics
Amara-B,0,olympics
Bemith,0,olympics
Hassadar,0,olympics
BlackenedGem,0,olympics
dexter311,0,olympics
vytrophn,2,olympics
BryGuyHoosier,0,olympics
after_tomorrow,0,olympics
supadonut,0,olympics
ManhattanChristmas25,0,olympics
HelpILostMyButthole,0,olympics
RustyKarma076,0,olympics
M002,0,olympics
metric-puppy,0,olympics
fragarianapus,0,olympics
djdonj,3,biathlon
Sharp-Negotiation117,3,biathlon
vyls67,3,biathlon
Gubi23,3,biathlon
MartyMcMartell,0,olympics
bkat004,0,unknown
Icy_Scar_1249,0,olympics
Intelligent_Fish_541,0,olympics
Kraaka_81,0,olympics
PLZ_N_THKS,0,olympics
Obladamelanura,0,olympics
Avaiano9,0,olympics
krvlover,0,olympics
MacaronsAreAwesome,0,olympics
U-Gotta-Stop-Crying,0,olympics
hstrylvr89,0,olympics
felicityrorys,0,olympics
OnePostToast,4,olympics
Zestyclose-Passion97,4,olympics
littlemacaron,4,olympics
gopherdevil,4,olympics
angrylawnguy,4,olympics
Strict-Leopard7589,4,olympics
Sleep_adict,4,olympics
keatondrees,4,olympics
asml84,4,olympics
tryolo,4,olympics
ragingpoeti,4,olympics
Random-Redditor111,4,olympics
RemindMeBot,4,olympics
RulesLawyer42,4,olympics
UsedToHaveThisName,4,olympics
ZX52,4,olympics
Historical-Fun768,4,olympics
maxthepup,4,olympics
TheManWith2Poobrains,4,olympics
RoflsDad49,4,olympics
readingegg,4,olympics
smackthat1776,4,olympics
Gymrat777,4,olympics
Good-noodles82,12,olympics
DebatableJ,4,olympics
Purple_Seaweed_8210,4,olympics
Footloose55,4,olympics
Winterteal,4,olympics
District-Imaginary,4,olympics
gutentom,4,olympics
ughthatsucks,4,olympics
milkstake,4,olympics
ChalkDoxie,4,olympics
carne__asada,4,olympics
mmasusername,4,olympics
LimJaheyAtYaCervix,4,olympics
Rough-Drawing-3006,25,olympics
astropicals,3,biathlon
Alarmed-Surround-616,3,biathlon
Vraviran,3,biathlon
Rough_Zucchini1346,3,biathlon
ckbc_18,3,biathlon
1600vam,3,biathlon
uberfish33,0,olympics
doormouse1,0,olympics
Historical_Youth4423,0,olympics
OrangeRigby,0,olympics
Certainly_uncertain9,0,olympics
tarrach,0,olympics
Old_Ant7118,161,olympics
OdoGrd,161,olympics
asgxii,161,olympics
Revolutionary-Net957,2,olympics
Clemario,2,olympics
EwokDude,2,olympics
Slaidback,0,olympics
DEFarnes,0,olympics
TheOrganicMachine,25,olympics
voyracious,25,olympics
REC_updated,25,olympics
MtnMoose307,25,olympics
Moist_Tofu,0,olympics
OhanaUnited,31,olympics
iitsyaboii_,0,olympics
SubjectMystery,0,olympics
AnotherUnfunnyName,0,olympics
blindking2,11,olympics
SNHU_Adjujnct,11,olympics
moonlitpixie_,11,unknown
mjacksongt,2,olympics
UCanDoNEthing4_30sec,11,olympics
cervenit,11,olympics
Bilboswaggings19,11,olympics
jimmy_three_shoes,7,hockey
lobmxxx,7,hockey
whatacharacter,7,hockey
Unwept_Skate_8829,9,hockey
Specialist-Art5406,0,hockey
Blockhead47,0,hockey
guava_dog,0,unknown
lizlemon222,4,olympics
Regular-Switch454,4,olympics
Worth-Vegetable2578,4,olympics
FungusMungus68,4,olympics
BricksNIvy91,4,olympics
take101,4,olympics
Hot-Initial-1108,4,olympics
lol_alex,4,olympics
kerryoakie,4,olympics
deepgloat,4,olympics
BulbasaurXXL,4,olympics
cat_herder18,4,olympics
RockyRidge510,4,olympics
EshinX,4,olympics
Zaptryx,4,olympics
Ragnarotico,4,olympics
3BordersPeak,4,olympics
hickoryhammf,4,olympics
sjakkandawe,4,olympics
Repulsive-Giraffe-45,4,olympics
quintastic21,4,olympics
Temporary-Sail-5195,4,olympics
prosperosniece,4,olympics
Son_of_Atreus,4,olympics
Bright_Plastic2298,4,olympics
siberiansleigh,4,olympics
CountZero2022,4,olympics
tmi13,4,olympics
IndigoInsights,4,olympics
andrealwy,4,olympics
No-Elephant-9582,4,olympics
dseanATX,4,olympics
manic-pixie-attorney,4,olympics
Ok-Advertising2494,4,olympics
Broad_Pomegranate_24,4,olympics
chhotu007,4,olympics
OkPlantain6773,4,olympics
MoosinAround7886,4,olympics
IlllIlIIlIlllIlIIIII,4,olympics
KolKlink2024,4,olympics
WhoIsWhatIsWhy,6,skiing
alpycom,6,skiing
mezmery,6,skiing
RNFlord,6,skiing
malizeleni,6,skiing
JuhaPekkaKarri,6,skiing
ryan726,6,skiing
terminal__object,6,skiing
Fast-Drag3574,6,skiing
Ecstatic-Ganache921,0,olympics
SomethingPFC2020,0,olympics
GiEnneE,0,olympics
Schmidtvegas,0,olympics
nava08al,0,olympics
